date,btc_ret,robot_ret,btc_cum_ret,robot_cum_ret,btc_equity,robot_equity
2022-01-01,0.0,0.0,0.0,0.0,1000.0,
2022-01-02,-0.00889541519798509,0.0,-0.00889541519798509,0.0,991.1045848020149,
2022-01-03,-0.017643612521150653,0.0,-0.026382080460167767,0.0,973.6179195398322,
2022-01-04,-0.013185042956512127,0.0,-0.03921927455253038,0.0,960.7807254474696,
2022-01-05,-0.052619464137740435,0.0,-0.0897750414794457,0.0,910.2249585205543,
2022-01-06,-0.007868878433796578,0.0,-0.09693749102545146,0.0,903.0625089745486,
2022-01-07,-0.027136716077828305,0.0,-0.12144364193202506,0.0,878.556358067975,
2022-01-08,4.581140589476895e-05,0.0,-0.12140339403010414,0.0,878.5966059698959,
2022-01-09,-0.001471146816921065,0.0,-0.12269593863033446,0.0,877.3040613696655,
2022-01-10,0.0009973424908520379,0.0,-0.12182096601253345,0.0,878.1790339874666,
2022-01-11,0.024958608797277737,0.0,-0.099902839049269,0.0,900.097160950731,
2022-01-12,0.021942287291955465,0.0,-0.08015264855301463,0.0,919.8473514469854,
2022-01-13,-0.030683179309728748,0.0,-0.10837648977504155,0.0,891.6235102249584,
2022-01-14,0.011945177447294286,0.0,-0.09772588872922505,0.0,902.2741112707749,
2022-01-15,0.0006530769659685021,0.0,-0.09713663429016439,0.0,902.8633657098356,
2022-01-16,-0.00022869476121822885,0.0,-0.09734311441199806,0.0,902.656885588002,
2022-01-17,-0.02053661044675137,0.0,-0.11588062723839665,0.0,884.1193727616034,
2022-01-18,0.0038229964951914663,0.0,-0.1125006419749982,0.0,887.4993580250018,
2022-01-19,-0.009001695420475131,0.0,-0.12048964088180647,0.0,879.5103591181935,
2022-01-20,-0.030860079506212057,0.0,-0.1476314004907311,0.0,852.368599509269,
2022-01-21,-0.10416955124098382,0.0,-0.23642225499351754,0.0,763.5777450064825,
2022-01-22,-0.029154191596217904,0.0,-0.2586837468700446,0.0,741.3162531299554,
2022-01-23,0.024488173145522873,0.0,-0.24053026610780792,0.0,759.469733892192,
2022-01-24,0.011545677188606884,0.0,-0.2317616737257715,0.0,768.2383262742285,
2022-01-25,0.007802542600190865,0.0,-0.22576746145791748,0.0,774.2325385420825,
2022-01-26,-0.003975441771406851,0.0,-0.2288453778324201,0.0,771.1546221675799,
2022-01-27,0.00933933139662102,0.0,-0.22164330925796094,0.0,778.3566907420391,
2022-01-28,-0.002923971883331933,0.0,-0.223919202336894,0.0,776.080797663106,
2022-01-29,0.03045667180679401,0.0,-0.20028236418691392,0.0,799.7176358130861,
2022-01-30,-0.007339447617444872,0.0,-0.20615184988371094,0.0,793.848150116289,
2022-01-31,0.015025874035945463,0.0,-0.19422358757639524,0.0,805.7764124236047,
2022-02-01,0.006281894657098608,0.0,-0.18916178503637526,0.0,810.8382149636248,
2022-02-02,-0.04623723937455848,0.0,-0.22665270567568807,0.0,773.347294324312,
2022-02-03,0.010783629960183783,0.0,-0.21831321462298536,0.0,781.6867853770146,
2022-02-04,0.08922908265142304,0.0,-0.14856401984305456,0.0,851.4359801569454,
2022-02-05,0.024718345922417173,0.0,-0.12751793075474283,0.0,872.4820692452572,
2022-02-06,0.017783249349670127,0.0,-0.11200236456423829,0.0,887.9976354357617,
2022-02-07,0.03466933891389212,0.0,-0.081216073586581,0.0,918.783926413419,
2022-02-08,0.004370979778913986,0.0,-0.07720008762303676,0.0,922.7999123769632,
2022-02-09,0.007644207146632942,0.0,-0.07014601393793252,0.0,929.8539860620675,
2022-02-10,-0.019991622721271973,0.0,-0.08873530401315621,0.0,911.2646959868438,
2022-02-11,-0.025425746509938008,0.0,-0.11190488917677344,0.0,888.0951108232266,
2022-02-12,0.005759571354388093,0.0,-0.10678984201650388,0.0,893.2101579834962,
2022-02-13,-0.013350853473162894,0.0,-0.11871495995648218,0.0,881.2850400435178,
2022-02-14,0.01151277332459899,0.0,-0.10856892505610105,0.0,891.4310749438989,
2022-02-15,0.0471358824450665,0.0,-0.06655053469966621,0.0,933.4494653003338,
2022-02-16,-0.015021468865653476,0.0,-0.08057231678033605,0.0,919.427683219664,
2022-02-17,-0.06828664385201333,0.0,-0.14335694753203898,0.0,856.6430524679611,
2022-02-18,-0.016380525429701254,0.0,-0.15738921083716728,0.0,842.6107891628327,
2022-02-19,-0.0035724770003133788,0.0,-0.1603994185016674,0.0,839.6005814983326,
2022-02-20,-0.042057194788852614,0.0,-0.19571066370257673,0.0,804.2893362974232,
2022-02-21,-0.03601168679189215,0.0,-0.2246744793713783,0.0,775.3255206286217,
2022-02-22,0.033136504228581165,0.0,-0.19898290197854107,0.0,801.0170980214589,
2022-02-23,-0.025756306919292316,0.0,-0.21961414420278258,0.0,780.3858557972175,
2022-02-24,0.0011953432649793871,0.0,-0.21868131522597023,0.0,781.3186847740297,
2022-02-25,0.051864253078023115,0.0,-0.17815880522426175,0.0,821.8411947757382,
2022-02-26,-0.0027062598519591585,0.0,-0.18038292105436948,0.0,819.6170789456305,
2022-02-27,-0.02946855826063388,0.0,-0.20453585469668933,0.0,795.4641453033107,
2022-02-28,0.09713522245441686,0.0,-0.12726826798813973,0.0,872.7317320118602,
2022-03-01,0.06631742531783602,0.0,-0.06939094652793754,0.0,930.6090534720624,
2022-03-02,-0.011451972221533935,0.0,-0.08004825555740758,0.0,919.9517444425924,
2022-03-03,-0.03272592211130265,0.0,-0.11015452469219289,0.0,889.8454753078071,
2022-03-04,-0.07825298295621863,0.0,-0.17978758750512303,0.0,820.212412494877,
2022-03-05,0.006322886343945733,0.0,-0.17460147764302436,0.0,825.3985223569756,
2022-03-06,-0.02473644511379014,0.0,-0.19501890288831114,0.0,804.9810971116889,
2022-03-07,-0.015085505363127472,0.0,-0.2071624495460057,0.0,792.8375504539943,
2022-03-08,0.02348116694604685,0.0,-0.18854569866270066,0.0,811.4543013372994,
2022-03-09,0.08337918723634008,0.0,-0.12088729853776448,0.0,879.1127014622356,
2022-03-10,-0.06033502235469457,0.0,-0.17392858303278436,0.0,826.0714169672157,
2022-03-11,-0.016014839927728897,0.0,-0.18715798454438648,0.0,812.8420154556135,
2022-03-12,0.00042551984340866156,0.0,-0.1868121041372538,0.0,813.1878958627462,
2022-03-13,-0.027038662012858206,0.0,-0.20879961680643389,0.0,791.2003831935662,
2022-03-14,0.05060712118843691,0.0,-0.16875924312981938,0.0,831.2407568701806,
2022-03-15,-0.009653551488129852,0.0,-0.1767836685752977,0.0,823.2163314247023,
2022-03-16,0.046721499325201865,0.0,-0.1383217673021433,0.0,861.6782326978567,
2022-03-17,-0.005052814931226335,0.0,-0.14267566794223174,0.0,857.3243320577683,
2022-03-18,0.02743892748073873,0.0,-0.11915160776742584,0.0,880.8483922325742,
2022-03-19,0.003995687798516334,0.0,-0.11563201259423939,0.0,884.3679874057606,
2022-03-20,-0.021977709406895696,0.0,-0.13506839523020442,0.0,864.9316047697956,
2022-03-21,-0.006761833208114187,0.0,-0.1409169184780843,0.0,859.0830815219157,
2022-03-22,0.03337562832463048,0.0,-0.11224448084923067,0.0,887.7555191507694,
2022-03-23,0.002628111584942472,0.0,-0.1099113602847539,0.0,890.0886397152461,
2022-03-24,0.03561612864480668,0.0,-0.07820984878737469,0.0,921.7901512126253,
2022-03-25,0.012004984831739174,0.0,-0.06714377200402055,0.0,932.8562279959795,
2022-03-26,-0.0002719021691502954,0.0,-0.067397417635918,0.0,932.602582364082,
2022-03-27,0.052408224917508184,0.0,-0.018521371740732206,0.0,981.4786282592678,
2022-03-28,0.015115077059768334,0.0,-0.0036862466420776174,0.0,996.3137533579223,
2022-03-29,-0.002314400833184349,0.0,-0.005992116022962235,0.0,994.0078839770377,
2022-03-30,-0.0037158492993240033,0.0,-0.009685699522160807,0.0,990.3143004778392,
2022-03-31,-0.03675307933779692,0.0,-0.046082799576977695,0.0,953.9172004230223,
2022-04-01,0.016705489386015016,0.0,-0.030147145910173756,0.0,969.8528540898262,
2022-04-02,-0.010193186386606157,0.0,-0.04003303681949333,0.0,959.9669631805067,
2022-04-03,0.013053940857655766,0.0,-0.027501684856831576,0.0,972.4983151431684,
2022-04-04,-0.010493098007432367,0.0,-0.03770620498969168,0.0,962.2937950103084,
2022-04-05,-0.009327837997978428,0.0,-0.046682325616007714,0.0,953.3176743839923,
2022-04-06,-0.0509637754137221,0.0,-0.09526699347124534,0.0,904.7330065287547,
2022-04-07,0.010322129208497843,0.0,-0.08592822247866283,0.0,914.0717775213371,
2022-04-08,-0.024116389788373827,0.0,-0.1079723337599191,0.0,892.0276662400809,
2022-04-09,0.004091310723417063,0.0,-0.10432277140344637,0.0,895.6772285965536,
2022-04-10,-0.013745181697119135,0.0,-0.11663401765247816,0.0,883.3659823475218,
2022-04-11,-0.056945354102001966,0.0,-0.16693760631892063,0.0,833.0623936810794,
2022-04-12,0.008052198375972264,0.0,-0.16022962266543828,0.0,839.7703773345618,
2022-04-13,0.032038880998085384,0.0,-0.133324319480299,0.0,866.675680519701,
2022-04-14,-0.03849633080335324,0.0,-0.16668815317680674,0.0,833.3118468231933,
2022-04-15,0.019543375779194294,0.0,-0.15040242661308667,0.0,849.5975733869134,
2022-04-16,-0.004157465549784689,0.0,-0.15393459925562347,0.0,846.0654007443766,
2022-04-17,-0.017638314214216688,0.0,-0.16885776663972996,0.0,831.1422333602701,
2022-04-18,0.03164762882385741,0.0,-0.14255408573851225,0.0,857.4459142614877,
2022-04-19,0.0139106539963183,0.0,-0.13062645230466385,0.0,869.3735476953361,
2022-04-20,-0.0035010814290779013,0.0,-0.13367019988743156,0.0,866.3298001125685,
2022-04-21,-0.015028661164303792,0.0,-0.1466899769098624,0.0,853.3100230901376,
2022-04-22,-0.025361980612480517,0.0,-0.1683316091719098,0.0,831.6683908280902,
2022-04-23,-0.006530692490333778,0.0,-0.1737629796863388,0.0,826.2370203136612,
2022-04-24,0.00046428906688045224,0.0,-0.1733793668711553,0.0,826.6206331288447,
2022-04-25,-0.0013136072466488624,0.0,-0.17446522172506285,0.0,825.5347782749371,
2022-04-26,-0.032703089767810334,0.0,-0.20146275968543748,0.0,798.5372403145625,
2022-04-27,0.018002976870191256,0.0,-0.18708671221806805,0.0,812.9132877819319,
2022-04-28,0.02457483979937858,0.0,-0.16710949840004097,0.0,832.8905015999591,
2022-04-29,-0.03044610834958783,0.0,-0.19246777285509586,0.0,807.5322271449041,
2022-04-30,-0.023578244572045715,0.0,-0.21150796520652715,0.0,788.4920347934728,
2022-05-01,0.02195961663720114,0.0,-0.19419298240097582,0.0,805.8070175990242,
2022-05-02,0.0051820345729112205,0.0,-0.19001726257668317,0.0,809.9827374233168,
2022-05-03,-0.023985693470704894,0.0,-0.2094452602330813,0.0,790.5547397669187,
2022-05-04,0.053766748247946916,0.0,-0.1669397025638122,0.0,833.0602974361879,
2022-05-05,-0.08067064915980138,0.0,-0.23414321754724665,0.0,765.8567824527534,
2022-05-06,-0.009139256651895189,0.0,-0.24114257924067706,0.0,758.857420759323,
2022-05-07,-0.020278557379947548,0.0,-0.25653111299074394,0.0,743.468887009256,
2022-05-08,-0.040452029650348,0.0,-0.28660593845215354,0.0,713.3940615478465,
2022-05-09,-0.11681358721203572,0.0,-0.3699400578773213,0.0,630.0599421226786,
2022-05-10,0.0314573171948922,0.0,-0.3501200624261728,0.0,649.8799375738272,
2022-05-11,-0.062169982033475124,0.0,-0.39052308646905354,0.0,609.4769135309465,
2022-05-12,-0.0018572848559056387,0.0,-0.3916550587105787,0.0,608.3449412894213,
2022-05-13,0.008738590040901828,0.0,-0.386338981665194,0.0,613.661018334806,
2022-05-14,0.02751560242260287,0.0,-0.3694537290624439,0.0,630.5462709375561,
2022-05-15,0.04137660489763895,0.0,-0.343363865140181,0.0,656.636134859819,
2022-05-16,-0.03709249019933347,0.0,-0.36772013453699703,0.0,632.2798654630029,
2022-05-17,0.009100704517198466,0.0,-0.3619659423092443,0.0,638.0340576907557,
2022-05-18,-0.05704898643098866,0.0,-0.39836513860895284,0.0,601.6348613910471,
2022-05-19,0.05642042326641272,0.0,-0.36442064507744043,0.0,635.5793549225596,
2022-05-20,-0.034571354127157394,0.0,-0.3863934840323785,0.0,613.6065159676215,
2022-05-21,0.005319130764526836,0.0,-0.38312963073598094,0.0,616.870369264019,
2022-05-22,0.029108925695100485,0.0,-0.36517319699356543,0.0,634.8268030064346,
2022-05-23,-0.03610487386078465,0.0,-0.388093538639558,0.0,611.906461360442,
2022-05-24,0.015501565572478837,0.0,-0.3786080305045556,0.0,621.3919694954444,
2022-05-25,-0.0035893681834895386,0.0,-0.38083843506933845,0.0,619.1615649306616,
2022-05-26,-0.011602514837473432,0.0,-0.38802226631323977,0.0,611.9777336867602,
2022-05-27,-0.013156813043776028,0.0,-0.39607394294231024,0.0,603.9260570576897,
2022-05-28,0.0072509796979509655,0.0,-0.3916948873635213,0.0,608.3051126364787,
2022-05-29,0.014955821743145803,0.0,-0.3825971845334859,0.0,617.4028154665141,
2022-05-30,0.0784713168187745,0.0,-0.3341487725962097,0.0,665.8512274037903,
2022-05-31,0.0010640977206901603,0.0,-0.3334402418228105,0.0,666.5597581771895,
2022-06-01,-0.05287472718238362,0.0,-0.368684407187185,0.0,631.315592812815,
2022-06-02,0.010645327312270636,0.0,-0.3619638460643524,0.0,638.0361539356476,
2022-06-03,-0.024782255865374747,0.0,-0.3777758212825453,0.0,622.2241787174547,
2022-06-04,0.005578988505127613,0.0,-0.3743044397418681,0.0,625.6955602581319,
2022-06-05,0.002060411948379137,0.0,-0.3730152491334645,0.0,626.9847508665355,
2022-06-06,0.04852239559476956,0.0,-0.34259244702003044,0.0,657.4075529799695,
2022-06-07,-0.007751616647322268,0.0,-0.3476884183517853,0.0,652.3115816482147,
2022-06-08,-0.022784167413820278,0.0,-0.36255079463403217,0.0,637.4492053659678,
2022-06-09,-0.01038504921224237,0.0,-0.3691707360020625,0.0,630.8292639979375,
2022-06-10,-0.03374837588433299,0.0,-0.390460199122302,0.0,609.539800877698,
2022-06-11,-0.022732196838126772,0.0,-0.4043163778565264,0.0,595.6836221434736,
2022-06-12,-0.06517294407865792,0.0,-0.4431388332510554,0.0,556.8611667489446,
2022-06-13,-0.1540841793809078,0.0,-0.5289423291586615,0.0,471.0576708413386,
2022-06-14,-0.015521883274369763,0.0,-0.5362540313409572,0.0,463.74596865904283,
2022-06-15,0.02010604492218393,0.0,-0.5269299340626168,0.0,473.0700659373833,
2022-06-16,-0.09660352276503814,0.0,-0.5726301689468568,0.0,427.3698310531432,
2022-06-17,0.0034285882456810413,0.0,-0.5711648937675493,0.0,428.8351062324507,
2022-06-18,-0.07320614157293481,0.0,-0.6025582572658466,0.0,397.44174273415337,
2022-06-19,0.08462686645885742,0.0,-0.5689240079783078,0.0,431.0759920216922,
2022-06-20,0.0002869063712664932,0.0,-0.5688003295296968,0.0,431.1996704703032,
2022-06-21,0.006951837861750798,0.0,-0.5658026993345469,0.0,434.19730066545316,
2022-06-22,-0.03551858485692616,0.0,-0.581224773002881,0.0,418.7752269971189,
2022-06-23,0.056023306336159706,0.0,-0.5577636001748266,0.0,442.23639982517335,
2022-06-24,-0.0063375141017982806,0.0,-0.5605662795950472,0.0,439.4337204049528,
2022-06-25,0.024758024891594177,0.0,-0.5496867686070555,0.0,450.3132313929445,
2022-06-26,-0.021078210027977162,0.0,-0.5591785654767331,0.0,440.82143452326693,
2022-06-27,-0.014223147923591473,0.0,-0.5654484339478473,0.0,434.55156605215274,
2022-06-28,-0.022257597684515296,0.0,-0.5751205078782122,0.0,424.87949212178785,
2022-06-29,-0.007829845179242678,0.0,-0.578447248521361,0.0,421.552751478639,
2022-06-30,-0.009269066479694166,0.0,-0.5823546489995146,0.0,417.64535100048545,1001.5192847178818
2022-07-01,-0.03270007779757578,0.006791223991674089,-0.5960116844690262,0.006791223991674089,403.98831553097375,1008.320826512382
2022-07-02,-0.0016137401411373542,0.0053203603793834375,-0.5966636166303491,0.012147716130110453,403.33638336965095,1013.6854566874656
2022-07-03,0.003378220353517758,-0.0020388846945417205,-0.5953010574507355,0.010084063643077457,404.69894254926453,1011.618668924746
2022-07-04,0.04769008437835054,0.004329376757932657,-0.5760009307327318,0.014457098111771982,423.9990692672682,1015.9983472778796
2022-07-05,-0.002798295314091259,0.005388399834107993,-0.5771874053414414,0.01992339857094705,422.81259465855857,1021.4729526038058
2022-07-06,0.019043133366385634,0.00160241040812803,-0.569135728712371,0.021557734440310394,430.86427128762904,1023.1097714946794
2022-07-07,0.051537162901805544,0.004347818997514574,-0.5469302065744527,0.025999282565167814,453.06979342554735,1027.5580675957267
2022-07-08,-0.001179823627934562,0.00166995085527466,-0.5474647490218396,0.027712650944598627,452.53525097816043,1029.2740390695526
2022-07-09,-0.0003659457381218756,0.0056312572180867715,-0.547630352368285,0.033499965228349415,452.36964763171505,1035.0701459314523
2022-07-10,-0.03365152919369785,-0.0021916677139416363,-0.5628532827719064,0.0312348767221986,437.14671722809356,1032.8016161109495
2022-07-11,-0.04313362552628297,-0.00234164118344371,-0.5817090055728669,0.0288200946650623,418.29099442713306,1030.3831653123368
2022-07-12,-0.031642302661581634,-0.002377432840176885,-0.5949446958191442,0.026374143985371745,405.0553041808558,1027.933498537158
2022-07-13,0.046431953795755154,0.004826228669663202,-0.5761371866506932,0.03132766030487488,423.8628133493068,1032.8945406583052
2022-07-14,0.013610219534027967,0.008037457009081095,-0.5703683207086985,0.03961691203685147,429.63167929130157,1041.196386123761
2022-07-15,0.015993910799061206,-0.002616484441246625,-0.5634968299536625,0.03689677056165008,436.5031700463375,1038.472111979186
2022-07-16,0.0173077015429981,0.004840654659254984,-0.555941963363928,0.04191602974523567,444.0580366360721,1043.4989968465443
2022-07-17,-0.018368069488044925,0.0011962536046452588,-0.564098452237584,0.04316242555155614,435.90154776241593,1044.7472862829657
2022-07-18,0.0783624437348518,-0.002310037043955493,-0.529940141727117,0.04075268170566959,470.05985827288305,1042.33388135008
2022-07-19,0.042900655104598284,0.006827335680950952,-0.5097742658688357,0.04785824962452412,490.2257341311643,1049.4502446496854
2022-07-20,-0.00702987697715296,-0.0029020309781456755,-0.5132204924708123,0.04481733252340825,486.77950752918775,1046.4047075296894
2022-07-21,-0.003315892599530579,0.006434470595341413,-0.5148346010374314,0.05154017892703311,485.16539896256853,1053.137767851116
2022-07-22,-0.020281276329149556,0.005343849397032585,-0.5246743745591333,0.05715945127814792,475.3256254408666,1058.7655774768393
2022-07-23,-0.009693452289074811,0.005146611560636893,-0.529281920831119,0.06260024033153266,470.71807916888093,1064.214632637886
2022-07-24,0.0051346452730536285,0.004605624164667033,-0.5268649504709737,0.06749417767578447,473.1350495290263,1069.1160052663554
2022-07-25,-0.056294471569209414,0.004878886875933519,-0.553499838065082,0.07270236100938221,446.500161934918,1074.3321013133
2022-07-26,-0.0027699530516431814,0.005474583523512155,-0.5547366225511927,0.07857495968059669,445.2633774488072,1080.21362213393
2022-07-27,0.08003860458547152,-0.002194147616435438,-0.5190983631471762,0.0762084070036666,480.9016368528239,1077.8434739896836
2022-07-28,0.047116310900523484,-0.0011119452108476757,-0.49644005211264786,0.07501172221962493,503.55994788735217,1076.6449711007374
2022-07-29,-0.0034967946049454524,0.006032162366746752,-0.49820089782168697,0.08149636747420974,501.79910217831303,1083.1394683777585
2022-07-30,-0.0036009691703567936,0.005431453267326081,-0.5000078609183438,0.08737046445292873,499.9921390816562,1089.0224897822486
2022-07-31,-0.02354958535624152,0.004693537870680942,-0.5117824684750971,0.09247407890729842,488.21753152490294,1094.1338580800648
2022-08-01,-0.0013954426988290747,0.0046931579721871675,-0.5124637480649039,0.09760123234013007,487.5362519350961,1099.2688011187531
2022-08-02,-0.012146567143643372,0.004933028360375458,-0.5183856398839937,0.10301573034764688,481.61436011600625,1104.691525290348
2022-08-03,-0.0023938960004527,-0.002462936944578442,-0.5195385745744361,0.1002990721549224,480.46142542556396,1101.9707397203476
2022-08-04,-0.013577602191962357,0.004660238759876867,-0.5260620886774475,0.10542672853843538,473.93791132255245,1107.1061864738426
2022-08-05,0.030483570629265433,-0.0022711893166896813,-0.51161476888376,0.10291609516219569,488.38523111624005,1104.5917387306822
2022-08-06,-0.015228709637266524,0.0011143074030957045,-0.5190522457595586,0.10414508273202827,480.9477542404415,1105.8225934825482
2022-08-07,0.009784991696922374,-0.001855333575474738,-0.5143461759776623,0.1020965252878403,485.6538240223377,1103.7709236963415
2022-08-08,0.02747779245331894,-0.0019231943722340938,-0.5010014809970158,0.09997697945274808,498.9985190029842,1101.648157667653
2022-08-09,-0.0279024045974694,0.004048718120461592,-0.5149247395677751,0.1044304761815491,485.0752604322249,1106.1084205259754
2022-08-10,0.034602120984261076,-0.0021183674968461297,-0.4981401067198272,0.10209088655827991,501.8598932801728,1103.7652763999454
2022-08-11,-0.0009899377216395777,0.0024105641537133238,-0.49863691675916333,0.10474754734355152,501.36308324083666,1106.4259734093487
2022-08-12,0.019663673005201332,0.004972230463415217,-0.488778277033436,0.11024060675283631,511.22172296656396,1111.9273783398485
2022-08-13,0.0017016914402869787,0.0009271629985814211,-0.4879083354033751,0.11126998076294004,512.0916645966249,1112.9583162621548
2022-08-14,-0.005522125342830253,-0.0019613221812855297,-0.4907361697622963,0.10909042230027288,509.2638302377037,1110.7754464296236
2022-08-15,-0.008598795592345332,-0.001956471381593383,-0.4951152253410851,0.10692051862944307,504.8847746589149,1108.6022460573074
2022-08-16,-0.010055967980336478,0.004288300104017262,-0.5001923304688145,0.11166732600462059,499.8076695311854,1113.3562651843888
2022-08-17,-0.016881264941492224,-0.0020865298141846678,-0.5086297161579603,0.10934779898545699,491.37028384203967,1111.0332141432723
2022-08-18,-0.010895672020648117,0.0035994252792188597,-0.5139835256113959,0.11334081349657099,486.0164743886041,1115.0322951803114
2022-08-19,-0.10179813759699108,0.003850235015386172,-0.5634590975456115,0.11762743728075398,436.54090245438846,1119.325431566501
2022-08-20,0.014545087851562277,0.005004293270771898,-0.5571095717686121,0.12322037274436815,442.89042823138783,1124.926864291493
2022-08-21,0.01788165355597826,0.0010770231571959332,-0.5491899585677196,0.12443010709644797,450.8100414322804,1126.1384365744868
2022-08-22,-0.0055148426456363975,0.0009480584657439728,-0.5516761050092915,0.12549613257861814,448.32389499070854,1127.206081652881
2022-08-23,0.006134567728059093,0.004503468593801463,-0.5489258317113637,0.13056476906413095,451.07416828863626,1132.2824188403467
2022-08-24,-0.0075889247241869295,-0.0021454821375448407,-0.5523489996195314,0.12813916254676627,447.6510003804686,1129.8531271360687
2022-08-25,0.009056469475389628,-0.0030009092511957824,-0.548294861998958,0.12475371929724344,451.7051380010419,1126.4625404343535
2022-08-26,-0.06123916967927856,-0.001941945789090016,-0.5759569095900059,0.12256950854829074,424.04309040999414,1124.2750112473893
2022-08-27,-0.018127709640263667,0.005904399555408668,-0.5836438396079182,0.1291976074554786,416.35616039208173,1130.9131801239555
2022-08-28,-0.015834256368945754,0.003989873374267594,-0.5902365297923564,0.13370296292375183,409.7634702076436,1135.4253805099404
2022-08-29,0.03724261414503127,-0.002073713694373369,-0.5749758669806841,0.1313519875641851,425.02413301931585,1133.0708333494379
2022-08-30,-0.023299055510345057,0.004201583296189693,-0.5848785278491375,0.13610545717724576,415.12147215086253,1137.8315248362385
2022-08-31,0.012038519221738042,0.0013910751545864741,-0.5798810800272931,0.13768586525171522,420.1189199727069,1139.4143340005435
2022-09-01,0.004041613651672771,0.0046955151103080794,-0.5781831216650054,0.14302788642278852,421.8168783349946,1144.7644712227445
2022-09-02,-0.009019754006708958,0.0011255841902515495,-0.5819878061434649,0.1443144605407627,418.012193856535,1146.0530000131146
2022-09-03,-0.006032796750413683,-0.0022308829653940876,-0.5845095887481959,0.14176162890368826,415.490411251804,1143.4962898979466
2022-09-04,0.008677796445130559,-0.001749325167571536,-0.5809040475344492,0.1397643165508795,419.09595246555074,1141.4959430590034
2022-09-05,-0.010393793734713164,0.0008774180228765527,-0.5852600444194294,0.14076436630405276,414.7399555805707,1142.4975121724838
2022-09-06,-0.0507154446067456,0.0010708875158540465,-0.6062937656628798,0.1419859966224588,393.7062343371202,1143.7209984951635
2022-09-07,0.026914783164283973,0.004918001631141644,-0.5956972477352696,0.14760228561658906,404.3027522647305,1149.3458202313336
2022-09-08,0.0011562192150151862,0.005438519550131193,-0.5952297851244175,0.1538435430826901,404.7702148755825,1155.5965599445233
2022-09-09,0.10578840247963428,-0.0020412800641730344,-0.5524097907213913,0.15148822526102057,447.5902092786087,1153.2376637244815
2022-09-10,0.013464780816785371,0.004377269646980153,-0.5463830866577157,0.1565285997183108,453.61691334228425,1158.285695945657
2022-09-11,0.008355091383811963,0.004372334222208618,-0.5425930758934983,0.16158532929382208,457.4069241065017,1163.3501081331349
2022-09-12,0.02592539974244179,0.0013270400029241625,-0.5307346185410764,0.1631267994926049,469.26538145892357,1164.8939202640338
2022-09-13,-0.09639953542392565,0.0010078547406826566,-0.5759715833042479,0.1642990623514886,424.02841669575207,1166.0679641239642
2022-09-14,-0.0005438006723353928,0.005379735599989388,-0.5762021702423363,0.17056268346625525,423.79782975766364,1172.341101462569
2022-09-15,-0.019725973190878876,0.004941006326591557,-0.5845619948704888,0.17634644109093411,415.4380051295113,1178.1336462618187
2022-09-16,-0.01071237549323345,0.0046627357459354535,-0.5890123227755959,0.18183143369141286,410.9876772244041,1183.6269721277329
2022-09-17,0.025303607587511934,0.004476436763404923,-0.5786128518678066,0.1871218273693367,421.38714813219343,1188.9254034199232
2022-09-18,-0.03469803999602028,-0.0018763671828446737,-0.5932341599875064,0.18489435093042217,406.76584001249364,1186.6945428100958
2022-09-19,0.006395423741915485,0.0040818841821383955,-0.5906327200768902,0.1897309524389903,409.3672799231098,1191.5384924934222
2022-09-20,-0.027825855412062173,0.005422334445250643,-0.6020237148184598,0.19618207156298118,397.97628518154016,1197.9994127041114
2022-09-21,-0.027905947790910823,0.0013218876569163207,-0.6131296202547565,0.19776328987880487,386.87037974524344,1199.583033340758
2022-09-22,0.05077646650844736,0.004028193289694171,-0.5934857093745118,0.20258811192573667,406.5142906254881,1204.4151856660922
2022-09-23,-0.005765115379657071,-0.0023318526596540767,-0.5958293111634473,0.19978385363847417,404.1706888365527,1201.606666912069
2022-09-24,-0.019174615029537323,-0.0024109872938018473,-0.6035791285281111,0.19689119001204314,396.4208714718889,1198.7096085059964
2022-09-25,-0.005885463486859477,0.0007771022067246669,-0.6059122490925879,0.19782129679701077,394.0877509074121,1199.6411283879884
2022-09-26,0.022159928083958613,0.0010120829114041996,-0.5971792928737106,0.19903359126241504,402.8207071262894,1200.8552646738476
2022-09-27,-0.007608124352763035,0.004404726261969527,-0.6002440029053954,0.2043150060108323,399.75599709460465,1206.1447033949808
2022-09-28,0.021363285981720104,0.0014150079018260264,-0.5917039012165557,0.20601912126062527,408.29609878344434,1207.8514076810302
2022-09-29,0.005390835579514919,-0.002397094854834969,-0.5895028440802568,0.20312817903021885,410.4971559197433,1204.9560732862728
2022-09-30,-0.008722073279713971,-0.002524426200155694,-0.5930832303553029,0.20009097073292925,406.91676964469707,1201.9142506048322
2022-10-01,-0.005548200312182949,-0.0025356830993022994,-0.5953408861036781,0.19704792034081642,404.6591138963219,1198.866576952763
2022-10-02,-0.013188976377952688,0.0028314060189436052,-0.60067792559798,0.20043724902743332,399.32207440202006,1202.2610549946573
2022-10-03,0.030058689512530545,0.0007979294683602145,-0.58867482734803,0.20139511328334958,411.32517265197,1203.2203745190993
2022-10-04,0.03623483844664155,0.004014140389137388,-0.5737705261679489,0.20621768193089252,426.22947383205104,1208.0502700214895
2022-10-05,-0.014287119460974718,0.004179098726967645,-0.5798601175783759,0.21125858470989578,420.1398824216241,1213.0988313670491
2022-10-06,-0.004415616814269718,0.008352238229333508,-0.5817152943075421,0.2213753049667182,418.2847056924579,1223.2309218023527
2022-10-07,-0.020642477698707085,0.003916122776721265,-0.5903497270165089,0.22615836061742334,409.6502729834911,1228.0212442764125
2022-10-08,-0.006954216793486734,-0.0021043335617531023,-0.5931985238243471,0.22357811442715203,406.80147617565285,1225.4370779575358
2022-10-09,0.0012264121775513726,0.002672671423578077,-0.5926996175401194,0.22684833668809712,407.3003824598806,1228.712268617186
2022-10-10,-0.015748841996911955,0.0027303110288317,-0.5991141269087619,0.23019801423246045,400.8858730912381,1232.0670352754523
2022-10-11,-8.36645053335916e-05,-0.0020026089269100655,-0.5991476668270292,0.22773440870729145,400.85233317297076,1229.599686832058
2022-10-12,0.0013387440906997838,-0.0019280363084572816,-0.5986110281347508,0.2253672921901615,401.3889718652493,1227.2289739909781
2022-10-13,0.011118654689785012,-0.0017497603187777155,-0.5941481227602932,0.22322319312635908,405.8518772397068,1225.0816174302345
2022-10-14,-0.010138991472503966,0.0016016274086256832,-0.5982630514827263,0.22518234091933698,401.73694851727373,1227.043741726514
2022-10-15,-0.0054371080012104445,0.004126824848013522,-0.6004473386598914,0.23023845384719022,399.55266134010856,1232.1075363294706
2022-10-16,0.010047008457325202,-0.001449338378881282,-0.5964330296922605,0.2284554220408539,403.5669703077395,1230.3217955901594
2022-10-17,0.014159641386044974,0.0031856488951458317,-0.5907186661174503,0.23236884969881433,409.28133388254975,1234.241168858955
2022-10-18,-0.010427923890496515,0.0006604209076086498,-0.5949866207169784,0.23318273185304106,405.0133792830216,1235.0562875319008
2022-10-19,-0.010568865839583053,0.003809104535224206,-0.5992671527858568,0.23788005378970256,400.7328472141432,1239.7607460379957
2022-10-20,-0.004289443261650816,0.0065500854715849766,-0.6009860735970616,0.24598827394559541,399.01392640293835,1247.8812848888606
2022-10-21,-0.003588183685584667,-0.001871736246667699,-0.6024178088581018,0.24365611253032848,397.58219114189825,1245.5455802563959
2022-10-22,0.012058166019908834,0.0017435774927179182,-0.5976236967907536,0.24582452333681748,402.3763032092464,1247.7172854962853
2022-10-23,0.019046527499205546,-0.001188736053670203,-0.58995982546665,0.24434356680938052,410.04017453334995,1246.2340789742284
2022-10-24,-0.012402419136329557,-0.0018492039081353662,-0.5950453155739464,0.24204252182257346,404.95468442605363,1243.9295380449378
2022-10-25,0.03883404682655134,0.0005559035161686321,-0.5793192863963137,0.24273297762768564,420.6807136036863,1244.621042849003
2022-10-26,0.03438258347742451,-0.0022553051324234463,-0.5648551966434925,0.23993023556501014,435.14480335650757,1241.8140426231435
2022-10-27,-0.022776431596036262,0.004518560216681067,-0.5747662424915125,0.24553293499889417,425.23375750848743,1247.4252541526564
2022-10-28,0.014655788617485399,0.004189337236171875,-0.5685341064284491,0.2507508925023634,431.46589357155085,1252.6511392192192
2022-10-29,0.010392172104864317,0.00390899995723748,-0.5640502386050745,0.25564007768766994,435.9497613949255,1257.5477524688606
2022-10-30,-0.00870811234474711,0.0006395839231114753,-0.5678465381039672,0.2564431648945735,432.15346189603275,1258.3520597938848
2022-10-31,0.003555559867285174,-0.0018296176078309578,-0.5663099905983413,0.25414435435684357,433.69000940165864,1256.0497567084356
2022-11-01,-0.01047904915196085,0.0036346902719346375,-0.5708546495235758,0.2587027806412261,429.14535047642426,1260.6151085402096
2022-11-02,-0.011283649454623568,0.002823041226402312,-0.5756969752234333,0.2622561504827634,424.3030247765667,1264.173876962244
2022-11-03,-0.0020453433854877856,0.007431885167298757,-0.5765648206086025,0.27163709324486796,423.4351793913975,1273.5690720473265
2022-11-04,0.03659460289014205,-0.0018006401777664882,-0.5610693783690582,0.26934733240323316,438.93062163094174,1271.2758324070373
2022-11-05,0.016763058231330286,0.00472267843675378,-0.5537115587991448,0.27534205167872483,446.28844120085523,1277.2796593679122
2022-11-06,-0.018313848350626438,0.00036915488580735456,-0.5618848176319347,0.2758128504281776,438.11518236806535,1277.7511733947101
2022-11-07,-0.015377990430622046,-0.0017512582806152865,-0.5686221487139009,0.2735785726093498,431.37785128609903,1275.5135010717368
2022-11-08,-0.09935564129726993,0.003577897659600371,-0.6114819717698696,0.27813530640360606,388.5180282301303,1280.07715784201
2022-11-09,-0.1528110499622316,-0.0033239135436046174,-0.6708518195929718,0.27388689514809195,329.1481804070281,1275.8222920402
2022-11-10,0.12012635494019808,0.007803917163136331,-0.6313124484454768,0.28382820295303257,368.68755155452317,1285.7787035221645
2022-11-11,-0.030117125312713267,-0.0028202774291015142,-0.6424162576368819,0.28020745124940016,357.5837423631181,1282.1524508658015
2022-11-12,-0.014737693674047092,-0.0028723635197758224,-0.6476862172946489,0.27653023006868627,352.3137827053511,1278.4696429391433
2022-11-13,-0.028898845117184102,0.003265640832807115,-0.6578676787337001,0.2806989193123113,342.1323212662999,1282.6446656086298
2022-11-14,0.004705536357620721,-0.0022152640348295227,-0.6562577626568643,0.2778618330569136,343.7422373431357,1279.803269011441
2022-11-15,0.029899987803390538,0.005191332378520208,-0.6459798739527944,0.284495638566137,354.0201260472056,1286.447153159996
2022-11-16,-0.014074832872462029,-0.0023239739061611253,-0.6509626480603967,0.2815105042195316,349.0373519396033,1283.457483544397
2022-11-17,0.0018918237180642894,-0.004043711822424578,-0.6503023309195071,0.27632844504305787,349.697669080493,1278.2675513446093
2022-11-18,0.00045557813464736086,0.0037189437174887097,-0.6501430163077369,0.2810750386952028,349.8569836922632,1283.021356423952
2022-11-19,0.00019173502219937966,0.002920548774395959,-0.6500759364712019,0.2848164808293734,349.92406352879806,1286.7684828739798
2022-11-20,-0.02517836924680561,0.0017553188444958678,-0.6588864537510727,0.28707174340989194,341.1135462489273,1289.0271718404717
2022-11-21,-0.030701916104371785,-0.0019642753510590305,-0.669359293230072,0.2845435801092673,330.64070676992804,1286.4951675399802
2022-11-22,0.028377607303620156,-0.0023588752331074048,-0.6599765010947636,0.2815135020723003,340.02349890523647,1283.4604859517578
2022-11-23,0.01752093017520928,0.00431801970026946,-0.6540189731125146,0.2870471026204098,345.9810268874855,1289.0024936146149
2022-11-24,0.005307546895448656,-0.0021751482253924426,-0.6521826625873737,0.28424758439914855,347.81733741262633,1286.1987221281026
2022-11-25,-0.0045984908753406994,0.0029521498186431128,-0.6537820974397509,0.2880388756725254,346.2179025602491,1289.995773452372
2022-11-26,-0.004050593057682961,0.002842059145359066,-0.655184485272307,0.29169955833870853,344.815514727693,1293.662017737787
2022-11-27,-0.0016170999197531177,0.0004162204796525071,-0.6557420864135028,0.2922371901484473,344.25791358649724,1294.200466363318
2022-11-28,-0.01328047933944676,0.0006451825514259824,-0.6603139965223292,0.2930709190358347,339.6860034776707,1295.0354619222628
2022-11-29,0.014113363571847337,0.0008467215743486189,-0.6555198844549812,0.2941657900801451,344.48011554501886,1296.131996387419
2022-11-30,0.04381982815276375,0.0008384000522130286,-0.6404248249897542,0.2952508187461207,359.5751750102458,1297.2186735208652
2022-12-01,-0.010656841540694795,0.007034461124685754,-0.644256760651806,0.3043622102773076,355.743239348194,1306.3439078499641
2022-12-02,0.0066291505848383725,0.0008058226111600231,-0.6418984851486287,0.30541329483949164,358.1015148513713,1307.3965893088607
2022-12-03,-0.011912427559562122,0.0030708062987154783,-0.6461643435032651,0.3094219662077118,353.8356564967349,1311.4113509902295
2022-12-04,0.013033561420658257,0.00032687325218971885,-0.641552604741496,0.30984998122429475,358.447395258504,1311.8400162834862
2022-12-05,-0.003479633907424229,0.000583000614670981,-0.6427998704520654,0.3106136245684752,357.20012954793464,1312.6048198193294
2022-12-06,0.0022652582159623513,0.003073990302315144,-0.6419907199238641,0.3146424381404809,358.0092800761359,1316.639754306226
2022-12-07,-0.014673333879826167,0.002495928709705275,-0.6472439096224974,0.3179236919448327,352.7560903775026,1319.9259932693383
2022-12-08,0.024595911575944873,0.002094984947058842,-0.6385675520156964,0.32068472224082933,361.4324479843036,1322.691218356469
2022-12-09,-0.006205812584459958,0.003124916907093711,-0.6408105340498296,0.32481175225830006,359.1894659501705,1326.8245185075755
2022-12-10,-0.0005135717162051412,0.0013955408868600028,-0.6409950036003004,0.3266605812259691,359.0049963996996,1328.6761563728412
2022-12-11,-0.0028494520060025064,-0.0012098902480225382,-0.6420179711074564,0.32505546752630776,357.9820288925436,1327.0686040484657
2022-12-12,0.007184976547814914,-0.0014894160071642348,-0.6394458786253243,0.32308190870259357,360.55412137467573,1325.0920468269908
2022-12-13,0.03220930232558139,0.0022146088653867135,-0.6278326819252329,0.3260120176272392,372.167318074767,1328.0266074213473
2022-12-14,0.002810634223273656,-0.0018939563680253624,-0.6267866557242681,0.32350060872237596,373.2133442757319,1325.5113829713146
2022-12-15,-0.02539331270114986,0.0006519691202273581,-0.6362637788797036,0.3243634902498651,363.73622112029636,1326.3755754615217
2022-12-16,-0.03669359951128992,0.0031904524758665787,-0.6496105701052418,0.32858880902628007,350.38942989475817,1330.607313700182
2022-12-17,0.003164803082243095,0.003438938367115396,-0.6485016565575255,0.3331577440557607,351.4983434424745,1335.1831902428298
2022-12-18,-0.0022483301526717847,0.0020011228279925852,-0.6492919408817014,0.3358255564507058,350.7080591182986,1337.8550558043767
2022-12-19,-0.01799728636067488,0.0021561853578306867,-0.6556037342506499,0.3387058439561408,344.3962657493501,1340.739719286602
2022-12-20,0.027877194263871585,-0.0018305984538422582,-0.6460029326466032,0.336255211108045,353.9970673533967,1338.285363229471
2022-12-21,-0.006223648680657723,0.0032071665275832384,-0.648206086027794,0.34054080409341947,351.79391397220604,1342.577467250775
2022-12-22,-0.007376907538389044,0.0026172891041587043,-0.6508012372037348,0.3440493869336534,349.1987627962651,1346.0913806272995
2022-12-23,0.010817430350035684,0.0005873823725131011,-0.6470238039088676,0.3448388578513253,352.97619609113235,1346.8820509760717
2022-12-24,-0.0005701220417494435,0.001250666612832907,-0.6472250434184721,0.34652080291048026,352.77495658152793,1348.5665513886513
2022-12-25,-0.00026739715608270487,0.00085958474336012,-0.6473193744385992,0.3476782516492791,352.6806255614008,1349.7257586216308
2022-12-26,0.005260217303440173,0.00027923941721086365,-0.6454641977094331,0.3480545765388574,354.53580229056695,1350.1026552558628
2022-12-27,-0.012694452163733105,0.0015319900563008915,-0.6499648354919414,0.35011978274546585,350.0351645080586,1352.1709990987001
2022-12-28,-0.0064078762980440684,0.00250951088053486,-0.6522078175260746,0.3535079230302909,347.79218247392544,1355.564286933282
2022-12-29,0.0023566710063165353,0.00299158030795299,-0.6513881857734147,0.35755705067948673,348.61181422658535,1359.6195663602357
2022-12-30,-0.0017498181031009308,0.0015974043952935446,-0.6519981930369032,0.359725618279104,348.0018069630968,1361.7914286314667
2022-12-31,-0.0038310483579501176,0.0007398766832302783,-0.6533314047880329,0.3607316475596596,346.66859521196716,1362.798986356934
2023-01-01,0.004396042956656299,0.0013380643161078343,-0.6518074347517573,0.36255239402105777,348.19256524824266,1364.6224990506062
2023-01-02,0.0033533409992594354,-0.00011605330669917091,-0.6506398263470731,0.3623942653101808,349.3601736529269,1364.4641300971953
2023-01-03,7.20028801153294e-05,0.0001226296066667576,-0.6506146714083725,0.3625613351830608,349.3853285916275,1364.63145379678
2023-01-04,0.010493664202745334,-0.0012683992816169276,-0.6469483390927662,0.3608330633643555,353.0516609072339,1362.9005562411123
2023-01-05,-0.0010865628395508864,0.002461208782819302,-0.6473319519079497,0.3641823576518588,352.66804809205036,1366.2549390602424
2023-01-06,0.0064670288519834696,0.0014038349973537478,-0.6450512374657656,0.36609744458830296,354.94876253423433,1368.1729355590026
2023-01-07,0.000230324935331927,0.002044775224919526,-0.6449694839149889,0.36889080679782293,355.0305160850112,1370.970541681039
2023-01-08,0.011112095179051096,-0.0009738524915732238,-0.6410243510287845,0.3675577090749311,358.9756489712155,1369.6354186031494
2023-01-09,0.004280366955333514,-0.0015307106084115896,-0.6394878035231587,0.36546437398203513,360.51219647684127,1367.5389031382374
2023-01-10,0.013420165135480833,0.0004514030142546144,-0.6346496703130846,0.3660807487163078,365.3503296869154,1368.1562143212245
2023-01-11,0.029084044799412512,0.0023165019280289023,-0.6240238049569902,0.36924527740455226,375.97619504300985,1371.3255508295445
2023-01-12,0.061692601905696476,0.001617413229982878,-0.6008288552301833,0.3714599128313181,399.17114476981675,1373.5435509180697
2023-01-13,0.04631817752150491,-0.002054441615211844,-0.5823399752852725,0.36864232851280265,417.66002471472746,1370.7216858867578
2023-01-14,0.052127563465534266,0.001026030415047785,-0.5605683758399389,0.37004659716917865,439.43162416006106,1372.128088027043
2023-01-15,-0.0038210544392923707,0.004362594993437163,-0.5622474679982012,0.37602355559476464,437.7525320017987,1378.1141271542244
2023-01-16,0.014634122982181363,0.0009324003784867418,-0.5558413436091256,0.37730656047880795,444.1586563908744,1379.399081287981
2023-01-17,0.005639905041933568,0.0009075038455352846,-0.5533363309635283,0.37855647147892335,446.6636690364717,1380.6508912587776
2023-01-18,-0.01889918245900568,0.0009420516595612938,-0.5617779091424575,0.3798551428906791,438.22209085754247,1381.9515357221626
2023-01-19,0.007806707454161899,0.0031759825315378354,-0.5583568374791815,0.38423753872055255,441.64316252081846,1386.3405896590482
2023-01-20,0.07560173340990972,-0.0017277684370708979,-0.5249678488439732,0.3818458967917424,475.0321511560268,1383.945314145205
2023-01-21,0.023679344780262346,0.004290547575724002,-0.5137193987550399,0.3877747723542464,486.2806012449601,1389.8831973577453
2023-01-22,-0.031641067864486616,-0.0020288209466736706,-0.529105836260215,0.38495922582682884,470.8941637397849,1387.0633732135161
2023-01-23,0.023544652038622216,-0.0018754815295065619,-0.5180187970279438,0.38236176037967096,481.98120297205617,1384.4619614767992
2023-01-24,-0.01588337117159422,0.0041407852076125184,-0.5256742833724806,0.3880858235086202,474.3257166275195,1390.1947210873846
2023-01-25,0.042687184563847236,0.0037332262837703745,-0.5054266539634225,0.3932678619890717,494.57334603657756,1395.3846325597067
2023-01-26,-0.025066438353261167,0.0028794915078451666,-0.5178238462530145,0.39727976496582285,482.17615374698556,1399.40263075934
2023-01-27,0.0028736756528808804,0.0008703969728229843,-0.516438228379592,0.398495953043436,483.561771620408,1400.6206665729135
2023-01-28,-0.002258539968787887,0.003371699040652043,-0.5175303719681745,0.4032112605066682,482.4696280318255,1405.3431379307146
2023-01-29,0.0314738941340551,0.0005700484967638975,-0.5023451739726039,0.4040111589763622,497.6548260273961,1406.1442516739296
2023-01-30,-0.0419834627195107,0.003425281705402128,-0.5232384468083097,0.4088202927133844,476.7615531916903,1410.9606918543448
2023-01-31,0.016523329639986706,0.0033443011741705053,-0.5153607585052513,0.4135318120725009,484.63924149474866,1415.6793693528218
2023-02-01,0.026410720001384114,0.0007707855276937181,-0.5025610871964503,0.41462134193618105,497.43891280354967,1416.7705545225735
2023-02-02,-0.0072060682680151755,0.0039187764750125975,-0.50614566596128,0.42016492677201134,493.85433403872,1422.322561642127
2023-02-03,-0.0057005815187402,0.0038502128949462477,-0.5089609228508508,0.4256328640860194,491.0390771491492,1427.7988063097346
2023-02-04,-0.004358647069119481,0.0032494401093599024,-0.5111011888852901,0.4302653726958021,488.8988111147099,1432.4383530190535
2023-02-05,-0.01686775916921779,0.0022546161374341622,-0.5193478162892899,0.4334900720858954,480.65218371071006,1435.6679516456497
2023-02-06,-0.007479545732079651,0.0031613924283711015,-0.5229428762785782,0.43802189674593284,477.0571237214218,1440.2066614376372
2023-02-07,0.014430280740145074,0.002490784405791757,-0.5160588080541919,0.44160369926153464,483.9411919458081,1443.7939057310634
2023-02-08,-0.005639757256530875,0.003463312301301702,-0.5187881189032024,0.44659642308678915,481.2118810967975,1448.7942149253263
2023-02-09,-0.05064057606105621,0.0014848421474287221,-0.5431569657693688,0.44874439042610814,456.8430342306312,1450.9454456385984
2023-02-10,-0.003556122495801506,0.003755173473021234,-0.5447815555604465,0.4541846769302247,455.2184444395534,1456.3939974868615
2023-02-11,0.006235062788095158,0.002291150705244549,-0.541943239977067,0.45751643317832924,458.0567600229331,1459.7308156213173
2023-02-12,-0.003670262181197481,-0.0013807340317611994,-0.543624428380221,0.4555039906371887,456.37557161977907,1457.7153156069785
2023-02-13,-0.014611112897373046,0.0028561829750679557,-0.5502925833807607,0.45966117635539017,449.7074166192393,1461.878817273911
2023-02-14,0.036246678786183706,0.002941633298162216,-0.5339921831027987,0.46395496427579186,466.00781689720134,1466.179128680682
2023-02-15,0.08659685298642428,-0.0018347618513661068,-0.49363737269242725,0.4612689555552205,506.3626273075728,1463.4890391481094
2023-02-16,-0.0059157879920681555,0.0038832687354686257,-0.49663290664268545,0.46694345560443895,503.36709335731456,1469.1721603785343
2023-02-17,0.019668676705757004,0.003603926145044012,-0.48673234201912385,0.4722302114773931,513.2676579808762,1474.4669483388934
2023-02-18,0.009340374350115033,0.003035842167324443,-0.4819382299517757,0.4766996700334052,518.0617700482243,1478.943197274987
2023-02-19,-0.018123477571235447,0.002568124613560707,-0.4913273108217593,0.48049201880285497,508.6726891782407,1482.7413077019671
2023-02-20,0.02406669441479603,0.0008901995829713183,-0.47908524065415403,0.48180995218058564,520.9147593458459,1484.0612433957376
2023-02-21,-0.016358214721186037,-0.0016806261973855152,-0.48760647613896835,0.47931958355540427,512.3935238610317,1481.5670911915622
2023-02-22,-0.011131839269496124,0.0038311323269728526,-0.49331035848932003,0.4849870526338873,506.68964151067996,1487.2431707692053
2023-02-23,-0.00865075523451364,0.002070284543049805,-0.4976936065578924,0.4880613983755844,502.3063934421076,1490.3221873174052
2023-02-24,-0.0328267020557379,0.0037694156543746082,-0.5141826688761088,0.4936705203052918,485.8173311238912,1495.9398311003413
2023-02-25,-0.010722483991784437,0.0037990510452550197,-0.5193918374320161,0.4993450508567243,480.60816256798387,1501.6229828793216
2023-02-26,0.026963724151767954,0.002530702193086709,-0.5064328515114449,0.5031394466651211,493.56714848855506,1505.4231434552837
2023-02-27,-0.0027733772769936715,0.002978809155539386,-0.5078016994257337,0.5076170122108996,492.19830057426634,1509.907511697969
2023-02-28,-0.014923339011925107,0.0036257102383634443,-0.5151469415262968,0.5130831946476035,484.85305847370313,1515.3819988221144
2023-03-01,0.021193622025456493,-0.0016665688475441254,-0.5048711490671187,0.5105615373316612,495.12885093288133,1512.8565103907483
2023-03-02,-0.006888288639192552,0.0032797056357596333,-0.508281739505936,0.5155157345188095,491.71826049406394,1517.8182344139725
2023-03-03,-0.04954150342540209,0.0012483917924357435,-0.5326422013925355,0.5174076919230901,467.35779860746453,1519.7130662402242
2023-03-04,0.0018255214173581447,0.0020856414043108895,-0.5317890297216081,0.5205724602325847,468.2109702783918,1522.8826427338472
2023-03-05,0.0037473640852985213,0.002010193500166846,-0.5300344727472441,0.523629105108677,469.9655272527558,1525.9439315237876
2023-03-06,-0.000994674255332617,0.002006022025437204,-0.5305019353580963,0.5266855386521221,469.4980646419037,1529.0050086600065
2023-03-07,-0.00937621388483334,0.002166356255204338,-0.534904049630694,0.529992883418511,465.0959503693059,1532.3173782247559
2023-03-08,-0.022161526292304834,0.0033213732106374128,-0.545211285763248,0.5350745607939631,454.78871423675207,1537.4067761149859
2023-03-09,-0.06209150326797397,0.005800403777471708,-0.5734498006995169,0.5439786130750932,426.5501993004831,1546.3243561866739
2023-03-10,-0.010221984146095764,0.0033616605587920567,-0.5778099900742804,0.5491689450822863,422.1900099257196,1551.5225737859662
2023-03-11,0.015243069864897762,0.003265724672983472,-0.5713745182567208,0.5542281043288613,428.6254817432792,1556.58941933587
2023-03-12,0.06099093767881336,0.0031141353827874863,-0.5452322482121651,0.5590681810614746,454.7677517878349,1561.4368495230965
2023-03-13,0.12077771222066502,0.00386744673422057,-0.49030643955949516,0.5650977942067481,509.6935604405048,1567.4756233674761
2023-03-14,0.011042747978580847,-0.0017429957002393914,-0.4846780220252451,0.5623698354809916,515.3219779747549,1564.7435200957166
2023-03-15,-0.004189870276734786,0.005025380582146299,-0.48683715426370977,0.5702213385143489,513.1628457362903,1572.6069517976448
2023-03-16,0.020845503082095318,-0.0016166372184787114,-0.4761400165812971,0.567682860257257,523.8599834187029,1570.0646168693304
2023-03-17,0.10088674050835511,-0.0019058729429615173,-0.42328949037142327,0.5646950559107482,576.7105096285767,1567.0722731973378
2023-03-18,-0.011751406679364362,0.0034561603596836576,-0.43006665010633216,0.5701028929379799,569.9333498936678,1572.4883262687217
2023-03-19,0.028225376356741716,0.0040885866451714215,-0.4139800668073248,0.576522394657591,586.0199331926752,1578.917581039192
2023-03-20,-0.00899995349785565,0.003313231814144002,-0.41925421895487536,0.581745778811281,580.7457810451247,1584.1489010006023
2023-03-21,0.022769193007533328,0.004182049386471487,-0.40603110617794824,0.5883607177751125,593.9688938220518,1590.7738899401115
2023-03-22,-0.03670032362916409,-0.001717013540678658,-0.4278299568068742,0.5856334809152106,572.1700431931258,1588.0425096309264
2023-03-23,0.03623740611833659,0.0036855515056590793,-0.40709599858293866,0.5914774147782211,592.9040014170613,1593.8953220933472
2023-03-24,-0.024999911611117143,0.0033730360030117534,-0.4219185462122429,0.5968455253962481,578.0814537877571,1599.2715883998
2023-03-25,-0.004703194691228263,0.003798278951289591,-0.42463737583679495,0.6029107901438218,575.362624163205,1605.3460680114147
2023-03-26,0.018471762249838708,0.0006958958266178872,-0.41400941423580895,0.6040262490731236,585.990585764191,1606.4632216404211
2023-03-27,-0.030131321478269912,0.0008160498666398563,-0.4316660849587095,0.6053352144797666,568.3339150412905,1607.7741757382028
2023-03-28,0.005078931838300438,0.0039321474987166205,-0.42877955574282034,0.6116476293279849,571.2204442571797,1614.096180941833
2023-03-29,0.039956403189759904,-0.001730662948317807,-0.4059556413618467,0.6088584104901626,594.0443586381533,1611.3027244864556
2023-03-30,-0.011415565396898253,-0.0016336243887008495,-0.41273699358653904,0.6062301401528194,587.263006413461,1608.6704610581544
2023-03-31,0.019471711583080475,0.003745449037129145,-0.4013019777022434,0.6122461932846626,598.6980222977566,1614.6956542875828
2023-04-01,-0.0040860629190665465,0.00337133224441466,-0.40374829549087277,0.617681610862018,596.2517045091272,1620.1393298117987
2023-04-02,-0.009935381348483596,-0.0013794493439536204,-0.4096722835548543,0.6154501010251885,590.3277164451457,1617.9044296761763
2023-04-03,-0.013319744897234531,0.0005980758182131396,-0.41753529814367063,0.6164162626661416,582.4647018563294,1618.8720591917456
2023-04-04,0.013283620227380055,-0.0018602064998121115,-0.409798058248357,0.613409394627928,590.201941751643,1615.860622864873
2023-04-05,-4.262090129003582e-05,0.0031140427023854667,-0.4098232131870576,0.6184336203792293,590.1767868129424,1620.8924818455773
2023-04-06,-0.004660083824678529,0.003922711488100861,-0.4125734864849854,0.6247822685346196,587.4265135150147,1627.2507754050894
2023-04-07,-0.004714018584866531,0.002458509175656598,-0.4153426259869385,0.628776810650256,584.6573740130615,1631.2513863675172
2023-04-08,0.0012262151900095386,0.0016805245000885982,-0.41462571023397254,0.6315140099857299,585.3742897660275,1633.9927442881112
2023-04-09,0.013769073479224625,-0.001280094695336298,-0.4065656486253352,0.6294255175561803,593.4343513746649,1631.90107884393
2023-04-10,0.046405080997830916,0.002471202042799936,-0.3790272794828986,0.6334521572237555,620.9727205171014,1635.9338361236166
2023-04-11,0.01897168088417489,0.004009627099912594,-0.3672463831914702,0.6400016912597706,632.7536168085298,1642.4933207666018
2023-04-12,-0.010273280525822326,0.0030008724884176274,-0.3737468386006729,0.6449231272160305,626.253161399327,1647.4222337853
2023-04-13,0.01632468619246863,0.0006317589861768447,-0.36352345226378746,0.6459623221832194,636.4765477362125,1648.4630075855214
2023-04-14,0.002977337325073215,0.0030018185729119296,-0.3616284468816787,0.6509032024522623,638.3715531183212,1653.4113944584499
2023-04-15,-0.005671015430284476,0.0022308039489964404,-0.3652486618096674,0.6545860438357036,634.7513381903326,1657.0998311265237
2023-04-16,0.00020475290947263858,0.0018154205720828376,-0.36511869462638125,0.6575898133779641,634.8813053736187,1660.1081642499457
2023-04-17,-0.028613314138926094,0.002610931650547599,-0.38328475285796804,0.661917667085338,616.715247142032,1664.4425931993183
2023-04-18,0.032148198504418746,0.0006380057041543985,-0.3634584686721444,0.6629779800367734,636.5415313278556,1665.504517068017
2023-04-19,-0.05172595485710896,0.0007558019594122722,-0.396384187186284,0.6642348620525447,603.615812813716,1666.763308645427
2023-04-20,-0.019628339543880657,0.0041233918616156995,-0.40823216331424717,0.6710971545385493,591.7678366857529,1673.636026907535
2023-04-21,-0.01605035795380083,0.0035776513009178057,-0.4177302489185999,0.6770757574474442,582.2697510814002,1679.6237130164636
2023-04-22,0.0010944385242361854,0.0007303280441888216,-0.41709299047151904,0.6783005729053373,582.907009528481,1680.850389317764
2023-04-23,-0.008314393394516562,-0.0015648709022719753,-0.42193950866116003,0.6756742491735312,578.0604913388399,1678.220075452448
2023-04-24,-0.002846678270960301,-0.0016356195351735492,-0.423585060901155,0.6729334836369958,576.414939098845,1675.4751459127176
2023-04-25,0.028700790980998203,-0.0017370852139613202,-0.40704149621575425,0.6700274556186292,592.9585037842457,1672.5647028103929
2023-04-26,-0.0001590853652069235,-0.0016818014238666468,-0.40713582723588126,0.6672188010658735,592.8641727641187,1669.7517811116973
2023-04-27,0.041609210033165756,0.004668438289299415,-0.38246721735019995,0.6750021091534093,617.5327826498001,1677.546914260265
2023-04-28,-0.014942801860212573,0.004025971211631507,-0.39169488736352165,0.681745619424283,608.3051126364784,1684.3006698432382
2023-04-29,0.006681875198147447,-0.0014684118063303941,-0.3876302685184897,0.679276124301476,612.3697314815103,1681.8274228542302
2023-04-30,0.000352586375103936,0.002040319893573894,-0.3874143552946433,0.682702384784692,612.5856447053567,1685.2588888026378
2023-05-01,-0.05335865585326627,0.0006297689466032708,-0.4201011018911277,0.6837620984930046,579.8988981088723,1686.3202125177927
2023-05-02,0.03588818560062457,-0.0017892072286226357,-0.39928958260619885,0.6807494991751002,600.7104173938012,1683.3030362037834
2023-05-03,-0.005342592431036519,0.003478813573939199,-0.4024989335354118,0.686596513347222,597.5010664645882,1689.1589336551824
2023-05-04,0.011317948034269554,0.0067714696819278775,-0.3957364475147449,0.698017250502998,604.2635524852551,1700.597022162386
2023-05-05,0.023086796641920593,0.0007399998633141891,-0.38178593776039327,0.6992737830362754,618.2140622396067,1701.8554637263387
2023-05-06,-0.02216570876354207,0.003553777416671622,-0.3954890906175227,0.7053126238311718,604.5109093824773,1707.9034792397686
2023-05-07,-0.014508735063007538,0.003050770016739923,-0.4042597792444508,0.710515140453124,595.7402207555492,1713.1138999657192
2023-05-08,-0.026728220863213248,0.00304512119379452,-0.4201828554419045,0.7157238663596242,579.8171445580955,1718.3305394098886
2023-05-09,-0.0017932161476221786,0.0033677112818326638,-0.4212225929081942,0.7215019289808731,578.7774070918058,1724.117380553377
2023-05-10,-0.0009887650216223731,-0.0016482947037049778,-0.42179486776363184,0.718664386468916,578.2051322363682,1721.2755270064451
2023-05-11,-0.022713347762563063,0.0043771743759919435,-0.4349278420102153,0.7261872801822975,565.0721579897847,1728.80985013728
2023-05-12,-0.019691056669288276,0.00369135681494992,-0.44605470989542917,0.7325592533628782,553.9452901045709,1735.1915041593368
2023-05-13,0.012756569387260885,0.0022766936298199703,-0.4389882683654639,0.7365037599782951,561.0117316345361,1739.1420036033742
2023-05-14,0.005201268930264957,-0.0014687113747351432,-0.436070295476199,0.7339533371537446,563.929704523801,1736.5877059604022
2023-05-15,0.009315327170199783,0.002643951662659738,-0.4308171057775657,0.7385378259624866,569.1828942224342,1741.1791599129306
2023-05-16,-0.004703066016020663,0.0005910759853395842,-0.4334940105042835,0.7395654339210176,566.5059894957166,1742.208329100529
2023-05-17,0.01372813119801064,-0.00150317058184124,-0.4257169419560275,0.7369505703355597,574.2830580439725,1739.5894927927864
2023-05-18,-0.029029997298856025,-0.0031718043911063143,-0.44238837757982274,0.7314413028894347,557.6116224201772,1734.0718552008238
2023-05-19,0.010379504144658824,-0.0017066690405521667,-0.4366006454338026,0.7284863056222599,563.3993545661974,1731.1123684514598
2023-05-20,0.007921388866151347,0.0015411456875862317,-0.43213774005934513,0.7311501548382215,567.8622599406549,1733.7802648128259
2023-05-21,-0.013167463408331637,-0.0013734805237913816,-0.4396150455880862,0.7287724538167928,560.3849544119138,1731.3989513865715
2023-05-22,0.004017536509456576,0.0004607229754411968,-0.4373636785743862,0.729568939005576,562.6363214256138,1732.1966466631302
2023-05-23,0.013774114946982552,0.0026113081729846055,-0.42961386120972234,0.7340853765117414,570.3861387902776,1736.7199459237781
2023-05-24,-0.032932866346440215,-0.0013719605170792182,-0.4483983116843646,0.7317062798419229,551.6016883156353,1734.3372347287468
2023-05-25,0.005624425206545602,0.003033173325474703,-0.44529586924462905,0.7369588451374964,554.7041307553709,1739.5977801665035
2023-05-26,0.010343211724070267,0.0005056783993395708,-0.4395584469760099,0.7378371877060244,560.4415530239901,1740.477457187473
2023-05-27,0.003968506293130725,-0.001433746043500661,-0.43733433114590226,0.7353455705139025,562.6656688540977,1737.9820545194284
2023-05-28,0.04523202789699576,0.0022701788011498802,-0.4118838219156119,0.7392851152407525,588.1161780843881,1741.9275845363775
2023-05-29,-0.011894196188296902,0.0032192439781664195,-0.41887899111925897,0.7448842983743058,581.121008880741,1747.535274423298
2023-05-30,-0.0015114349614026024,0.00048519523707879486,-0.4197573177288869,0.7457309079251306,580.242682271113,1748.3831702150753
2023-05-31,-0.017304850777273173,-0.0015209750252842547,-0.42979833076019325,0.7430756948133097,570.2016692398067,1745.7239230785508
2023-06-01,-0.014550882133443133,0.0009621120966136765,-0.43809526804159415,0.744752729024603,561.9047319584058,1747.4035051822927
2023-06-02,0.015761808299105118,-0.0015734566354459467,-0.4292386333741057,0.7420074362659068,570.7613666258943,1744.6540415422621
2023-06-03,-0.006350127443274789,0.001963641365462232,-0.4328630407918779,0.7454281141267014,567.1369592081221,1748.0799163866552
2023-06-04,0.0017556893575656485,0.0019600498082739115,-0.431867324468314,0.7488492401671514,568.132675531686,1751.5062400916163
2023-06-05,-0.057057677548851826,-0.001367471633887063,-0.4642836554737674,0.7464577384392779,535.7163445262327,1749.111104991715
2023-06-06,0.06517060572859612,0.0036111051388842963,-0.42937069680228346,0.7527643809534001,570.6293031977166,1755.42732909143
2023-06-07,-0.03197472586007388,0.0010375331352765471,-0.44761641233975547,0.7545829320769717,552.3835876602445,1757.2486431119323
2023-06-08,0.00511553597383041,0.0033407544039918413,-0.44479067422572593,0.7604445627344767,555.209325774274,1763.1191792553172
2023-06-09,-0.0006720556975599035,0.0004895562133648834,-0.4451638058164509,0.7613063993084477,554.8361941835491,1763.9823252044246
2023-06-10,-0.024236722696377888,-0.0013724612497767463,-0.4586112167967912,0.758889074526413,541.3887832032088,1761.5613278177905
2023-06-11,0.003225356802676327,0.0009084361174884759,-0.4568650448019941,0.7604869128883687,543.134955198006,1763.161593751151
2023-06-12,-0.0005827888181738627,-0.001530711200993351,-0.45718157778064283,0.7577921158516083,542.8184222193572,1760.4627025504349
2023-06-13,0.0031241793719203326,0.0005499431736990523,-0.4554857156632468,0.758758801626503,544.5142843367532,1761.4308569962543
2023-06-14,-0.03310016669425653,-0.0015376099888672057,-0.4735092292421972,0.756054516525114,526.4907707578028,1758.722463315838
2023-06-15,0.01872120847749814,0.005968438290619105,-0.46365268576136165,0.7665354195419571,536.3473142386383,1769.2192898084643
2023-06-16,0.029308882557326,-0.0015821308597369077,-0.4479329453184042,0.7637405293398816,552.0670546815958,1766.4201533724165
2023-06-17,0.0065651579586878395,0.0032223426067574668,-0.44430853790063196,0.7694239055948384,555.691462099368,1772.1121642940636
2023-06-18,-0.004473969119805132,-0.0013806649786078928,-0.44679468434220393,0.7669809239760721,553.2053156577961,1769.6654710906578
2023-06-19,0.013383705376596833,0.0023061948451381653,-0.43939074738467276,0.7710559262744032,560.6092526153273,1773.746664477706
2023-06-20,0.05784957092377585,0.0008364337578765646,-0.40695974266497736,0.7725372972382265,593.0402573350226,1775.2302860657962
2023-06-21,0.06415205050440798,-0.001914718630093959,-0.36891499412527384,0.769143387052668,631.0850058747261,1771.8312195643591
2023-06-22,-0.0021125707927122095,0.0033475112036844834,-0.3702482058764034,0.7750656143617511,629.7517941235966,1777.7624444228886
2023-06-23,0.028313788408855567,0.003148473960081777,-0.3524175468274907,0.7806543622260056,647.5824531725093,1783.3596831863654
2023-06-24,-0.011921987537428125,0.004112988202115586,-0.3601380167636705,0.7879781726098869,639.8619832363295,1790.6946205234394
2023-06-25,-0.002168771007921566,-0.001487043717303016,-0.3615257308819847,0.7853193709016324,638.4742691180153,1788.0317793383817
2023-06-26,-0.00649747192855743,0.000528849876325399,-0.3656741995226852,0.7862635368301352,634.3258004773148,1788.9773797237508
2023-06-27,0.013982108453045594,-0.0016315455909825527,-0.35680498738584643,0.7833491664322871,643.1950126141536,1786.058581567495
2023-06-28,-0.020105464879804025,0.0031120565534330513,-0.3697367221228254,0.7888990498927422,630.2632778771746,1791.6168968810773
2023-06-29,0.012425872155868989,0.001060370146575007,-0.36190515120738465,0.7907959450404849,638.0948487926154,1793.5166739526292
2023-06-30,0.018406762177273883,-0.0015583073526792557,-0.3501598910791154,0.78800533455218,649.8401089208846,1790.721823732456
2023-07-01,-0.013761201540635315,-0.0013429938036614297,-0.35910247178716403,0.7856040544669629,640.8975282128359,1788.316895419102
2023-07-02,-0.0006083680037679562,0.0014557550011633502,-0.35949237333702266,0.7882034564993508,640.5076266629774,1790.9202466832733
2023-07-03,0.01944035346097195,0.002642308396992643,-0.34704067868024613,0.7929284415079902,652.9593213197538,1795.6524102894286
2023-07-04,-0.012613567048701424,0.0028791181194525173,-0.3552768248597874,0.7980904942708176,644.7231751402126,1800.8223056801314
2023-07-05,-0.008703964416814758,0.002308080833857362,-0.36088847243490363,0.8022406324781852,639.1115275650964,1804.9787491290544
2023-07-06,-0.01118130174099008,-0.0014673239485485379,-0.3680345712707541,0.7995961616371028,631.9654287292459,1802.3302605838362
2023-07-07,0.005983912430549854,0.0031915120852277212,-0.36425294548610343,0.8053395945354971,635.7470545138966,1808.0824193920612
2023-07-08,-0.003821563642718462,-0.001467615323765048,-0.3666824933155991,0.802690050481957,633.3175066844009,1805.4288499267311
2023-07-09,-0.0021249834502846676,-0.001304574168828232,-0.368028282536079,0.8003383076076946,631.971717463921,1803.0735340854594
2023-07-10,0.020744465599479955,0.0003617437402658741,-0.3549183669833045,0.8009895687208326,645.0816330166955,1803.7257846496539
2023-07-11,-0.005355309165117728,0.0032165871073757124,-0.35837297856484784,0.8067826085480982,641.6270214351522,1809.5276257537992
2023-07-12,-0.003263809934527795,-0.0014737647532240272,-0.3604671272116694,0.8041198360228818,639.5328727883306,1806.860807718978
2023-07-13,0.03058819673205826,0.001134373447921444,-0.34090496988220154,0.8061663816617346,659.0950301177985,1808.9104626433443
2023-07-14,-0.04347729289446822,0.003844721167977516,-0.36956063755192137,0.8131105877821989,630.4393624480787,1815.8652189900454
2023-07-15,0.006706633815133589,0.0015734598684502554,-0.36533251160533586,0.8159634445291364,634.6674883946641,1818.7224100386409
2023-07-16,-0.001968529944115005,0.0008881643478735324,-0.36658187356079697,0.8175763185176088,633.418126439203,1820.3377344419157
2023-07-17,-0.003001641470969818,0.0019087213945314652,-0.36848316767758094,0.8210455653229571,631.5168323224191,1823.8122520209179
2023-07-18,-0.01192653546260547,0.002881598075565206,-0.3760149755735065,0.8262930867195084,623.9850244264935,1829.0677458965338
2023-07-19,0.004323608852816019,-0.001584792456714057,-0.37331710839787147,0.8233987912119263,626.6828916021285,1826.169053130018
2023-07-20,-0.0013212690873208865,0.0026308432904644796,-0.37414512513009823,0.8281958676876273,625.8548748699018,1830.9734177306989
2023-07-21,0.0018220793140408809,0.002785057886672826,-0.37300476790900616,0.8332874990073134,626.9952320909938,1836.072784688038
2023-07-22,-0.0042426714453835945,0.0019226864513122166,-0.37566490267659025,0.8368123360430149,624.3350973234097,1839.6029769547808
2023-07-23,0.009646280658754058,2.9561937106903358e-05,-0.36964239110269814,0.8368666357737702,630.3576088973018,1839.657359182287
2023-07-24,-0.03016215065778094,0.00048066305988347935,-0.38865533227053717,0.837749549711519,611.3446677294628,1840.5416145176887
2023-07-25,0.0018001769316755567,0.000334358091976128,-0.3875548037023877,0.8383640161444905,612.4451962976123,1841.1570145001215
2023-07-26,0.008224860779770138,0.0003177126413009823,-0.3825175272276009,0.8389480876317326,617.4824727723991,1841.7419733582483
2023-07-27,-0.008381822749400691,0.001687834026295576,-0.3876931558652408,0.8420519267866287,612.3068441347592,1844.850528128539
2023-07-28,0.00411164784301099,0.0017679112184598722,-0.3851755657502932,0.8453085110529803,614.8244342497068,1848.1120600735992
2023-07-29,0.0003170836487123019,0.0017869739465705692,-0.38498061497536384,0.848606029285617,615.0193850246361,1851.4145881752936
2023-07-30,-0.002317726174286161,0.0009518051272054961,-0.38640606150172885,0.850365541982474,613.5939384982712,1853.1767740729017
2023-07-31,-0.0017184185083580772,0.002199458736113824,-0.3874604726822606,0.8544353446387913,612.5395273177394,1857.2527599181997
2023-08-01,0.016440343864644325,0.0019851683176146384,-0.3773901122224702,0.8581167109320331,622.6098877775298,1860.9397192549918
2023-08-02,-0.01788143240003781,0.0028626172348569234,-0.3885232688423592,0.8634357878531229,611.4767311576408,1866.2668773683608
2023-08-03,0.00034624495630808383,0.002519320236045175,-0.38831154810829616,0.8681303793420321,611.6884518917038,1870.9686012783757
2023-08-04,-0.005455754244316324,0.002237575195932262,-0.3916487699759036,0.8723104615416153,608.3512300240964,1875.1550342129644
2023-08-05,0.00126460149546892,0.0021341274945387845,-0.3908794481006448,0.8763062107759039,609.1205518993552,1879.1568541280012
2023-08-06,0.0006263400062633817,0.0,-0.39049793153035295,0.8763062107759039,609.502068469647,1879.1568541280012
2023-08-07,0.00014101025247703625,0.0014753202752340044,-0.3904119854897927,0.879074363371209,609.5880145102072,1881.9292123352413
2023-08-08,0.02641334250343874,0.00041234710642346073,-0.37431072847654345,0.8798491942476996,625.6892715234566,1882.7052204004415
2023-08-09,-0.008466200528676748,0.0006921469771021815,-0.3796079393179027,0.8811503261849061,620.3920606820973,1884.008329127516
2023-08-10,-0.005125796576495034,0.0029096322201975777,-0.3827879428186317,0.8866237817850089,617.2120571813683,1889.4901004650658
2023-08-11,-0.002061561556461977,0.0019200121075242382,-0.3840603634679016,0.8902461222883793,615.9396365320983,1893.117944335006
2023-08-12,0.001283054827621477,0.0007642393060305341,-0.3832700791437257,0.8916907226731039,616.7299208562744,1894.5647394790187
2023-08-13,-0.0043302844595812795,0.0,-0.38594069513576845,0.8916907226731039,614.0593048642315,1894.5647394790187
2023-08-14,0.004547114869270397,0.0015430850054487522,-0.3831484969400064,0.8946097622622073,616.8515030599935,1897.4882139203607
2023-08-15,-0.008077753045724112,0.0018366016241533334,-0.3881312710476088,0.898089405628715,611.8687289523912,1900.9731438558588
2023-08-16,-0.016252809296716464,0.0018042917537104408,-0.39807585681389634,0.9015141126910959,601.9241431861036,1904.403054023343
2023-08-17,-0.07329771821803699,0.002597282438781434,-0.4421955230497847,0.9064528819030835,557.8044769502153,1909.3493266319194
2023-08-18,-0.021330567424660996,0.004458272443308431,-0.45409380905514907,0.914952368250938,545.9061909448509,1917.861726119492
2023-08-19,0.002707154952941604,0.0034269974241762924,-0.4526159564064912,0.9215149050843543,547.3840435935087,1924.43423331483
2023-08-20,0.002424117092897804,0.0003784306894094591,-0.4512890333900367,0.922242065294596,548.7109666099633,1925.1624982884666
2023-08-21,-0.0023112863359043834,0.0003220033499387043,-0.45255726154952314,0.922861033679014,547.4427384504769,1925.782407062092
2023-08-22,-0.012172894154407032,0.002268293391562537,-0.45922122406027954,0.9272226466546012,540.7787759397205,1930.1506465696184
2023-08-23,0.030262622347126733,0.003205694848456453,-0.44285584019067437,0.9334007343648105,557.1441598093256,1936.3381205540716
2023-08-24,-0.01556162569323738,0.00384419455032603,-0.4515259090628003,0.9408331029314521,548.4740909371997,1943.781781004694
2023-08-25,-0.013109315640216224,0.0024723412920746313,-0.45871602904137676,0.9456315047528547,541.2839709586233,1948.5874729646541
2023-08-26,0.007075471698113178,0.0018598272132583915,-0.4548861896242167,0.9492500431723669,545.1138103757834,1952.2115089742883
2023-08-27,0.0032071618924562895,0.0011540273427903536,-0.4531379213845278,0.9514995310201231,546.8620786154722,1954.4644144345546
2023-08-28,0.0007206461282520671,0.0015192746947694236,-0.4527438273448857,0.9544643948744564,547.2561726551143,1957.4337827612324
2023-08-29,0.06104226916668254,0.0021019988375108323,-0.4193380687505437,0.9585726767604388,580.6619312494563,1961.548306297101
2023-08-30,-0.014790560322886837,0.0007837200437188496,-0.42792638407189276,0.9601076494242959,572.0736159281072,1963.0856110214686
2023-08-31,-0.04701286899422508,-0.0014890030255259035,-0.4548212060325735,0.9571890432039467,545.1787939674265,1960.1625706072912
2023-09-01,-0.02077101132754522,0.003520856344404688,-0.4661451209376083,0.9640800246639107,533.8548790623917,1967.0640214300784
2023-09-02,0.013134541684990841,5.053026175061426e-05,-0.45913318177482754,0.964179270141656,540.8668182251724,1967.1634176899615
2023-09-03,0.006216644639694291,0.0014174247266531825,-0.4557708049685195,0.9669633464067344,544.2291950314805,1969.951723759563
2023-09-04,-0.005704469207036378,0.002097389432621055,-0.45887534365314675,0.9710888345438409,541.1246563468533,1974.0834796877498
2023-09-05,-0.0013287363446191636,0.0004051900348447379,-0.45959435565100437,0.9718875000973917,540.4056443489957,1974.883358641671
2023-09-06,0.0025562748984664374,-0.0012869207847667763,-0.4582129302673654,0.9693498370882945,541.7870697326346,1972.3418401999452
2023-09-07,0.015286934720029732,0.00010124581156456536,-0.4499306667002064,0.9695492255108049,550.0693332997936,1972.541531550239
2023-09-08,-0.01565888105119151,0.00064830684434658,-0.4585441369602561,0.9708260977539811,541.4558630397439,1973.820343725901
2023-09-09,0.0024313002810707474,-0.0012425355254545023,-0.4572276951682601,0.968377276313029,542.7723048317399,1971.3678018279568
2023-09-10,-0.0024794728995928272,-0.001018039331394216,-0.4585734843887399,0.9663733908267196,541.4265156112601,1969.3608718690518
2023-09-11,-0.026250174226820078,-0.0013645467881637785,-0.47278602475455556,0.9636901823319362,527.2139752454444,1966.6735868166074
2023-09-12,0.03207901265983848,0.00295264016726815,-0.4558735209682132,0.9694882528403594,544.1264790317867,1972.4804662449474
2023-09-13,0.00663784999922945,-0.0015782500176222403,-0.4522616910197913,0.9663799079706072,547.7383089802087,1969.3673989143367
2023-09-14,0.014573566275665417,-0.0015452392161464656,-0.44427919047214737,0.9633413806229685,555.7208095278527,1966.324255178534
2023-09-15,0.003047871959200643,0.0027856197028579555,-0.4425854245996431,0.9688105030562681,557.4145754003569,1971.801686765967
2023-09-16,-0.0016622102884046308,0.0025267006003646397,-0.44351196484178024,0.9737850977363447,556.4880351582198,1976.7838392717185
2023-09-17,-0.0012317822419943836,0.0012077478763459215,-0.4441974369213705,0.976168932496499,555.8025630786295,1979.1712957555937
2023-09-18,0.008889576151646983,-0.0012128369830580743,-0.4392565877116025,0.9737721617303969,560.7434122883975,1976.7708836122945
2023-09-19,0.01667669785681447,0.0006699791255861953,-0.4299052392496697,0.9750945478774193,570.0947607503302,1978.0952788403813
2023-09-20,-0.0032468010001470704,0.0028802614432668072,-0.4317562234890525,0.9807833365504772,568.2437765109474,1983.7927104031332
2023-09-21,-0.01959590817369239,0.003047908713386782,-0.4428914763538332,0.9868205833412809,557.1085236461668,1989.8391294907242
2023-09-22,-0.00036874682520271485,0.00024847364012492434,-0.44309690835322113,0.9873142558838988,556.9030916467789,1990.3335520624917
2023-09-23,-0.00013550798556094534,0.00016865283155187427,-0.4431723731693229,0.9876494220603369,556.8276268306771,1990.6692274517798
2023-09-24,-0.012449601138421196,0.001633616760192469,-0.45010465502621844,0.9908964794696016,549.8953449737816,1993.9212180657444
2023-09-25,0.0022148183162806756,0.0023809181788820855,-0.44888673674413304,0.9956366410898432,551.113263255867,1998.668581341096
2023-09-26,-0.003107586390521333,0.0019166549061280236,-0.45059936882066276,0.9994615878488369,549.4006311793372,2002.4993392832473
2023-09-27,0.00043496840755774535,-0.001281742766782057,-0.45036039690300744,0.996898792421153,549.6396030969926,1999.9326502396352
2023-09-28,0.03019046384085544,-0.0014011448211831423,-0.4337665223402055,0.9941008480197253,566.2334776597945,1997.130454964037
2023-09-29,-0.005453172317283483,0.0007160482811363611,-0.43685429106569906,0.9955287205043624,563.145708934301,1998.5604967935192
2023-09-30,0.003216140259450162,0.00011720382358637593,-0.4350431354792589,0.9957626041004819,564.9568645207411,1998.7947357254122
2023-10-01,0.03823619990427041,0.0013795020670455127,-0.41344133187015397,0.9985157627381707,586.5586681298461,2001.552077194945
2023-10-02,-0.0051748661610928615,0.0026781095976844416,-0.4164766944733548,1.0038680069834833,583.5233055266452,2006.912453023146
2023-10-03,-0.015253299612740023,0.0026429077967680126,-0.42537735028356916,1.009164045362834,574.6226497164308,2012.216537592672
2023-10-04,0.012687873923828974,0.00043664755561478863,-0.4180866105501906,1.0100413419320708,581.9133894498094,2013.0951670251793
2023-10-05,-0.013018825784047339,0.0028407460685462294,-0.4256624395888421,1.0157513589717797,574.3375604111579,2018.8138592065154
2023-10-06,0.02062164213968698,0.0025763791087931587,-0.41381865595066236,1.0209446986615562,586.1813440493377,2024.015089057917
2023-10-07,-0.0007295250219930827,0.0020811905587301283,-0.41424628990857193,1.0251506696881263,585.753710091428,2028.2274501519917
2023-10-08,-0.0014959023726872633,0.0012042457562391196,-0.4151225202733081,1.0275894487878432,584.877479726692,2030.669934451525
2023-10-09,-0.018282367783464593,0.0003346688773833151,-0.4258154654659373,1.0282680198724634,574.1845345340627,2031.349536478824
2023-10-10,-0.00036143126782051116,0.0022157253992358683,-0.4260229937102169,1.0327621048405526,573.977006289783,2035.8504492415261
2023-10-11,-0.018870611952726768,0.002070310865234015,-0.4368542910656992,1.03697055431264,563.1457089343008,2040.0652925465824
2023-10-12,-0.00742243481174043,0.0004921798677459677,-0.4410342033797754,1.0379731102106642,558.9657966202246,2041.069371612461
2023-10-13,0.01276574998781177,0.0018416223705917112,-0.4338985857683836,1.0417262870810924,566.1014142316164,2044.8282506271523
2023-10-14,-0.007368869304400949,-0.001184835786278593,-0.4380701131028929,1.039307176710373,561.929886897107,2042.405464939016
2023-10-15,0.0124335515639864,-0.0009975944481503962,-0.4310833288788126,1.0372727751928132,568.9166711211874,2040.3679725863208
2023-10-16,0.04961348278174493,-0.0013043085558701595,-0.4028573914118939,1.0346155428814878,597.1426085881061,2037.706703182553
2023-10-17,-0.0036649196280316154,0.0007719473923570863,-0.4050458710788425,1.0361861590442643,594.9541289211575,2039.279705558463
2023-10-18,-0.0026354824729846182,-0.0013960505067349693,-0.406613862257844,1.0333435403251237,593.3861377421559,2036.4327680921438
2023-10-19,0.013770396826238152,0.0008147714432797937,-0.3984426996699457,1.0350002505761582,601.5573003300543,2038.0919953577443
2023-10-20,0.03331718757078295,-0.001395459124339249,-0.37840050226027544,1.032160490908459,621.5994977397246,2035.2479212865796
2023-10-21,0.008174552321856154,0.0006210644487092409,-0.3733192046427626,1.0334225935434338,626.6807953572375,2036.5119414148003
2023-10-22,0.002880041745552786,0.0025458403544060815,-0.3715143377909975,1.038599362839638,628.4856622090025,2041.696575697484
2023-10-23,0.10314694061337826,0.00048555171845632294,-0.3066879645147659,1.0395892082635085,693.3120354852341,2042.6879249783801
2023-10-24,0.03261171917518291,0.0017339649853704842,-0.28407786711274696,1.0431257845351771,715.922132887253,2046.229874316332
2023-10-25,0.009811844486217636,0.0009610279779552755,-0.27705335048061597,1.0450892855765974,722.946649519384,2048.196358474878
2023-10-26,-0.00967591344160379,0.0024878684706886034,-0.28404851968426303,1.0501771987299264,715.951480315737,2053.292001616907
2023-10-27,-0.007638929554371399,0.0027921356215376836,-0.28951762260674285,1.0559015715169644,710.4823773932571,2059.02507135604
2023-10-28,0.005709126636395112,-0.001375271377144549,-0.2854613887412777,1.0530741489314308,714.5386112587223,2056.193353110581
2023-10-29,0.012966972358639417,0.00036744363403573566,-0.2761959863199053,1.053828537957659,723.8040136800947,2056.948888268528
2023-10-30,-0.0012974751365533166,0.0024359836318168515,-0.27713510403139274,1.0588316306586822,722.8648959686072,2061.9595820918344
2023-10-31,0.004860253220352773,0.0025051939473346163,-0.2736217975928813,1.0639894031983896,726.3782024071187,2067.1251907565393
2023-11-01,0.022683066196459656,0.002442905555670949,-0.2571453127440153,1.069031534378309,742.8546872559847,2072.174982369306
2023-11-02,-0.014033196566339612,0.005726190402752351,-0.26756993859050526,1.080879202893458,732.4300614094948,2084.040650866172
2023-11-03,-0.009293047243711272,0.0031001428223060845,-0.2743764457538981,1.0873302256183943,725.6235542461019,2090.5014745313492
2023-11-04,0.013124216389237109,0.0005287198555636863,-0.2648532052108449,1.0884338385537968,735.1467947891551,2091.6067641690192
2023-11-05,-0.00126034725133084,0.0003115969237317273,-0.2657797454529821,1.0890845881133076,734.2202545470179,2092.2585024023906
2023-11-06,0.0009107650140611767,0.0027011144769615303,-0.26511104333252555,1.0947274447378574,734.8889566674744,2097.9099321327753
2023-11-07,0.009957954668629032,0.002251880326992417,-0.2577930524155547,1.0994445202610739,742.2069475844453,2102.634174236747
2023-11-08,0.006219197040091329,0.0027501574740460555,-0.25317712116400237,1.1052183232998147,746.8228788359976,2108.416749326209
2023-11-09,0.02871722612534988,-0.0015232104183202644,-0.23173043967688423,1.1020116328169256,768.2695603231158,2105.205186967474
2023-11-10,0.01857036054767014,0.0032454332384503903,-0.21746339694388395,1.1088335712376791,782.5366030561161,2112.0374898550167
2023-11-11,-0.004508389944924307,0.002570982232897867,-0.2209913770966374,1.1142553448814696,779.0086229033626,2117.4675007166484
2023-11-12,-0.0020612398115283925,0.002277863480837139,-0.22259710068368976,1.11907132992074,777.4028993163103,2122.29080260839
2023-11-13,-0.016159954699276113,0.0003427711352590457,-0.23515989631972722,1.1197976864061916,764.8401036802728,2123.01826263615
2023-11-14,-0.010039412161310213,0.0005416758818190814,-0.24283844135807275,1.1209459296872537,757.1615586419273,2124.168250425682
2023-11-15,0.048884409978986465,-0.0012917516971427956,-0.20582504530509238,1.1182061941830321,794.1749546949076,2121.4243524831777
2023-11-16,-0.0514469877737187,0.005476066055346118,-0.24668295448947486,1.1298056312212217,753.3170455105252,2133.0414123687956
2023-11-17,0.01907253071389814,0.002542954787779994,-0.23231529200167234,1.1352216306481764,767.6847079983277,2138.465640240912
2023-11-18,-0.0011195486853494696,-0.0013997856835411548,-0.2331747524072748,1.1322327779784076,766.8252475927252,2135.472246652958
2023-11-19,0.02173265283248904,0.0017789180372191904,-0.21650960551815468,1.1360258453267034,783.4903944818453,2139.27107675051
2023-11-20,0.0023170010621818005,0.00224981666771229,-0.21469425744193105,1.1408315118761836,785.3057425580689,2144.084044475738
2023-11-21,-0.04605939272605941,0.0028140017101323522,-0.25086496304844286,1.1468558154117083,749.1350369515571,2150.1175006435606
2023-11-22,0.04690936564345072,-0.0013581825145159154,-0.2157235136837623,1.1439399933820296,784.2764863162377,2147.1972486500317
2023-11-23,-0.0031833514195448442,0.0029709018282397803,-0.21822014134979273,1.1503094286280047,781.7798586502073,2153.5763608816374
2023-11-24,0.014817277707317222,-0.0012910174887131864,-0.20663629207818546,1.1475333415495013,793.3637079218146,2150.79605613646
2023-11-25,-0.0021217061370945034,0.0026306658052015486,-0.20831957672623125,1.1531827840766455,791.6804232737687,2156.4540817753004
2023-11-26,-0.008703457552440397,0.0011785304368705507,-0.2152099336852925,1.1557203755238254,784.7900663147075,2158.995528546386
2023-11-27,-0.0054383392230866745,0.00251579495143317,-0.21947788828482062,1.1611437259612698,780.5221117151793,2164.42711859727
2023-11-28,0.015517949847318135,0.002582894258397639,-0.20736578530050165,1.1667257316826274,792.6342146994983,2170.0176049746146
2023-11-29,0.0006611640189251311,-0.001456883898036332,-0.2068417240775734,1.163569063852678,793.1582759224266,2166.8561412674717
2023-11-30,-0.003179419141530304,-0.0007904647498140349,-0.2093635066823043,1.1618588387739144,790.6364933176957,2165.1433178698817
2023-12-01,0.01815371399482446,-0.0012635486603744805,-0.1950105179087439,1.159127224934263,804.989482091256,2162.4075539310684
2023-12-02,0.026913011210499604,0.0020554618062469387,-0.1733458269528877,1.1635652284799431,826.6541730471123,2166.8523000677137
2023-12-03,0.01381260301762377,0.0023906467773624485,-0.16192758102772586,1.168737548721022,838.0724189722741,2172.032478535891
2023-12-04,0.05036055798317651,-0.0014265286363475127,-0.1197217863779717,1.1656437825030492,880.2782136220283,2168.934012006183
2023-12-05,0.049736742464833394,0.0030161677492077654,-0.07593961556964934,1.172175727436107,924.0603844303506,2175.475880823356
2023-12-06,-0.006962072696833244,0.0028117019729805293,-0.08237299114231711,1.1782832382145996,917.6270088576829,2181.5926706496384
2023-12-07,-0.0074472070689072245,0.0026840949771520517,-0.08920674948930218,1.1841299573131057,910.7932505106978,2187.448272579121
2023-12-08,0.01750796339599714,0.002670983490841383,-0.07326061459803968,1.1899637323709409,926.7393854019604,2193.290910802249
2023-12-09,-0.006285979257851904,0.00261504958912262,-0.07908607915211086,1.195690596129471,920.9139208478891,2199.026475297369
2023-12-10,-0.0027679392510174816,0.0020552151228507842,-0.08163511294043413,1.2002032126477378,918.3648870595658,2203.5459477649492
2023-12-11,-0.05795480483907789,0.0020145609466950543,-0.13485877074103303,1.2046356561147311,865.141229258967,2207.9851253755646
2023-12-12,0.005912141697560047,0.002536838621066906,-0.12974393320525268,1.210228460992544,870.2560667947473,2213.5864273163584
2023-12-13,0.03547874262314821,0.003208519341257432,-0.09886834219520857,1.217320021758236,901.1316578047914,2220.688762181948
2023-12-14,0.0010351750143644534,0.0014270343395661467,-0.09793551321839622,1.2204842135710927,902.0644867816038,2223.85776130307
2023-12-15,-0.024734850949517106,0.0025962265564596354,-0.12024794384579185,1.2262490936545656,879.7520561542082,2229.631399880754
2023-12-16,0.007610560426992041,-0.0013324637898430858,-0.11355253766165974,1.2232826973501,886.4474623383403,2226.6604967757157
2023-12-17,-0.021067741218424474,0.0021803533422357635,-0.13222798340193298,1.2281302392100022,867.772016598067,2231.515403431885
2023-12-18,0.03080453661541438,0.002874161300096878,-0.10549666854280582,1.2345342449151153,894.5033314571942,2237.9291386449986
2023-12-19,-0.008750530210889007,0.0008315100262938913,-0.11332404696846288,1.2363922825438594,886.6759530315371,2239.789999161917
2023-12-20,0.03334885799192877,-0.0015099983808712913,-0.08375441652595605,1.233015333818225,916.245583474044,2236.4079198896907
2023-12-21,0.00428745633040406,0.0006562941435435121,-0.0798260535988855,1.2344808487042527,920.1739464011144,2237.8756613100886
2023-12-22,0.0023441611251973082,0.0029333726646503244,-0.07766901760531264,1.2410354137455264,922.3309823946873,2244.440184601862
2023-12-23,-0.006227385952471853,0.0023439055641913953,-0.08341272860860693,1.2462881891213544,916.5872713913931,2249.700940439045
2023-12-24,-0.016393292655036307,0.0016119743147731125,-0.09843861199240722,1.2499091479857962,901.5613880075928,2253.3274005709536
2023-12-25,0.014032142558197958,-0.0013352246349526142,-0.08578777407091787,1.2469050138650002,914.2122259290821,2250.3187023150977
2023-12-26,-0.024612548409952417,0.00236666657399609,-0.10828886673856775,1.2522226888562589,891.7111332614322,2255.644456368705
2023-12-27,0.021516978736908943,0.002693568074578989,-0.08910193724471649,1.2582892039878044,910.8980627552835,2261.720188263981
2023-12-28,-0.019646152925636096,0.005253973424748315,-0.10699757988527248,1.2701541954509525,893.0024201147276,2273.603206027337
2023-12-29,-0.011854432266590886,0.002700900085371938,-0.1175836165884242,1.2762856551112534,882.4163834115758,2279.743981120598
2023-12-30,0.0018790785625879547,0.0031126567061743327,-0.11592548687907911,1.283370950920804,884.0745131209209,2286.840041511794
2023-12-31,0.003314822806360418,0.002276361997487264,-0.11299493652046388,1.2885687297796466,887.0050634795361,2292.0457172766237
2024-01-01,0.045285248381150334,0.0023920995354218544,-0.0728266919054551,1.2940432139749336,927.173308094545,2297.528518772087
2024-01-02,0.016947696370353427,0.0006676216746797081,-0.057113240197172566,1.2955747669472353,942.8867598028274,2299.062398609414
2024-01-03,-0.0459161668126582,0.0029253881179662766,-0.10040698594572595,1.302290214094366,899.593014054274,2305.788048432769
2024-01-04,0.02864532966712896,0.0028036576755343656,-0.07463784749189506,1.3087450477244191,925.3621525081049,2312.252688792913
2024-01-05,3.6245180523586384e-05,0.003115437216094419,-0.07460430757362768,1.3159377979685734,925.3956924263723,2319.4563668725928
2024-01-06,-0.006333615733462583,0.0006482772306863893,-0.08046540829085791,1.3174391677106825,919.5345917091421,2320.960017622807
2024-01-07,0.001164916632091506,-0.0012990586406015359,-0.07939422715119249,1.3144286783357995,920.6057728488075,2317.944954457423
2024-01-08,0.06958141398869211,0.00269447190647476,-0.015337175750219756,1.3206648413891147,984.6628242497802,2324.1905920179634
2024-01-09,-0.018280831206211157,0.0030734760365576097,-0.033337630635361104,1.327797349168006,966.662369364639,2331.3339361069234
2024-01-10,0.011903109684694435,0.0038854284356484303,-0.021831342424747158,1.3368418391808903,978.1686575752528,2340.3921672752654
2024-01-11,-0.006966990907123161,0.008164154289593606,-0.028646234567706763,1.355920176506341,971.3537654322932,2359.499490027057
2024-01-12,-0.06197100423412427,0.0038275943292915837,-0.08884200287814392,1.3649376832142002,911.157997121856,2368.5306968950513
2024-01-13,-0.01425935554522817,0.003084070221814228,-0.1018345287169824,1.3722313170994473,898.1654712830176,2375.8354118867983
2024-01-14,-0.025941502670002614,0.002465884280087316,-0.125134290688375,1.3780809650130137,874.865709311625,2381.693947081045
2024-01-15,0.023548636752454,0.003131824113751458,-0.10453239589261754,1.3855286963236946,895.4676041073825,2389.152993616089
2024-01-16,0.009721965367985641,0.002973344794326982,-0.09582669085733253,1.3926216956546265,904.1733091426674,2396.2567692325083
2024-01-17,-0.008105163100178503,0.003189335092073531,-0.10315516299876193,1.4002525679906341,896.844837001238,2403.89923503624
2024-01-18,-0.03413239714468708,0.002771693413856857,-0.13376662715245036,1.4069053322249268,866.2333728475496,2410.5621067135653
2024-01-19,0.011988451979643377,0.0006919076024571869,-0.12338182995890301,1.4085706883226878,876.618170041097,2412.2299929613955
2024-01-20,-0.003029759556177236,0.0018335206826785022,-0.12603777223670365,1.4129868524954206,873.9622277632964,2416.6528665448677
2024-01-21,-0.002681582469454491,0.00019583045925419817,-0.1283813740256391,1.4134593888189189,871.618625974361,2417.126120785581
2024-01-22,-0.04841269841269846,0.00040138893153462973,-0.17057878369582646,1.414428124704299,829.4212163041735,2418.0963284565873
2024-01-23,0.008163368463618648,-0.0013906644215828656,-0.1638079126955928,1.4110704654128035,836.1920873044072,2414.7335679246426
2024-01-24,0.004730508899473573,0.0008770167109917182,-0.15985229858492989,1.413185014502349,840.1477014150701,2416.851329616305
2024-01-25,-0.003128843999430919,-0.000993670088875409,-0.16248098967913815,1.4107871047345157,837.5190103208619,2414.4497767408066
2024-01-26,0.04638165057704868,0.002666581353182096,-0.12363547559080035,1.4172156646744924,876.3645244091997,2420.8881034936585
2024-01-27,0.007075471698113178,0.003102507248178288,-0.11743478320111267,1.4247150937945552,882.5652167988874,2428.398926381776
2024-01-28,-0.006586354157264829,-0.0012485558687745923,-0.12324767028583339,1.4216877015340916,876.7523297141666,2425.366934650516
2024-01-29,0.030247531972580788,0.0006257810106016226,-0.0967280761607694,1.4232031477113192,903.2719238392306,2426.8846832219615
2024-01-30,-0.003984683221164964,0.0007577780604730577,-0.10032732863984095,1.425039397892724,899.672671360159,2428.723723190205
2024-01-31,-0.008336770095740076,0.003069945201498836,-0.10782769286239091,1.4324841359557303,892.1723071376091,2436.179771929979
2024-02-01,0.015173693918069553,0.0008763928686439382,-0.09429014335170693,1.4346159477055713,905.7098566482931,2438.314822508833
2024-02-02,-0.0005624179807112162,0.00306750903845443,-0.09479953086039328,1.4420841541303235,905.2004691396068,2445.7943752654764
2024-02-03,-0.004390718354870038,0.002719339207617244,-0.09877401117508156,1.448725009318951,901.2259888249184,2452.4453198039055
2024-02-04,-0.009818014346721693,0.0016433929011452353,-0.10762226086300308,1.4527492266161226,892.3777391369969,2456.475651032918
2024-02-05,-0.0021000556726168407,-0.0014076889060723463,-0.10949630379619468,1.4492965187404376,890.5036962038054,2453.017697510922
2024-02-06,0.014081622564493523,-0.001420754869802976,-0.09695656685396625,1.4458166687838458,903.0434331460337,2449.5325606714705
2024-02-07,0.024756784612491867,0.002409828523281199,-0.07460011508384468,1.4517106675549978,925.3998849161553,2455.4355141048827
2024-02-08,0.025449874959225793,0.0019049964469706193,-0.05104880372544662,1.4563811676656901,948.9511962745534,2460.113110035018
2024-02-09,0.04387540286862346,-0.0015421956621491928,-0.009413187686238444,1.452592947284331,990.5868123137616,2456.319134268326
2024-02-10,0.010100454340571163,0.003458896034649328,0.000592189181908731,1.4610762113043019,1000.5921891819087,2464.81528678168
2024-02-11,0.0119582842753172,-0.0014550566590164626,0.012557555023807954,1.4574952059746966,1012.5575550238079,2461.2288408854024
2024-02-12,0.0388005813255381,0.0027034141472950246,0.05184537678429724,1.4641388332814382,1051.8453767842973,2467.8825617535826
2024-02-13,-0.009589936545390754,0.0035936639749729604,0.041758246365373175,1.4729941202359336,1041.7582463653732,2476.7513024102204
2024-02-14,0.03572290950652346,0.000904577051390465,0.07897288192795804,1.4752311339653223,1078.972881927958,2478.991714800382
2024-02-15,-0.0023818914082883724,0.0032359842461806565,0.07640288569071774,1.48324094292049,1076.4028856907178,2487.0136929358882
2024-02-16,0.01556989314321,-0.0016889541146847264,0.09316236359996499,1.479046862912191,1093.162363599965,2482.813240925927
2024-02-17,-0.008997365221693365,0.00270836582907652,0.0833267825680466,1.4857610287243816,1083.3267825680466,2489.537607467629
2024-02-18,0.009607309682387877,0.0028898964765389223,0.09373463845540275,1.49294462076281,1093.7346384554028,2496.7321134276613
2024-02-19,-0.0069399857022111044,0.0023816502578857257,0.08614413570250923,1.4988819429617446,1086.1441357025092,2502.678456109478
2024-02-20,0.009333420826111993,0.0005487662133478732,0.09628157599883447,1.500253244943187,1096.2815759988346,2504.0518414890644
2024-02-21,-0.008023343416689865,0.0008892636359199013,0.0874857324332059,1.5024766292345055,1087.4857324332058,2506.278603734159
2024-02-22,-0.010811946535897898,0.00443996734332508,0.0757278948355864,1.5135875437457411,1075.7278948355863,2517.406398888013
2024-02-23,-0.009914862355286491,0.0030459143312497883,0.06506220082654957,1.5212437160680872,1065.0622008265495,2525.074203115966
2024-02-24,0.015627429484668776,0.0005300296729744414,0.08170638526675256,1.5225800500504034,1081.7063852667525,2526.41256737008
2024-02-25,0.0031549103621753005,0.002006416761945573,0.08511907195046176,1.5276413969461742,1085.1190719504618,2531.481603892841
2024-02-26,0.053061051021058514,0.0021238048940519505,0.14269663039114877,1.5330096141154166,1142.6966303911488,2536.857976912391
2024-02-27,0.047015681066048254,-0.0017868193251178166,0.19642129072086711,1.528483583586206,1196.421290720867,2532.325070054165
2024-02-28,0.09484796187439226,-0.0018082358876539972,0.30989941168887114,1.5239114888290217,1309.8994116888712,2527.746028983287
2024-02-29,-0.00821439030596327,0.005096274751366758,0.2991393866597072,1.5367740352242256,1299.1393866597073,2540.6281172486624
2024-03-01,0.0073578530559292865,0.003700007332174904,0.30869826336591943,1.546160117754626,1308.6982633659195,2550.028459910812
2024-03-02,-0.006258149048703587,0.0035296094508012743,0.300508234573996,1.555147068569506,1300.508234573996,2559.0290644627257
2024-03-03,0.018352705275153536,0.002325070968548504,0.3243760789110428,1.5610879668390085,1324.376078911043,2564.97898864818
2024-03-04,0.08100698813678697,-0.0017114940648983445,0.43165979622403405,1.556704679984081,1431.6597962240342,2560.5890423325195
2024-03-05,-0.06660673183359578,0.0032535397490744966,0.3363016160999994,1.5650230202870539,1336.3016160999994,2568.920020562793
2024-03-06,0.04998948976742579,-0.002839739186333845,0.4031026520642249,1.5577390239024962,1403.102652064225,2561.6249577138433
2024-03-07,0.009799190547120196,0.0028560014577889703,0.41685192230897194,1.5650439302834056,1416.851922308972,2568.9409623273827
2024-03-08,0.022586181387779236,-0.0017209922559239255,0.448853196825866,1.5606295095432832,1448.853196825866,2564.5198348252916
2024-03-09,-0.010945272192208533,0.003043048597982878,0.4329951042200555,1.5684216295822524,1432.9951042200555,2572.323793313156
2024-03-10,0.009387054729293798,-0.0013580444613592313,0.44644670769017925,1.564933598813763,1446.4467076901792,2568.8304632328245
2024-03-11,0.045679967768956775,0.0008798065740553973,0.5125203466769803,1.567190244256015,1512.5203466769804,2571.0905371620106
2024-03-12,-0.009016850117388175,0.003569402856950843,0.498882177411494,1.576353580448199,1498.882177411494,2580.2677950708357
2024-03-13,0.022717864375300767,0.001019836397230467,0.5329335794324839,1.578981039601675,1532.9335794324838,2582.899246082851
2024-03-14,-0.022865511790350124,0.003448005195676007,0.49788226859814677,1.5878733796257714,1497.8822685981468,2591.8050961032523
2024-03-15,-0.026636158168370616,0.003729762883077692,0.4579844395741688,1.5975255337032044,1457.9844395741688,2601.4719145508698
2024-03-16,-0.06040355301485789,0.0035620596215313327,0.3699169991835125,1.6067780745227052,1369.9169991835124,2610.738512614239
2024-03-17,0.047388716316506097,0.0008844763219852947,0.43483560723497927,1.609083708006291,1434.8356072349793,2613.047649011541
2024-03-18,-0.01151094482080528,0.001024818608046374,0.4183192937331708,1.6117575455402062,1418.3192937331708,2615.7255488659603
2024-03-19,-0.0840363582618977,0.0036587045454032907,0.2991289054352484,1.6213131947435655,1299.1289054352485,2625.2957158211234
2024-03-20,0.09523817207510876,0.003969268089576428,0.42285556767883836,1.6317178895602469,1422.8555676788383,2635.7162183316336
2024-03-21,-0.03442286273284967,0.007910626191454995,0.37387680578395877,1.652536426025923,1373.8768057839588,2656.5663840816105
2024-03-22,-0.026150482377910178,0.004310963020471625,0.33794926458488583,1.6639714124689746,1337.949264584886,2668.0187435248145
2024-03-23,0.0030442139566948523,0.004600042836696572,0.3420222684094847,1.676225795082067,1342.0222684094847,2680.291744034138
2024-03-24,0.05061831950178286,0.0036511470885518538,0.40995318037034334,1.6859970891020883,1409.9531803703433,2690.077883431838
2024-03-25,0.03954154642593255,-0.0018402622415163439,0.4657049095103485,1.6810541500781908,1465.7049095103484,2685.12743467622
2024-03-26,0.0017677219127438804,0.0011066769715326608,0.46829586819650615,1.6840212109655144,1468.295868196506,2688.099003373807
2024-03-27,-0.015151882885210965,0.003903069661566061,0.4460484211607536,1.6944971327250338,1446.0484211607536,2698.590841041161
2024-03-28,0.026903807905738653,0.0011021653661114073,0.48495263010605916,1.69746691414381,1484.9526301060591,2701.5651344034623
2024-03-29,-0.022566760824238585,0.003154083837602073,0.45144205926713177,1.7059749509401771,1451.4420592671318,2710.0860973301137
2024-03-30,0.005805884162501274,0.002222867260865957,0.45986896373181896,1.7119899740673454,1459.868963731819,2716.110258989997
2024-03-31,0.024710627623233616,0.00030679703636571354,0.49594324207331186,1.712822004554043,1495.943242073312,2716.9435535678977
2024-04-01,-0.023303392514328114,0.0026157692173598424,0.4610826895241209,1.719918120845732,1461.082689524121,2724.050450880625
2024-04-02,-0.060182209469153425,0.0034882986325204257,0.37315150505142625,1.7294060075072455,1373.1515050514263,2733.5527523433484
2024-04-03,0.007123087750151358,0.003995444371922785,0.3829325837161599,1.7403111973786327,1382.9325837161598,2744.4745103030527
2024-04-04,0.0381677653667698,0.004398475336698349,0.4357160300894991,1.752364388595181,1435.716030089499,2756.546013748818
2024-04-05,-0.007861013083680812,0.004082609897321454,0.42442984759251523,1.7636012186890948,1424.4298475925152,2767.7999157869713
2024-04-06,0.013982031301737363,0.0029579539389030796,0.4443462703086827,1.7717758237994734,1444.3462703086827,2775.986940449969
2024-04-07,0.006692152286739139,0.0006845940185000732,0.45401205550437207,1.7736733649490697,1454.012055504372,2777.8873645048357
2024-04-08,0.033385378596853865,0.0031401238181345548,0.5025547984617753,1.7823830427460718,1502.5547984617754,2786.6102747822124
2024-04-09,-0.034725942543360255,-0.0016747199915988498,0.45037716686214146,1.7777233302400992,1450.3771668621414,2781.94348284624
2024-04-10,0.021569809204602386,-0.0018405387297957265,0.4816615256260697,1.772610822870135,1481.6615256260698,2776.8232081219585
2024-04-11,-0.008856606448345183,0.0040333517432107335,0.4685390326039449,1.7837937375658033,1468.5390326039449,2788.0231128490254
2024-04-12,-0.04167112740290946,0.0007671845424488399,0.40734335548016043,1.7859294210906298,1407.3433554801604,2790.1620410851933
2024-04-13,-0.04761500467704549,0.0007496805679649832,0.3403326950267638,1.7880179782413435,1340.3326950267638,2792.2537713488687
2024-04-14,0.02621532475128907,-0.0023290018790976807,0.3754699519016609,1.7815246791310613,1375.4699519016608,2785.7506070684794
2024-04-15,-0.03388203164172099,0.0012331256498157028,0.3288662354690923,1.784954648558493,1328.8662354690923,2789.1857875960454
2024-04-16,0.00587291596666506,-0.0016735488134754783,0.3366705552009408,1.7802938910108148,1336.6705552009407,2784.5179490306514
2024-04-17,-0.032999294283697855,0.004354264383263695,0.2925613701895111,1.7924000256754486,1292.561370189511,2796.6424763606738
2024-04-18,0.028935725777154975,0.0016010528173899807,0.32996257154745856,1.7968708056038363,1329.9625715474585,2801.1200486766834
2024-04-19,0.005396800378280497,0.0013510818251003531,0.33714011405668476,1.8006496069164415,1337.1401140566848,2804.9045910643745
2024-04-20,0.012442896245967061,-0.0019555523116483453,0.35377800976221274,1.795172790103519,1353.7780097622128,2799.4194534073654
2024-04-21,0.005133080731049899,0.0007277837688410838,0.3607270615782423,1.7972070714912625,1360.7270615782422,2801.4568254477335
2024-04-22,0.028737101887769123,0.0008154189701143899,0.3998304137882609,1.7994879672006947,1399.8304137882608,2803.74118648716
2024-04-23,-0.0048219473479289565,0.0007767550168726878,0.3930805052369444,1.8016624835238924,1393.0805052369444,2805.9190065197768
2024-04-24,-0.03319489587095226,-0.0016676611626127436,0.3468373429257505,1.7969902598093705,1346.8373429257506,2801.239684367167
2024-04-25,0.0035610894941635607,0.003997198457883044,0.35163355123799067,1.8081703849625943,1351.6335512379906,2812.43679531368
2024-04-26,-0.011321550649205592,0.0036778523651253003,0.33633096352848413,1.818498421054604,1336.330963528484,2822.7805226330897
2024-04-27,-0.005142057575985737,-0.0017854540957135123,0.3294594727734481,1.81346612150497,1329.4594727734482,2817.740577587654
2024-04-28,-0.00524589646962359,0.0006508590461373753,0.3224852660187183,1.8152972913811527,1322.4852660187182,2819.5745295322454
2024-04-29,0.011953087973522791,-0.0015878725451199394,0.3382930487471276,1.8108269581058178,1338.2930487471276,2815.0974045478815
2024-04-30,-0.04998558951417875,0.0010674303880628955,0.2713976817627748,1.8138273202164865,1271.3976817627747,2818.1023250628527
2024-05-01,-0.03864062046587702,0.004510692929312388,0.22227008648058355,1.8265196312140932,1222.2700864805836,2830.813919294593
2024-05-02,0.017033800053509296,-0.0007878155374240192,0.24308999074507942,1.8242928551317887,1243.0899907450794,2828.5837601054163
2024-05-03,0.059913188354963065,-0.001966482209475595,0.31756747550275866,1.8187389334778232,1317.5674755027587,2823.0214004631575
2024-05-04,0.01607701694570096,0.0011845411635047487,0.3387500301335209,1.822077845773701,1338.7500301335208,2826.3653855174607
2024-05-05,0.0019384882297124317,0.0008163708584978391,0.3413451813094619,1.8243817078874032,1341.3451813094619,2828.672747853664
2024-05-06,-0.008149965618553523,0.0006547311184750271,0.33041326419917727,1.826230918482009,1330.4132641991773,2830.5247679256663
2024-05-07,-0.010188051964422185,0.003914205664509396,0.3168589447293595,1.8372933675523426,1316.8589447293596,2841.604024005815
2024-05-08,-0.02645658461729483,-0.0018692917776802487,0.2820193546290857,1.8319896383895102,1282.0193546290857,2836.292236968318
2024-05-09,0.03425232063233041,0.003583820844784924,0.32593149262069443,1.8421389818877856,1325.9314926206944,2846.4570002090663
2024-05-10,-0.035018267994884056,-0.0018276601626302513,0.2794996682692463,1.8369445176939307,1279.4996682692463,2841.254644145144
2024-05-11,-0.0037435879792324656,0.0007947787523787664,0.27470974869168163,1.8391992609182712,1274.7097486916816,2843.512812966408
2024-05-12,0.010633259441005682,0.0004957156614844305,0.2882640681614994,1.8406066964579835,1288.2640681614994,2844.9223868014274
2024-05-13,0.023696705599796752,0.0026752424894129767,0.31879168251951895,1.848206008188059,1318.7916825195189,2852.5332440496804
2024-05-14,-0.02164289540485853,0.0006673227279982985,0.2902492120739517,1.850106680791344,1290.2492120739516,2854.4368043158056
2024-05-15,0.056114897523172,0.0034485443951111083,0.36265141438883486,1.8599354002108557,1362.6514143888348,2864.2804563585278
2024-05-16,0.0032813163416629543,-0.0017638788764583468,0.36712270474285913,1.8548908205703882,1367.1227047428592,2859.2282125653046
2024-05-17,0.022381960725385897,0.0035870986765913493,0.3977215914271972,1.865131595654669,1397.7215914271972,2869.48454630267
2024-05-18,0.003111998968166052,-0.0017200431783402914,0.402071299577502,1.8602034455985161,1402.071299577502,2864.548908983449
2024-05-19,-0.009650907753468996,0.0021707978189275945,0.388540038801493,1.8664123689999106,1388.540038801493,2870.7672655072815
2024-05-20,0.07891224860128565,0.0006359922220255942,0.4981128555362353,1.8682353849717126,1498.1128555362352,2872.59305115939
2024-05-21,-0.018158158018092396,0.004511389730448068,0.4709098855764726,1.8811751126319818,1470.9098855764726,2885.552437950147
2024-05-22,-0.009070983115002651,-0.0018126705153989064,0.4575672868407179,1.8759524914556125,1457.567286840718,2880.3218821252376
2024-05-23,-0.02203867842714835,0.0036824266870292277,0.42544443012010413,1.886542975660777,1425.4444301201042,2890.92845629121
2024-05-24,0.008591189104689922,0.00456836333896371,0.43769069277749284,1.8997297527671289,1437.6906927774928,2904.1352678664975
2024-05-25,0.0106482406272006,0.0003946373556524829,0.4529995692216744,1.9008740944488678,1452.9995692216744,2905.2813481290655
2024-05-26,-0.011398785822282154,0.0018811863780494598,0.4364371383322483,1.9063311792797815,1436.4371383322482,2910.746723825567
2024-05-27,0.01367835935573214,-0.0015440324056589239,0.45608524170227627,1.9018437097573964,1456.0852417022763,2906.252436559315
2024-05-28,-0.014700208460502018,0.0007758497882739412,0.4346804851129924,1.904095104585216,1434.6804851129923,2908.50725189689
2024-05-29,-0.011013946420613596,0.003580543070795361,0.4188789911192581,1.914493342188869,1418.878991119258,2918.9212873840274
2024-05-30,0.010575194240523,0.0014911434682687297,0.43388391205414156,1.9188392698993866,1433.8839120541415,2923.2738177961005
2024-05-31,-0.009466028288439787,-0.0017838855998306702,0.4203107263802983,1.9136323945575926,1420.3107263802983,2918.059031728172
2024-06-01,0.0006523503800457409,3.3080693118137106e-05,0.42123726662243555,1.913728779536696,1421.2372666224355,2918.1555631435012
2024-06-02,9.882122502924418e-05,0.001331240391458488,0.4213777150301803,1.9176076529777704,1421.3777150301803,2922.0403296977174
2024-06-03,0.01891133367450326,0.0006063959612265801,0.448257863276619,1.91937687847498,1448.257863276619,2923.8122431521874
2024-06-04,0.02391870102275062,0.0035934532438852695,0.48289831011218,1.9298675227890598,1482.89831011218,2934.318825741854
2024-06-05,0.006210003576441858,0.0035560405699339714,0.4921071139214761,1.9402862505646294,1492.1071139214762,2944.7533825313135
2024-06-06,-0.004917111548187747,-0.0015996843462644517,0.4847702568004797,1.9355827206760647,1484.7702568004797,2940.0427066416687
2024-06-07,-0.014061838204150745,-0.0016762177593033778,0.46389165767901597,1.9306620447857634,1463.891657679016,2935.1145548436857
2024-06-08,-0.006980840278374423,0.0023764263842771527,0.45367246383191406,1.9376265473923922,1453.672463831914,2942.089638512692
2024-06-09,0.004623160505577095,-0.0010840820513491334,0.46039302495474677,1.9344419191787972,1460.3930249547468,2938.9001719421203
2024-06-10,-0.0015559711829544742,-0.0014649580730892175,0.4581206954921295,1.9301430847992846,1458.1206954921295,2934.5948064092304
2024-06-11,-0.032174264326389035,-0.0016101914974885334,0.41120673481558745,1.925424993317716,1411.2067348155874,2929.869546803376
2024-06-12,0.014105616845933033,-0.0017879094425745645,0.4311126763072963,1.92019459834862,1431.1126763072964,2924.631205375135
2024-06-13,-0.0188500709679027,0.008148143178617229,0.4041361007958386,1.943988762045389,1404.1361007958385,2948.461519181183
2024-06-14,-0.021923342201201956,0.0031916846130015664,0.37335274456103007,1.953385045678059,1373.35274456103,2957.8720784439806
2024-06-15,0.010666275915860224,0.0024596947293014093,0.38800130386432197,1.960649471308511,1388.001303864322,2965.147540805277
2024-06-16,0.006643640213430224,0.0014201389836623335,0.39722268514296855,1.9648540050396757,1397.2226851429687,2969.3584624202854
2024-06-17,-0.0027230337146080252,0.0020818064616814347,0.39341800066450916,1.9710262572653092,1393.4180006645092,2975.5400920544007
2024-06-18,-0.018371617565866027,0.003950641868891935,0.36781865804690717,1.982763717990839,1367.818658046907,2987.2953853246377
2024-06-19,-0.004862768176377652,0.0009668607713908539,0.3611672730055011,1.9856476352200922,1361.167273005501,2990.183684045265
2024-06-20,-0.0012258676555743087,-0.001542149228037748,0.35949866207169734,1.9810433210242446,1359.4986620716973,2985.5723745852238
2024-06-21,-0.01019829154716756,0.00287323612980539,0.34563409835790604,1.9896085623987267,1345.634098357906,2994.1506290000307
2024-06-22,0.0007384028688666167,-0.0015044678486048069,0.34662771843657825,1.9851107924366844,1346.6277184365783,2989.6460256448204
2024-06-23,-0.01626867995018677,0.0008461817343650146,0.32471986307328327,1.9876367386643001,1324.7198630732832,2992.1758095039377
2024-06-24,-0.058596500666984186,0.002364600921647142,0.2470959147331424,1.9947013072500925,1247.0959147331423,2999.2511111808208
2024-06-25,0.038423718186845646,0.0011810953426094617,0.29501397671281526,1.998238335016592,1295.0139767128153,3002.7935126995526
2024-06-26,-0.013935426641932924,0.0035941917006474533,0.2769674044400561,2.009014578356872,1276.967404440056,3013.586128221655
2024-06-27,0.012559733013334462,0.00608371971792554,0.29300577410655393,2.027320579678747,1293.0057741065539,3031.919941571584
2024-06-28,-0.023246652183781302,0.0006854122734432089,0.2629477186042779,2.0293955423597057,1262.947718604278,3033.998056711634
2024-06-29,0.012187936217075812,0.0019447228188038679,0.27834044484412823,2.035286876998115,1278.3404448441283,3039.898341964728
2024-06-30,0.02924778296688868,0.0001301040787526908,0.3157290687327252,2.035681780200997,1315.7290687327252,3040.2938451380114
2024-07-01,0.0018736258483891266,0.0007726605603179948,0.3181942527253798,2.038027331786234,1318.1942527253798,3042.642960283927
2024-07-02,-0.01208582205853359,0.0029805303570564767,0.30226279154835933,2.04708226447419,1302.2627915483592,3051.7116499927374
2024-07-03,-0.03083530252593214,0.0029464382342119233,0.2621071244027007,2.056060304161026,1262.1071244027007,3060.703329878066
2024-07-04,-0.05251959872442202,0.0007446400042623313,0.19582176468183654,2.0583359689189424,1195.8217646818366,3062.9824520186726
2024-07-05,-0.007730616924266243,0.0011127649128754857,0.18657732470938115,2.0617391778769405,1186.5773247093812,3066.3908314200326
2024-07-06,0.028462200268881244,-0.001959663757219343,0.22034992615977278,2.0557391985759965,1220.3499261597728,3060.381736442229
2024-07-07,-0.04096983647107322,-0.0017801029694887172,0.17035238924752072,2.0502996681546284,1170.3523892475207,3054.933941825419
2024-07-08,0.006055786311881084,0.003938907621450438,0.17743979322640313,2.0623145167652304,1177.439793226403,3066.967044411903
2024-07-09,0.03301109152735493,0.0009722735061925558,0.21630836600854986,2.0652919240375103,1216.30836600855,3069.9489752135505
2024-07-10,-0.005449544320202948,-0.0019246902490558382,0.2096800396609526,2.059392186560806,1209.6800396609526,3064.040274355858
2024-07-11,-0.00678427227199474,-0.0010909403851222521,0.20147324090989538,2.056054572070559,1201.4732409098954,3060.697589078922
2024-07-12,0.009674520853870217,0.0009700741012876879,0.21309691883444515,2.0590191714630466,1213.0969188344452,3063.6666925419613
2024-07-13,0.022533264212891035,-0.0017510961084268306,0.24043195222238567,2.0536625348962945,1240.4319522223857,3058.301917719134
2024-07-14,0.02690370770946693,0.0006889893850980933,0.2738041708984602,2.0557664759685097,1273.8041708984601,3060.409055276868
2024-07-15,0.06442089326267975,0.003518046866124891,0.3558637734294663,2.0665168056429004,1355.8637734294664,3071.175717762845
2024-07-16,-0.001621815505731261,-0.0019076370873547521,0.35366481253805904,2.0606670044554596,1353.664812538059,3065.3170290618573
2024-07-17,-0.008052564664417061,0.004190134008193569,0.34276433910115034,2.0734916093585842,1342.7643391011504,3078.161118191224
2024-07-18,-0.0014955733837893614,0.0034649732594422833,0.34075613649488923,2.084141175598132,1340.7561364948892,3088.826864154011
2024-07-19,0.041713636200181536,0.003418080893845765,0.39668395020579794,2.094683019624367,1396.6839502057978,3099.3847242427737
2024-07-20,0.007019581886867465,0.0007434413424982633,0.40648808756434107,2.096983734923083,1406.4880875643412,3101.688934983083
2024-07-21,0.015536041111488652,0.0027749738751492448,0.42833934431555964,2.105577783879257,1428.3393443155596,3110.2960407465007
2024-07-22,-0.00937509172561568,0.0040636872192598705,0.4149485319472954,2.1181978806280246,1414.9485319472954,3122.9353110153966
2024-07-23,-0.023449166804939914,0.003470605270218474,0.38176916780125847,2.129019914626116,1381.7691678012584,3133.7737867643577
2024-07-24,-0.008580565686232777,-0.0018874070874546067,0.3699128066937285,2.1231141802624642,1369.9128066937285,3127.859079908739
2024-07-25,0.006460517698329671,0.0072910301048940696,0.3787631526265418,2.1458848997717794,1378.7631526265418,3150.6643946242198
2024-07-26,0.03320815532209265,-0.0018946049506233242,0.42454933355134217,2.1399246906665805,1424.5493335513422,3144.695130264412
2024-07-27,-0.0012272430294361092,-0.001733706009664937,0.4228010653116534,2.1344809843604766,1422.8010653116535,3139.2431534185084
2024-07-28,0.005034343148608178,0.004297398631111005,0.42996393410663747,2.1479510986519106,1429.9639341066375,3152.7337326487336
2024-07-29,-0.02148338720671983,0.0005672788725603617,0.3992434652185801,2.149736864802029,1399.24346521858,3154.5222118860734
2024-07-30,-0.00884943820224715,0.0042455883274830075,0.38686094664323023,2.1631093508698753,1386.8609466432301,3167.915014567643
2024-07-31,-0.023541663832598037,0.0035854100561798496,0.35421193245479654,2.1744503949452807,1354.2119324547966,3179.273288917997
2024-08-01,0.011255104346937772,0.003994792786490953,0.36945372906244356,2.1871316664840816,1369.4537290624435,3191.97382691885
2024-08-02,-0.05885909605090556,0.0012385209469105707,0.2888489204862863,2.191078995813584,1288.8489204862863,3195.9271533654796
2024-08-03,-0.012996940652563183,0.004175000146907415,0.27209782755660594,2.204401751089899,1272.097827556606,3209.270149700286
2024-08-04,-0.04185740698628648,0.0039555136638567134,0.21885111106219823,2.2170768060008217,1218.8511110621982,3221.9644616284327
2024-08-05,-0.0596496659185306,-0.0020423938898919136,0.14614704948290824,2.2105062679889325,1146.1470494829082,3215.383941098554
2024-08-06,0.024050683844158982,0.006390763663850718,0.1737126698089373,2.231023854788961,1173.7126698089373,3235.9326999546556
2024-08-07,-0.015864993070339506,0.004888292033592867,0.1550917264358489,2.246818042958674,1155.0917264358488,3251.7508839930865
2024-08-08,0.11899373717172779,0.0001320853974517977,0.29254040774059353,2.247246900210332,1292.5404077405935,3252.1803928010127
2024-08-09,-0.013804780424198637,0.004166383520635586,0.2746971712223305,2.2607761761828034,1274.6971712223306,3265.730223595713
2024-08-10,0.0013369819400546046,0.0036745847779902086,0.27640141831929355,2.272758174684238,1276.4014183192935,3277.730426164361
2024-08-11,-0.036078233007444616,0.000511510477092747,0.23035111053813728,2.27443222477958,1230.3511105381374,3279.4070196184293
2024-08-12,0.010742318943794071,0.0042667387643982035,0.24356793458038917,2.2884033716844416,1243.5679345803892,3293.399392673275
2024-08-13,0.02835633710698615,0.004107615985842639,0.2788309661487891,2.3019108699418713,1278.830966148789,3306.927412666384
2024-08-14,-0.038647145025554996,0.0010374107948181166,0.22940780033686625,2.3053363079218765,1229.4078003368663,3310.358054861964
2024-08-15,-0.034326772734325495,0.00448095495330203,0.18720619817689554,2.320147371023188,1187.2061981768954,3325.191620185101
2024-08-16,0.045795083950002535,0.0013297653177888336,0.24157440568836974,2.3245623878471227,1241.5744056883698,3329.613344676625
2024-08-17,0.004052103294866383,0.0023770464557086868,0.2466053934284813,2.3324650270879372,1246.6053934284814,3337.5279902764687
2024-08-18,-0.018135651647510853,0.00039127817479878146,0.22399739227135407,2.333768947921317,1223.997392271354,3338.833892136844
2024-08-19,0.017271793115259504,0.003232978694592381,0.24513802200428203,2.3445469519026405,1245.138022004282,3349.6282709749053
2024-08-20,-0.0010842024630252078,-0.0018962051305611016,0.24378804029401868,2.33820500481304,1243.7880402940186,3343.27668866201
2024-08-21,0.03009904928194751,0.003937618858827374,0.2812248778151252,2.3513495837946237,1281.2248778151252,3356.4412380015633
2024-08-22,-0.012599803664921416,0.005093067130442774,0.2650816959040416,2.368418232202471,1265.0816959040417,3373.5358185460914
2024-08-23,0.06628345697341653,0.0031574919976113947,0.3489356840623541,2.3790539858152586,1348.935684062354,3384.187730896806
2024-08-24,-0.0036301419889013253,0.00363046940439804,0.34403885599531203,2.39132153792657,1344.0388559953121,3396.473920912566
2024-08-25,0.0011494701051990575,0.0006698448977047189,0.34558378848050464,2.393593197355226,1345.5837884805046,3398.7490316386766
2024-08-26,-0.021539113447224034,0.0027059709572405666,0.3166011066076775,2.4027761619879584,1316.6011066076776,3407.9459478092404
2024-08-27,-0.05450136607671685,0.0036764305456347124,0.24484454771944186,2.4152862322098487,1244.8445477194418,3420.4750243896383
2024-08-28,-0.0063063594035480675,-0.002201791540847542,0.23699411059997577,2.407766483874196,1236.9941105999758,3412.943851415257
2024-08-29,0.005307574987290176,-0.00217824252016241,0.24355954960082138,2.4003435420202366,1243.5595496008214,3405.5096319991776
2024-08-30,0.0002815087520566806,0.0041708245843066205,0.24390962249773773,2.4145257784603826,1243.9096224977377,3419.7134152944127
2024-08-31,-0.006707122863368498,0.0009995047938475832,0.2355665678287191,2.41793861334467,1235.5665678287191,3423.1314352465847
2024-09-01,-0.028397455799694327,-0.0015347603985613745,0.20047962083122295,2.412692896516195,1200.479620831223,3417.8777486806976
2024-09-02,0.032199426906078576,0.001020083214906764,0.23913437663441495,2.4161741272575625,1239.134376634415,3421.36426840273
2024-09-03,-0.028085620372140352,0.003236271550577152,0.20433251894219207,2.427229794397424,1204.332518942192,3432.4367322487233
2024-09-04,0.008579350726433788,0.0040295897854429885,0.21466491001344656,2.4410401245692936,1214.6649100134466,3446.268044244172
2024-09-05,-0.031048515138545785,0.007634358541794173,0.1769513681666337,2.4673102586369557,1176.9513681666338,3472.57809012506
2024-09-06,-0.04684953611763665,-0.0019776133339973745,0.12181174253500915,2.4604532596363695,1121.8117425350092,3465.7106733906817
2024-09-07,0.007767871991747999,0.003535861638267912,0.13052583254986083,2.4726889435681367,1130.5258325498608,3477.9649468100592
2024-09-08,0.010559789360479188,-0.0016818721028114547,0.14246394720816768,2.4668483249122075,1142.4639472081676,3472.1154545914633
2024-09-09,0.04604544912432007,0.0008498751981735886,0.1950692127657112,2.46979471331938,1195.0692127657112,3475.0663194015156
2024-09-10,0.010508682687247806,0.004276354815540007,0.2076278159119651,2.4846327866506184,1207.6278159119652,3489.9269359908094
2024-09-11,0.0008991635002109089,0.0038583981484168195,0.20871367076587255,2.4980778873425438,1208.7136707658726,3503.392463618746
2024-09-12,0.007563184064071082,0.004376871156572593,0.2178553947386339,2.5133885235510975,1217.855394738634,3518.7263610429127
2024-09-13,0.04060794877532392,0.0037146655415889462,0.26731000422393225,2.526439586833747,1267.3100042239323,3531.7972526065596
2024-09-14,-0.01121142248437701,-0.0018890257657245835,0.25310165634790005,2.519778051592947,1253.1016563479,3525.1255965970704
2024-09-15,-0.011340216533062164,-0.0015136353812398307,0.23889121222697596,2.5144503909999445,1238.891212226976,3519.789841770747
2024-09-16,-0.015456722024348335,0.0032207621304367606,0.21974201514117575,2.5257695997285756,1219.7420151411757,3531.126247600218
2024-09-17,0.03598741987041776,-0.0019203149489922522,0.2636373831736507,2.5189990116595142,1263.6373831736507,3524.3453730801725
2024-09-18,0.006204276637746586,0.004207303302643517,0.27147733906865823,2.5338045078232687,1271.4773390686582,3539.1733630079893
2024-09-19,0.03745610419586187,0.0023205772636829547,0.31910192676349114,2.5420049742184236,1319.101926763491,3547.386288246418
2024-09-20,0.003953794005425282,-0.0018387170624326599,0.3243173840540736,2.5354922292371067,1324.3173840540737,3540.8636485511797
2024-09-21,0.002293603394976307,0.000927418059772922,0.3273548429021662,2.538771108580688,1327.3548429021662,3544.1475094460393
2024-09-22,0.0037554918936333337,0.0019770726219330292,0.33233971325466016,2.5457675160547506,1332.3397132546602,3551.1545464550572
2024-09-23,-0.0040340851877957995,0.0008867521159463543,0.32696494135230747,2.548911732902266,1326.9649413523075,3554.303540263179
2024-09-24,0.014866828852168945,-0.0017140725618290942,0.34669270202822067,2.542828640676545,1346.6927020282208,3548.211206088402
2024-09-25,-0.01750693848833562,0.0035267792882158755,0.32311623573112214,2.5553234153481807,1323.116235731122,3560.72496388025
2024-09-26,0.023981913356485585,-0.0016915390623398752,0.3548470946569853,2.5493094469118676,1354.8470946569853,3554.701858513598
2024-09-27,0.017290170054818033,0.0008666262677432535,0.3782726313218807,2.5523853717109106,1378.2726313218807,3557.782456518182
2024-09-28,0.0011102729142078438,-0.0017060167033824403,0.3798028900928314,2.54632494292992,1379.8028900928314,3551.7128202203608
2024-09-29,-0.003866453163503092,0.00031664955191601507,0.37446794684342133,2.5474478851340474,1374.4679468434213,3552.837468493418
2024-09-30,-0.032177232526182764,0.0023693459783982185,0.3302413721180555,2.555853016514267,1330.2413721180556,3561.2553696612954
2024-10-01,-0.027082351717584663,0.0032763011704588507,0.29421530740907187,2.5675030619142527,1294.2153074090718,3572.9231147972196
2024-10-02,-0.018093706318624836,0.004622373698921489,0.27079815572374333,2.583993394238467,1270.7981557237433,3589.438500631327
2024-10-03,0.004057892601109225,0.0019942507280623634,0.27595491815735795,2.591140775674298,1275.954918157358,3596.596740974546
2024-10-04,0.019481308917898676,-0.001855844875232493,0.30081219008329363,2.5844761754695242,1300.8121900832937,3589.9220153445303
2024-10-05,-0.0005043961427393384,0.0032595563067709943,0.3001560654321873,2.5961599773937465,1300.1560654321872,3601.623568290463
2024-10-06,0.012353461855341141,0.0002737759867075251,0.3162174937924942,2.5971445196399157,1316.2174937924942,3602.609606336621
2024-10-07,-0.005715942047450739,0.002867316112938667,0.30869407087613543,2.6074586700816482,1308.6940708761354,3612.939426909498
2024-10-08,-0.00033797637048615936,0.003989126527534248,0.30825176320398406,2.6218492791594543,1308.251763203984,3627.351899419757
2024-10-09,-0.026363058069871048,0.0035390210411596623,0.27376224600062615,2.6346670799663086,1273.7622460006262,3640.189174115494
2024-10-10,-0.010585214929892617,0.003303289268016929,0.2602791988571267,2.6466734367243756,1260.2791988571266,3652.2137719479015
2024-10-11,0.04485635587018133,-0.0018614000803727215,0.3168107310968491,2.639885518496164,1316.8107310968492,3645.4155409392592
2024-10-12,0.005705407401747298,-0.0017073482252352168,0.3243236727887493,2.6336709664161,1324.3236727887493,3639.1915471851917
2024-10-13,-0.005321641129542809,0.0023892731746515405,0.3172760974628095,2.642352798981668,1317.2760974628095,3647.8865699263
2024-10-14,0.05132256945439018,-0.001636071998372679,0.3848820914654525,2.63639364755906,1384.8820914654525,3641.918364856004
2024-10-15,0.013202169381926199,0.0033510709916533266,0.40316553941097566,2.6485794608256277,1403.1655394109757,3654.1226918424422
2024-10-16,0.009783811966756817,0.0008341138988050556,0.41689384720680556,2.651622791664797,1416.8938472068055,3657.1706463676474
2024-10-17,-0.0028183808734761895,0.003936407962773281,0.4129005006880917,2.6659970686989505,1412.9005006880916,3671.56676202123
2024-10-18,0.014929934793736166,0.0007972790652002182,0.43399501303340204,2.6689198914149097,1433.995013033402,3674.4940253370746
2024-10-19,-0.0007411435538052791,0.0025915477325044733,0.4329322168733034,2.6784280724402465,1432.9322168733033,3684.0166519965383
2024-10-20,0.009699065642047477,-0.0011860394805282004,0.4468303205053621,2.674065311520049,1446.8303205053621,3679.647262800347
2024-10-21,-0.02392491462631907,0.0005246610161582232,0.41221502860850134,2.6759929503598228,1412.2150286085014,3681.5778302723515
2024-10-22,0.0005581218605643645,0.0008132386089629851,0.4130032166877853,2.6789824097533312,1413.0032166877852,3684.5718315058316
2024-10-23,-0.011263025469391619,0.0030910880326964207,0.39708852546989837,2.6903544682526204,1397.0885254698983,3695.9611673998097
2024-10-24,0.022905688461030804,0.0034386657649772,0.42908979998679286,2.7030443638232313,1429.089799986793,3708.670342534833
2024-10-25,-0.023085114809501595,0.0030539869132601982,0.39609909788101016,2.714353412849569,1396.0990978810103,3719.99657322653
2024-10-26,0.00708408408408423,0.003014810869942597,0.4059891812801133,2.7255514858934364,1405.9891812801134,3731.2116593316427
2024-10-27,0.013728571471169682,-0.0013833334864916669,0.4252914042430087,2.7203978057673512,1425.2914042430086,3726.050149298101
2024-10-28,0.02864135214714536,0.0004593430676362864,0.46611367726423203,2.7221067447082796,1466.1136772642321,3727.7616846038463
2024-10-29,0.040027166142407866,-0.0016906978439448217,0.5247980530077441,2.715813786860069,1524.798053007744,3721.4591659609464
2024-10-30,0.0017665779940747584,0.0037910073622138274,0.5274917276935955,2.729900464282671,1527.4917276935955,3735.5672450572824
2024-10-31,-0.03494126365482797,0.001763055978934558,0.474119236505685,2.7364764875970558,1474.119236505685,3742.153259223393
2024-11-01,-0.01049317495687685,0.0035974554048117113,0.458651045449733,2.749918295132314,1458.651045449733,3755.61548869142
2024-11-02,-0.003124281444010002,0.0037271532528244666,0.4540938090551485,2.7638948153038423,1454.0938090551485,3769.6132431764545
2024-11-03,-0.00870880221893544,0.0005332542692009223,0.4414303936643087,2.7659019282829265,1441.4303936643087,3771.6234055316145
2024-11-04,-0.013498636611525172,0.0034102585167823385,0.4219730485794264,2.7787446274072205,1421.9730485794264,3784.4856163724244
2024-11-05,0.02238985292101492,0.0009036602512018099,0.4538108159947669,2.782159328726451,1453.810815994767,3787.9055055951853
2024-11-06,0.08978401830631921,-0.0015596377269736506,0.584339792911966,2.776260530347944,1584.339792911966,3781.997745262448
2024-11-07,0.011063788123562013,0.003805521488819963,0.6018685926964722,2.790631170943566,1601.8685926964722,3796.3902189527125
2024-11-08,0.006259152194367346,0.0007023762152809088,0.6118949320135365,2.793293620118939,1611.8949320135366,3799.0567131464304
2024-11-09,-0.002851963211885189,0.0026581309679527543,0.6072978669660096,2.8033766913611147,1607.2978669660097,3809.1551034446534
2024-11-10,0.04871072877635618,-0.0014766614422012658,0.6855905174266068,2.7977603916508147,1685.5905174266068,3803.5302709760326
2024-11-11,0.10345603780624302,0.0006150651944580865,0.8599750337233385,2.800096261884611,1859.9750337233386,3805.8696900617774
2024-11-12,-0.008530478795522045,0.003784741507725453,0.8441085561379611,2.8144786439403178,1844.1085561379612,3820.273923050748
2024-11-13,0.020124585095257608,0.0037973030918696526,0.8812204757008522,2.828963375488823,1881.2204757008521,3834.7806610305374
2024-11-14,-0.01649053290306468,0.005627993189437852,0.8501981475483882,2.850512755288681,1850.198147548388,3856.3627804738053
2024-11-15,0.013148279280555064,0.0009712350477042442,0.8745250695167199,2.8542525082282495,1874.52506951672,3860.1082151628634
2024-11-16,0.013646377330217119,0.0040289861451110465,0.9001055459302965,2.8697812381836605,1900.1055459302966,3875.660537680384
2024-11-17,-0.008201378369940282,0.002996650418237712,0.8845220614053002,2.881377619749552,1884.5220614053003,3887.2745374515716
2024-11-18,0.016147960120089344,-0.0017510510385839728,0.9149532484983016,2.8745811294373533,1914.9532484983017,3880.467721335506
2024-11-19,0.010774852328804263,0.0039276134704835375,0.9355865869674349,2.8897989864738127,1935.5865869674349,3895.7086986296003
2024-11-20,0.02114128957426109,-0.0019847887397926867,0.9765073834985691,2.8820785572454026,1976.5073834985692,3887.976539871048
2024-11-21,0.0424454861700323,0.0036550654964420115,1.0604012003098244,2.8962678086344678,2060.4012003098246,3902.1873487729067
2024-11-22,0.006422823865272154,0.0038254638729136037,1.07363479431121,2.911172840375595,2073.63479431121,3917.115025500978
2024-11-23,-0.01208939622771199,0.0028485279949643783,1.0485658016512116,2.9223139257045494,2048.5658016512116,3928.273037310613
2024-11-24,0.0024036715084598814,0.002549884501824806,1.053489880901846,2.932315373194995,2053.489880901846,3938.2896798473876
2024-11-25,-0.049983462705338044,0.0008086131367122107,0.9508493460239995,2.9354950950634557,1950.8493460239995,3941.47423261869
2024-11-26,-0.020843720450442693,0.0034760916116798324,0.9101863876145464,2.949175236551213,1910.1863876145464,3955.1751581363483
2024-11-27,0.0524668529325909,-0.0020107893253412668,1.010407855887356,2.9412342771416538,2010.407855887356,3947.222134148513
2024-11-28,-0.002198003862147191,0.0017957100433403372,1.0059889716556243,2.948311591116274,2005.9889716556243,3954.310200578099
2024-11-29,0.019038731629019034,-0.0016390651512493415,1.0441804573377476,2.9418400511810017,2044.1804573377476,3947.8288285311014
2024-11-30,-0.010677189351933958,0.0030737852042568292,1.0223543555252297,2.953956420807869,2022.3543555252297,3959.963606373179
2024-12-01,0.008188641421465137,0.0020313571721963797,1.0389146901697641,2.9619883185418288,2038.914690169764,3968.007706846622
2024-12-02,-0.01413251001643967,0.0026323157132221997,1.010099707888274,2.972417522648329,2010.099707888274,3978.452755883541
2024-12-03,0.00023777120778389893,0.003988990565933381,1.010577651723585,2.9882634586701218,2010.577651723585,3994.322766393772
2024-12-04,0.028739497024917293,0.0034915283595955415,1.0683606421636602,3.0021885936416073,2068.36064216366,4008.2690576100135
2024-12-05,0.0030232148033138007,-0.001964625070901338,1.074613740675641,2.9943257935920635,2074.613740675641,4000.394311728515
2024-12-06,0.008430999483671986,-0.001822424275060519,1.0921048080520963,2.987046437303321,2092.1048080520964,3993.1038960250066
2024-12-07,0.0009689136043686819,0.004116782887581438,1.0941318768623831,3.003460241848404,2094.1318768623833,4009.5426378124976
2024-12-08,0.013021125294296665,0.002496779453799336,1.1213998304137887,3.0134559991243535,2121.3998304137885,4019.5535814897203
2024-12-09,-0.03805237154150187,0.0032703048268170054,1.0406755358788042,3.026581223650507,2040.6755358788043,4032.698746968916
2024-12-10,-0.007670332853616624,0.0036721480434067644,1.0250228752723811,3.0413674260125534,2025.022875272381,4047.507413782247
2024-12-11,0.04671623065265473,-0.001619430946351641,1.119624310990508,3.0348227105372914,2119.624310990508,4040.9527550207804
2024-12-12,-0.011204041327079195,0.005089706036312203,1.0958759526122885,3.0553587720425623,2095.8759526122885,4061.5200166504624
2024-12-13,0.012105130502968464,0.000964424876831238,1.1212468045366935,3.059269860926796,2121.2468045366936,4065.4370475922683
2024-12-14,0.001860806164871498,0.0034246503230561665,1.1251940336677895,3.073171440767391,2125.1940336677894,4079.35974789067
2024-12-15,0.030374527771475757,0.0005489036789274593,1.1897457988632065,3.07540721955613,2189.7457988632063,4081.5989234639555
2024-12-16,0.01996546059559412,0.000853501794835898,1.2334650823247775,3.0788855869327083,2233.4650823247775,4085.0825754709326
2024-12-17,-0.004424380079965373,0.0008937782684197426,1.2235833839052415,3.082531206229679,2223.5833839052416,4088.7337335015886
2024-12-18,-0.05555995497508359,0.0039857157491423045,1.1000411912121222,3.0988030151547132,2100.041191212122,4105.030263937256
2024-12-19,-0.027417347184249485,0.004371846347503094,1.0424636327714345,3.1167223521456524,2042.4636327714345,4122.976825503039
2024-12-20,-0.010343369487573084,0.00401034249381893,1.021337676752749,3.1332318187297163,2021.3376767527488,4139.511374667385
2024-12-21,0.008661510413101814,0.0012088344184630895,1.038845514088338,3.1382282116116835,2038.845514088338,4144.515358492703
2024-12-22,-0.021676547215864872,0.0034643478623885837,0.9946503830363478,3.1525644736706564,1994.6503830363479,4158.873401415533
2024-12-23,-0.0030729295296546555,0.003990608313636956,0.9885209629729783,3.1691357319822,1988.5209629729784,4175.469836186586
2024-12-24,0.039701205235865844,0.001148292386781824,1.06746764183979,3.173923118802695,2067.46764183979,4180.264496410716
2024-12-25,0.0076297410856234205,0.003432901050542281,1.083241884649932,3.188251783862116,2083.241884649932,4194.614930791989
2024-12-26,-0.0365134931983091,0.006890074694688053,1.007175446264334,3.2171091514930863,2007.1754462643341,4223.5161409806
2024-12-27,-0.01264843187016329,-0.0017589313266448414,0.9817878243807951,3.209691546098645,1981.7878243807952,4216.087266131639
2024-12-28,0.007607370009911296,0.0005215663849571506,0.996864017641997,3.2118871797001285,1996.864017641997,4218.286235525699
2024-12-29,-0.016366940271323238,-0.0015549425107856951,0.9641814635352959,3.2053379372737796,1964.181463535296,4211.7270429354185
2024-12-30,-0.017767342582710843,-0.0017431972360977266,0.929283178578054,3.198007203804667,1929.283178578054,4204.385171994975
2024-12-31,0.016446968116546667,0.004364157898344878,0.9610140375039171,3.21632797010046,1961.014037503917,4222.733772751021
2025-01-01,0.011031663653982005,-0.0019392178425974294,0.9826472847863976,3.2081515916705987,1982.6472847863977,4214.544972074364
2025-01-02,0.025233424507485225,-0.0016786726306855515,1.0326762653720256,3.2010874827678855,2032.6762653720257,4207.470130778949
2025-01-03,0.0121504627839224,0.0035406526952275197,1.0573742226861906,3.215962074486634,2057.3742226861905,4222.367321237581
2025-01-04,0.00028019566827675035,0.002801107593830565,1.0579506900314115,3.22777143786878,2057.9506900314113,4234.194626405041
2025-01-05,0.001701075242530603,0.0021526136323584133,1.0614514190005728,3.236872196300432,2061.451419000573,4243.309211479899
2025-01-06,0.03905015446379001,-0.0015892248895077454,1.1419514153321444,3.2301388535524076,2141.9514153321443,4236.565638867138
2025-01-07,-0.05147856144622642,0.00369808397460214,1.0316868377831367,3.2457822622570713,2031.6868377831368,4252.232814363582
2025-01-08,-0.019667706352539116,0.0010041234716500202,0.9917282176572992,3.2500455518821187,1991.7282176572992,4256.502581139405
2025-01-09,-0.02639818721642384,0.008124531107628119,0.9391502032833476,3.2845751791772217,1939.1502032833475,4291.084668769572
2025-01-10,0.023453639173285135,0.004415474674950959,0.9846303324539578,3.303493612373802,1984.6303324539579,4310.031844452595
2025-01-11,-0.0011935506017924924,0.0003416333812067407,0.9822615757263218,3.3049638294475985,1982.2615757263218,4311.504295204723
2025-01-12,-0.0006619960343688946,-0.0014579884794494458,0.9809493264241091,3.2986872417798176,1980.9493264241091,4305.218171613218
2025-01-13,-0.00015449751798668476,-0.0016654242126183938,0.9806432746699192,3.2915281039648834,1980.6432746699193,4298.048157029609
2025-01-14,0.012896185967552709,-0.002151881976411474,1.0061860186754452,3.2822932419866984,2006.1860186754452,4288.799264666748
2025-01-15,0.04969708621810209,0.0008722322465930521,1.1058876182151098,3.2860283962417265,2105.88761821511,4292.540093684555
2025-01-16,-0.005202070475811338,0.003729871200392143,1.0949326424110164,3.3020147301209315,2094.9326424110163,4308.550715356518
2025-01-17,0.04107671402297841,0.0010331942331793798,1.1809855914607361,3.306459546931145,2180.985591460736,4313.002285108985
2025-01-18,0.004630799913496908,0.0036253769800542734,1.1910852993490106,3.3220720862381246,2191.0852993490107,4328.638544308341
2025-01-19,-0.03073735007074918,0.003449473707255235,1.1237371434680479,3.3369809602604645,2123.737143468048,4343.570069155144
2025-01-20,0.009239819763797952,-0.0017147320733529314,1.1433600918993756,3.329544199906385,2143.3600918993757,4336.122010244708
2025-01-21,0.03781898059220934,0.0013889738313543898,1.2244197856170342,3.3355578235017473,2224.4197856170344,4342.1447702464975
2025-01-22,-0.02308449834848214,0.004478674257744064,1.173070170749627,3.3549753747188253,2173.070170749627,4361.591822252399
2025-01-23,0.0004707475722254273,0.008370362715981905,1.174093138256783,3.3914280982243907,2174.093138256783,4398.099927823712
2025-01-24,0.010552125707597115,0.003636951706701641,1.197034442351693,3.4073995101410857,2197.034442351693,4414.095604862455
2025-01-25,-0.0010123263373728042,0.0034858908416246503,1.1948103265215853,3.422763223728867,2194.8103265215855,4429.482660305501
2025-01-26,-0.020457106836545558,-0.0014545529291853931,1.1499108571859797,3.4163300805266994,2149.9108571859797,4423.039743327177
2025-01-27,-0.02827317836078569,-0.0015918136112123005,1.0891260440609707,3.4093001061929105,2089.126044060971,4415.999088460816
2025-01-28,0.015653158124992572,0.004135177875561613,1.1218274643716972,3.427533346438751,2121.8274643716973,4434.260030189919
2025-01-29,0.024479255169906455,0.0034443482682513515,1.1737682202985678,3.442783313253182,2173.768220298568,4449.5331660458805
2025-01-30,0.009437965172008678,0.0036223884383781435,1.1942841690537649,3.4588768001613293,2194.284169053765,4465.651103542746
2025-01-31,-0.021945625061498775,0.000770543635761678,1.1461292314013285,3.4623125593023394,2146.1292314013285,4469.092082580113
2025-02-01,-0.01734816570081754,0.0035152905716744343,1.1088978258796103,3.477998884569919,2108.89782587961,4484.802239841952
2025-02-02,-0.02921466031036668,0.0027785747462165666,1.0472870922672666,3.490441339184171,2047.2870922672666,4497.263598087352
2025-02-03,0.037159868734289336,0.004480492075253473,1.1233640118773232,3.5105607260187766,2123.3640118773233,4517.413551998909
2025-02-04,-0.047754203864603606,0.004727648229571502,1.0219644539753707,3.5318850704495137,2021.9644539753708,4538.770294180258
2025-02-05,0.001002524454028375,0.004524362587630115,1.023991522785657,3.552388961713695,2023.991522785657,4559.305336693094
2025-02-06,0.003830012884088907,0.0013493691287398413,1.031743436395213,3.5585318148406477,2031.743436395213,4565.457522562927
2025-02-07,-0.0008553181391413034,0.004056509701523492,1.0300056493799827,3.5770235433722526,2030.0056493799827,4583.977345295097
2025-02-08,-0.004421721993265293,0.0040909751037214725,1.0210295287536666,3.595748032737336,2021.0295287536667,4602.730282490722
2025-02-09,0.00012135431414606046,0.00038309967015059954,1.0212747894059975,3.597508662292773,2021.2747894059976,4604.493586943736
2025-02-10,0.009910436864004168,0.0007788715884859965,1.041306505591209,3.601089531167651,2041.3065055912089,4608.079896177972
2025-02-11,-0.01692147809799216,0.0028967496405103432,1.0067645822655584,3.614417735613017,2006.7645822655584,4621.428349960668
2025-02-12,0.021778643162013722,0.003444772125125617,1.0504691920128875,3.630313353202342,2050.4691920128876,4637.348117518878
2025-02-13,-0.022782501484926332,-0.0019993300055980434,1.003754374601058,3.621055828779963,2003.754374601058,4628.076528281119
2025-02-14,0.02417149468865265,0.003097707642677472,1.052188112824092,3.6353705087380144,2052.188112824092,4642.412956313671
2025-02-15,-0.0036803499141456752,0.0020558544511795063,1.044635342479249,3.6449001558312695,2044.635342479249,4651.957081654122
2025-02-16,-0.01508130164653776,0.0014149895501867071,1.0137995801221473,3.6514726410134317,2013.7995801221473,4658.539552312579
2025-02-17,-0.0033705642936701086,0.0023461694715123382,1.0070119391627799,3.6623857841213523,2007.01193916278,4669.469275592048
2025-02-18,-0.0012658862457072262,0.0029939603759068234,1.0044712903540236,3.676344782416203,2004.4712903540235,4683.449481579685
2025-02-19,0.006759950638974166,0.0035242125429209015,1.0180214173340576,3.692825215353417,2018.0214173340576,4699.9549529868045
2025-02-20,0.022194198719413638,-0.0015063410997055993,1.0628097856904026,3.6857562198577956,2062.809785690403,4692.875217674356
2025-02-21,-0.01935775621157454,-0.0015775685455928778,1.0228784167481577,3.6783641182330316,2022.8784167481576,4685.47188534256
2025-02-22,3.31605873982177e-05,0.00177412388350362,1.0229454965846925,3.686664115750915,2022.9454965846924,4693.784492919831
2025-02-23,-0.0029522306491074346,0.001586304263554661,1.016973294888201,3.6940985910195794,2016.973294888201,4701.230263273156
2025-02-24,-0.04888773872772767,0.0021234087634414145,0.9183680314269027,3.7040660811042088,1918.3680314269027,4711.2128968131465
2025-02-25,-0.04707013642646796,0.004154709618006569,0.8280701864714637,3.7236101096951106,1828.0701864714638,4730.786618348013
2025-02-26,-0.0386999193871127,0.004595560847902691,0.7573240176210339,3.7453177473759824,1757.3240176210338,4752.527236111075
2025-02-27,0.00997351846550254,-0.0017689671061900114,0.7748507211606483,3.7369234363724546,1774.8507211606484,4744.120171759122
2025-02-28,-0.004352288524249404,-0.0018797477832267484,0.7671260587346851,3.728019215043618,1767.126058734685,4735.202422382897
2025-03-01,0.02026225509966828,0.0006543766337439028,0.8029320177300387,3.731113120341835,1802.9320177300388,4738.301028204151
2025-03-02,0.09551586660264144,0.002915140582517406,0.9751406318291722,3.744904980199424,1975.1406318291722,4752.113841823653
2025-03-03,-0.08522459532087778,0.004081148683370506,0.8068100707797081,3.764269642912083,1806.8100707797082,4771.507924972439
2025-03-04,0.012219132246698461,-0.0021259332597212133,0.8288877219792319,3.7541411236199362,1828.8877219792319,4761.364017575716
2025-03-05,0.03520050798948726,-0.0018878501603547537,0.893265498848637,3.745166017537361,1893.265498848637,4752.375275751629
2025-03-06,-0.004752150757886042,0.0017304577518137965,0.884268415773404,3.753377326856052,1884.268415773404,4760.599060387081
2025-03-07,-0.034865688113403626,0.0014084654022636922,0.8185721008671114,3.760072294364833,1818.5721008671114,4767.304199457686
2025-03-08,-0.006559943195571849,-0.0018078973785422559,0.8066423711883715,3.7514665721421796,1806.6423711883715,4758.685402692773
2025-03-09,-0.06376885920586828,-0.0015779817938655905,0.6914348481847041,3.7439688443971786,1691.4348481847042,4751.17628376459
2025-03-10,-0.02628617602442962,0.0015471332146375083,0.6469734940314666,3.751308396165551,1646.9734940314665,4758.5269864018
2025-03-11,0.055088725915705794,0.0013636982047837698,0.7377031654345985,3.757787746895776,1737.7031654345985,4765.016181110571
2025-03-12,0.008983545647558433,-0.002207012610412562,0.7533139011431869,3.747287249340711,1753.313901143187,4754.49973031004
2025-03-13,-0.030550916001420347,-0.0020697367064836936,0.6997485554252387,3.737461614664528,1699.7485554252387,4744.65916769725
2025-03-14,0.04076319534712791,0.004311731183849199,0.7690357378310362,3.7578882756407657,1769.0357378310362,4765.116862587346
2025-03-15,-0.0010403990013118092,-0.0018380171916347887,0.767195234816112,3.74914319519426,1767.195234816112,4756.358495873762
2025-03-16,-0.026722686882657554,0.00021292342804657416,0.7199710298955966,3.750154399043665,1719.9710298955965,4757.371236029722
2025-03-17,0.023312585846939626,-0.0018879108801663769,0.7600680021842869,3.74118653087124,1760.068002184287,4748.389743112231
2025-03-18,-0.015444916742989867,-0.0018399558238891833,0.7328838984285502,3.7324629571016184,1732.88389842855,4739.652915750296
2025-03-19,0.050125746829716045,0.0034687985452706016,0.819745998006471,3.7488789177227595,1819.745998006471,4756.093816889539
2025-03-20,-0.028611976988773158,-0.0038297061880958605,0.7676794673860978,3.730692106745039,1767.6794673860977,4737.8793749678325
2025-03-21,-0.0014930152029029031,-0.001813169838673634,0.7650402950674311,3.722114558501038,1765.040295067431,4729.288794985867
2025-03-22,-0.00469358112401308,-0.0015303705380277366,0.7567559352553801,3.714887973503516,1756.75593525538,4722.051230748196
2025-03-23,0.026720394630862954,0.001318365142677802,0.8036971471155145,3.7211039174594136,1803.6971471155146,4728.276618492753
2025-03-24,0.016493848510416687,0.0005559417894900331,0.8334470546187085,3.7237285764196546,1833.4470546187085,4730.905265057242
2025-03-25,0.0027462915916831587,-0.0017611136912590863,0.8384822348486041,3.7154095533499305,1838.482234848604,4722.5736030229
2025-03-26,-0.0073269512311924245,0.0007273137409857799,0.8250117651744546,3.7188391355124573,1825.0117651744547,4726.008395697196
2025-03-27,0.0014955031529617635,-0.001765675433317293,0.8277410760234654,3.7105071971771064,1827.7410760234654,4717.663798775262
2025-03-28,-0.03223261063043048,-0.00169162893269037,0.7688282095867569,3.7025387669147154,1768.8282095867569,4709.683262198548
2025-03-29,-0.024000720543061904,-0.001661352021040119,0.7263750580397805,3.694726194630282,1726.3750580397805,4701.8588203924355
2025-03-30,-3.399890232114178e-05,-0.001603341463131902,0.7263163631828127,3.68719894546438,1726.3163631828127,4694.320135191908
2025-03-31,0.001999931999883353,0.0008131401878235245,0.7297688785194643,3.6910102952952615,1729.7688785194644,4698.137275548342
2025-04-01,0.03154967128184927,0.003797231707838966,0.7843425180303265,3.7088231483303558,1784.3425180303266,4715.977191378834
2025-04-02,-0.003620732393571968,0.0008249193723879333,0.7778818912740664,3.712707547766562,1777.8818912740664,4719.867492323741
2025-04-03,-0.019232968647384108,-0.0014245711034689412,0.7436879446004403,3.7059939607749133,1743.6879446004402,4713.143705481974
2025-04-04,0.015056232455533891,-0.0018931716789182262,0.7699413156242567,3.697084706287214,1769.9413156242567,4704.220915300084
2025-04-05,-0.010988477376977612,-0.0020094010452030853,0.7504923555189416,3.687646379368993,1750.4923555189416,4694.768248876014
2025-04-06,-0.06126618294950914,0.00048209141274901945,0.6432463706140008,3.689906253434491,1643.2463706140009,4697.0315563336435
2025-04-07,-0.012695496874601364,0.0012021837169304828,0.6223845414516707,3.6955443823663003,1622.3845414516707,4702.678251188577
2025-04-08,-0.014172786802214232,-0.001904397384557277,0.599390831234468,3.6866021999254492,1599.3908312344681,4693.722483026599
2025-04-09,0.08244132538379167,-0.0021501733063371553,0.7312467311681219,3.6765251929777483,1731.2467311681219,4683.63016623624
2025-04-10,-0.03666150046011529,-0.0020275904217100793,0.6677766283368287,3.667043115289581,1667.7766283368287,4674.133682572347
2025-04-11,0.051206507776501375,0.0012097490296727464,0.7531776452252257,3.6726890661697436,1753.1776452252257,4679.7882112594
2025-04-12,0.01917397428324774,0.00373215546538197,0.786793028308739,3.690128268206079,1786.793028308739,4697.253908408881
2025-04-13,-0.01788056472597843,0.0033551928499229167,0.7548441599141376,3.7058645530367853,1754.8441599141377,4713.014101136647
2025-04-14,0.008870710528862125,-0.0020240758679758164,0.77041087448,3.696339526157021,1770.41087448,4703.474603029106
2025-04-15,-0.010035959425170216,0.0009427780350448334,0.7526431027778386,3.700767131907395,1752.6431027778385,4707.908935573233
2025-04-16,0.009625792531160027,0.0007391936495728668,0.7695136816663466,3.704241909119422,1769.5136816663467,4711.3889919611765
2025-04-17,0.005940992850669513,0.0006115458959443654,0.7800263497982882,3.7071187689524736,1780.0263497982883,4714.2702225634075
2025-04-18,-0.005817582288170531,0.0005875099461949418,0.7696709000332249,3.709884248047154,1769.6709000332248,4717.039903208214
2025-04-19,0.007414032053635777,-0.001204360304026486,0.7827912968104578,3.7042118504222463,1782.7912968104579,4711.358887596281
2025-04-20,0.001080580244547491,0.001992845792570863,0.7847177458659425,3.7135866192157225,1784.7177458659426,4720.747899332719
2025-04-21,0.027334188407635462,0.0006468268753836437,0.8335015569858926,3.7166354937204797,1833.5015569858926,4723.801405945918
2025-04-22,0.06789952667322163,0.003790017835629156,0.9579954448598496,3.734511626365842,1957.9954448598496,4741.704697526423
2025-04-23,0.0024324205689423284,-0.002091670789356126,0.9627581132538221,3.7246085866951057,1962.758113253822,4731.786612318854
2025-04-24,0.0031986893383786352,0.0008737069793252061,0.9690363667045032,3.7287365101918812,1969.0363667045033,4735.920807306715
2025-04-25,0.007028518624190294,-0.001643812411051715,0.9828757754795938,3.720963354427835,1982.8757754795938,4728.135841905906
2025-04-26,-0.00017020502834286244,0.003468933604626079,0.9825382800520279,3.7373400628542175,1982.5382800520279,4744.537431215131
2025-04-27,-0.00928991273656965,0.0021718645028503403,0.9641206724334357,3.747628923574661,1964.1206724334356,4754.8419236444315
2025-04-28,0.013574593023690129,0.0003412381905179007,0.9907828112111361,3.7492489958777924,1990.782811211136,4756.464457298654
2025-04-29,-0.009086122840084587,0.003327252908564393,0.9726943140405429,3.7650509484128234,1972.6943140405428,4772.290417498684
2025-04-30,0.00020189977057816222,0.0029349943410104107,0.9730926005699685,3.7790363459810417,1973.0926005699685,4786.297062867701
2025-05-01,0.028547114425376385,0.0011267955567173527,1.0294187008103028,3.7844213429010836,2029.4187008103029,4791.690241131269
2025-05-02,0.0001972893884132354,0.003032428870923809,1.02981908358462,3.798929760311961,2029.8190835846199,4806.220700959
2025-05-03,-0.010615380166723032,0.002746982020588984,1.0082717823426997,3.8121123340816077,2008.2717823426997,4819.423302811517
2025-05-04,-0.016420102439060114,0.0016941898236160213,0.9752957539511586,3.8202649658281063,1975.2957539511585,4827.588320726838
2025-05-05,0.004950642150817863,0.00046399159135201984,0.9850747363710008,3.8225015282403394,1985.0747363710009,4829.828281114164
2025-05-06,0.022199295223592763,0.0006539425069209681,1.0291419964845963,3.825655166979347,2029.1419964845963,4832.986711128314
2025-05-07,0.001957666874313757,0.003273414709897615,1.0331143805543932,3.8414515375878304,2033.1143805543932,4848.807080921261
2025-05-08,0.06433449773374966,-0.0017156927525854293,1.1639137730626237,3.8331450942727976,2163.9137730626235,4840.48801775384
2025-05-09,-0.0046721774400575455,0.0009506342310972027,1.1538035839498906,3.8377396474432732,2153.8035839498907,4845.089551358733
2025-05-10,0.019884024456474192,0.0006441057171233666,1.1966298670875921,3.8408556632081456,2196.629867087592,4848.210301238738
2025-05-11,-0.006833745591131923,0.0027769825052157415,1.1816186574180336,3.854298634695149,2181.6186574180338,4861.673696426885
2025-05-12,-0.012812197627235511,0.0029436441606243147,1.1536673280319296,3.868587962525096,2153.6673280319296,4875.984733814233
2025-05-13,0.013069000859456947,0.00368039599182568,1.181813608192963,3.886506294148224,2181.8136081929633,4893.930288484766
2025-05-14,-0.005994312176937355,0.0006180031009199727,1.1687351363135643,3.8895261701906723,2168.7351363135645,4896.954752578736
2025-05-15,-0.0007548949768071411,0.0037430983005866114,1.167097969053136,3.9078281472889866,2167.097969053136,4915.284535591162
2025-05-16,0.000311472238343935,0.003514520116806752,1.1677729599082678,3.925076808042464,2167.7729599082677,4932.559401971326
2025-05-17,-0.0032162549486423053,-0.0015557664245948732,1.1608008493984299,3.9174145389059607,2160.80084939843,4924.8854916664195
2025-05-18,0.03228572869898594,-0.0014210183685487987,1.230563879394646,3.9104268025204068,2230.563879394646,4917.887138919762
2025-05-19,-0.008232494671433277,0.003893368819404275,1.2122007741432381,3.929544905123307,2212.200774143238,4937.034287363782
2025-05-20,0.012020096350287446,0.0033479732459602562,1.2387916405946204,3.9460488895804193,2238.7916405946203,4953.563346072265
2025-05-21,0.017770582611813968,0.0036693712006927726,1.2785762723944458,3.9641977789330642,2278.576272394446,4971.739808755149
2025-05-22,0.027274650867541217,0.00453135766034185,1.340723644699068,3.9866923345660847,2340.7236446990682,4994.268540022778
2025-05-23,-0.039325576042850474,0.000655159306147457,1.248673339014157,3.9899594124559696,2248.6733390141567,4997.540581534174
2025-05-24,0.003984282871032807,0.0007158991866766939,1.2576326896813392,3.993531720340896,2257.6326896813393,5001.118316771878
2025-05-25,0.013219262220877104,0.002529355596331051,1.287476928204661,4.006162137743197,2287.476928204661,5013.767923374319
2025-05-26,0.002421129995069826,0.002872248132146815,1.2930152072085677,4.020541077592554,2293.0152072085675,5028.168708927249
2025-05-27,-0.0045480807556305125,0.0005588331331125573,1.2825863888722941,4.023346722292866,2282.5863888722943,5030.978616200678
2025-05-28,-0.01070995956443832,0.0030890110569392615,1.2581399809451348,4.038863895860868,2258.139980945135,5046.519364773347
2025-05-29,-0.020266776578097057,0.005730574905740804,1.2123747624692514,4.067739482855932,2212.3747624692514,5075.438822006452
2025-05-30,-0.015064444821342393,0.0034314235594608,1.179046564935903,4.085129043510613,2179.046564935903,5092.8548023548865
2025-05-31,0.005721019721019793,0.0030114358351427395,1.1915129333069219,4.100442583338566,2191.5129333069217,5108.191607809877
2025-06-01,0.00993450648382943,0.00026690100840420783,1.2132845327522555,4.101803896607366,2213.2845327522555,5109.554989301123
2025-06-02,0.0021878459945843254,0.00233970212106982,1.2181268584521128,4.113740598005541,2218.1268584521126,5121.509825947313
2025-06-03,-0.0012077762646447443,0.0028437949412409846,1.2154478574805032,4.128283027648968,2215.447857480503,5136.074349681859
2025-06-04,-0.009074006613900565,0.002842223498899621,1.1953448689689732,4.14285875417916,2195.344868968973,5150.67222089062
2025-06-05,-0.03121338712372579,0.002446223946982684,1.1268207197037596,4.155439338419583,2126.8207197037596,5163.271918620421
2025-06-06,0.02741413739200027,-0.0019011253130053474,1.1851256751218715,4.14563820219365,2185.1256751218716,5153.455891678002
2025-06-07,0.012159439754412915,-0.0015630739347690659,1.2116955791243367,4.13759518924205,2211.6955791243367,5145.400659099739
2025-06-08,0.001601781863848517,0.0018857946011812121,1.2152382329913318,4.1472836385129765,2215.2382329913316,5155.103827883583
2025-06-09,0.04306917810487665,0.00029924953881055316,1.3106467229927676,4.1488239607679285,2310.6467229927675,5156.646490326598
2025-06-10,6.804084991185455e-05,0.0029715229774198715,1.3108039413596462,4.164123809474041,2310.803941359646,5171.969583859035
2025-06-11,-0.0148355247044053,0.0030573186966689203,1.276521952400568,4.179912181748659,2276.521952400568,5187.78194316637
2025-06-12,-0.027536832412523027,0.0033439839097995083,1.213833748913884,4.1972337247386005,2213.833748913884,5205.129802511867
2025-06-13,0.003956083496276408,0.000858115726953157,1.222591860071462,4.20169355273445,2222.591860071462,5209.596406256235
2025-06-14,-0.006294605257325281,0.002811400942708042,1.2086015216641677,4.216317598892286,2208.6015216641676,5224.242670503912
2025-06-15,0.0016581260992085678,0.002108424263981723,1.2122636614899909,4.227315809486425,2212.2636614899907,5235.257590511332
2025-06-16,0.011517549694602502,0.00036840990264241924,1.2377435181487653,4.229241604394879,2237.7435181487654,5237.18631125056
2025-06-17,-0.0281039549377472,0.003093014328060084,1.1748540751524765,4.24541572360216,2174.8540751524765,5253.385003549978
2025-06-18,0.012429879518072395,0.003044544752655698,1.2018872492760106,4.26138562651895,2201.8872492760106,5269.379169296216
2025-06-19,-0.004117494735318861,0.0031081971066007075,1.1928209901193512,4.277739050100007,2192.8209901193513,5285.757438383805
2025-06-20,-0.010659888286741581,0.0022476484575228994,1.169445763331857,4.2896015521351725,2169.445763331857,5297.637962937028
2025-06-21,-0.013645499169017916,0.002052201860206937,1.1398425929710827,4.300456882280217,2139.842592971083,5308.50978541927
2025-06-22,-0.028838222645420575,0.0031171137367447255,1.0781333358488285,4.316979009238996,2078.1333358488287,5325.057014193044
2025-06-23,0.06405140413169796,0.003395612208232812,1.2112406939828353,4.335033408073686,2211.240693982835,5343.138842799974
2025-06-24,0.005205439973911208,0.003546586834296539,1.222751174683233,4.353954567319293,2222.751174683233,5362.0887486736665
2025-06-25,0.013872790939586821,-0.0015482180055452766,1.2535869370403345,4.345665478457297,2253.5869370403343,5353.787066325638
2025-06-26,-0.005508534880411142,0.0012411834080148232,1.241172974791609,4.3523004297539565,2241.172974791609,5360.432098002406
2025-06-27,-0.0009774238474582475,-0.0014793587790719043,1.2389823988797688,4.344382457124969,2238.982398879769,5352.502095718607
2025-06-28,0.004042722911509422,0.001616453612353519,1.2480339843221864,4.353021403453588,2248.0339843221864,5361.154167066361
2025-06-29,0.009966337501515321,-5.54294316970072e-05,1.2704386497248175,4.3527246885193325,2270.4386497248174,5360.85700133764
2025-06-30,-0.011286144005436372,0.0020679304331647774,1.2448141521685145,4.363793750803074,2244.8141521685147,5371.942880678551
2025-07-01,-0.013535672730872195,0.002376541667069798,1.2144290824631314,4.376541030145426,2214.4290824631316,5384.709526767602
2025-07-02,0.029933385650415367,-0.0014912411830060313,1.2807144421839958,4.3685233107391515,2280.7144421839957,5376.679626162761
2025-07-03,0.00684926470588243,0.0005122398648602644,1.2963356591170427,4.371273282394344,2296.3356591170427,5379.433775807864
2025-07-04,-0.012299032728042891,0.0025293300406872277,1.2680929516909902,4.384859005264245,2268.09295169099,5393.040139258902
2025-07-05,-0.0004112833982914399,0.00191625093353065,1.267160122714178,4.395177746360013,2267.160122714178,5403.374557460325
2025-07-06,0.009175855775223063,0.0007071204670192621,1.2879632570195403,4.398992786967671,2287.9632570195404,5407.195394200877
2025-07-07,-0.008629741135252167,0.0004175260346908072,1.268218726384493,4.401247007017338,2268.218726384493,5409.453039052616
2025-07-08,0.006184619962866567,0.00036266254025640876,1.2822467971998384,4.403205836977456,2282.2467971998385,5411.414845033157
2025-07-09,0.026137769568424174,0.0019944021295652536,1.341899638083322,4.413982002205203,2341.899638083322,5422.207382324052
2025-07-10,0.038135031883621995,0.0016667589966783414,1.431208055449872,4.423005805415233,2431.208055449872,5431.244895260396
2025-07-11,0.014143053237132275,-0.0016712205978821615,1.4655927604086445,4.413942766410789,2465.5927604086446,5422.168086919295
2025-07-12,-0.0054735821866271905,0.0022755624983286094,1.4520971357957948,4.42626253153813,2452.0971357957947,5434.506569277522
2025-07-13,0.01763272200978494,-0.0013125213193038165,1.495334282932272,4.419140446281347,2495.334282932272,5427.373663545449
2025-07-14,0.006537391747025945,-0.001471114817618302,1.5116472606795845,4.411168268472068,2511.6472606795846,5419.389373728256
2025-07-15,-0.02843097570034181,0.0029376087151475883,1.4402386784433734,4.427064163536661,2440.2386784433734,5435.309419183299
2025-07-16,0.018732926724508214,0.0009017880864843342,1.485951490796964,4.431958225343925,2485.951490796964,5440.210916463874
2025-07-17,0.004940522317517404,0.0030853611381995716,1.498233389617512,4.448717778156724,2498.233389617512,5456.995931809141
2025-07-18,-0.013396925235323098,0.0031435336921201706,1.4647647436764184,4.465846006071214,2464.764743676418,5474.150182378546
2025-07-19,0.0008700459261778981,0.002467757835901585,1.466909202200641,4.479334390382528,2466.9092022006407,5487.659059386012
2025-07-20,-0.0039623630741412175,-0.0013135352643178777,1.457134412270582,4.472137091435771,2457.134412270582,5480.450825692955
2025-07-21,0.0009742697242696163,0.00046327658475897593,1.4595283239369183,4.474672204418824,2459.5283239369182,5482.989790234421
2025-07-22,0.02270089030786626,0.0030283648794404705,1.5153618066277006,4.4912515094491345,2515.3618066277004,5499.594283949497
2025-07-23,-0.01066889345023947,0.002895686800256536,1.4885256795239878,4.507152453961935,2488.525679523988,5515.519386524296
2025-07-24,-0.00353119063964924,0.0054767105321027465,1.479738220937926,4.537313533808444,2479.738220937926,5545.726289638491
2025-07-25,-0.0193779412871119,0.0024831921510557464,1.4316859992851834,4.551063747313532,2431.6859992851832,5559.497393632825
2025-07-26,0.0190255340425165,-0.0012911491371642159,1.4779501240452944,4.543896496145845,2477.950124045294,5552.319253369969
2025-07-27,0.010273329441920609,2.9474358822279e-05,1.5034069220102597,4.5440598989404455,2503.4069220102597,5552.48290441994
2025-07-28,-0.011572271430892123,0.001990563657594757,1.474436817606783,4.555095703090805,2474.436817606783,5563.535475098894
2025-07-29,-0.001223299621996965,0.000465430030505809,1.4714098399831492,4.557681211453357,2471.409839983149,5566.1249115847895
2025-07-30,-0.0039509062995666255,0.0023727781800388925,1.461645531277549,4.570868356163506,2461.645531277549,5579.332091322369
2025-07-31,-0.01476524126467238,0.002633386669340654,1.4252987411001334,4.585538606629278,2425.2987411001336,5594.024630075482
2025-08-01,-0.01610582096557145,0.0028756220839865065,1.386237313787949,4.60160050479746,2386.237313787949,5610.110930840091
2025-08-02,-0.01164064483427163,0.0030621124470886496,1.3584599727278568,4.618753235426818,2358.459972727857,5627.289721350965
2025-08-03,0.014594413948064489,-0.0014419601136994586,1.3928803138497878,4.610651217372613,2392.880313849788,5619.175394024546
2025-08-04,0.007457678789811295,0.0018908411246363332,1.4107256466129425,4.621260067430412,2410.7256466129425,5629.800361946112
2025-08-05,-0.008108547583044134,0.0021167650976752217,1.3911781629977167,4.633158954546104,2391.1781629977168,5641.717326859159
2025-08-06,0.007639195719104874,0.0005849551467882463,1.409444840984106,4.636454099869242,2409.444840984106,5645.017478446229
2025-08-07,0.02156671683733391,0.002612267764227072,1.4614086556047852,4.651178027218876,2461.408655604785,5659.763775633672
2025-08-08,-0.00674246869568107,0.0023680798003948844,1.4448126847970917,4.664560467753568,2444.8126847970916,5673.1665479057565
2025-08-09,-0.0017671540845181077,-0.001302117775671241,1.440492324075271,4.6571845428771415,2440.492324075271,5665.779416899385
2025-08-10,0.024335585769368562,-0.0012184688332410598,1.4998831343472903,4.650291439827752,2499.8831343472903,5658.8758412638745
2025-08-11,-0.003436325261854223,-0.0013173958528276408,1.4912927227810493,4.6428477693176555,2491.292722781049,5651.420861698927
2025-08-12,0.01039585007425603,0.002774088049950496,1.517191828418166,4.658501525882209,2517.191828418166,5667.098400776607
2025-08-13,0.027005937658747037,0.0025732622283107798,1.5851709540115344,4.673062334127601,2585.1709540115344,5681.681331035446
2025-08-14,-0.04415364742762751,0.0030591981350591713,1.4710262271679655,4.690417355840238,2471.0262271679653,5699.06271996735
2025-08-15,-0.001939281651392455,0.003077687575615329,1.4662342113455091,4.707930682636373,2466.2342113455093,5716.6026544932465
2025-08-16,-0.0027233296019298914,0.002519204220010396,1.4595178427124598,4.722310125699598,2459.5178427124597,5731.003944024568
2025-08-17,0.00020540408779701202,-0.0010483137136494403,1.4600230377313625,4.716311349521072,2460.0230377313624,5724.996053997068
2025-08-18,-0.009971556097885137,0.0018740417482463467,1.4354927800085346,4.7270239556360485,2435.4927800085347,5735.724935610804
2025-08-19,-0.026375495336691257,0.002514288130370579,1.3712554515468742,4.741423343990053,2371.255451546874,5750.146200735481
2025-08-20,0.009735747777565695,0.002563366893931107,1.3943413965393123,4.75614071851408,2394.3413965393124,5764.88593514171
2025-08-21,-0.01810270485595844,0.0033071691631105793,1.350997340913358,4.775177249596875,2350.997340913358,5783.951388135261
2025-08-22,0.04230567582797762,0.0024618218540235492,1.450457872290476,4.789394707160792,2450.4578722904757,5798.190446065183
2025-08-23,-0.013006266173356984,0.003025611426723085,1.4185865649568679,4.806911165940588,2418.5865649568677,5815.733517333115
2025-08-24,-0.016734689986141138,-0.0012212991591903366,1.3781122685876688,4.799819190216132,2378.112268587669,5808.630766878321
2025-08-25,-0.02981410588093225,0.0007592014006927439,1.3072109776152518,4.804222421069109,2307.210977615252,5813.040687492642
2025-08-26,0.01495402674807389,0.003043388123063595,1.34171307228796,4.82188692264901,2341.71307228796,5830.732026479843
2025-08-27,-0.004610155411472028,0.002737422412913304,1.330917411095637,4.837823886396516,2330.917411095637,5846.69320301282
2025-08-28,0.011802699584243515,-0.0015190075350136611,1.3584285290544815,4.828956187924997,2358.4285290544817,5837.81203198253
2025-08-29,-0.03710781433738086,0.002381393026054557,1.2709124010703454,4.8428372235401,2270.9124010703454,5851.714156842911
2025-08-30,0.003927726146563781,0.0024063218085073057,1.2798319230845854,4.856896970174662,2279.8319230845855,5865.795264235672
2025-08-31,-0.005052506530560108,0.0015576755190709335,1.268313057404621,4.866020115202824,2268.3130574046213,5874.932269918654
2025-09-01,0.009051977480491358,0.0018404283311095337,1.288845776118952,4.8768161048137015,2288.845776118952,5885.744661711562
2025-09-02,0.01831796380368167,-0.0014785614148008497,1.3307727701981085,4.868126871279244,2330.7727701981084,5877.042226757385
2025-09-03,0.004243263661546148,0.0028617881073362827,1.3406628535972112,4.884920206971811,2340.6628535972113,5893.861076308232
2025-09-04,-0.008780241411860068,0.001146154902796459,1.3201112686788545,4.891665237119598,2320.1112686788547,5900.616354077244
2025-09-05,0.008153278749252424,-0.0014330099320440937,1.3390277825816748,4.883222422318527,2339.0277825816747,5892.1607122366695
2025-09-06,-0.012963583666870448,0.0023979613822202595,1.3087056002230426,4.897330162490259,2308.7056002230424,5906.289886082448
2025-09-07,0.008541312367605913,-0.0011475668376219605,1.328424975919389,4.890562581965277,2328.424975919389,5899.5120236757975
2025-09-08,0.008432064532392314,0.0001501257273579526,1.3480584055751752,4.891446906957442,2348.058405575175,5900.397692209409
2025-09-09,-0.004577163640519077,0.0003363347664133709,1.3373109580153613,4.8934284053767305,2337.3109580153614,5902.3822010889635
2025-09-10,0.019676250830718223,-0.0013573852667333464,1.383300474694658,4.885428752488725,2383.300474694658,5894.370394450576
2025-09-11,0.01524445484274417,-0.0013165056794480767,1.4196325911578316,4.877680552110086,2419.6325911578315,5886.610422349511
2025-09-12,0.004777045232051469,0.0024052356148720477,1.4311912854907383,4.891817758706862,2431.191285490738,5900.769107388223
2025-09-13,-0.0009975995530201454,0.001977442488207304,1.4287659301510263,4.903468489475704,2428.765930151026,5912.437538934274
2025-09-14,-0.0056333919371808205,-0.001195399873639591,1.4150837397428142,4.8964114839893496,2415.083739742814,5905.36981184733
2025-09-15,0.000786390070306453,0.00025281273063426646,1.4169829376147067,4.89790217187756,2416.9829376147068,5906.862764514869
2025-09-16,0.012547202703194982,-0.001298616013818199,1.4473093124631222,4.890243061669227,2447.3093124631223,5899.192017937444
2025-09-17,-0.0029533873588512005,0.0020137984629340355,1.4400814600764948,4.902104824093124,2440.0814600764947,5911.071801755718
2025-09-18,0.005279955327420094,0.0011428949934366717,1.4529649811809646,4.908850310147319,2452.9649811809645,5917.827536123789
2025-09-19,-0.016533481004058492,0.0018073197401196062,1.4124089312609884,4.919529491954259,2412.4089312609885,5928.522942648449
2025-09-20,0.004714013611117007,0.0002240381477729425,1.4237810597985328,4.920855692377324,2423.7810597985326,5929.85115794755
2025-09-21,-0.0038140573526982413,-0.001003963787190476,1.4145366198260776,4.914911367672996,2414.5366198260776,5923.897802121541
2025-09-22,-0.022392018328950436,0.0014968354577127307,1.3604702715790102,4.923765016737357,2360.4702715790104,5932.764902399623
2025-09-23,-0.005840786397015352,0.00209383556451459,1.3466832689262125,4.936168406605229,2346.6832689262123,5945.187136548171
2025-09-24,0.011675167713292911,0.0020686408257020172,1.3740811896609046,4.948448206919375,2374.081189660905,5957.485593375273
2025-09-25,-0.03429900930651453,0.0003905458864561506,1.2926525568423042,4.950771348897384,2292.652556842304,5959.812264867388
2025-09-26,0.002002386405716372,0.0029585464111718807,1.2972433331551563,4.96837698211537,2297.243333155156,5977.44464605487
2025-09-27,-0.00010220050461495767,0.0021494845859131306,1.2970085537272844,4.981205916441345,2297.0085537272844,5990.293071184714
2025-09-28,0.023200973194265728,0.0007695169288726156,1.3503013876093104,4.98580855564912,2350.3013876093105,5994.9027031118985
2025-09-29,0.01906446330525613,0.00027646649416546154,1.3951086221696807,4.987463431155246,2395.1086221696805,5996.56009284509
2025-09-30,-0.002348212933813376,0.0022600658230267356,1.389484397125214,5.000995492622622,2389.484397125214,6010.112713366655
2025-10-01,0.03252073887960916,-0.0013389008790796186,1.4671921952610232,4.992960754482197,2467.1921952610232,6002.065768171361
2025-10-02,0.023666944784775712,0.00040392285870027855,1.5255830967196955,4.995381448322226,2525.5830967196953,6004.4901397345475
2025-10-03,0.016155204168613713,0.0024429750101588876,1.5663844072920017,5.010028015376847,2566.3844072920015,6019.158959094665
2025-10-04,-0.0006902032791599177,0.002454744920793006,1.5646130803585039,5.024781101121417,2564.613080358504,6033.934458976949
2025-10-05,0.008856233938625113,0.001465781866082816,1.5873258937602168,5.033612116006559,2587.325893760217,6042.77889068805
2025-10-06,0.009736953187600372,0.0021769818731742774,1.6125185648688265,5.046747180212869,2612.5185648688266,6055.933910796678
2025-10-07,-0.02681569624925273,0.0024486807231076657,1.5424620605877704,5.0615537334705625,2542.4620605877703,6070.76295942446
2025-10-08,0.01608587930231309,0.0028999214578295796,1.5833597984250956,5.07913176321004,2583.3597984250955,6088.367695195892
2025-10-09,-0.013455320012171645,0.0025203903879653655,1.5485998656307065,5.09445354847321,2548.5998656307065,6103.712758613263
2025-10-10,-0.07291043787881657,0.0027783439245461228,1.3627803334496784,5.111386036463038,2362.7803334496784,6120.67097187333
2025-10-11,-0.01894869267505883,-0.00227056181768015,1.3180087350524676,5.097509756675541,2318.0087350524677,6106.773610066011
2025-10-12,0.03902455346444289,-0.0014548813061610044,1.408467990864568,5.0886386037164195,2408.467990864568,6097.888979299769
2025-10-13,0.001893042654820487,0.0023806209166092884,1.4130273235040445,5.103133344130102,2413.0273235040445,6112.405741351052
2025-10-14,-0.018487228514167398,0.0027257586484845664,1.3684171359634956,5.119769012625719,2368.4171359634956,6129.066684163587
2025-10-15,-0.020222368162515325,0.0023519091692647542,1.3205221326776315,5.134162153480296,2320.5221326776314,6143.481692297106
2025-10-16,-0.023212495144490974,0.00543765408196184,1.266657023940168,5.167517605353584,2266.657023940168,6176.887820598683
2025-10-17,-0.008293766542679326,0.0025384482080923476,1.247857899751284,5.183173529367272,2247.857899751284,6192.56753041847
2025-10-18,-0.0010733676139532689,0.0025523276199637124,1.245445121880922,5.198955013945304,2245.4451218809218,6208.372991564847
2025-10-19,0.01371111162975236,0.0016923722624782034,1.276232670605514,5.209445953467255,2276.232670605514,6218.87986981089
2025-10-20,0.017347508246904342,-0.0013515939993798964,1.3157196356307161,5.2010533035770745,2315.7196356307163,6210.47446909599
2025-10-21,-0.02006157333355052,0.002561281594382514,1.2692626563405676,5.216935947269311,2269.2626563405674,6226.3812430460675
2025-10-22,-0.006666746725516037,0.0029796484940618484,1.2541340569570734,5.235460231102271,2254.1340569570734,6244.933670540365
2025-10-23,0.02192835621024436,0.0024030828815904126,1.3035635115036714,5.250444558842471,2303.5635115036716,6259.9407637407085
2025-10-24,0.009050869050869048,-0.0014594839790892378,1.3244127631966514,5.241322135146655,2324.412763196651,6250.804480485981
2025-10-25,0.0063561576630117855,0.0017016478408968805,1.339187097193446,5.251942667482269,2339.187097193446,6261.441148434068
2025-10-26,0.026063407456263787,0.001400508010356294,1.4001542836240337,5.260698563268367,2400.1542836240337,6270.210346918824
2025-10-27,-0.0037878457053323045,0.0004884732789101065,1.3910628695286733,5.263756747223834,2391.062869528673,6273.27317712644
2025-10-28,-0.010788670580840098,0.0022423911705626853,1.3652664798912504,5.277802540048361,2365.2664798912506,6287.340309509355
2025-10-29,-0.02523984454971262,0.0027553759269689504,1.3055675216201492,5.295100246041475,2305.5675216201494,6304.6642956428395
2025-10-30,-0.015657504255102483,0.004902464044722388,1.2694680883399556,5.325961748655616,2269.4680883399556,6335.572685666274
2025-10-31,0.01751836953359165,0.0023650964129640073,1.3092254689561886,5.340923258095909,2309.2254689561887,6350.556925899216
2025-11-01,-0.0010248719817793628,0.002250188692044075,1.3068588084734443,5.355191531908396,2306.8588084734442,6364.846877282057
2025-11-02,0.004068254349042899,0.0013988526905912568,1.3162436968536442,5.364081508682029,2316.243696853644,6373.750360461544
2025-11-03,-0.035756401426672135,0.0021160216658433484,1.2334231574269463,5.377548043037593,2233.423157426946,6387.237354316958
2025-11-04,-0.0478084171797567,0.002575965586936846,1.1266467313777495,5.393976387325495,2126.6467313777493,6403.690657937276
2025-11-05,0.023525805246509934,0.00069916695657124,1.1766778082082694,5.398446844336609,2176.677808208269,6408.1679068454105
2025-11-06,-0.024378593372304636,0.0006658307976430411,1.1236134650194405,5.402707127302651,2123.6134650194404,6412.434662394256
2025-11-07,0.019738296797018107,0.0006583895811071994,1.1655299778741384,5.406922602966147,2165.5299778741382,6416.656542565507
2025-11-08,-0.010027568796149633,-0.0012108087982390936,1.143814977040881,5.399165044708838,2143.814977040881,6408.88719836849
2025-11-09,0.02348016462418334,0.00210245612351323,1.1941521056255908,5.412619008442459,2194.1521056255906,6422.361602503606
2025-11-10,0.012378834171199893,0.002349539505705378,1.2213131506875192,5.4276857101378315,2221.3131506875193,6437.451194808614
2025-11-11,-0.027938127499025578,0.0028108240544209018,1.159253820668349,5.445752803746144,2159.253820668349,6455.545737476142
2025-11-12,-0.013591467664927581,-0.0014438520343187378,1.1299063921843637,5.436446090447739,2129.9063921843635,6446.224884630449
2025-11-13,-0.019206580726690792,0.0036873434168678276,1.08899817312258,5.460179477567376,2088.99817312258,6469.994329522441
2025-11-14,-0.045223337076272685,-0.0013231292041434584,0.9945267045877397,5.451631825436598,1994.5267045877397,6461.433691074408
2025-11-15,0.004337471465386322,-0.0012222147035668707,1.0031779072558402,5.443746546157549,2003.1779072558402,6453.536431811054
2025-11-16,-0.014688107927664618,0.0004433161900918581,0.9737550139557531,5.4466031633263094,1973.7550139557532,6456.397388994624
2025-11-17,-0.021103118524757103,0.0026675801302844526,0.9321026279574112,5.463799993832628,1932.1026279574112,6473.620346382727
2025-11-18,0.008106785635626501,-0.0013322914360339722,0.9477657697882924,5.455188328456608,1947.7657697882923,6464.995597435106
2025-11-19,-0.026718497926641938,-0.0012324088189071825,0.8957243941066197,5.447232897432912,1895.7243941066197,6457.028079846631
2025-11-20,-0.04238436080115615,0.0027253601820991236,0.8153753274072517,5.464803929256295,1815.3753274072517,6474.625807070141
2025-11-21,-0.017410824086936394,-0.0014430245316426893,0.7837681469299995,5.455475058594118,1783.7681469299996,6465.282763197331
2025-11-22,-0.004748893863808723,0.0006707565603465415,0.7752972213225862,5.459805110839823,1775.2972213225862,6469.6193940252415
2025-11-23,0.02501257536362278,0.00065413225940536,0.8197019768637475,5.4640306777522945,1819.7019768637474,6473.851380776948
2025-11-24,0.01658147837115842,-0.0015852319468231402,0.849875325835068,5.453783689816676,1849.875325835068,6463.588824749155
2025-11-25,-0.010459267216713086,0.0031157784820337042,0.8305269854845547,5.4738922501651075,1830.5269854845546,6483.727935726022
2025-11-26,0.03566025873727874,0.00244810976337817,0.8958040514125047,5.489741048989795,1895.8040514125048,6499.600813388561
2025-11-27,0.009444028567605844,-0.0005491617007900018,0.9137080790326273,5.486177131757645,1913.7080790326272,6496.031481551424
2025-11-28,-0.004867885755847623,0.00043742168505667145,0.9043923667338538,5.489014326288195,1904.3923667338538,6498.872986588265
2025-11-29,-0.0009114144756394715,0.00241458496159086,0.9026566759635153,5.504682602695998,1902.6566759635152,6514.56506756897
2025-11-30,-0.004896160414256556,0.001866398504715372,0.8933409636647418,5.516822932579318,1893.3409636647418,6526.723842069952
2025-12-01,-0.05365885523346836,0.003015062600883578,0.7917464549878599,5.536471561679918,1791.7464549878598,6546.402323032473
2025-12-02,0.06756432650358413,0.002669003908775114,0.9128045974842991,5.5539174298276395,1912.8045974842992,6563.87469642106
2025-12-03,0.02331639435347843,0.0007175089249669142,0.9574043038003897,5.558619924077037,1957.4043038003897,6568.584335098108
2025-12-04,-0.014371893630852228,-0.001653674167509056,0.9292726973535981,5.547774103734081,1929.272697353598,6557.722036866051
2025-12-05,-0.026557374555466584,0.0030247454751510805,0.8780362797103431,5.567579453826663,1878.0362797103433,6577.55747692436
2025-12-06,-0.0038553194814181513,0.0023234384661714458,0.8707958498543658,5.582838820559321,1870.7958498543658,6592.8400269797
2025-12-07,0.012328968201055224,0.0018833140011900174,0.8938608323978863,5.5952363730776575,1893.8608323978863,6605.256414910117
2025-12-08,0.002937614975416558,0.0006599123516752847,0.8994242663404932,5.5995886510224695,1899.4242663404932,6609.615305204299
2025-12-09,0.02237702348947357,0.0007534125278747528,0.9419277277648705,5.60456086379097,1941.9277277648705,6614.5950721796735
2025-12-10,-0.007134190573239496,-0.0014519829488521818,0.928073645275538,5.594971154032089,1928.073645275538,6604.990792921307
2025-12-11,0.0054361120926313955,-0.0010528050088194352,0.9385548697341042,5.588027935368104,1938.5548697341042,6598.037025531313
2025-12-12,-0.0009137357735665708,0.0007309453311237224,0.9367835428006064,5.592843423628774,1936.7835428006065,6602.859829889707
2025-12-13,-0.02382972736029787,0.0022753946197460184,0.8906305190197561,5.607844744083727,1890.630519019756,6617.883941621575
2025-12-14,-0.022978934775305326,0.0015460469946841915,0.8471858436389994,5.618060782591657,1847.1858436389994,6628.115501200688
2025-12-15,-0.019620103769002806,0.0028479689512526107,0.8109438657061692,5.636908814217981,1810.9438657061692,6646.992168353424
2025-12-16,0.016626943658923254,0.0004607554903741651,0.8410543273307383,5.639966806393245,1841.0543273307383,6650.0548064894665
2025-12-17,-0.016460900664151845,0.0031464353895878094,0.8107489149312401,5.660859032938569,1810.74891493124,6670.978774275304
2025-12-18,-0.010545191860209413,-0.0013740214641903004,0.7916542202126242,5.651706869657366,1791.6542202126243,6661.812706252292
2025-12-19,0.01688200613784785,-0.0013958464175019003,0.8219009377551547,5.642422108453082,1821.9009377551547,6652.513838852201
2025-12-20,0.0162024838746051,0.002764100723634755,0.8514202583202606,5.660782432209745,1851.4202583202605,6670.902057168162
2025-12-21,0.003402369543754169,0.0014675980135583355,0.8577194742198588,5.670557783276,1857.7194742198587,6680.692259775905
2025-12-22,-0.0004491019653288797,-0.0014166846070319261,0.8568851687529571,5.661107706744116,1856.885168752957,6671.227825887163
2025-12-23,-0.012626790018231748,0.0029198093520852453,0.8334386696391447,5.680556871321515,1833.4386696391448,6690.706539283079
2025-12-24,0.00187850862650496,0.0029658522215054717,0.8368827999962296,5.700370415759218,1836.8827999962296,6710.5501861360535
2025-12-25,-0.005072620062469113,0.0021502517379965447,0.8275649914525642,5.714777898890924,1827.5649914525643,6724.979558336706
2025-12-26,0.0018535766229117456,-0.0013482429578964839,0.8309525231975725,5.705724746874906,1830.9525231975724,6715.9126520051805
2025-12-27,0.005552731485933826,0.0013501271556035643,0.8411193109223816,5.714778327953665,1841.1193109223816,6724.979988051315
2025-12-28,0.0010372381002261566,0.0011881690401311928,0.8430289900187324,5.722756619674284,1843.0289900187324,6732.970401068619
2025-12-29,-0.008157369441711526,0.00017623185641912897,0.8279947216553651,5.723941383553623,1827.994721655365,6734.156964941614
2025-12-30,0.012113073702486155,0.0024508351254721727,0.8501373564465322,5.740420655278052,1850.1373564465323,6750.661273371736
2025-12-31,-0.008436476032069096,0.002509163685879612,0.8345287169828353,5.757333474013828,1834.5287169828352,6767.599787494554
2026-01-01,0.014683197166200035,0.0021804422152951197,0.8614654638413501,5.772067449183395,1861.4654638413501,6782.356147767429
2026-01-02,0.012966216216216075,0.0016392328477790041,0.885601627524536,5.783168444593471,1885.601627524536,6793.474008750185
2026-01-03,0.007163868488984093,0.0030247027417740213,0.8991098296067361,5.803685512785748,1899.1098296067362,6814.022248210622
2026-01-04,0.009948584812982553,0.00023459810162385075,0.9180032848157476,5.805281644491093,1918.0032848157475,6815.620804894475
2026-01-05,0.025413920222608022,0.00040010146172053673,0.9667472672827551,5.808004447624474,1966.747267282755,6818.347744741046
2026-01-06,-0.0012193250225958074,0.0027659300488249716,0.9643491631266352,5.826834911698692,1964.3491631266352,6837.206817651563
2026-01-07,-0.025398044990822544,0.003263549725406989,0.9144585347038603,5.849114626900166,1914.4585347038603,6859.520382083861
2026-01-08,-0.0029366678346181008,0.0014532400199063211,0.9088364059042853,5.859068034376903,1908.8364059042854,6869.488911620469
2026-01-09,-0.0031572658846165114,0.002638965401912774,0.9028097018406096,5.877168877608989,1902.8097018406097,6887.617255187058
2026-01-10,-0.0033347177497980995,0.0004492939820079922,0.8964643685533937,5.880258748198951,1896.4643685533938,6890.711820170188
2026-01-11,0.005469240496254857,-0.0011819004696898006,0.9068365882775904,5.872126967152868,1906.8365882775904,6882.567684633432
2026-01-12,0.0031682724230579495,-0.001316414416758227,0.9128779660555082,5.8630804001395145,1912.8779660555083,6873.507373309066
2026-01-13,0.04517789082174084,-0.0015010804682985546,0.9992977579612776,5.852778364198502,1999.2977579612775,6863.189685642285
2026-01-14,0.016070215318028103,0.0033108337393836784,1.0314269034165662,5.87546677401521,2031.4269034165661,6885.9125656133
2026-01-15,-0.01136130284527892,0.003182441473751574,1.0083472471588033,5.897347544628237,2008.3472471588034,6907.826579346734
2026-01-16,-0.003164698993496251,0.00274737419018356,1.001991432647129,5.916297139253074,2001.9914326471292,6926.804963801095
2026-01-17,-0.0041443420516692475,0.0022317498676815983,0.9936944953657281,5.931732584478449,1993.694495365728,6942.263859862514
2026-01-18,-0.01570742283238291,0.0010607024641109408,0.9623786929284244,5.939085090311363,1962.3786929284245,6949.627536245179
2026-01-19,-0.010942807699703017,0.0024147465407000634,0.9409047602577141,5.955841222028816,1940.904760257714,6966.409125297481
2026-01-20,-0.04535066573351654,0.001969789937644073,0.8528834372546754,5.969542768075819,1852.8834372546753,6980.131487894004
2026-01-21,0.020513493516278736,0.003202520200004777,0.8908925496312194,5.991862869575379,1890.8925496312195,7002.485499982674
2026-01-22,-0.007597240914462566,6.11523223350563e-05,0.8765269833883087,5.992290438227302,1876.5269833883087,7002.913718233115
2026-01-23,0.0046895334483934015,0.0026530529292501104,0.885327019443721,6.010841354856608,1885.3270194437212,7021.4928189865595
2026-01-24,-0.008423552591054206,0.002916067548851986,0.8694458681441013,6.031285441821655,1869.4458681441013,7041.967966340504
2026-01-25,-0.028613814423972928,0.001052866303004052,0.8159538909973629,6.038688445330152,1815.953890997363,7049.382217119098
2026-01-26,0.019297255303946104,0.0029660562401054857,0.8509968168521334,6.0595655911155815,1850.9968168521334,7070.291081233073
2026-01-27,0.011998785965214198,0.002950781629092347,0.873206531479835,6.080396827571218,1873.206531479835,7091.1539662679115
2026-01-28,-0.001101162599415284,0.0029220808741048376,0.8711438265063889,6.101086319722136,1871.143826506389,7111.874891648076
2026-01-29,-0.05217243229739066,0.0030642012805326413,0.7735217018993039,6.122845477516202,1773.521701899304,7133.667107798053
2026-01-30,-0.004648677910328858,-0.001559094592828436,0.7652771707401957,6.111740287646653,1765.2771707401957,7122.545045983246
2026-01-31,-0.07379760934980295,0.0008517078652356957,0.6350039356997854,6.117797412785156,1635.0039356997854,7128.611373619406
2026-02-01,-0.013658252646262414,0.0038466450336980262,0.6126726388683643,6.1451770528539145,1612.6726388683644,7156.032611156902
2026-02-02,0.022890493490962838,-0.0014621295076783225,0.6495875114114344,6.1347298786473505,1649.5875114114344,7145.569564718221
2026-02-03,-0.028727007020999507,-0.001684910492344538,0.6021997993893651,6.122708497414774,1602.1997993893651,7133.529919584849
2026-02-04,-0.043103730248757355,0.003680176832152826,0.5331390114318728,6.148921324209137,1533.1390114318729,7159.782571126374
2026-02-05,-0.14041106191907282,0.0077302860520021,0.31786933476716595,6.204184531008532,1317.869334767166,7215.12973847132
2026-02-06,0.1221032606361574,0.0019630804680468295,0.4787854776346405,6.21832692494956,1478.7854776346405,7229.293618735337
2026-02-07,-0.018290582540098854,0.004142297952490992,0.4517376297968647,6.248227385791189,1451.7376297968647,7259.239506890181
2026-02-08,0.014929058454216548,0.002896167613195999,0.47341070573228783,6.269219467198998,1473.4107057322879,7280.2634812464685
2026-02-09,-0.0025267435028121232,-0.00137321719974548,0.4696877748046049,6.259237249997916,1469.687774804605,7270.266098215342
2026-02-10,-0.018616327083675,-0.0014199430592666262,0.4423275864779639,6.248929546449212,1442.327586477964,7259.9427343301595
2026-02-11,-0.020540568822459915,-0.0013751787788106595,0.41270135742338065,6.238960972367841,1412.7013574233806,7249.959015146528
2026-02-12,-0.02324163105413113,-0.0015168658820201575,0.3798678736844763,6.227980439447581,1379.8678736844763,7238.961799670408
2026-02-13,0.0455110997680237,0.0007569102104934,0.4426671781504212,6.233451371643445,1442.6671781504213,7244.44104376995
2026-02-14,0.014151101036739888,-0.0016680818834522437,0.4630825071508162,6.2213853824555745,1463.0825071508161,7232.3567229090995
2026-02-15,-0.014306100402032174,-0.0015447432542159412,0.44215150190705965,6.210230196099933,1442.1515019070596,7221.184588649302
2026-02-16,0.0009535313364410491,-0.0016369992195872651,0.4435266385560235,6.198427054895872,1443.5266385560235,7209.3635151131875
2026-02-17,-0.02013577781811593,-0.0017694294680619116,0.41446010688752755,6.185689945941245,1414.4601068875274,7196.607054863576
2026-02-18,-0.017023855924856113,-0.0017327580974668688,0.3903805418164177,6.173238883501529,1390.3805418164177,7184.137075714974
2026-02-19,0.009751655429446782,-0.0009077634515283206,0.403939053776019,6.166727279414005,1403.939053776019,7177.615578646871
2026-02-20,0.016062949801415538,-0.0017307876254979426,0.4264904563210701,6.154323196523476,1426.49045632107,7165.192650422768
2026-02-21,0.004426170245908079,0.0007626348529450322,0.43280434593491024,6.159779332742378,1432.8043459349103,7170.657076066046
2026-02-22,-0.010789893344647528,-0.0014574429376466025,0.41734453985852515,6.1493443629187645,1417.3445398585252,7160.206252552248
2026-02-23,-0.04418792105126934,0.0008979508644821887,0.354715031228809,6.155764122869928,1354.715031228809,7166.6357659465975
2026-02-24,-0.009199112428782352,-0.0018256250492126869,0.3422528553475739,6.142700380640959,1342.2528553475738,7153.552176173702
2026-02-25,0.068258804678337,0.003621286169919413,0.4338734308296841,6.168566142745252,1433.8734308296841,7179.457235735076
2026-02-26,-0.013944036724072406,0.0032328173467628396,0.41387944705252333,6.191740807722936,1413.8794470525233,7202.667109627102
2026-02-27,-0.023902787620722177,-0.0017650708132062043,0.3800837869083227,6.17904687592708,1380.0837869083227,7189.953892134659
2026-02-28,0.016724892156267268,-0.0016917341952450426,0.4031655394109772,6.166901836837807,1403.1655394109773,7177.7904012731
2026-03-01,-0.025338713508652244,0.0032495211616361264,0.367611129802629,6.190190836019981,1367.611129802629,7201.114783075825
2026-03-02,0.0545791756717402,-0.001502487482466397,0.4422542179067537,6.1793876642923165,1442.2542179067536,7190.295198254449
2026-03-03,-0.0073617260013546515,0.0008722781477408237,0.43163673753022613,6.185650087266039,1431.6367375302261,7196.5671356316925
2026-03-04,0.06363688277231372,-0.0015086296444645209,0.5227416367689748,6.17480960252964,1522.7416367689748,7185.710181112499
2026-03-05,-0.024594790298644975,0.008135767089427759,0.4852901255336264,6.233182182366811,1485.2901255336265,7244.171445518161
2026-03-06,-0.039119438626599834,0.0038050234448840925,0.427186409625119,6.260704610151834,1427.186409625119,7271.735687707117
2026-03-07,-0.012497980406268705,0.0035759452745613984,0.4093494618415312,6.286668492492493,1409.3494618415311,7297.739016577432
2026-03-08,-0.01930327923715014,0.0024928470091734045,0.38214439563687685,6.3048330422508405,1382.1443956368769,7315.931163458635
2026-03-09,0.03730683422740522,-0.0018579976840193968,0.4337078274832389,6.29126067937619,1433.7078274832388,7302.338180300483
2026-03-10,0.02204576125718427,-0.0018753191317979478,0.46531500796049063,6.27758723872923,1465.3150079604907,7288.643965804107
2026-03-11,0.0035492597483044452,0.004109831781720974,0.4705157915368312,6.307496898057206,1470.515791536831,7318.599066420418
2026-03-12,0.00470563079116193,0.0038363027693575358,0.47743549592437673,6.335530668644294,1477.4354959243767,7346.675428286745
2026-03-13,0.005893862239128467,0.0009824293350635394,0.4861432972045534,6.3427373091614285,1486.1432972045534,7353.893017742685
2026-03-14,0.003933959137039755,0.0035155914527873477,0.4919897242075417,6.368551373685579,1491.9897242075417,7379.746301180573
2026-03-15,0.02254321778617041,-0.001386925115396287,0.5256239734950807,6.358331744721327,1525.6239734950807,7369.511145690213
2026-03-16,0.028407958900175778,-0.0016944348209501081,0.5689638366312519,6.345863531188969,1568.963836631252,7357.023989391576
2026-03-17,-0.013013317941811486,0.0037866106630870533,0.548546411385965,6.3736794563657515,1548.546411385965,7384.882174878394
2026-03-18,-0.036136635604095746,0.0034909840042933737,0.4925871540016802,6.399420853400711,1492.5871540016801,7410.662680424485
2026-03-19,-0.018475371087413595,0.001717076185588473,0.46501105245119256,6.412126222735232,1465.0110524511927,7423.387352832472
2026-03-20,-0.0022049754319088954,0.0038697511473082535,0.4617807390730626,6.440809306689655,1461.7807390730627,7452.114014558009
2026-03-21,-0.012215111001487089,0.0030386013568719505,0.44392492508544934,6.463418959945187,1443.9249250854493,7474.758018314209
2026-03-22,-0.015256636397290912,0.002900355153953482,0.4218954875184351,6.485065525591779,1421.8954875184352,7496.437471257183
2026-03-23,0.04474824046964043,0.0008208749393412429,0.4855228087166066,6.491209828301064,1485.5228087166065,7502.591108911676
2026-03-24,-0.004826016462078364,0.0009130567616602026,0.4783536511869473,6.49804972808781,1478.3536511869472,7509.441400453639
2026-03-25,0.010969330964396562,-0.0018819234955737008,0.49457020166924104,6.483938972133541,1494.570201669241,7495.309206243492
2026-03-26,-0.0351975875731968,0.0008422879867155952,0.4419649361116975,6.490242604023082,1441.9649361116976,7501.622415144629
2026-03-27,-0.03523579694132706,-0.0017955464747551053,0.39115615242635204,6.4767935253203675,1391.156152426352,7488.152903462172
2026-03-28,-0.00044300993607993,0.0007327544808011233,0.39053985642818834,6.482272179278071,1390.5398564281884,7493.639881055108
2026-03-29,-0.005380283049018164,-0.001528802745538238,0.3830583584096636,6.470833261027526,1383.0583584096637,7482.183583830876
2026-03-30,0.011920658281030505,0.003457133174701754,0.3995453244829883,6.496660926536889,1399.5453244829882,7508.050488917747
2026-03-31,0.022124066119069585,0.0009218310454670586,0.43050895777848464,6.503571581316311,1430.5089577784847,7514.9716429493665
2026-04-01,-0.002271345149212678,0.0010039692557346491,0.4272597781963292,6.511104936492156,1427.2597781963293,7522.516443436606
2026-04-02,-0.017889008834350406,0.006895059829528538,0.40172751541526197,6.562894454415137,1401.727515415262,7574.384644382714
2026-04-03,0.0017182978532492843,0.003187495549756836,0.4041361007958404,6.587001146831866,1404.1361007958403,7598.527961728831
2026-04-04,0.004293601101168498,-0.0012762345248341633,0.41016490110440795,6.577318354028322,1410.164901104408,7588.830458006155
2026-04-05,0.02567079425012264,0.0017907751812828998,0.4463649541394037,6.590887627677396,1446.3649541394036,7602.420347245316
2026-04-06,-0.0026087750496753825,-0.0017106612324511161,0.44259171333432,6.577902190492836,1442.59171333432,7589.415181484486
2026-04-07,0.04464390805299212,0.0033576442956397834,0.5069946451424259,6.60334609055566,1506.994645142426,7614.89773807584
2026-04-08,-0.01185279773877368,0.0010461368481786693,0.4891325424201376,6.611300231070445,1489.1325424201375,7622.863963194753
2026-04-09,0.01229058772686753,0.003453279524960884,0.5074348565696856,6.637584178316731,1507.4348565696855,7649.187843240415
2026-04-10,0.01731301939058172,0.0039100816563018,0.5335331054715153,6.667447756110827,1533.5331054715152,7679.096792311875
2026-04-11,-0.0019519876647502432,0.003173981265517156,0.5305396677661487,6.691784091643055,1530.5396677661488,7703.470101666766
2026-04-12,-0.029279556903253234,0.0028777556911763202,0.4857261444711034,6.71391916708808,1485.7261444711035,7725.638806593644
2026-04-13,0.05254699783846606,0.0027786016856603535,0.563796592973179,6.735353075888798,1563.796592973179,7747.105279604448
2026-04-14,-0.006608587947168787,-0.0019283077277538752,0.5534621056570328,6.720436934775657,1553.462105657033,7732.166476626064
2026-04-15,0.009031547669650308,0.003791604678983651,0.5674922727172695,6.749709779581351,1567.4922727172695,7761.48379521752
2026-04-16,0.004421192839432875,0.0041058469121735275,0.5744224583292734,6.781528901550086,1574.4224583292735,7793.3512594919985
2026-04-17,0.0256141920571773,-0.0018911276898312401,0.6147500175560527,6.766813036775143,1614.7500175560529,7778.613037128592
2026-04-18,-0.01787341653836272,0.003455366621523348,0.5858889178869449,6.7936502232980285,1585.888917886945,7805.490996978831
2026-04-19,-0.025053599422633188,0.0024424379706755595,0.5461566922094121,6.812685730533576,1546.156692209412,7824.555424569619
2026-04-20,0.02754533720905017,0.0007824300109295912,0.5887460996743499,6.818798610315107,1588.7460996743498,7830.677591555984
2026-04-21,0.00657209846668616,0.0034073398333440696,0.5991874954799732,6.845439914268929,1599.1874954799732,7857.359371235768
2026-04-22,0.02427111925566483,-0.0018541888307848087,0.6380015658949356,6.830892987207298,1638.0015658949355,7842.79034325016
2026-04-23,0.000985413323300044,0.003230132453595047,0.6396156744615549,6.856187808785906,1639.6156744615548,7868.1235948646345
2026-04-24,-0.00675813891644772,0.003200259440355957,0.6285349239639586,6.881329647986183,1628.5349239639586,7893.303631676988
2026-04-25,-0.001328387065217096,0.0022743263574602768,0.6263715992357106,6.899254363736431,1626.3715992357106,7911.255580173948
2026-04-26,0.013256428433331191,0.00013031283047881814,0.6479314779469811,6.900283737931242,1647.9314779469812,7912.286518281242
2026-04-27,-0.016311447779325472,0.0031225059973523095,0.6210513297005422,6.9249524212837175,1621.0513297005423,7936.992680387346
2026-04-28,-0.013359420259869137,0.002773440873376831,0.5993950237242529,6.946931808248473,1599.395023724253,7959.005460298826
2026-04-29,-0.007184975772660307,0.0004222783405112285,0.5879034092278808,6.9502876254246155,1587.9034092278807,7962.366375916721
2026-04-30,-0.0023802011619815655,0.0033591634338028253,0.5841238796881221,6.976993940904157,1584.123879688122,7989.113265893241
