time,equity
2022-06-30 15:00:00,998.7183327589235
2022-06-30 16:00:00,1001.5192847178818
2022-07-01 00:00:00,1004.9098399182358
2022-07-01 01:00:00,1008.320826512382
2022-07-02 00:00:00,1011.0263099979558
2022-07-02 01:00:00,1013.6854566874656
2022-07-03 00:00:00,1012.6494122203757
2022-07-03 01:00:00,1011.618668924746
2022-07-04 00:00:00,1013.7908558872081
2022-07-04 01:00:00,1015.9983472778796
2022-07-05 00:00:00,1018.791308442313
2022-07-05 02:00:00,1021.4729526038058
2022-07-06 00:00:00,1024.4496547503907
2022-07-06 09:00:00,1023.1097714946794
2022-07-07 02:00:00,1025.4194534604558
2022-07-07 06:00:00,1027.5580675957267
2022-07-08 00:00:00,1026.284837015049
2022-07-08 01:00:00,1029.2740390695526
2022-07-09 02:00:00,1032.1912395365014
2022-07-09 03:00:00,1035.0701459314523
2022-07-10 00:00:00,1033.910729291778
2022-07-10 01:00:00,1032.8016161109495
2022-07-11 00:00:00,1031.61131751732
2022-07-11 02:00:00,1030.3831653123368
2022-07-12 00:00:00,1029.1560726798712
2022-07-12 01:00:00,1027.933498537158
2022-07-13 00:00:00,1030.4479643653929
2022-07-13 01:00:00,1032.8945406583052
2022-07-14 00:00:00,1036.3670410814032
2022-07-14 01:00:00,1039.8843104094112
2022-07-14 15:00:00,1042.481523825288
2022-07-14 16:00:00,1041.196386123761
2022-07-15 00:00:00,1039.8471801900005
2022-07-15 02:00:00,1038.472111979186
2022-07-16 00:00:00,1040.9992835776598
2022-07-16 01:00:00,1043.4989968465443
2022-07-17 00:00:00,1045.9979829784172
2022-07-17 01:00:00,1044.7472862829657
2022-07-18 00:00:00,1043.5371127586493
2022-07-18 01:00:00,1042.33388135008
2022-07-19 00:00:00,1045.8755585946185
2022-07-19 01:00:00,1049.4502446496854
2022-07-20 00:00:00,1047.9005411869296
2022-07-20 04:00:00,1046.4047075296894
2022-07-21 00:00:00,1049.7591047248168
2022-07-21 01:00:00,1053.137767851116
2022-07-22 00:00:00,1055.9855256138255
2022-07-22 01:00:00,1058.7655774768393
2022-07-23 00:00:00,1061.508422200821
2022-07-23 01:00:00,1064.214632637886
2022-07-24 00:00:00,1066.7206708546332
2022-07-24 02:00:00,1069.1160052663554
2022-07-25 00:00:00,1071.7381732780009
2022-07-25 01:00:00,1074.3321013133
2022-07-26 01:00:00,1077.2874817622005
2022-07-26 02:00:00,1080.21362213393
2022-07-27 03:00:00,1079.017203848015
2022-07-27 04:00:00,1077.8434739896836
2022-07-28 00:00:00,1076.433060428874
2022-07-28 01:00:00,1075.0471108600289
2022-07-28 17:00:00,1078.0791472071921
2022-07-28 18:00:00,1076.6449711007374
2022-07-29 00:00:00,1079.8924859240276
2022-07-29 01:00:00,1083.1394683777585
2022-07-30 00:00:00,1086.1092820637223
2022-07-30 01:00:00,1089.0224897822486
2022-07-31 02:00:00,1091.6671309451715
2022-07-31 04:00:00,1094.1338580800648
2022-08-01 00:00:00,1096.699758598726
2022-08-01 01:00:00,1099.2688011187531
2022-08-02 00:00:00,1101.9775876289298
2022-08-02 01:00:00,1104.691525290348
2022-08-03 00:00:00,1103.3315696104255
2022-08-03 01:00:00,1101.9707397203476
2022-08-04 00:00:00,1104.5310383476356
2022-08-04 01:00:00,1107.1061864738426
2022-08-05 00:00:00,1105.857606863265
2022-08-05 01:00:00,1104.5917387306822
2022-08-06 02:00:00,1106.9443069705676
2022-08-06 05:00:00,1105.8225934825482
2022-08-07 02:00:00,1104.7965110843984
2022-08-07 03:00:00,1103.7709236963415
2022-08-08 00:00:00,1102.7099470358671
2022-08-08 01:00:00,1101.648157667653
2022-08-09 00:00:00,1103.8817597642326
2022-08-09 01:00:00,1106.1084205259754
2022-08-10 00:00:00,1104.9308808410758
2022-08-10 01:00:00,1103.7652763999454
2022-08-11 00:00:00,1102.3648764724608
2022-08-11 02:00:00,1101.0335158110843
2022-08-11 15:00:00,1103.745153977666
2022-08-11 16:00:00,1106.4259734093487
2022-08-12 00:00:00,1109.1831587432737
2022-08-12 01:00:00,1111.9273783398485
2022-08-13 00:00:00,1110.765448656351
2022-08-13 01:00:00,1112.9583162621548
2022-08-14 00:00:00,1111.866947961793
2022-08-14 01:00:00,1110.7754464296236
2022-08-15 00:00:00,1109.700169233513
2022-08-15 01:00:00,1108.6022460573074
2022-08-16 00:00:00,1111.0169220408393
2022-08-16 01:00:00,1113.3562651843888
2022-08-17 00:00:00,1112.1929685657656
2022-08-17 01:00:00,1111.0332141432723
2022-08-18 04:00:00,1113.041532755891
2022-08-18 05:00:00,1115.0322951803114
2022-08-19 00:00:00,1117.1212871233326
2022-08-19 01:00:00,1119.325431566501
2022-08-20 06:00:00,1122.1376846703722
2022-08-20 07:00:00,1124.926864291493
2022-08-21 00:00:00,1123.698922999319
2022-08-21 01:00:00,1126.1384365744868
2022-08-22 00:00:00,1124.9401212764947
2022-08-22 01:00:00,1127.206081652881
2022-08-23 00:00:00,1129.7472370864457
2022-08-23 01:00:00,1132.2824188403467
2022-08-24 00:00:00,1131.0822638692002
2022-08-24 02:00:00,1129.8531271360687
2022-08-25 00:00:00,1128.6588823028058
2022-08-25 15:00:00,1127.5705300843333
2022-08-25 17:00:00,1126.4625404343535
2022-08-26 00:00:00,1125.3562662826955
2022-08-26 02:00:00,1124.2750112473893
2022-08-27 00:00:00,1127.6539169129398
2022-08-27 01:00:00,1130.9131801239555
2022-08-28 01:00:00,1133.129189655042
2022-08-28 02:00:00,1135.4253805099404
2022-08-29 00:00:00,1134.2467768976628
2022-08-29 01:00:00,1133.0708333494379
2022-08-30 00:00:00,1135.4189919443068
2022-08-30 01:00:00,1137.8315248362385
2022-08-31 00:00:00,1136.4720471988612
2022-08-31 02:00:00,1139.4143340005435
2022-09-01 01:00:00,1142.1099127475536
2022-09-01 02:00:00,1144.7644712227445
2022-09-02 02:00:00,1143.5146783177267
2022-09-02 03:00:00,1146.0530000131146
2022-09-03 00:00:00,1144.7471253074411
2022-09-03 02:00:00,1143.4962898979466
2022-09-04 00:00:00,1142.4934732037104
2022-09-04 01:00:00,1141.4959430590034
2022-09-05 00:00:00,1143.6211674782928
2022-09-05 02:00:00,1142.4975121724838
2022-09-06 00:00:00,1141.380000175502
2022-09-06 03:00:00,1143.7209984951635
2022-09-07 00:00:00,1146.7805880385213
2022-09-07 07:00:00,1149.3458202313336
2022-09-08 00:00:00,1151.8315269120308
2022-09-08 01:00:00,1154.3818831151486
2022-09-08 15:00:00,1153.1778359478594
2022-09-08 16:00:00,1155.5965599445233
2022-09-09 00:00:00,1154.4103634855528
2022-09-09 01:00:00,1153.2376637244815
2022-09-10 02:00:00,1155.779609075489
2022-09-10 03:00:00,1158.285695945657
2022-09-11 00:00:00,1160.8054815734754
2022-09-11 01:00:00,1163.3501081331349
2022-09-12 00:00:00,1162.1136683298712
2022-09-12 01:00:00,1164.8939202640338
2022-09-13 00:00:00,1163.620927565519
2022-09-13 01:00:00,1166.0679641239642
2022-09-14 02:00:00,1169.2384369042172
2022-09-14 03:00:00,1172.341101462569
2022-09-15 00:00:00,1175.2512899809626
2022-09-15 01:00:00,1178.1336462618187
2022-09-16 00:00:00,1180.8791348060747
2022-09-16 01:00:00,1183.6269721277329
2022-09-17 00:00:00,1186.275301320995
2022-09-17 01:00:00,1188.9254034199232
2022-09-18 00:00:00,1187.8114260715938
2022-09-18 01:00:00,1186.6945428100958
2022-09-19 00:00:00,1189.1029931681849
2022-09-19 01:00:00,1191.5384924934222
2022-09-20 00:00:00,1194.7699803007915
2022-09-20 01:00:00,1197.9994127041114
2022-09-21 01:00:00,1201.0152662907205
2022-09-21 02:00:00,1199.583033340758
2022-09-22 00:00:00,1202.8459565822232
2022-09-22 15:00:00,1201.4168407659938
2022-09-22 16:00:00,1204.4151856660922
2022-09-23 01:00:00,1203.0066693112553
2022-09-23 02:00:00,1201.606666912069
2022-09-24 00:00:00,1200.1569507630657
2022-09-24 01:00:00,1198.7096085059964
2022-09-25 00:00:00,1200.7834454085025
2022-09-25 01:00:00,1199.6411283879884
2022-09-26 00:00:00,1202.1326707387693
2022-09-26 01:00:00,1200.8552646738476
2022-09-27 00:00:00,1203.4421476240016
2022-09-27 01:00:00,1206.1447033949808
2022-09-28 00:00:00,1209.4871677318763
2022-09-28 02:00:00,1207.8514076810302
2022-09-29 00:00:00,1206.4023218916216
2022-09-29 01:00:00,1204.9560732862728
2022-09-30 00:00:00,1203.4297666727362
2022-09-30 01:00:00,1201.9142506048322
2022-10-01 00:00:00,1200.3839707307382
2022-10-01 01:00:00,1198.866576952763
2022-10-02 00:00:00,1200.6312767175045
2022-10-02 01:00:00,1202.2610549946573
2022-10-03 01:00:00,1201.104005025875
2022-10-03 02:00:00,1203.2203745190993
2022-10-04 00:00:00,1205.630532220819
2022-10-04 01:00:00,1208.0502700214895
2022-10-05 00:00:00,1210.5737627611834
2022-10-05 01:00:00,1213.0988313670491
2022-10-06 00:00:00,1215.8231389242233
2022-10-06 01:00:00,1218.552146150676
2022-10-06 15:00:00,1220.8876448107399
2022-10-06 16:00:00,1223.2309218023527
2022-10-07 00:00:00,1225.6480652332802
2022-10-07 01:00:00,1228.0212442764125
2022-10-08 00:00:00,1226.7278951189903
2022-10-08 01:00:00,1225.4370779575358
2022-10-09 00:00:00,1227.072606915719
2022-10-09 01:00:00,1228.712268617186
2022-10-10 00:00:00,1230.4076659941252
2022-10-10 01:00:00,1232.0670352754523
2022-10-11 02:00:00,1230.8241727087416
2022-10-11 03:00:00,1229.599686832058
2022-10-12 00:00:00,1228.41122845525
2022-10-12 01:00:00,1227.2289739909781
2022-10-13 00:00:00,1226.1559465109979
2022-10-13 01:00:00,1225.0816174302345
2022-10-14 00:00:00,1223.5057074975948
2022-10-14 01:00:00,1227.043741726514
2022-10-15 00:00:00,1229.6141547957063
2022-10-15 01:00:00,1232.1075363294706
2022-10-16 00:00:00,1231.2257243937008
2022-10-16 01:00:00,1230.3217955901594
2022-10-17 00:00:00,1232.2640595649807
2022-10-17 01:00:00,1234.241168858955
2022-10-18 00:00:00,1233.0565004261712
2022-10-18 02:00:00,1235.0562875319008
2022-10-19 00:00:00,1237.3962429309502
2022-10-19 01:00:00,1239.7607460379957
2022-10-20 00:00:00,1241.9227708512344
2022-10-20 02:00:00,1244.091788686415
2022-10-20 15:00:00,1245.963899747849
2022-10-20 16:00:00,1247.8812848888606
2022-10-21 00:00:00,1246.7140636278189
2022-10-21 01:00:00,1245.5455802563959
2022-10-22 05:00:00,1246.7255583921085
2022-10-22 06:00:00,1247.7172854962853
2022-10-23 00:00:00,1246.9794564316894
2022-10-23 01:00:00,1246.2340789742284
2022-10-24 00:00:00,1245.0923232418427
2022-10-24 02:00:00,1243.9295380449378
2022-10-25 00:00:00,1245.7120771226753
2022-10-25 01:00:00,1244.621042849003
2022-10-26 00:00:00,1243.2305082866303
2022-10-26 01:00:00,1241.8140426231435
2022-10-27 00:00:00,1244.6379745745605
2022-10-27 01:00:00,1247.4252541526564
2022-10-28 00:00:00,1250.0348953471826
2022-10-28 01:00:00,1252.6511392192192
2022-10-29 00:00:00,1255.1183566502007
2022-10-29 01:00:00,1257.5477524688606
2022-10-30 01:00:00,1256.3832687950896
2022-10-30 03:00:00,1258.3520597938848
2022-10-31 00:00:00,1257.198969578115
2022-10-31 01:00:00,1256.0497567084356
2022-11-01 01:00:00,1258.3347826000916
2022-11-01 02:00:00,1260.6151085402096
2022-11-02 00:00:00,1262.4504479445795
2022-11-02 02:00:00,1264.173876962244
2022-11-03 00:00:00,1266.830186529535
2022-11-03 01:00:00,1269.5439864476573
2022-11-03 15:00:00,1271.5534958570406
2022-11-03 16:00:00,1273.5690720473265
2022-11-04 00:00:00,1272.4049639124087
2022-11-04 01:00:00,1271.2758324070373
2022-11-05 00:00:00,1274.380957616062
2022-11-05 03:00:00,1277.2796593679122
2022-11-06 00:00:00,1278.7903344174163
2022-11-06 02:00:00,1277.7511733947101
2022-11-07 00:00:00,1276.6399131489723
2022-11-07 01:00:00,1275.5135010717368
2022-11-08 00:00:00,1277.7678621001353
2022-11-08 01:00:00,1280.07715784201
2022-11-09 00:00:00,1277.9540021176444
2022-11-09 01:00:00,1275.8222920402
2022-11-10 01:00:00,1280.9316817152835
2022-11-10 02:00:00,1285.7787035221645
2022-11-11 00:00:00,1283.9835244501699
2022-11-11 02:00:00,1282.1524508658015
2022-11-12 00:00:00,1280.305625583178
2022-11-12 01:00:00,1278.4696429391433
2022-11-13 00:00:00,1280.5726957995882
2022-11-13 01:00:00,1282.6446656086298
2022-11-14 00:00:00,1281.2449582493161
2022-11-14 01:00:00,1279.803269011441
2022-11-15 03:00:00,1283.2247338549905
2022-11-15 05:00:00,1286.447153159996
2022-11-16 00:00:00,1284.9297462386091
2022-11-16 01:00:00,1283.457483544397
2022-11-17 00:00:00,1282.0749432578314
2022-11-17 01:00:00,1280.7098984269187
2022-11-17 15:00:00,1279.4913348156438
2022-11-17 16:00:00,1278.2675513446093
2022-11-18 00:00:00,1280.620404284827
2022-11-18 01:00:00,1283.021356423952
2022-11-19 00:00:00,1284.9189263031371
2022-11-19 01:00:00,1286.7684828739798
2022-11-20 00:00:00,1287.8540936620548
2022-11-20 01:00:00,1289.0271718404717
2022-11-21 00:00:00,1287.7516473188923
2022-11-21 01:00:00,1286.4951675399802
2022-11-22 00:00:00,1284.9785209341535
2022-11-22 01:00:00,1283.4604859517578
2022-11-23 00:00:00,1286.2469607036685
2022-11-23 01:00:00,1289.0024936146149
2022-11-24 01:00:00,1287.6018333491434
2022-11-24 02:00:00,1286.1987221281026
2022-11-25 00:00:00,1288.1026532383871
2022-11-25 01:00:00,1289.995773452372
2022-11-26 01:00:00,1291.8494773892965
2022-11-26 02:00:00,1293.662017737787
2022-11-27 00:00:00,1292.5818571199402
2022-11-27 04:00:00,1294.200466363318
2022-11-28 01:00:00,1293.0777597492818
2022-11-28 02:00:00,1295.0354619222628
2022-11-29 00:00:00,1297.4270401475833
2022-11-29 01:00:00,1296.131996387419
2022-11-30 00:00:00,1294.8990434594477
2022-11-30 01:00:00,1297.2186735208652
2022-12-01 00:00:00,1299.6628386074274
2022-12-01 01:00:00,1302.1367052359087
2022-12-01 15:00:00,1304.2257225065894
2022-12-01 16:00:00,1306.3439078499641
2022-12-02 00:00:00,1308.5658114344733
2022-12-02 03:00:00,1307.3965893088607
2022-12-03 00:00:00,1309.4321724067352
2022-12-03 01:00:00,1311.4113509902295
2022-12-04 00:00:00,1310.5185995946051
2022-12-04 04:00:00,1311.8400162834862
2022-12-05 00:00:00,1313.7665021551122
2022-12-05 02:00:00,1312.6048198193294
2022-12-06 00:00:00,1314.5973040252127
2022-12-06 01:00:00,1316.639754306226
2022-12-07 00:00:00,1318.2996763986316
2022-12-07 01:00:00,1319.9259932693383
2022-12-08 00:00:00,1321.29930625996
2022-12-08 01:00:00,1322.691218356469
2022-12-09 01:00:00,1324.759314775201
2022-12-09 02:00:00,1326.8245185075755
2022-12-10 03:00:00,1327.828397388597
2022-12-10 04:00:00,1328.6761563728412
2022-12-11 20:00:00,1327.8842936167052
2022-12-11 22:00:00,1327.0686040484657
2022-12-12 00:00:00,1326.0906827526592
2022-12-12 01:00:00,1325.0920468269908
2022-12-13 00:00:00,1326.5444963477569
2022-12-13 01:00:00,1328.0266074213473
2022-12-14 02:00:00,1326.6897829159097
2022-12-14 03:00:00,1325.5113829713146
2022-12-15 00:00:00,1324.028031578495
2022-12-15 01:00:00,1322.507707525211
2022-12-15 15:00:00,1324.4660092678469
2022-12-15 16:00:00,1326.3755754615217
2022-12-16 00:00:00,1328.498532470594
2022-12-16 01:00:00,1330.607313700182
2022-12-17 00:00:00,1333.0643636483524
2022-12-17 07:00:00,1335.1831902428298
2022-12-18 00:00:00,1336.5372753733607
2022-12-18 01:00:00,1337.8550558043767
2022-12-19 00:00:00,1339.2684165606424
2022-12-19 01:00:00,1340.739719286602
2022-12-20 00:00:00,1339.525823892299
2022-12-20 01:00:00,1338.285363229471
2022-12-21 01:00:00,1340.4368512148023
2022-12-21 02:00:00,1342.577467250775
2022-12-22 00:00:00,1344.3369989517223
2022-12-22 02:00:00,1346.0913806272995
2022-12-23 01:00:00,1344.9699763151204
2022-12-23 02:00:00,1346.8820509760717
2022-12-24 03:00:00,1347.8979989322281
2022-12-24 07:00:00,1348.5665513886513
2022-12-25 15:00:00,1349.1183132907622
2022-12-25 16:00:00,1349.7257586216308
2022-12-26 00:00:00,1348.861512421819
2022-12-26 02:00:00,1350.1026552558628
2022-12-27 00:00:00,1351.1220279504353
2022-12-27 01:00:00,1352.1709990987001
2022-12-28 00:00:00,1353.8377581170541
2022-12-28 01:00:00,1355.564286933282
2022-12-29 00:00:00,1357.3531365266701
2022-12-29 15:00:00,1358.5024570948458
2022-12-29 16:00:00,1359.6195663602357
2022-12-30 00:00:00,1360.7030582973618
2022-12-30 01:00:00,1361.7914286314667
2022-12-31 13:00:00,1362.2656423058302
2022-12-31 14:00:00,1362.798986356934
2023-01-01 00:00:00,1363.6931743857292
2023-01-01 01:00:00,1364.6224990506062
2023-01-02 00:00:00,1365.140605876663
2023-01-02 01:00:00,1364.4641300971953
2023-01-03 00:00:00,1365.498614532405
2023-01-03 01:00:00,1364.63145379678
2023-01-04 00:00:00,1363.7882736999952
2023-01-04 01:00:00,1362.9005562411123
2023-01-05 02:00:00,1364.5807377201497
2023-01-05 03:00:00,1366.2549390602424
2023-01-06 00:00:00,1367.1893636877405
2023-01-06 01:00:00,1368.1729355590026
2023-01-07 00:00:00,1369.8748009454139
2023-01-07 07:00:00,1370.970541681039
2023-01-08 16:00:00,1370.3100075125305
2023-01-08 17:00:00,1369.6354186031494
2023-01-09 01:00:00,1368.5993125344205
2023-01-09 03:00:00,1367.5389031382374
2023-01-10 00:00:00,1369.2239278594614
2023-01-10 03:00:00,1368.1562143212245
2023-01-11 00:00:00,1369.7177776335518
2023-01-11 01:00:00,1371.3255508295445
2023-01-12 00:00:00,1373.613117889871
2023-01-12 01:00:00,1376.0055364421285
2023-01-12 15:00:00,1374.7588724658074
2023-01-12 16:00:00,1373.5435509180697
2023-01-13 04:00:00,1372.1238591033953
2023-01-13 05:00:00,1370.7216858867578
2023-01-14 00:00:00,1373.3566201792046
2023-01-14 01:00:00,1372.128088027043
2023-01-15 00:00:00,1375.1513464674074
2023-01-15 01:00:00,1378.1141271542244
2023-01-16 00:00:00,1376.9001022087964
2023-01-16 01:00:00,1379.399081287981
2023-01-17 00:00:00,1382.0005614963409
2023-01-17 02:00:00,1380.6508912587776
2023-01-18 02:00:00,1383.263854204376
2023-01-18 03:00:00,1381.9515357221626
2023-01-19 06:00:00,1384.2608378910463
2023-01-19 07:00:00,1386.3405896590482
2023-01-20 00:00:00,1385.1459508502567
2023-01-20 01:00:00,1383.945314145205
2023-01-21 00:00:00,1386.9064822547907
2023-01-21 01:00:00,1389.8831973577453
2023-01-22 00:00:00,1388.4621759240354
2023-01-22 04:00:00,1387.0633732135161
2023-01-23 02:00:00,1385.7671952101205
2023-01-23 03:00:00,1384.4619614767992
2023-01-24 01:00:00,1387.3405074818634
2023-01-24 02:00:00,1390.1947210873846
2023-01-25 00:00:00,1392.7589032000474
2023-01-25 03:00:00,1395.3846325597067
2023-01-26 00:00:00,1398.5975093743634
2023-01-26 01:00:00,1401.8430026763585
2023-01-26 15:00:00,1400.6256632049374
2023-01-26 16:00:00,1399.40263075934
2023-01-27 00:00:00,1398.184736532687
2023-01-27 03:00:00,1400.6206665729135
2023-01-28 00:00:00,1402.9667993716455
2023-01-28 01:00:00,1405.3431379307146
2023-01-29 00:00:00,1404.3660068691838
2023-01-29 02:00:00,1406.1442516739296
2023-01-30 00:00:00,1408.618815433476
2023-01-30 01:00:00,1410.9606918543448
2023-01-31 04:00:00,1413.3520284025471
2023-01-31 05:00:00,1415.6793693528218
2023-02-01 00:00:00,1414.4778778222658
2023-02-01 01:00:00,1416.7705545225735
2023-02-02 00:00:00,1419.5010228612407
2023-02-02 01:00:00,1422.322561642127
2023-02-03 00:00:00,1425.0612228405166
2023-02-03 01:00:00,1427.7988063097346
2023-02-04 00:00:00,1430.1353222544137
2023-02-04 02:00:00,1432.4383530190535
2023-02-05 00:00:00,1434.0441313530146
2023-02-05 01:00:00,1435.6679516456497
2023-02-06 00:00:00,1437.920027548617
2023-02-06 01:00:00,1440.2066614376372
2023-02-07 05:00:00,1442.0656227144564
2023-02-07 06:00:00,1443.7939057310634
2023-02-08 00:00:00,1446.2570853180678
2023-02-08 01:00:00,1448.7942149253263
2023-02-09 00:00:00,1447.6308769646803
2023-02-09 01:00:00,1446.465623695516
2023-02-09 15:00:00,1448.6969813274634
2023-02-09 16:00:00,1450.9454456385984
2023-02-10 00:00:00,1453.6647557247998
2023-02-10 01:00:00,1456.3939974868615
2023-02-11 07:00:00,1458.0786773578334
2023-02-11 08:00:00,1459.7308156213173
2023-02-12 02:00:00,1458.7203541643016
2023-02-12 03:00:00,1457.7153156069785
2023-02-13 00:00:00,1459.7407980088494
2023-02-13 01:00:00,1461.878817273911
2023-02-14 01:00:00,1464.0501764705198
2023-02-14 02:00:00,1466.179128680682
2023-02-15 00:00:00,1464.8365935887298
2023-02-15 01:00:00,1463.4890391481094
2023-02-16 01:00:00,1465.9837829496514
2023-02-16 02:00:00,1469.1721603785343
2023-02-17 01:00:00,1471.8497696007641
2023-02-17 03:00:00,1474.4669483388934
2023-02-18 10:00:00,1476.9594699856893
2023-02-18 12:00:00,1478.943197274987
2023-02-19 00:00:00,1480.8362917335849
2023-02-19 01:00:00,1482.7413077019671
2023-02-20 00:00:00,1485.4855549714007
2023-02-20 01:00:00,1484.0612433957376
2023-02-21 00:00:00,1482.8030954532167
2023-02-21 01:00:00,1481.5670911915622
2023-02-22 00:00:00,1484.3601832604697
2023-02-22 01:00:00,1487.2431707692053
2023-02-23 00:00:00,1485.9396622736324
2023-02-23 01:00:00,1484.6538797670275
2023-02-23 15:00:00,1487.4790599584483
2023-02-23 19:00:00,1490.3221873174052
2023-02-24 00:00:00,1493.2346512699694
2023-02-24 01:00:00,1495.9398311003413
2023-02-25 00:00:00,1498.7771251249228
2023-02-25 01:00:00,1501.6229828793216
2023-02-26 02:00:00,1503.5294226139551
2023-02-26 03:00:00,1505.4231434552837
2023-02-27 00:00:00,1507.6437167012452
2023-02-27 01:00:00,1509.907511697969
2023-02-28 00:00:00,1512.6340532983165
2023-02-28 01:00:00,1515.3819988221144
2023-03-01 00:00:00,1514.128754598147
2023-03-01 01:00:00,1512.8565103907483
2023-03-02 00:00:00,1515.3025893201393
2023-03-02 01:00:00,1517.8182344139725
2023-03-03 00:00:00,1516.6723649733235
2023-03-03 02:00:00,1519.7130662402242
2023-03-04 06:00:00,1521.3204175620463
2023-03-04 07:00:00,1522.8826427338472
2023-03-05 00:00:00,1524.2808902331242
2023-03-05 01:00:00,1525.9439315237876
2023-03-06 00:00:00,1527.3979520616635
2023-03-06 01:00:00,1529.0050086600065
2023-03-07 00:00:00,1530.6370254903209
2023-03-07 01:00:00,1532.3173782247559
2023-03-08 00:00:00,1534.8465974691471
2023-03-08 01:00:00,1537.4067761149859
2023-03-09 00:00:00,1539.9486270307823
2023-03-09 01:00:00,1542.534444035622
2023-03-09 15:00:00,1544.353550284952
2023-03-09 16:00:00,1546.3243561866739
2023-03-10 00:00:00,1548.8585920912947
2023-03-10 01:00:00,1551.5225737859662
2023-03-11 00:00:00,1554.0232677272156
2023-03-11 01:00:00,1556.58941933587
2023-03-12 00:00:00,1559.019812906629
2023-03-12 01:00:00,1561.4368495230965
2023-03-13 00:00:00,1564.398076677174
2023-03-13 01:00:00,1567.4756233674761
2023-03-14 00:00:00,1566.1147049366111
2023-03-14 01:00:00,1564.7435200957166
2023-03-15 01:00:00,1569.0616967503422
2023-03-15 02:00:00,1572.6069517976448
2023-03-16 00:00:00,1571.2724869371152
2023-03-16 02:00:00,1570.0646168693304
2023-03-17 00:00:00,1568.603503025102
2023-03-17 01:00:00,1567.0722731973378
2023-03-18 00:00:00,1569.863204978324
2023-03-18 04:00:00,1572.4883262687217
2023-03-19 01:00:00,1575.749908673451
2023-03-19 02:00:00,1578.917581039192
2023-03-20 00:00:00,1581.5194842354117
2023-03-20 01:00:00,1584.1489010006023
2023-03-21 00:00:00,1587.4601025230818
2023-03-21 01:00:00,1590.7738899401115
2023-03-22 02:00:00,1589.4034847161345
2023-03-22 03:00:00,1588.0425096309264
2023-03-23 15:00:00,1590.9451721271914
2023-03-23 16:00:00,1593.8953220933472
2023-03-24 00:00:00,1596.5845780501204
2023-03-24 01:00:00,1599.2715883998
2023-03-25 02:00:00,1602.3602681548207
2023-03-25 03:00:00,1605.3460680114147
2023-03-26 00:00:00,1604.0680289672637
2023-03-26 01:00:00,1606.4632216404211
2023-03-27 00:00:00,1609.1154452840167
2023-03-27 01:00:00,1607.7741757382028
2023-03-28 00:00:00,1610.8942017231889
2023-03-28 01:00:00,1614.096180941833
2023-03-29 00:00:00,1612.6820869710436
2023-03-29 01:00:00,1611.3027244864556
2023-03-30 00:00:00,1609.9872611716046
2023-03-30 01:00:00,1608.6704610581544
2023-03-31 00:00:00,1611.6452906587729
2023-03-31 01:00:00,1614.6956542875828
2023-04-01 01:00:00,1617.3988768699664
2023-04-01 02:00:00,1620.1393298117987
2023-04-02 01:00:00,1619.0172396387418
2023-04-02 02:00:00,1617.9044296761763
2023-04-03 00:00:00,1620.2173100798527
2023-04-03 01:00:00,1618.8720591917456
2023-04-04 00:00:00,1617.372027822253
2023-04-04 01:00:00,1615.860622864873
2023-04-05 00:00:00,1618.3974064340302
2023-04-05 01:00:00,1620.8924818455773
2023-04-06 00:00:00,1623.5786252334608
2023-04-06 01:00:00,1626.3291473116283
2023-04-06 15:00:00,1625.1113668036255
2023-04-06 16:00:00,1627.2507754050894
2023-04-07 00:00:00,1629.261974550388
2023-04-07 01:00:00,1631.2513863675172
2023-04-08 01:00:00,1632.6896245484404
2023-04-08 02:00:00,1633.9927442881112
2023-04-09 00:00:00,1632.9474700951796
2023-04-09 01:00:00,1631.90107884393
2023-04-10 00:00:00,1633.8920424737094
2023-04-10 01:00:00,1635.9338361236166
2023-04-11 01:00:00,1639.1230311481777
2023-04-11 02:00:00,1642.4933207666018
2023-04-12 00:00:00,1644.9303775591957
2023-04-12 01:00:00,1647.4222337853
2023-04-13 02:00:00,1646.0870600069459
2023-04-13 03:00:00,1648.4630075855214
2023-04-14 00:00:00,1650.8919322110328
2023-04-14 01:00:00,1653.4113944584499
2023-04-15 05:00:00,1655.3414119762604
2023-04-15 06:00:00,1657.0998311265237
2023-04-16 00:00:00,1658.5700552965184
2023-04-16 01:00:00,1660.1081642499457
2023-04-17 00:00:00,1662.2276538414912
2023-04-17 01:00:00,1664.4425931993183
2023-04-18 00:00:00,1666.7402759126965
2023-04-18 01:00:00,1665.504517068017
2023-04-19 00:00:00,1668.0605910413638
2023-04-19 01:00:00,1666.763308645427
2023-04-20 00:00:00,1669.521788370986
2023-04-20 01:00:00,1672.3113123089265
2023-04-20 15:00:00,1675.0771129390382
2023-04-20 17:00:00,1673.636026907535
2023-04-21 01:00:00,1676.751534445475
2023-04-21 02:00:00,1679.6237130164636
2023-04-22 04:00:00,1678.2308434141883
2023-04-22 05:00:00,1680.850389317764
2023-04-23 03:00:00,1679.5211674133814
2023-04-23 04:00:00,1678.220075452448
2023-04-24 00:00:00,1676.862522934345
2023-04-24 01:00:00,1675.4751459127176
2023-04-25 00:00:00,1674.0183917042764
2023-04-25 01:00:00,1672.5647028103929
2023-04-26 00:00:00,1671.1578811818251
2023-04-26 01:00:00,1669.7517811116973
2023-04-27 00:00:00,1673.7440038862871
2023-04-27 04:00:00,1677.546914260265
2023-04-28 00:00:00,1680.934145447875
2023-04-28 01:00:00,1684.3006698432382
2023-04-29 03:00:00,1683.0480650534603
2023-04-29 04:00:00,1681.8274228542302
2023-04-30 00:00:00,1683.5460762226248
2023-04-30 01:00:00,1685.2588888026378
2023-05-01 00:00:00,1687.8377592559705
2023-05-01 01:00:00,1686.3202125177927
2023-05-02 02:00:00,1684.8053293035841
2023-05-02 03:00:00,1683.3030362037834
2023-05-03 00:00:00,1686.2234195944625
2023-05-03 01:00:00,1689.1589336551824
2023-05-04 01:00:00,1692.4230262451752
2023-05-04 02:00:00,1695.6287401938926
2023-05-04 15:00:00,1698.1188505344885
2023-05-04 16:00:00,1700.597022162386
2023-05-05 00:00:00,1699.250866229278
2023-05-05 01:00:00,1701.8554637263387
2023-05-06 00:00:00,1704.8596349173256
2023-05-06 01:00:00,1707.9034792397686
2023-05-07 00:00:00,1710.427703531946
2023-05-07 01:00:00,1713.1138999657192
2023-05-08 00:00:00,1715.6227442475467
2023-05-08 01:00:00,1718.3305394098886
2023-05-09 01:00:00,1721.2365066912118
2023-05-09 02:00:00,1724.117380553377
2023-05-10 00:00:00,1722.694158415938
2023-05-10 01:00:00,1721.2755270064451
2023-05-11 01:00:00,1725.1333056235512
2023-05-11 02:00:00,1728.80985013728
2023-05-12 00:00:00,1731.9547844142114
2023-05-12 01:00:00,1735.1915041593368
2023-05-13 11:00:00,1737.2137249253328
2023-05-13 12:00:00,1739.1420036033742
2023-05-14 00:00:00,1737.8643675887065
2023-05-14 03:00:00,1736.5877059604022
2023-05-15 00:00:00,1738.7248999854971
2023-05-15 01:00:00,1741.1791599129306
2023-05-16 00:00:00,1743.6287506799065
2023-05-16 02:00:00,1742.208329100529
2023-05-17 00:00:00,1740.903162486161
2023-05-17 01:00:00,1739.5894927927864
2023-05-18 00:00:00,1738.1224939295873
2023-05-18 01:00:00,1736.693189956919
2023-05-18 15:00:00,1735.3858733941643
2023-05-18 16:00:00,1734.0718552008238
2023-05-19 03:00:00,1732.5639208928985
2023-05-19 04:00:00,1731.1123684514598
2023-05-20 05:00:00,1732.5515058798555
2023-05-20 06:00:00,1733.7802648128259
2023-05-21 00:00:00,1732.5964555727594
2023-05-21 01:00:00,1731.3989513865715
2023-05-22 00:00:00,1733.4321794818234
2023-05-22 01:00:00,1732.1966466631302
2023-05-23 00:00:00,1734.3762598506307
2023-05-23 01:00:00,1736.7199459237781
2023-05-24 00:00:00,1735.526913002931
2023-05-24 01:00:00,1734.3372347287468
2023-05-25 00:00:00,1737.094357635393
2023-05-25 05:00:00,1739.5977801665035
2023-05-26 00:00:00,1738.296439291028
2023-05-26 02:00:00,1740.477457187473
2023-05-27 01:00:00,1739.2181493448848
2023-05-27 02:00:00,1737.9820545194284
2023-05-28 00:00:00,1739.93304652623
2023-05-28 01:00:00,1741.9275845363775
2023-05-29 00:00:00,1744.7721322276216
2023-05-29 01:00:00,1747.535274423298
2023-05-30 02:00:00,1746.2370389211223
2023-05-30 04:00:00,1748.3831702150753
2023-05-31 00:00:00,1747.0454171940748
2023-05-31 01:00:00,1745.7239230785508
2023-06-01 00:00:00,1744.3848849506292
2023-06-01 01:00:00,1743.0529150017899
2023-06-01 15:00:00,1745.2621490056697
2023-06-01 16:00:00,1747.4035051822927
2023-06-02 00:00:00,1746.0319155797652
2023-06-02 03:00:00,1744.6540415422621
2023-06-03 03:00:00,1746.4335003512301
2023-06-03 05:00:00,1748.0799163866552
2023-06-04 00:00:00,1749.7552940024684
2023-06-04 01:00:00,1751.5062400916163
2023-06-05 00:00:00,1750.312311454424
2023-06-05 01:00:00,1749.111104991715
2023-06-06 00:00:00,1752.2777356880324
2023-06-06 01:00:00,1755.42732909143
2023-06-07 00:00:00,1758.8916702930312
2023-06-07 02:00:00,1757.2486431119323
2023-06-08 01:00:00,1760.2030720182534
2023-06-08 02:00:00,1763.1191792553172
2023-06-09 01:00:00,1761.7676748799643
2023-06-09 04:00:00,1763.9823252044246
2023-06-10 00:00:00,1762.7841116121967
2023-06-10 01:00:00,1761.5613278177905
2023-06-11 01:00:00,1764.5461985424652
2023-06-11 07:00:00,1763.161593751151
2023-06-12 00:00:00,1761.813388122224
2023-06-12 01:00:00,1760.4627025504349
2023-06-13 00:00:00,1759.1920737756495
2023-06-13 01:00:00,1761.4308569962543
2023-06-14 00:00:00,1760.0734339806784
2023-06-14 01:00:00,1758.722463315838
2023-06-15 00:00:00,1761.7684509436835
2023-06-15 01:00:00,1764.8814294761369
2023-06-15 15:00:00,1767.0482347852196
2023-06-15 16:00:00,1769.2192898084643
2023-06-16 02:00:00,1767.8122179362608
2023-06-16 04:00:00,1766.4201533724165
2023-06-17 00:00:00,1769.2473349856718
2023-06-17 01:00:00,1772.1121642940636
2023-06-18 03:00:00,1770.8859925379818
2023-06-18 04:00:00,1769.6654710906578
2023-06-19 04:00:00,1771.7032165894464
2023-06-19 05:00:00,1773.746664477706
2023-06-20 00:00:00,1772.2733254587235
2023-06-20 01:00:00,1775.2302860657962
2023-06-21 00:00:00,1773.5644163238485
2023-06-21 02:00:00,1771.8312195643591
2023-06-22 00:00:00,1774.8070163782193
2023-06-22 01:00:00,1777.7624444228886
2023-06-23 03:00:00,1780.7426439695043
2023-06-23 04:00:00,1783.3596831863654
2023-06-24 03:00:00,1787.0730068319995
2023-06-24 04:00:00,1790.6946205234394
2023-06-25 00:00:00,1789.3693149778617
2023-06-25 01:00:00,1788.0317793383817
2023-06-26 00:00:00,1790.3824944978435
2023-06-26 01:00:00,1788.9773797237508
2023-06-27 00:00:00,1787.5194422173731
2023-06-27 01:00:00,1786.058581567495
2023-06-28 00:00:00,1788.8520185536984
2023-06-28 01:00:00,1791.6168968810773
2023-06-29 00:00:00,1790.1610075136493
2023-06-29 01:00:00,1788.6914135266322
2023-06-29 15:00:00,1791.1042898705712
2023-06-29 16:00:00,1793.5166739526292
2023-06-30 00:00:00,1792.1136467768595
2023-06-30 01:00:00,1790.721823732456
2023-07-01 08:00:00,1789.509497881974
2023-07-01 09:00:00,1788.316895419102
2023-07-02 00:00:00,1789.6880349006992
2023-07-02 01:00:00,1790.9202466832733
2023-07-03 02:00:00,1793.2793230349762
2023-07-03 03:00:00,1795.6524102894286
2023-07-04 00:00:00,1798.1931136918677
2023-07-04 01:00:00,1800.8223056801314
2023-07-05 00:00:00,1802.8989099447967
2023-07-05 01:00:00,1804.9787491290544
2023-07-06 00:00:00,1803.654608954278
2023-07-06 01:00:00,1802.3302605838362
2023-07-07 03:00:00,1805.3284374050806
2023-07-07 04:00:00,1808.0824193920612
2023-07-08 00:00:00,1806.750010191469
2023-07-08 01:00:00,1805.4288499267311
2023-07-09 00:00:00,1804.260026361853
2023-07-09 01:00:00,1803.0735340854594
2023-07-10 00:00:00,1805.0009020724037
2023-07-10 01:00:00,1803.7257846496539
2023-07-11 01:00:00,1806.6196365008996
2023-07-11 02:00:00,1809.5276257537992
2023-07-12 00:00:00,1808.1948111125496
2023-07-12 01:00:00,1806.860807718978
2023-07-13 01:00:00,1809.353073079421
2023-07-13 02:00:00,1807.9993356064829
2023-07-13 15:00:00,1810.2998895145015
2023-07-13 16:00:00,1808.9104626433443
2023-07-14 00:00:00,1812.357902120116
2023-07-14 01:00:00,1815.8652189900454
2023-07-15 09:00:00,1817.4235262138789
2023-07-15 10:00:00,1818.7224100386409
2023-07-16 00:00:00,1819.5108385745714
2023-07-16 01:00:00,1820.3377344419157
2023-07-17 00:00:00,1822.0270947805275
2023-07-17 01:00:00,1823.8122520209179
2023-07-18 00:00:00,1826.4471293807485
2023-07-18 01:00:00,1829.0677458965338
2023-07-19 00:00:00,1827.59332069955
2023-07-19 02:00:00,1826.169053130018
2023-07-20 00:00:00,1828.574607584331
2023-07-20 01:00:00,1830.9734177306989
2023-07-21 01:00:00,1833.5181380355666
2023-07-21 02:00:00,1836.072784688038
2023-07-22 00:00:00,1837.8432308382442
2023-07-22 01:00:00,1839.6029769547808
2023-07-23 01:00:00,1840.8061106598732
2023-07-23 05:00:00,1839.657359182287
2023-07-24 00:00:00,1838.3618052504435
2023-07-24 02:00:00,1840.5416145176887
2023-07-25 01:00:00,1839.2461213771292
2023-07-25 03:00:00,1841.1570145001215
2023-07-26 00:00:00,1839.8960625206812
2023-07-26 01:00:00,1841.7419733582483
2023-07-27 15:00:00,1843.30565693552
2023-07-27 16:00:00,1844.850528128539
2023-07-28 00:00:00,1846.488113102926
2023-07-28 01:00:00,1848.1120600735992
2023-07-29 01:00:00,1849.807691476918
2023-07-29 02:00:00,1851.4145881752936
2023-07-30 15:00:00,1852.2429101642826
2023-07-30 16:00:00,1853.1767740729017
2023-07-31 00:00:00,1855.1998342506934
2023-07-31 01:00:00,1857.2527599181997
2023-08-01 00:00:00,1859.0254747133492
2023-08-01 01:00:00,1860.9397192549918
2023-08-02 00:00:00,1863.5378640816232
2023-08-02 01:00:00,1866.2668773683608
2023-08-03 00:00:00,1868.5990889417762
2023-08-03 01:00:00,1870.9686012783757
2023-08-04 00:00:00,1873.0648442038096
2023-08-04 01:00:00,1875.1550342129644
2023-08-05 00:00:00,1877.1482655152977
2023-08-05 01:00:00,1879.1568541280012
2023-08-07 00:00:00,1880.4420341408318
2023-08-07 01:00:00,1881.9292123352413
2023-08-08 00:00:00,1884.0366919594148
2023-08-08 01:00:00,1882.7052204004415
2023-08-09 01:00:00,1885.5113759352935
2023-08-09 02:00:00,1884.008329127516
2023-08-10 00:00:00,1886.4410825615416
2023-08-10 01:00:00,1888.8526167265313
2023-08-10 15:00:00,1887.6030997236485
2023-08-10 16:00:00,1889.4901004650658
2023-08-11 00:00:00,1891.315889804805
2023-08-11 01:00:00,1893.117944335006
2023-08-12 00:00:00,1894.5647394790187
2023-08-14 03:00:00,1896.000542024434
2023-08-14 04:00:00,1897.4882139203607
2023-08-15 03:00:00,1899.3110836341182
2023-08-15 04:00:00,1900.9731438558588
2023-08-16 00:00:00,1902.6829275499392
2023-08-16 01:00:00,1904.403054023343
2023-08-17 00:00:00,1906.8624080839552
2023-08-17 01:00:00,1909.3493266319194
2023-08-18 00:00:00,1913.558520641436
2023-08-18 01:00:00,1917.861726119492
2023-08-19 00:00:00,1921.1560921529056
2023-08-19 01:00:00,1924.43423331483
2023-08-20 00:00:00,1926.4897643567897
2023-08-20 03:00:00,1925.1624982884666
2023-08-21 02:00:00,1927.0440824005666
2023-08-21 03:00:00,1925.782407062092
2023-08-22 00:00:00,1928.012805196601
2023-08-22 02:00:00,1930.1506465696184
2023-08-23 00:00:00,1933.2266158355594
2023-08-23 01:00:00,1936.3381205540716
2023-08-24 02:00:00,1939.4883114931135
2023-08-24 15:00:00,1941.5970002212177
2023-08-24 16:00:00,1943.781781004694
2023-08-25 00:00:00,1946.198894091934
2023-08-25 01:00:00,1948.5874729646541
2023-08-26 04:00:00,1950.5081625212076
2023-08-26 05:00:00,1952.2115089742883
2023-08-27 19:00:00,1953.2133975078564
2023-08-27 22:00:00,1954.4644144345546
2023-08-28 01:00:00,1955.9358823256914
2023-08-28 02:00:00,1957.4337827612324
2023-08-29 00:00:00,1959.4641168711707
2023-08-29 01:00:00,1961.548306297101
2023-08-30 00:00:00,1964.489645282922
2023-08-30 01:00:00,1963.0856110214686
2023-08-31 00:00:00,1961.6197297984818
2023-08-31 01:00:00,1960.1625706072912
2023-09-01 02:00:00,1963.6342497518037
2023-09-01 03:00:00,1967.0640214300784
2023-09-02 09:00:00,1965.8225455110703
2023-09-02 10:00:00,1967.1634176899615
2023-09-03 00:00:00,1968.5727632248143
2023-09-03 01:00:00,1969.951723759563
2023-09-04 00:00:00,1972.0092592784508
2023-09-04 01:00:00,1974.0834796877498
2023-09-05 00:00:00,1972.7515841554264
2023-09-05 01:00:00,1974.883358641671
2023-09-06 00:00:00,1973.6132029278226
2023-09-06 01:00:00,1972.3418401999452
2023-09-07 02:00:00,1974.9616800508936
2023-09-07 15:00:00,1973.765033355619
2023-09-07 16:00:00,1972.541531550239
2023-09-08 00:00:00,1975.3317847016037
2023-09-08 02:00:00,1973.820343725901
2023-09-09 01:00:00,1972.5865364463702
2023-09-09 02:00:00,1971.3678018279568
2023-09-10 01:00:00,1970.3653322716707
2023-09-10 02:00:00,1969.3608718690518
2023-09-11 00:00:00,1968.022905114279
2023-09-11 01:00:00,1966.6735868166074
2023-09-12 00:00:00,1969.587359472722
2023-09-12 01:00:00,1972.4804662449474
2023-09-13 02:00:00,1970.9045301259732
2023-09-13 03:00:00,1969.3673989143367
2023-09-14 01:00:00,1967.831175019614
2023-09-14 02:00:00,1966.324255178534
2023-09-15 01:00:00,1969.1162764814778
2023-09-15 02:00:00,1971.801686765967
2023-09-16 00:00:00,1974.3524384340835
2023-09-16 01:00:00,1976.7838392717185
2023-09-17 09:00:00,1977.9792249390655
2023-09-17 10:00:00,1979.1712957555937
2023-09-18 00:00:00,1977.9693296737767
2023-09-18 01:00:00,1976.7708836122945
2023-09-19 00:00:00,1975.2464238234768
2023-09-19 01:00:00,1978.0952788403813
2023-09-20 00:00:00,1980.9420848424313
2023-09-20 01:00:00,1983.7927104031332
2023-09-21 01:00:00,1982.351468081584
2023-09-21 02:00:00,1984.9484314911563
2023-09-21 17:00:00,1987.400137808489
2023-09-21 18:00:00,1989.8391294907242
2023-09-22 04:00:00,1988.6033235284228
2023-09-22 05:00:00,1990.3335520624917
2023-09-23 00:00:00,1991.8578400514652
2023-09-23 01:00:00,1990.6692274517798
2023-09-24 19:00:00,1992.2438636312163
2023-09-24 20:00:00,1993.9212180657444
2023-09-25 00:00:00,1996.2339147431533
2023-09-25 01:00:00,1998.668581341096
2023-09-26 01:00:00,2000.6108218141105
2023-09-26 02:00:00,2002.4993392832473
2023-09-27 00:00:00,2001.2096842092517
2023-09-27 01:00:00,1999.9326502396352
2023-09-28 02:00:00,1998.5125901099548
2023-09-28 03:00:00,1997.130454964037
2023-09-29 01:00:00,1995.622516854833
2023-09-29 02:00:00,1998.5604967935192
2023-09-30 18:00:00,1997.48593565995
2023-09-30 21:00:00,1998.7947357254122
2023-10-01 00:00:00,2000.1818109133753
2023-10-01 01:00:00,2001.552077194945
2023-10-02 00:00:00,2004.208224160431
2023-10-02 01:00:00,2006.912453023146
2023-10-03 02:00:00,2009.5943503924725
2023-10-03 03:00:00,2012.216537592672
2023-10-04 07:00:00,2014.4170915125671
2023-10-04 09:00:00,2013.0951670251793
2023-10-05 00:00:00,2015.475753834142
2023-10-05 01:00:00,2017.8949101547717
2023-10-05 15:00:00,2020.248593789876
2023-10-05 22:00:00,2018.8138592065154
2023-10-06 00:00:00,2021.4133767197898
2023-10-06 01:00:00,2024.015089057917
2023-10-07 08:00:00,2026.1466333404367
2023-10-07 09:00:00,2028.2274501519917
2023-10-08 01:00:00,2029.4007704837202
2023-10-08 02:00:00,2030.669934451525
2023-10-09 00:00:00,2029.4333665132174
2023-10-09 01:00:00,2031.349536478824
2023-10-10 01:00:00,2033.6150093038643
2023-10-10 02:00:00,2035.8504492415261
2023-10-11 00:00:00,2037.9788688698402
2023-10-11 01:00:00,2040.0652925465824
2023-10-12 00:00:00,2038.6699779339428
2023-10-12 02:00:00,2041.069371612461
2023-10-13 03:00:00,2043.002145704228
2023-10-13 04:00:00,2044.8282506271523
2023-10-14 10:00:00,2043.5933105000365
2023-10-14 11:00:00,2042.405464939016
2023-10-15 01:00:00,2041.3721451677286
2023-10-15 04:00:00,2040.3679725863208
2023-10-16 00:00:00,2039.0448566902471
2023-10-16 01:00:00,2037.706703182553
2023-10-17 03:00:00,2040.8117098253638
2023-10-17 04:00:00,2039.279705558463
2023-10-18 00:00:00,2037.854713880919
2023-10-18 01:00:00,2036.4327680921438
2023-10-19 00:00:00,2038.4449972746102
2023-10-19 01:00:00,2037.1122533461378
2023-10-19 15:00:00,2035.8227794868878
2023-10-19 16:00:00,2038.0919953577443
2023-10-20 00:00:00,2036.6690514024174
2023-10-20 01:00:00,2035.2479212865796
2023-10-21 00:00:00,2037.8346567543551
2023-10-21 02:00:00,2036.5119414148003
2023-10-22 02:00:00,2039.1230478035575
2023-10-22 03:00:00,2041.696575697484
2023-10-23 01:00:00,2044.078655205664
2023-10-23 02:00:00,2042.6879249783801
2023-10-24 00:00:00,2040.3766591096853
2023-10-24 02:00:00,2046.229874316332
2023-10-25 01:00:00,2049.710501096941
2023-10-25 03:00:00,2048.196358474878
2023-10-26 00:00:00,2050.765990829492
2023-10-26 01:00:00,2053.292001616907
2023-10-27 00:00:00,2056.1533482510545
2023-10-27 02:00:00,2059.02507135604
2023-10-28 00:00:00,2057.6026856920066
2023-10-28 01:00:00,2056.193353110581
2023-10-29 00:00:00,2058.180849582589
2023-10-29 01:00:00,2056.948888268528
2023-10-30 00:00:00,2059.468568191999
2023-10-30 01:00:00,2061.9595820918344
2023-10-31 00:00:00,2064.551829564054
2023-10-31 01:00:00,2067.1251907565393
2023-11-01 00:00:00,2069.6644812970276
2023-11-01 01:00:00,2072.174982369306
2023-11-02 00:00:00,2075.0267458209983
2023-11-02 01:00:00,2077.898586720652
2023-11-02 15:00:00,2080.9732990418115
2023-11-02 16:00:00,2084.040650866172
2023-11-03 00:00:00,2087.244808313556
2023-11-03 01:00:00,2090.5014745313492
2023-11-04 00:00:00,2089.0954476487045
2023-11-04 01:00:00,2091.6067641690192
2023-11-05 00:00:00,2090.343329939654
2023-11-05 01:00:00,2092.2585024023906
2023-11-06 00:00:00,2095.097846047247
2023-11-06 03:00:00,2097.9099321327753
2023-11-07 00:00:00,2100.2829694435477
2023-11-07 01:00:00,2102.634174236747
2023-11-08 01:00:00,2105.5657504414044
2023-11-08 03:00:00,2108.416749326209
2023-11-09 00:00:00,2106.822683675348
2023-11-09 01:00:00,2105.205186967474
2023-11-10 02:00:00,2108.9308378797296
2023-11-10 04:00:00,2112.0374898550167
2023-11-11 00:00:00,2115.0111487530635
2023-11-11 06:00:00,2117.4675007166484
2023-11-12 05:00:00,2119.8903013824497
2023-11-12 06:00:00,2122.29080260839
2023-11-13 00:00:00,2121.037993143101
2023-11-13 01:00:00,2123.01826263615
2023-11-14 00:00:00,2121.524788042774
2023-11-14 02:00:00,2124.168250425682
2023-11-15 00:00:00,2122.795867505863
2023-11-15 01:00:00,2121.4243524831777
2023-11-16 00:00:00,2124.1675302862545
2023-11-16 01:00:00,2126.922223813544
2023-11-16 15:00:00,2129.965966484551
2023-11-16 16:00:00,2133.0414123687956
2023-11-17 01:00:00,2135.7496113789584
2023-11-17 02:00:00,2138.465640240912
2023-11-18 04:00:00,2136.9571910695618
2023-11-18 05:00:00,2135.472246652958
2023-11-19 01:00:00,2137.3835473450135
2023-11-19 03:00:00,2139.27107675051
2023-11-20 00:00:00,2141.6835017164253
2023-11-20 01:00:00,2144.084044475738
2023-11-21 01:00:00,2147.5000828612774
2023-11-21 02:00:00,2150.1175006435606
2023-11-22 06:00:00,2148.821809546352
2023-11-22 07:00:00,2147.1972486500317
2023-11-23 01:00:00,2150.4019999637785
2023-11-23 03:00:00,2153.5763608816374
2023-11-24 00:00:00,2152.174852256266
2023-11-24 01:00:00,2150.79605613646
2023-11-25 02:00:00,2153.655606763668
2023-11-25 03:00:00,2156.4540817753004
2023-11-26 00:00:00,2157.757109579981
2023-11-26 01:00:00,2158.995528546386
2023-11-27 00:00:00,2161.695534127963
2023-11-27 01:00:00,2164.42711859727
2023-11-28 00:00:00,2167.2682118201246
2023-11-28 01:00:00,2170.0176049746146
2023-11-29 00:00:00,2168.4362740835054
2023-11-29 01:00:00,2166.8561412674717
2023-11-30 00:00:00,2169.421968171564
2023-11-30 01:00:00,2167.9911694202456
2023-11-30 15:00:00,2166.5639131365833
2023-11-30 16:00:00,2165.1433178698817
2023-12-01 00:00:00,2163.779293173989
2023-12-01 01:00:00,2162.4075539310684
2023-12-02 03:00:00,2164.651605449535
2023-12-02 04:00:00,2166.8523000677137
2023-12-03 00:00:00,2169.4307089045437
2023-12-03 01:00:00,2172.032478535891
2023-12-04 00:00:00,2170.5216030860865
2023-12-04 01:00:00,2168.934012006183
2023-12-05 00:00:00,2172.3014690402283
2023-12-05 01:00:00,2175.475880823356
2023-12-06 00:00:00,2178.500100250282
2023-12-06 01:00:00,2181.5926706496384
2023-12-07 00:00:00,2184.6518985352564
2023-12-07 01:00:00,2187.448272579121
2023-12-08 00:00:00,2190.4012584242264
2023-12-08 01:00:00,2193.290910802249
2023-12-09 00:00:00,2196.202748444692
2023-12-09 01:00:00,2199.026475297369
2023-12-10 00:00:00,2201.283096417204
2023-12-10 01:00:00,2203.5459477649492
2023-12-11 00:00:00,2205.6611691481253
2023-12-11 01:00:00,2207.9851253755646
2023-12-12 02:00:00,2210.806647850795
2023-12-12 03:00:00,2213.5864273163584
2023-12-13 00:00:00,2217.0739254185924
2023-12-13 01:00:00,2220.688762181948
2023-12-14 01:00:00,2224.0532375172834
2023-12-14 02:00:00,2227.3945554662055
2023-12-14 15:00:00,2225.6268135458736
2023-12-14 16:00:00,2223.85776130307
2023-12-15 00:00:00,2226.779097865632
2023-12-15 01:00:00,2229.631399880754
2023-12-16 06:00:00,2228.133334151568
2023-12-16 07:00:00,2226.6604967757157
2023-12-17 00:00:00,2229.014993809369
2023-12-17 01:00:00,2231.515403431885
2023-12-18 00:00:00,2234.6297508589337
2023-12-18 01:00:00,2237.9291386449986
2023-12-19 00:00:00,2236.1772176470818
2023-12-19 01:00:00,2239.789999161917
2023-12-20 01:00:00,2238.1027517254443
2023-12-20 02:00:00,2236.4079198896907
2023-12-21 05:00:00,2234.7238013320057
2023-12-21 06:00:00,2237.8756613100886
2023-12-22 00:00:00,2241.122576314567
2023-12-22 01:00:00,2244.440184601862
2023-12-23 00:00:00,2247.050456735669
2023-12-23 01:00:00,2249.700940439045
2023-12-24 00:00:00,2251.492790380072
2023-12-24 01:00:00,2253.3274005709536
2023-12-25 00:00:00,2251.8274363328305
2023-12-25 01:00:00,2250.3187023150977
2023-12-26 00:00:00,2252.9910774687496
2023-12-26 01:00:00,2255.644456368705
2023-12-27 00:00:00,2258.6777528756083
2023-12-27 01:00:00,2261.720188263981
2023-12-28 00:00:00,2264.826135172435
2023-12-28 01:00:00,2267.92742063398
2023-12-28 15:00:00,2270.7327419565186
2023-12-28 16:00:00,2273.603206027337
2023-12-29 00:00:00,2276.5968318619844
2023-12-29 01:00:00,2279.743981120598
2023-12-30 00:00:00,2283.3209972675895
2023-12-30 01:00:00,2286.840041511794
2023-12-31 00:00:00,2289.4073609875195
2023-12-31 01:00:00,2292.0457172766237
2024-01-01 00:00:00,2294.742816100445
2024-01-01 01:00:00,2297.528518772087
2024-01-02 00:00:00,2300.8506815112555
2024-01-02 01:00:00,2299.062398609414
2024-01-03 00:00:00,2301.984893941442
2024-01-03 01:00:00,2305.788048432769
2024-01-04 02:00:00,2309.0535882464865
2024-01-04 03:00:00,2312.252688792913
2024-01-05 02:00:00,2315.867509871581
2024-01-05 04:00:00,2319.4563668725928
2024-01-06 00:00:00,2318.013154847245
2024-01-06 01:00:00,2320.960017622807
2024-01-07 00:00:00,2319.4599710720854
2024-01-07 01:00:00,2317.944954457423
2024-01-08 00:00:00,2321.0622304531225
2024-01-08 01:00:00,2324.1905920179634
2024-01-09 00:00:00,2327.821288943384
2024-01-09 01:00:00,2331.3339361069234
2024-01-10 00:00:00,2335.833931558483
2024-01-10 01:00:00,2340.3921672752654
2024-01-11 00:00:00,2346.09967581716
2024-01-11 01:00:00,2351.5971662016445
2024-01-11 15:00:00,2355.1868921012388
2024-01-11 17:00:00,2359.499490027057
2024-01-12 00:00:00,2364.0644882972874
2024-01-12 02:00:00,2368.5306968950513
2024-01-13 05:00:00,2372.3888675716717
2024-01-13 06:00:00,2375.8354118867983
2024-01-14 01:00:00,2378.787194896064
2024-01-14 02:00:00,2381.693947081045
2024-01-15 03:00:00,2385.4401377158015
2024-01-15 04:00:00,2389.152993616089
2024-01-16 02:00:00,2392.7300913200825
2024-01-16 03:00:00,2396.2567692325083
2024-01-17 00:00:00,2400.060475576584
2024-01-17 01:00:00,2403.89923503624
2024-01-18 00:00:00,2407.2206242277957
2024-01-18 01:00:00,2410.5621067135653
2024-01-19 00:00:00,2409.008910803864
2024-01-19 01:00:00,2412.2299929613955
2024-01-20 10:00:00,2414.4698358757514
2024-01-20 11:00:00,2416.6528665448677
2024-01-21 04:00:00,2418.555642442412
2024-01-21 05:00:00,2417.126120785581
2024-01-22 00:00:00,2415.6147135215156
2024-01-22 01:00:00,2418.0963284565873
2024-01-23 00:00:00,2416.4113856920308
2024-01-23 01:00:00,2414.7335679246426
2024-01-24 00:00:00,2418.8733028772044
2024-01-24 02:00:00,2416.851329616305
2024-01-25 00:00:00,2415.0098808381717
2024-01-25 01:00:00,2413.1713080012496
2024-01-25 15:00:00,2411.4710007756094
2024-01-25 16:00:00,2414.4497767408066
2024-01-26 00:00:00,2417.694085798901
2024-01-26 01:00:00,2420.8881034936585
2024-01-27 00:00:00,2424.761637132217
2024-01-27 01:00:00,2428.398926381776
2024-01-28 00:00:00,2426.894161472548
2024-01-28 01:00:00,2425.366934650516
2024-01-29 00:00:00,2423.5791211495825
2024-01-29 01:00:00,2426.8846832219615
2024-01-30 00:00:00,2424.9953869458504
2024-01-30 01:00:00,2428.723723190205
2024-01-31 00:00:00,2432.4158981874757
2024-01-31 01:00:00,2436.179771929979
2024-02-01 00:00:00,2440.431010159795
2024-02-01 03:00:00,2438.314822508833
2024-02-02 01:00:00,2442.1312999848037
2024-02-02 03:00:00,2445.7943752654764
2024-02-03 00:00:00,2449.1204016645383
2024-02-03 01:00:00,2452.4453198039055
2024-02-04 00:00:00,2454.4577548575458
2024-02-04 01:00:00,2456.475651032918
2024-02-05 00:00:00,2454.752927538972
2024-02-05 01:00:00,2453.017697510922
2024-02-06 04:00:00,2451.236674402338
2024-02-06 05:00:00,2449.5325606714705
2024-02-07 00:00:00,2452.4835407208107
2024-02-07 01:00:00,2455.4355141048827
2024-02-08 00:00:00,2458.88905926001
2024-02-08 15:00:00,2461.9229668954345
2024-02-08 16:00:00,2460.113110035018
2024-02-09 00:00:00,2458.2155335896987
2024-02-09 01:00:00,2456.319134268326
2024-02-10 01:00:00,2460.662638648802
2024-02-10 02:00:00,2464.81528678168
2024-02-11 00:00:00,2463.0123311706297
2024-02-11 01:00:00,2461.2288408854024
2024-02-12 00:00:00,2464.5563714635537
2024-02-12 01:00:00,2467.8825617535826
2024-02-13 00:00:00,2472.269472617696
2024-02-13 01:00:00,2476.7513024102204
2024-02-14 00:00:00,2474.555831712642
2024-02-14 01:00:00,2478.991714800382
2024-02-15 00:00:00,2483.03387545912
2024-02-15 02:00:00,2487.0136929358882
2024-02-16 02:00:00,2484.9103704526988
2024-02-16 03:00:00,2482.813240925927
2024-02-17 00:00:00,2486.1929954795305
2024-02-17 01:00:00,2489.537607467629
2024-02-18 00:00:00,2493.0884637119143
2024-02-18 01:00:00,2496.7321134276613
2024-02-19 00:00:00,2499.749681827932
2024-02-19 04:00:00,2502.678456109478
2024-02-20 00:00:00,2505.9148563184795
2024-02-20 01:00:00,2504.0518414890644
2024-02-21 00:00:00,2508.4266399014264
2024-02-21 02:00:00,2506.278603734159
2024-02-22 02:00:00,2510.3056415623882
2024-02-22 15:00:00,2513.8320057570077
2024-02-22 16:00:00,2517.406398888013
2024-02-23 00:00:00,2521.2196830657663
2024-02-23 01:00:00,2525.074203115966
2024-02-24 00:00:00,2528.293755236843
2024-02-24 01:00:00,2526.41256737008
2024-02-25 01:00:00,2528.844342751592
2024-02-25 03:00:00,2531.481603892841
2024-02-26 00:00:00,2534.1401958217143
2024-02-26 01:00:00,2536.857976912391
2024-02-27 00:00:00,2534.644354118784
2024-02-27 01:00:00,2532.325070054165
2024-02-28 00:00:00,2530.0405706752445
2024-02-28 01:00:00,2527.746028983287
2024-02-29 05:00:00,2534.283599975163
2024-02-29 06:00:00,2540.6281172486624
2024-03-01 08:00:00,2545.426028126419
2024-03-01 09:00:00,2550.028459910812
2024-03-02 00:00:00,2554.5800096663684
2024-03-02 02:00:00,2559.0290644627257
2024-03-03 00:00:00,2562.0151566749805
2024-03-03 01:00:00,2564.97898864818
2024-03-04 00:00:00,2562.8020478964118
2024-03-04 01:00:00,2560.5890423325195
2024-03-05 00:00:00,2564.728143170481
2024-03-05 01:00:00,2568.920020562793
2024-03-06 00:00:00,2565.2966061009006
2024-03-06 01:00:00,2561.6249577138433
2024-03-07 02:00:00,2559.725153226762
2024-03-07 15:00:00,2564.349769310207
2024-03-07 16:00:00,2568.9409623273827
2024-03-08 02:00:00,2566.721976867956
2024-03-08 03:00:00,2564.5198348252916
2024-03-09 06:00:00,2568.6629952936187
2024-03-09 08:00:00,2572.323793313156
2024-03-10 00:00:00,2570.6136065016594
2024-03-10 01:00:00,2568.8304632328245
2024-03-11 00:00:00,2573.3988840748516
2024-03-11 01:00:00,2571.0905371620106
2024-03-12 00:00:00,2575.7432682764625
2024-03-12 01:00:00,2580.2677950708357
2024-03-13 00:00:00,2578.2478650050093
2024-03-13 06:00:00,2582.899246082851
2024-03-14 00:00:00,2587.342890338364
2024-03-14 01:00:00,2591.8050961032523
2024-03-15 00:00:00,2596.6160672761607
2024-03-15 01:00:00,2601.4719145508698
2024-03-16 00:00:00,2606.12207403932
2024-03-16 01:00:00,2610.738512614239
2024-03-17 00:00:00,2608.720741147572
2024-03-17 01:00:00,2613.047649011541
2024-03-18 00:00:00,2610.593705967861
2024-03-18 02:00:00,2615.7255488659603
2024-03-19 00:00:00,2621.0636275299466
2024-03-19 01:00:00,2625.2957158211234
2024-03-20 00:00:00,2630.379842201407
2024-03-20 01:00:00,2635.7162183316336
2024-03-21 00:00:00,2640.981940956552
2024-03-21 01:00:00,2646.024884072567
2024-03-21 15:00:00,2651.2634484094533
2024-03-21 16:00:00,2656.5663840816105
2024-03-22 00:00:00,2662.23989527946
2024-03-22 01:00:00,2668.0187435248145
2024-03-23 01:00:00,2674.158032152252
2024-03-23 02:00:00,2680.291744034138
2024-03-24 00:00:00,2685.1872991436803
2024-03-24 01:00:00,2690.077883431838
2024-03-25 01:00:00,2687.591427053053
2024-03-25 02:00:00,2685.12743467622
2024-03-26 00:00:00,2682.4659202448465
2024-03-26 02:00:00,2688.099003373807
2024-03-27 00:00:00,2693.298206419878
2024-03-27 01:00:00,2698.590841041161
2024-03-28 00:00:00,2704.2832508003903
2024-03-28 01:00:00,2701.5651344034623
2024-03-29 00:00:00,2705.8577264920227
2024-03-29 01:00:00,2710.0860973301137
2024-03-30 08:00:00,2713.108330612375
2024-03-30 09:00:00,2716.110258989997
2024-03-31 00:00:00,2714.2543174271536
2024-03-31 01:00:00,2716.9435535678977
2024-04-01 00:00:00,2720.4446524124005
2024-04-01 01:00:00,2724.050450880625
2024-04-02 00:00:00,2728.798248485275
2024-04-02 01:00:00,2733.5527523433484
2024-04-03 03:00:00,2739.1115885516356
2024-04-03 04:00:00,2744.4745103030527
2024-04-04 00:00:00,2749.3897973092544
2024-04-04 01:00:00,2754.1767569668446
2024-04-04 16:00:00,2751.840541875848
2024-04-04 17:00:00,2756.546013748818
2024-04-05 00:00:00,2762.0883205082755
2024-04-05 01:00:00,2767.7999157869713
2024-04-06 05:00:00,2771.983755401145
2024-04-06 06:00:00,2775.986940449969
2024-04-07 00:00:00,2773.812614536704
2024-04-07 03:00:00,2777.8873645048357
2024-04-08 00:00:00,2782.1735004091215
2024-04-08 01:00:00,2786.6102747822124
2024-04-09 00:00:00,2784.285146986339
2024-04-09 01:00:00,2781.94348284624
2024-04-10 00:00:00,2779.399079325524
2024-04-10 01:00:00,2776.8232081219585
2024-04-11 00:00:00,2782.4146895044532
2024-04-11 01:00:00,2788.0231128490254
2024-04-12 01:00:00,2785.5354781168026
2024-04-12 02:00:00,2790.1620410851933
2024-04-13 00:00:00,2787.1481389690143
2024-04-13 01:00:00,2792.2537713488687
2024-04-14 00:00:00,2789.0214413197855
2024-04-14 01:00:00,2785.7506070684794
2024-04-15 00:00:00,2792.1376471948593
2024-04-15 02:00:00,2789.1857875960454
2024-04-16 00:00:00,2786.849488776989
2024-04-16 01:00:00,2784.5179490306514
2024-04-17 00:00:00,2790.645741423781
2024-04-17 01:00:00,2796.6424763606738
2024-04-18 01:00:00,2801.848576196792
2024-04-18 02:00:00,2807.0003150803595
2024-04-18 15:00:00,2804.06468609559
2024-04-18 16:00:00,2801.1200486766834
2024-04-19 00:00:00,2798.1045107519503
2024-04-19 01:00:00,2804.9045910643745
2024-04-20 04:00:00,2802.1534907658875
2024-04-20 05:00:00,2799.4194534073654
2024-04-21 00:00:00,2803.8612837562155
2024-04-21 02:00:00,2801.4568254477335
2024-04-22 00:00:00,2799.0704932334693
2024-04-22 01:00:00,2803.74118648716
2024-04-23 00:00:00,2801.295655354678
2024-04-23 01:00:00,2805.9190065197768
2024-04-24 00:00:00,2803.5674885221288
2024-04-24 01:00:00,2801.239684367167
2024-04-25 00:00:00,2806.7593998374646
2024-04-25 01:00:00,2812.43679531368
2024-04-26 01:00:00,2817.865681937675
2024-04-26 03:00:00,2822.7805226330897
2024-04-27 00:00:00,2820.175033916974
2024-04-27 08:00:00,2817.740577587654
2024-04-28 00:00:00,2815.4016037212373
2024-04-28 01:00:00,2819.5745295322454
2024-04-29 00:00:00,2817.3324997854347
2024-04-29 01:00:00,2815.0974045478815
2024-04-30 00:00:00,2812.4356115092214
2024-04-30 01:00:00,2818.1023250628527
2024-05-01 00:00:00,2824.4822929947927
2024-05-01 01:00:00,2830.813919294593
2024-05-02 00:00:00,2836.4551863001457
2024-05-02 01:00:00,2833.8479894774414
2024-05-02 15:00:00,2831.206174689734
2024-05-02 16:00:00,2828.5837601054163
2024-05-03 00:00:00,2825.771216795751
2024-05-03 01:00:00,2823.0214004631575
2024-05-04 00:00:00,2820.0451558414957
2024-05-04 01:00:00,2826.3653855174607
2024-05-05 00:00:00,2823.7959086385295
2024-05-05 01:00:00,2828.672747853664
2024-05-06 00:00:00,2832.9001123761823
2024-05-06 01:00:00,2830.5247679256663
2024-05-07 00:00:00,2836.0394799931614
2024-05-07 01:00:00,2841.604024005815
2024-05-08 00:00:00,2838.917235297001
2024-05-08 01:00:00,2836.292236968318
2024-05-09 00:00:00,2841.447543319806
2024-05-09 02:00:00,2846.4570002090663
2024-05-10 02:00:00,2843.8217278256298
2024-05-10 03:00:00,2841.254644145144
2024-05-11 05:00:00,2845.8662958364653
2024-05-11 06:00:00,2843.512812966408
2024-05-12 00:00:00,2841.283886334646
2024-05-12 01:00:00,2844.9223868014274
2024-05-13 00:00:00,2848.6550445483385
2024-05-13 01:00:00,2852.5332440496804
2024-05-14 00:00:00,2856.860967582447
2024-05-14 01:00:00,2854.4368043158056
2024-05-15 00:00:00,2859.3332601392112
2024-05-15 01:00:00,2864.2804563585278
2024-05-16 15:00:00,2861.781756269766
2024-05-16 16:00:00,2859.2282125653046
2024-05-17 00:00:00,2864.387969114235
2024-05-17 01:00:00,2869.48454630267
2024-05-18 02:00:00,2866.9836088301236
2024-05-18 03:00:00,2864.548908983449
2024-05-19 00:00:00,2867.712618473522
2024-05-19 01:00:00,2870.7672655072815
2024-05-20 00:00:00,2874.9968685893186
2024-05-20 01:00:00,2872.59305115939
2024-05-21 02:00:00,2879.087336476662
2024-05-21 03:00:00,2885.552437950147
2024-05-22 00:00:00,2882.9198925773203
2024-05-22 01:00:00,2880.3218821252376
2024-05-23 00:00:00,2885.657354568293
2024-05-23 01:00:00,2890.92845629121
2024-05-24 00:00:00,2897.570639064745
2024-05-24 01:00:00,2904.1352678664975
2024-05-25 00:00:00,2901.64664802328
2024-05-25 05:00:00,2905.2813481290655
2024-05-26 02:00:00,2908.0788305004025
2024-05-26 03:00:00,2910.746723825567
2024-05-27 00:00:00,2908.523909218376
2024-05-27 01:00:00,2906.252436559315
2024-05-28 00:00:00,2911.206127860436
2024-05-28 01:00:00,2908.50725189689
2024-05-29 00:00:00,2913.710624800954
2024-05-29 01:00:00,2918.9212873840274
2024-05-30 00:00:00,2916.4120513009348
2024-05-30 01:00:00,2921.05310620639
2024-05-30 15:00:00,2925.8367098852254
2024-05-30 16:00:00,2923.2738177961005
2024-05-31 00:00:00,2920.667215080002
2024-05-31 01:00:00,2918.059031728172
2024-06-01 14:00:00,2916.2584552833973
2024-06-01 16:00:00,2918.1555631435012
2024-06-02 00:00:00,2920.0111734249413
2024-06-02 01:00:00,2922.0403296977174
2024-06-03 00:00:00,2926.204431504886
2024-06-03 01:00:00,2923.8122431521874
2024-06-04 01:00:00,2929.2675466107494
2024-06-04 03:00:00,2934.318825741854
2024-06-05 02:00:00,2939.6631876931056
2024-06-05 03:00:00,2944.7533825313135
2024-06-06 05:00:00,2942.379538046783
2024-06-06 06:00:00,2940.0427066416687
2024-06-07 00:00:00,2937.5753514159437
2024-06-07 01:00:00,2935.1145548436857
2024-06-08 07:00:00,2938.9933597250124
2024-06-08 08:00:00,2942.089638512692
2024-06-09 00:00:00,2940.4740376038394
2024-06-09 01:00:00,2938.9001719421203
2024-06-10 00:00:00,2936.7520399859804
2024-06-10 01:00:00,2934.5948064092304
2024-06-11 00:00:00,2932.2913021079066
2024-06-11 01:00:00,2929.869546803376
2024-06-12 00:00:00,2927.2475566734006
2024-06-12 01:00:00,2924.631205375135
2024-06-13 00:00:00,2930.941832899524
2024-06-13 01:00:00,2937.3464312764013
2024-06-13 16:00:00,2943.029528316355
2024-06-13 21:00:00,2948.461519181183
2024-06-14 02:00:00,2953.2628680979146
2024-06-14 03:00:00,2957.8720784439806
2024-06-15 08:00:00,2961.564251531454
2024-06-15 09:00:00,2965.147540805277
2024-06-16 00:00:00,2967.233837238452
2024-06-16 01:00:00,2969.3584624202854
2024-06-17 00:00:00,2972.4297836545193
2024-06-17 01:00:00,2975.5400920544007
2024-06-18 00:00:00,2981.180786308049
2024-06-18 01:00:00,2987.2953853246377
2024-06-19 02:00:00,2993.0176177877242
2024-06-19 03:00:00,2990.183684045265
2024-06-20 00:00:00,2987.8632571765334
2024-06-20 01:00:00,2985.5723745852238
2024-06-21 00:00:00,2989.8682938810816
2024-06-21 01:00:00,2994.1506290000307
2024-06-22 05:00:00,2991.889548713283
2024-06-22 06:00:00,2989.6460256448204
2024-06-23 02:00:00,2990.8808923915567
2024-06-23 03:00:00,2992.1758095039377
2024-06-24 00:00:00,2995.604732216125
2024-06-24 01:00:00,2999.2511111808208
2024-06-25 02:00:00,2996.0754692748787
2024-06-25 03:00:00,3002.7935126995526
2024-06-26 00:00:00,3008.168400175497
2024-06-26 01:00:00,3013.586128221655
2024-06-27 00:00:00,3018.185833826736
2024-06-27 01:00:00,3022.7667911214116
2024-06-27 16:00:00,3027.36058840146
2024-06-27 17:00:00,3031.919941571584
2024-06-28 00:00:00,3029.4494497518663
2024-06-28 01:00:00,3033.998056711634
2024-06-29 11:00:00,3036.918838866622
2024-06-29 12:00:00,3039.898341964728
2024-06-30 01:00:00,3042.249046271113
2024-06-30 02:00:00,3040.2938451380114
2024-07-01 00:00:00,3037.81071963805
2024-07-01 02:00:00,3042.642960283927
2024-07-02 00:00:00,3047.2206138567617
2024-07-02 02:00:00,3051.7116499927374
2024-07-03 00:00:00,3055.933101027348
2024-07-03 01:00:00,3060.703329878066
2024-07-04 00:00:00,3066.040170321669
2024-07-04 01:00:00,3062.9824520186726
2024-07-05 01:00:00,3069.8643957791414
2024-07-05 02:00:00,3066.3908314200326
2024-07-06 00:00:00,3063.1695159977617
2024-07-06 06:00:00,3060.381736442229
2024-07-07 00:00:00,3057.6812689863004
2024-07-07 01:00:00,3054.933941825419
2024-07-08 00:00:00,3060.7862374725246
2024-07-08 01:00:00,3066.967044411903
2024-07-09 06:00:00,3072.873876626597
2024-07-09 07:00:00,3069.9489752135505
2024-07-10 01:00:00,3066.9915903625024
2024-07-10 02:00:00,3064.040274355858
2024-07-11 00:00:00,3061.2604742304034
2024-07-11 01:00:00,3066.8372546999108
2024-07-11 15:00:00,3063.7566694237794
2024-07-11 16:00:00,3060.697589078922
2024-07-12 02:00:00,3057.72438960801
2024-07-12 03:00:00,3063.6666925419613
2024-07-13 00:00:00,3060.979069878691
2024-07-13 01:00:00,3058.301917719134
2024-07-14 00:00:00,3063.033226097829
2024-07-14 02:00:00,3060.409055276868
2024-07-15 00:00:00,3065.6933008816727
2024-07-15 01:00:00,3071.175717762845
2024-07-16 00:00:00,3068.247833390783
2024-07-16 01:00:00,3065.3170290618573
2024-07-17 00:00:00,3071.7430180466094
2024-07-17 01:00:00,3078.161118191224
2024-07-18 03:00:00,3083.5343420912063
2024-07-18 04:00:00,3088.826864154011
2024-07-19 01:00:00,3094.1002379138286
2024-07-19 02:00:00,3099.3847242427737
2024-07-20 04:00:00,3104.303132248205
2024-07-20 05:00:00,3101.688934983083
2024-07-21 00:00:00,3105.9097002642966
2024-07-21 01:00:00,3110.2960407465007
2024-07-22 00:00:00,3116.532156046635
2024-07-22 01:00:00,3122.9353110153966
2024-07-23 00:00:00,3128.3510010112554
2024-07-23 01:00:00,3133.7737867643577
2024-07-24 01:00:00,3130.81821800519
2024-07-24 02:00:00,3127.859079908739
2024-07-25 00:00:00,3133.6588475639587
2024-07-25 01:00:00,3139.956963793239
2024-07-25 15:00:00,3145.313060542481
2024-07-25 16:00:00,3150.6643946242198
2024-07-26 01:00:00,3147.5845988090596
2024-07-26 07:00:00,3144.695130264412
2024-07-27 02:00:00,3141.935351079088
2024-07-27 03:00:00,3139.2431534185084
2024-07-28 00:00:00,3145.958103318726
2024-07-28 01:00:00,3152.7337326487336
2024-07-29 00:00:00,3150.2161962286877
2024-07-29 01:00:00,3154.5222118860734
2024-07-30 00:00:00,3161.111936718946
2024-07-30 02:00:00,3167.915014567643
2024-07-31 00:00:00,3173.5707888386974
2024-07-31 01:00:00,3179.273288917997
2024-08-01 00:00:00,3185.495169257886
2024-08-01 01:00:00,3191.97382691885
2024-08-02 01:00:00,3188.652223170485
2024-08-02 02:00:00,3195.9271533654796
2024-08-03 03:00:00,3201.8936185192933
2024-08-03 04:00:00,3209.270149700286
2024-08-04 00:00:00,3215.5592744251267
2024-08-04 01:00:00,3221.9644616284327
2024-08-05 00:00:00,3218.996393393674
2024-08-05 01:00:00,3215.383941098554
2024-08-06 00:00:00,3225.7194247289704
2024-08-06 01:00:00,3235.9326999546556
2024-08-07 02:00:00,3243.977558372038
2024-08-07 03:00:00,3251.7508839930865
2024-08-08 00:00:00,3259.417009371196
2024-08-08 15:00:00,3255.775036243638
2024-08-08 16:00:00,3252.1803928010127
2024-08-09 00:00:00,3258.908476891318
2024-08-09 01:00:00,3265.730223595713
2024-08-10 07:00:00,3271.8609688233623
2024-08-10 09:00:00,3277.730426164361
2024-08-11 00:00:00,3275.1099386724936
2024-08-11 01:00:00,3279.4070196184293
2024-08-12 00:00:00,3286.431237022541
2024-08-12 01:00:00,3293.399392673275
2024-08-13 00:00:00,3300.236653225588
2024-08-13 01:00:00,3306.927412666384
2024-08-14 01:00:00,3303.556317560895
2024-08-14 02:00:00,3310.358054861964
2024-08-15 00:00:00,3317.7663112084256
2024-08-15 02:00:00,3325.191620185101
2024-08-16 02:00:00,3333.3329111603157
2024-08-16 04:00:00,3329.613344676625
2024-08-17 09:00:00,3333.7657488287946
2024-08-17 11:00:00,3337.5279902764687
2024-08-18 00:00:00,3341.420071045805
2024-08-18 01:00:00,3338.833892136844
2024-08-19 00:00:00,3344.2029545341493
2024-08-19 01:00:00,3349.6282709749053
2024-08-20 02:00:00,3346.3931963091773
2024-08-20 03:00:00,3343.27668866201
2024-08-21 01:00:00,3349.8542233459234
2024-08-21 02:00:00,3356.4412380015633
2024-08-22 00:00:00,3363.6260720171404
2024-08-22 01:00:00,3370.8360754746527
2024-08-22 17:00:00,3376.6149893118873
2024-08-22 18:00:00,3373.5358185460914
2024-08-23 02:00:00,3378.979127218819
2024-08-23 03:00:00,3384.187730896806
2024-08-24 07:00:00,3390.4362375028545
2024-08-24 08:00:00,3396.473920912566
2024-08-25 00:00:00,3393.5590870377478
2024-08-25 01:00:00,3398.7490316386766
2024-08-26 00:00:00,3403.277018901039
2024-08-26 01:00:00,3407.9459478092404
2024-08-27 00:00:00,3414.1439673552645
2024-08-27 01:00:00,3420.4750243896383
2024-08-28 00:00:00,3416.7205404676674
2024-08-28 01:00:00,3412.943851415257
2024-08-29 01:00:00,3409.22250086331
2024-08-29 02:00:00,3405.5096319991776
2024-08-30 00:00:00,3412.729691934626
2024-08-30 01:00:00,3419.7134152944127
2024-08-31 03:00:00,3426.229777445937
2024-08-31 04:00:00,3423.1314352465847
2024-09-01 01:00:00,3420.5418852691123
2024-09-01 02:00:00,3417.8777486806976
2024-09-02 00:00:00,3414.425383814389
2024-09-02 01:00:00,3421.36426840273
2024-09-03 00:00:00,3426.9293845366906
2024-09-03 01:00:00,3432.4367322487233
2024-09-04 00:00:00,3438.9557023426205
2024-09-04 01:00:00,3446.268044244172
2024-09-05 00:00:00,3452.8026957090733
2024-09-05 01:00:00,3459.3900709244067
2024-09-05 16:00:00,3466.0965022710775
2024-09-05 17:00:00,3472.57809012506
2024-09-06 00:00:00,3469.174308960828
2024-09-06 01:00:00,3465.7106733906817
2024-09-07 08:00:00,3471.9831534916993
2024-09-07 09:00:00,3477.9649468100592
2024-09-08 02:00:00,3475.026623085854
2024-09-08 03:00:00,3472.1154545914633
2024-09-09 00:00:00,3478.3725927302366
2024-09-09 01:00:00,3475.0663194015156
2024-09-10 00:00:00,3482.455117203248
2024-09-10 01:00:00,3489.9269359908094
2024-09-11 00:00:00,3496.389693032479
2024-09-11 01:00:00,3503.392463618746
2024-09-12 01:00:00,3511.0332338779804
2024-09-12 02:00:00,3518.7263610429127
2024-09-13 00:00:00,3525.224762379173
2024-09-13 01:00:00,3531.7972526065596
2024-09-14 01:00:00,3528.4499847928764
2024-09-14 02:00:00,3525.1255965970704
2024-09-15 01:00:00,3522.450323076972
2024-09-15 02:00:00,3519.789841770747
2024-09-16 00:00:00,3525.3743098494087
2024-09-16 01:00:00,3531.126247600218
2024-09-17 00:00:00,3527.7435354368445
2024-09-17 01:00:00,3524.3453730801725
2024-09-18 00:00:00,3531.730101242895
2024-09-18 01:00:00,3539.1733630079893
2024-09-19 00:00:00,3535.3765260346136
2024-09-19 15:00:00,3541.3326336001965
2024-09-19 16:00:00,3547.386288246418
2024-09-20 00:00:00,3544.128584252442
2024-09-20 01:00:00,3540.8636485511797
2024-09-21 00:00:00,3546.7511272220154
2024-09-21 10:00:00,3544.1475094460393
2024-09-22 00:00:00,3547.5434092066675
2024-09-22 01:00:00,3551.1545464550572
2024-09-23 00:00:00,3547.8737044236946
2024-09-23 01:00:00,3554.303540263179
2024-09-24 00:00:00,3551.28078383826
2024-09-24 01:00:00,3548.211206088402
2024-09-25 00:00:00,3554.324367523506
2024-09-25 02:00:00,3560.72496388025
2024-09-26 00:00:00,3557.7233853975663
2024-09-26 01:00:00,3554.701858513598
2024-09-27 00:00:00,3561.1161468175724
2024-09-27 02:00:00,3557.782456518182
2024-09-28 00:00:00,3554.739665120358
2024-09-28 01:00:00,3551.7128202203608
2024-09-29 00:00:00,3555.483440331305
2024-09-29 01:00:00,3552.837468493418
2024-09-30 00:00:00,3556.773638544005
2024-09-30 01:00:00,3561.2553696612954
2024-10-01 00:00:00,3567.1044642405236
2024-10-01 01:00:00,3572.9231147972196
2024-10-02 01:00:00,3581.1457196658635
2024-10-02 02:00:00,3589.438500631327
2024-10-03 00:00:00,3597.07841167709
2024-10-03 02:00:00,3593.44796925075
2024-10-03 15:00:00,3600.02645954372
2024-10-03 16:00:00,3596.596740974546
2024-10-04 00:00:00,3593.225721712945
2024-10-04 03:00:00,3589.9220153445303
2024-10-05 00:00:00,3595.7636924059416
2024-10-05 01:00:00,3601.623568290463
2024-10-06 02:00:00,3605.1147423009297
2024-10-06 03:00:00,3602.609606336621
2024-10-07 00:00:00,3607.719275988509
2024-10-07 01:00:00,3612.939426909498
2024-10-08 00:00:00,3620.17070687862
2024-10-08 01:00:00,3627.351899419757
2024-10-09 00:00:00,3633.7162870632355
2024-10-09 01:00:00,3640.189174115494
2024-10-10 03:00:00,3646.274365598125
2024-10-10 04:00:00,3652.2137719479015
2024-10-11 00:00:00,3648.8446101143973
2024-10-11 01:00:00,3645.4155409392592
2024-10-12 03:00:00,3642.2895096719403
2024-10-12 04:00:00,3639.1915471851917
2024-10-13 00:00:00,3643.524730419907
2024-10-13 01:00:00,3647.8865699263
2024-10-14 00:00:00,3644.904890409289
2024-10-14 01:00:00,3641.918364856004
2024-10-15 00:00:00,3648.054052996855
2024-10-15 01:00:00,3654.1226918424422
2024-10-16 04:00:00,3650.5853998756374
2024-10-16 05:00:00,3657.1706463676474
2024-10-17 00:00:00,3663.278485300827
2024-10-17 01:00:00,3660.0948583850013
2024-10-17 15:00:00,3665.8278334486886
2024-10-17 16:00:00,3671.56676202123
2024-10-18 00:00:00,3668.4494601564643
2024-10-18 01:00:00,3674.4940253370746
2024-10-19 03:00:00,3679.3953733976077
2024-10-19 04:00:00,3684.0166519965383
2024-10-20 01:00:00,3681.8139417968723
2024-10-20 02:00:00,3679.647262800347
2024-10-21 00:00:00,3676.848284090765
2024-10-21 01:00:00,3681.5778302723515
2024-10-22 00:00:00,3678.3523372635714
2024-10-22 01:00:00,3684.5718315058316
2024-10-23 00:00:00,3690.314358177033
2024-10-23 01:00:00,3695.9611673998097
2024-10-24 00:00:00,3702.2319594521355
2024-10-24 01:00:00,3708.670342534833
2024-10-25 00:00:00,3714.383474672915
2024-10-25 01:00:00,3719.99657322653
2024-10-26 08:00:00,3725.713005364009
2024-10-26 09:00:00,3731.2116593316427
2024-10-27 00:00:00,3728.625146801061
2024-10-27 01:00:00,3726.050149298101
2024-10-28 00:00:00,3730.5513176295694
2024-10-28 02:00:00,3727.7616846038463
2024-10-29 00:00:00,3724.629777446597
2024-10-29 01:00:00,3721.4591659609464
2024-10-30 00:00:00,3728.519045871021
2024-10-30 01:00:00,3735.5672450572824
2024-10-31 01:00:00,3741.8924234050596
2024-10-31 02:00:00,3748.2117289897133
2024-10-31 15:00:00,3745.1920502044463
2024-10-31 16:00:00,3742.153259223393
2024-11-01 00:00:00,3748.713544074709
2024-11-01 01:00:00,3755.61548869142
2024-11-02 02:00:00,3762.8059933421414
2024-11-02 03:00:00,3769.6132431764545
2024-11-03 00:00:00,3766.92778659051
2024-11-03 02:00:00,3771.6234055316145
2024-11-04 01:00:00,3778.011777370967
2024-11-04 02:00:00,3784.4856163724244
2024-11-05 00:00:00,3791.4409999124705
2024-11-05 02:00:00,3787.9055055951853
2024-11-06 00:00:00,3784.979077107242
2024-11-06 01:00:00,3781.997745262448
2024-11-07 00:00:00,3789.1787400976978
2024-11-07 01:00:00,3796.3902189527125
2024-11-08 06:00:00,3793.1848504162353
2024-11-08 07:00:00,3799.0567131464304
2024-11-09 05:00:00,3804.186273351059
2024-11-09 06:00:00,3809.1551034446534
2024-11-10 00:00:00,3806.3527858755615
2024-11-10 01:00:00,3803.5302709760326
2024-11-11 00:00:00,3799.7049931999595
2024-11-11 01:00:00,3805.8696900617774
2024-11-12 00:00:00,3812.9848419076307
2024-11-12 01:00:00,3820.273923050748
2024-11-13 00:00:00,3827.5589848292207
2024-11-13 01:00:00,3834.7806610305374
2024-11-14 02:00:00,3843.125677261134
2024-11-14 15:00:00,3849.6755147098156
2024-11-14 16:00:00,3856.3627804738053
2024-11-15 00:00:00,3853.096371465321
2024-11-15 01:00:00,3860.1082151628634
2024-11-16 02:00:00,3867.9697156729585
2024-11-16 03:00:00,3875.660537680384
2024-11-17 00:00:00,3881.3486033996037
2024-11-17 01:00:00,3887.2745374515716
2024-11-18 00:00:00,3883.8925977002114
2024-11-18 01:00:00,3880.467721335506
2024-11-19 05:00:00,3888.267959501841
2024-11-19 06:00:00,3895.7086986296003
2024-11-20 01:00:00,3891.8190272124916
2024-11-20 02:00:00,3887.976539871048
2024-11-21 00:00:00,3895.1459364870507
2024-11-21 01:00:00,3902.1873487729067
2024-11-22 02:00:00,3909.6164155992515
2024-11-22 03:00:00,3917.115025500978
2024-11-23 04:00:00,3922.9520437805786
2024-11-23 05:00:00,3928.273037310613
2024-11-24 00:00:00,3933.1951972730203
2024-11-24 01:00:00,3938.2896798473876
2024-11-25 00:00:00,3945.014509034897
2024-11-25 01:00:00,3941.47423261869
2024-11-26 00:00:00,3948.2869409187824
2024-11-26 01:00:00,3955.1751581363483
2024-11-27 03:00:00,3951.140037004978
2024-11-27 04:00:00,3947.222134148513
2024-11-28 00:00:00,3954.188608522311
2024-11-28 01:00:00,3961.167846138198
2024-11-28 15:00:00,3957.719822605917
2024-11-28 16:00:00,3954.310200578099
2024-11-29 00:00:00,3951.03832898768
2024-11-29 01:00:00,3947.8288285311014
2024-11-30 00:00:00,3954.0056650569995
2024-11-30 02:00:00,3959.963606373179
2024-12-01 00:00:00,3963.9354830641623
2024-12-01 01:00:00,3968.007706846622
2024-12-02 00:00:00,3973.1244383694725
2024-12-02 01:00:00,3978.452755883541
2024-12-03 00:00:00,3986.373295153975
2024-12-03 01:00:00,3994.322766393772
2024-12-04 01:00:00,4001.62563813182
2024-12-04 04:00:00,4008.2690576100135
2024-12-05 00:00:00,4004.3509485311683
2024-12-05 01:00:00,4000.394311728515
2024-12-06 06:00:00,3996.7378323466573
2024-12-06 07:00:00,3993.1038960250066
2024-12-07 00:00:00,4001.299772093885
2024-12-07 01:00:00,4009.5426378124976
2024-12-08 00:00:00,4014.51363345728
2024-12-08 01:00:00,4019.5535814897203
2024-12-09 00:00:00,4026.1657292330374
2024-12-09 01:00:00,4032.698746968916
2024-12-10 00:00:00,4040.1031714933342
2024-12-10 01:00:00,4047.507413782247
2024-12-11 01:00:00,4044.23696878585
2024-12-11 03:00:00,4040.9527550207804
2024-12-12 02:00:00,4048.461629750401
2024-12-12 15:00:00,4055.0231800616248
2024-12-12 16:00:00,4061.5200166504624
2024-12-13 00:00:00,4069.0355381587847
2024-12-13 05:00:00,4065.4370475922683
2024-12-14 01:00:00,4072.334881505712
2024-12-14 02:00:00,4079.35974789067
2024-12-15 00:00:00,4076.212642528613
2024-12-15 01:00:00,4081.5989234639555
2024-12-16 00:00:00,4077.9724068851197
2024-12-16 02:00:00,4085.0825754709326
2024-12-17 02:00:00,4081.3081316993766
2024-12-17 03:00:00,4088.7337335015886
2024-12-18 00:00:00,4096.692265102386
2024-12-18 01:00:00,4105.030263937256
2024-12-19 00:00:00,4113.8534128925185
2024-12-19 01:00:00,4122.976825503039
2024-12-20 00:00:00,4131.11324255873
2024-12-20 01:00:00,4139.511374667385
2024-12-21 01:00:00,4148.7333593079375
2024-12-21 02:00:00,4144.515358492703
2024-12-22 00:00:00,4151.66395006187
2024-12-22 01:00:00,4158.873401415533
2024-12-23 00:00:00,4166.981714201157
2024-12-23 01:00:00,4175.469836186586
2024-12-24 00:00:00,4184.682773237141
2024-12-24 02:00:00,4180.264496410716
2024-12-25 04:00:00,4187.612735297444
2024-12-25 05:00:00,4194.614930791989
2024-12-26 00:00:00,4201.717450591453
2024-12-26 01:00:00,4208.640002483806
2024-12-26 15:00:00,4216.074089787952
2024-12-26 16:00:00,4223.5161409806
2024-12-27 00:00:00,4219.8079997572
2024-12-27 01:00:00,4216.087266131639
2024-12-28 06:00:00,4221.517937494222
2024-12-28 07:00:00,4218.286235525699
2024-12-29 00:00:00,4215.018442085526
2024-12-29 02:00:00,4211.7270429354185
2024-12-30 01:00:00,4208.075315265893
2024-12-30 02:00:00,4204.385171994975
2024-12-31 00:00:00,4213.540693442424
2024-12-31 01:00:00,4222.733772751021
2025-01-01 00:00:00,4218.674562567158
2025-01-01 01:00:00,4214.544972074364
2025-01-02 00:00:00,4211.027095637616
2025-01-02 01:00:00,4207.470130778949
2025-01-03 00:00:00,4214.929452960294
2025-01-03 01:00:00,4222.367321237581
2025-01-04 00:00:00,4228.290623319511
2025-01-04 01:00:00,4234.194626405041
2025-01-05 00:00:00,4238.727438456559
2025-01-05 01:00:00,4243.309211479899
2025-01-06 00:00:00,4239.979831868236
2025-01-06 01:00:00,4236.565638867138
2025-01-07 00:00:00,4244.452423927939
2025-01-07 01:00:00,4252.232814363582
2025-01-08 00:00:00,4260.638862494137
2025-01-08 01:00:00,4256.502581139405
2025-01-09 00:00:00,4265.477046026001
2025-01-09 01:00:00,4274.072902517413
2025-01-09 15:00:00,4282.714823288192
2025-01-09 16:00:00,4291.084668769572
2025-01-10 00:00:00,4300.571681850558
2025-01-10 01:00:00,4310.031844452595
2025-01-11 10:00:00,4314.623271360452
2025-01-11 14:00:00,4311.504295204723
2025-01-12 00:00:00,4308.3563410624765
2025-01-12 01:00:00,4305.218171613218
2025-01-13 00:00:00,4301.705283657874
2025-01-13 01:00:00,4298.048157029609
2025-01-14 00:00:00,4293.398490470505
2025-01-14 01:00:00,4288.799264666748
2025-01-15 01:00:00,4296.498481146425
2025-01-15 02:00:00,4292.540093684555
2025-01-16 00:00:00,4300.548032129493
2025-01-16 01:00:00,4308.550715356518
2025-01-17 00:00:00,4304.448210925155
2025-01-17 01:00:00,4313.002285108985
2025-01-18 00:00:00,4320.767882510993
2025-01-18 01:00:00,4328.638544308341
2025-01-19 01:00:00,4336.043149233417
2025-01-19 02:00:00,4343.570069155144
2025-01-20 00:00:00,4339.844802945689
2025-01-20 01:00:00,4336.122010244708
2025-01-21 03:00:00,4346.482108465733
2025-01-21 05:00:00,4342.1447702464975
2025-01-22 00:00:00,4351.84538541558
2025-01-22 01:00:00,4361.591822252399
2025-01-23 01:00:00,4369.9414759655465
2025-01-23 02:00:00,4378.450511745613
2025-01-23 15:00:00,4388.112496027742
2025-01-23 16:00:00,4398.099927823712
2025-01-24 10:00:00,4406.258825519833
2025-01-24 11:00:00,4414.095604862455
2025-01-25 01:00:00,4421.804973646076
2025-01-25 03:00:00,4429.482660305501
2025-01-26 00:00:00,4426.257924793624
2025-01-26 01:00:00,4423.039743327177
2025-01-27 00:00:00,4419.5687031277685
2025-01-27 01:00:00,4415.999088460816
2025-01-28 04:00:00,4425.248487840947
2025-01-28 05:00:00,4434.260030189919
2025-01-29 05:00:00,4441.987396140778
2025-01-29 06:00:00,4449.5331660458805
2025-01-30 04:00:00,4458.230511977291
2025-01-30 09:00:00,4465.651103542746
2025-01-31 00:00:00,4461.7591017955465
2025-01-31 01:00:00,4469.092082580113
2025-02-01 00:00:00,4476.994742857162
2025-02-01 01:00:00,4484.802239841952
2025-02-02 00:00:00,4491.059268831146
2025-02-02 01:00:00,4497.263598087352
2025-02-03 00:00:00,4508.14046643664
2025-02-03 01:00:00,4517.413551998909
2025-02-04 00:00:00,4528.047420855124
2025-02-04 01:00:00,4538.770294180258
2025-02-05 00:00:00,4549.352458180289
2025-02-05 05:00:00,4559.305336693094
2025-02-06 00:00:00,4554.989322739401
2025-02-06 01:00:00,4550.671151856146
2025-02-06 15:00:00,4557.854053942284
2025-02-06 16:00:00,4565.457522562927
2025-02-07 01:00:00,4574.751874633311
2025-02-07 02:00:00,4583.977345295097
2025-02-08 00:00:00,4593.385083663765
2025-02-08 02:00:00,4602.730282490722
2025-02-09 00:00:00,4599.343285995332
2025-02-09 01:00:00,4604.493586943736
2025-02-10 00:00:00,4612.372628646866
2025-02-10 01:00:00,4608.079896177972
2025-02-11 01:00:00,4614.7430514270445
2025-02-11 02:00:00,4621.428349960668
2025-02-12 00:00:00,4629.361700680497
2025-02-12 01:00:00,4637.348117518878
2025-02-13 00:00:00,4632.705507798044
2025-02-13 01:00:00,4628.076528281119
2025-02-14 03:00:00,4635.297632516031
2025-02-14 04:00:00,4642.412956313671
2025-02-15 10:00:00,4647.407743291037
2025-02-15 11:00:00,4651.957081654122
2025-02-16 00:00:00,4655.292175695114
2025-02-16 01:00:00,4658.539552312579
2025-02-17 00:00:00,4663.904077900631
2025-02-17 01:00:00,4669.469275592048
2025-02-18 00:00:00,4676.357939694299
2025-02-18 01:00:00,4683.449481579685
2025-02-19 02:00:00,4691.720871910087
2025-02-19 03:00:00,4699.9549529868045
2025-02-20 15:00:00,4696.450148087756
2025-02-20 16:00:00,4692.875217674356
2025-02-21 01:00:00,4689.167800016192
2025-02-21 02:00:00,4685.47188534256
2025-02-22 12:00:00,4689.91369245063
2025-02-22 17:00:00,4693.784492919831
2025-02-23 00:00:00,4697.401986464073
2025-02-23 01:00:00,4701.230263273156
2025-02-24 00:00:00,4706.058462616675
2025-02-24 01:00:00,4711.2128968131465
2025-02-25 00:00:00,4720.834738005873
2025-02-25 01:00:00,4730.786618348013
2025-02-26 01:00:00,4741.623690337056
2025-02-26 02:00:00,4752.527236111075
2025-02-27 05:00:00,4748.294208533165
2025-02-27 06:00:00,4744.120171759122
2025-02-28 00:00:00,4739.204742794598
2025-02-28 01:00:00,4735.202422382897
2025-03-01 00:00:00,4743.430008323529
2025-03-01 03:00:00,4738.301028204151
2025-03-02 01:00:00,4745.119222905014
2025-03-02 03:00:00,4752.113841823653
2025-03-03 00:00:00,4761.738041099835
2025-03-03 01:00:00,4771.507924972439
2025-03-04 00:00:00,4766.903097751182
2025-03-04 02:00:00,4761.364017575716
2025-03-05 00:00:00,4756.87877937336
2025-03-05 01:00:00,4752.375275751629
2025-03-06 00:00:00,4747.3363380540895
2025-03-06 01:00:00,4755.64110853597
2025-03-06 15:00:00,4765.541898969846
2025-03-06 16:00:00,4760.599060387081
2025-03-07 00:00:00,4756.064136867056
2025-03-07 02:00:00,4767.304199457686
2025-03-08 00:00:00,4762.823780157466
2025-03-08 12:00:00,4758.685402692773
2025-03-09 00:00:00,4754.934760340853
2025-03-09 01:00:00,4751.17628376459
2025-03-10 00:00:00,4762.584302209321
2025-03-10 02:00:00,4758.5269864018
2025-03-11 00:00:00,4769.285733383839
2025-03-11 05:00:00,4765.016181110571
2025-03-12 00:00:00,4759.770489578975
2025-03-12 01:00:00,4754.49973031004
2025-03-13 00:00:00,4749.591387264143
2025-03-13 01:00:00,4744.65916769725
2025-03-14 00:00:00,4754.841232693644
2025-03-14 01:00:00,4765.116862587346
2025-03-15 00:00:00,4760.742227658858
2025-03-15 01:00:00,4756.358495873762
2025-03-16 00:00:00,4760.761534950846
2025-03-16 02:00:00,4757.371236029722
2025-03-17 02:00:00,4752.862199275821
2025-03-17 03:00:00,4748.389743112231
2025-03-18 00:00:00,4744.058099628171
2025-03-18 01:00:00,4739.652915750296
2025-03-19 00:00:00,4747.7955133237165
2025-03-19 01:00:00,4756.093816889539
2025-03-20 00:00:00,4751.328411166368
2025-03-20 01:00:00,4746.580212877609
2025-03-20 15:00:00,4742.321133442185
2025-03-20 20:00:00,4737.8793749678325
2025-03-21 00:00:00,4733.58440495146
2025-03-21 01:00:00,4729.288794985867
2025-03-22 04:00:00,4725.624880674002
2025-03-22 05:00:00,4722.051230748196
2025-03-23 00:00:00,4725.212650032114
2025-03-23 01:00:00,4728.276618492753
2025-03-24 00:00:00,4724.513905431556
2025-03-24 01:00:00,4730.905265057242
2025-03-25 00:00:00,4726.778023268671
2025-03-25 01:00:00,4722.5736030229
2025-03-26 00:00:00,4718.503516815341
2025-03-26 02:00:00,4726.008395697196
2025-03-27 00:00:00,4721.834674429278
2025-03-27 01:00:00,4717.663798775262
2025-03-28 00:00:00,4713.66223393986
2025-03-28 01:00:00,4709.683262198548
2025-03-29 00:00:00,4705.754722885042
2025-03-29 01:00:00,4701.8588203924355
2025-03-30 01:00:00,4698.092584364067
2025-03-30 02:00:00,4694.320135191908
2025-03-31 02:00:00,4690.139889804275
2025-03-31 03:00:00,4698.137275548342
2025-04-01 00:00:00,4707.071125737073
2025-04-01 01:00:00,4715.977191378834
2025-04-02 00:00:00,4724.100251537798
2025-04-02 01:00:00,4719.867492323741
2025-04-03 00:00:00,4714.478125645074
2025-04-03 01:00:00,4709.057018596043
2025-04-03 15:00:00,4704.831278374731
2025-04-03 17:00:00,4713.143705481974
2025-04-04 00:00:00,4708.7187877845845
2025-04-04 01:00:00,4704.220915300084
2025-04-05 01:00:00,4699.419622481445
2025-04-05 02:00:00,4694.768248876014
2025-04-06 00:00:00,4700.65148864157
2025-04-06 02:00:00,4697.0315563336435
2025-04-07 00:00:00,4707.868513271172
2025-04-07 01:00:00,4702.678251188577
2025-04-08 01:00:00,4698.192360858982
2025-04-08 02:00:00,4693.722483026599
2025-04-09 00:00:00,4688.744613028438
2025-04-09 01:00:00,4683.63016623624
2025-04-10 00:00:00,4679.5020798556925
2025-04-10 01:00:00,4674.133682572347
2025-04-11 00:00:00,4669.265211231069
2025-04-11 01:00:00,4679.7882112594
2025-04-12 02:00:00,4688.8108919208935
2025-04-12 03:00:00,4697.253908408881
2025-04-13 00:00:00,4704.914754560543
2025-04-13 01:00:00,4713.014101136647
2025-04-14 03:00:00,4708.237456825581
2025-04-14 04:00:00,4703.474603029106
2025-04-15 01:00:00,4712.208958134873
2025-04-15 03:00:00,4707.908935573233
2025-04-16 00:00:00,4703.894131294957
2025-04-16 01:00:00,4711.3889919611765
2025-04-17 15:00:00,4707.583946013178
2025-04-17 17:00:00,4714.2702225634075
2025-04-18 00:00:00,4710.394396768843
2025-04-18 01:00:00,4717.039903208214
2025-04-19 00:00:00,4714.187491749659
2025-04-19 01:00:00,4711.358887596281
2025-04-20 00:00:00,4716.039404098099
2025-04-20 01:00:00,4720.747899332719
2025-04-21 00:00:00,4716.909525742709
2025-04-21 01:00:00,4723.801405945918
2025-04-22 01:00:00,4732.686224343404
2025-04-22 02:00:00,4741.704697526423
2025-04-23 01:00:00,4736.7339232560125
2025-04-23 02:00:00,4731.786612318854
2025-04-24 00:00:00,4740.328889094042
2025-04-24 01:00:00,4735.920807306715
2025-04-25 00:00:00,4732.067170077282
2025-04-25 01:00:00,4728.135841905906
2025-04-26 00:00:00,4736.47752697692
2025-04-26 01:00:00,4744.537431215131
2025-04-27 00:00:00,4749.284459641259
2025-04-27 01:00:00,4754.8419236444315
2025-04-28 00:00:00,4760.118753982223
2025-04-28 01:00:00,4756.464457298654
2025-04-29 00:00:00,4764.315193577158
2025-04-29 01:00:00,4772.290417498684
2025-04-30 01:00:00,4779.3072776028175
2025-04-30 02:00:00,4786.297062867701
2025-05-01 01:00:00,4782.024384101678
2025-05-01 02:00:00,4777.83051144361
2025-05-01 15:00:00,4784.721844599135
2025-05-01 16:00:00,4791.690241131269
2025-05-02 00:00:00,4798.94271798543
2025-05-02 01:00:00,4806.220700959
2025-05-03 00:00:00,4812.800665462751
2025-05-03 01:00:00,4819.423302811517
2025-05-04 00:00:00,4823.224050446792
2025-05-04 01:00:00,4827.588320726838
2025-05-05 01:00:00,4833.709778601199
2025-05-05 02:00:00,4829.828281114164
2025-05-06 00:00:00,4825.8302062028115
2025-05-06 02:00:00,4832.986711128314
2025-05-07 00:00:00,4840.83712984147
2025-05-07 01:00:00,4848.807080921261
2025-05-08 00:00:00,4844.693497806407
2025-05-08 01:00:00,4840.48801775384
2025-05-09 01:00:00,4849.800347217664
2025-05-09 03:00:00,4845.089551358733
2025-05-10 01:00:00,4851.873940870545
2025-05-10 04:00:00,4848.210301238738
2025-05-11 01:00:00,4854.810942098334
2025-05-11 02:00:00,4861.673696426885
2025-05-12 00:00:00,4868.496023662427
2025-05-12 02:00:00,4875.984733814233
2025-05-13 00:00:00,4885.036759073224
2025-05-13 01:00:00,4893.930288484766
2025-05-14 00:00:00,4901.003418020019
2025-05-14 01:00:00,4896.954752578736
2025-05-15 00:00:00,4903.584843516554
2025-05-15 01:00:00,4899.59066895184
2025-05-15 15:00:00,4907.322330284147
2025-05-15 16:00:00,4915.284535591162
2025-05-16 01:00:00,4923.9220995684245
2025-05-16 02:00:00,4932.559401971326
2025-05-17 00:00:00,4928.772384500242
2025-05-17 02:00:00,4924.8854916664195
2025-05-18 00:00:00,4921.381096151717
2025-05-18 01:00:00,4917.887138919762
2025-05-19 00:00:00,4927.351029976352
2025-05-19 01:00:00,4937.034287363782
2025-05-20 00:00:00,4945.126206471588
2025-05-20 01:00:00,4953.563346072265
2025-05-21 02:00:00,4962.715116675798
2025-05-21 03:00:00,4971.739808755149
2025-05-22 03:00:00,4983.218738169979
2025-05-22 04:00:00,4994.268540022778
2025-05-23 00:00:00,4990.108184919944
2025-05-23 01:00:00,4997.540581534174
2025-05-24 01:00:00,4992.874912306483
2025-05-24 03:00:00,5001.118316771878
2025-05-25 00:00:00,5007.3202691180095
2025-05-25 01:00:00,5013.767923374319
2025-05-26 05:00:00,5021.010517002438
2025-05-26 06:00:00,5028.168708927249
2025-05-27 00:00:00,5035.21566778444
2025-05-27 01:00:00,5030.978616200678
2025-05-28 00:00:00,5038.651434498381
2025-05-28 01:00:00,5046.519364773347
2025-05-29 00:00:00,5053.49180488354
2025-05-29 01:00:00,5060.640879921043
2025-05-29 15:00:00,5068.025462498261
2025-05-29 16:00:00,5075.438822006452
2025-05-30 01:00:00,5084.132248520996
2025-05-30 02:00:00,5092.8548023548865
2025-05-31 00:00:00,5100.905801807471
2025-05-31 06:00:00,5108.191607809877
2025-06-01 00:00:00,5113.180698634807
2025-06-01 01:00:00,5109.554989301123
2025-06-02 00:00:00,5115.52579881945
2025-06-02 01:00:00,5121.509825947313
2025-06-03 00:00:00,5128.84136373706
2025-06-03 01:00:00,5136.074349681859
2025-06-04 00:00:00,5143.3311347714325
2025-06-04 01:00:00,5150.67222089062
2025-06-05 00:00:00,5157.034996949448
2025-06-05 01:00:00,5163.271918620421
2025-06-06 00:00:00,5158.359490532944
2025-06-06 01:00:00,5153.455891678002
2025-06-07 00:00:00,5149.418186309882
2025-06-07 01:00:00,5145.400659099739
2025-06-08 00:00:00,5150.176018516061
2025-06-08 01:00:00,5155.103827883583
2025-06-09 00:00:00,5160.279318116853
2025-06-09 01:00:00,5156.646490326598
2025-06-10 00:00:00,5164.390130174997
2025-06-10 01:00:00,5171.969583859035
2025-06-11 00:00:00,5179.954048547514
2025-06-11 01:00:00,5187.78194316637
2025-06-12 00:00:00,5194.940892079612
2025-06-12 01:00:00,5202.2628277065205
2025-06-12 15:00:00,5198.362923275813
2025-06-12 16:00:00,5205.129802511867
2025-06-13 00:00:00,5214.405348520453
2025-06-13 05:00:00,5209.596406256235
2025-06-14 00:00:00,5216.919969282028
2025-06-14 01:00:00,5224.242670503912
2025-06-15 00:00:00,5229.705282797387
2025-06-15 01:00:00,5235.257590511332
2025-06-16 00:00:00,5241.019580803376
2025-06-16 01:00:00,5237.18631125056
2025-06-17 00:00:00,5245.247790552204
2025-06-17 01:00:00,5253.385003549978
2025-06-18 00:00:00,5261.356478050002
2025-06-18 01:00:00,5269.379169296216
2025-06-19 03:00:00,5277.7584879719025
2025-06-19 04:00:00,5285.757438383805
2025-06-20 00:00:00,5291.6202320308075
2025-06-20 01:00:00,5297.637962937028
2025-06-21 06:00:00,5303.524518596913
2025-06-21 07:00:00,5308.50978541927
2025-06-22 00:00:00,5316.6269428598
2025-06-22 01:00:00,5325.057014193044
2025-06-23 04:00:00,5334.179545518049
2025-06-23 05:00:00,5343.138842799974
2025-06-24 05:00:00,5352.88373653383
2025-06-24 06:00:00,5362.0887486736665
2025-06-25 01:00:00,5357.947812466815
2025-06-25 02:00:00,5353.787066325638
2025-06-26 01:00:00,5360.916900718802
2025-06-26 02:00:00,5368.106656808741
2025-06-26 15:00:00,5364.261869279178
2025-06-26 16:00:00,5360.432098002406
2025-06-27 00:00:00,5356.500874446684
2025-06-27 01:00:00,5352.502095718607
2025-06-28 06:00:00,5357.288261115391
2025-06-28 07:00:00,5361.154167066361
2025-06-29 00:00:00,5363.6416109833135
2025-06-29 01:00:00,5360.85700133764
2025-06-30 00:00:00,5366.404377493046
2025-06-30 01:00:00,5371.942880678551
2025-07-01 00:00:00,5378.310081330908
2025-07-01 01:00:00,5384.709526767602
2025-07-02 00:00:00,5380.721534460981
2025-07-02 01:00:00,5376.679626162761
2025-07-03 00:00:00,5372.670335896019
2025-07-03 01:00:00,5379.433775807864
2025-07-04 00:00:00,5386.211884957378
2025-07-04 01:00:00,5393.040139258902
2025-07-05 00:00:00,5398.61133862529
2025-07-05 05:00:00,5403.374557460325
2025-07-06 00:00:00,5405.2888982029945
2025-07-06 01:00:00,5407.195394200877
2025-07-07 00:00:00,5403.410341501785
2025-07-07 01:00:00,5409.453039052616
2025-07-08 00:00:00,5415.24572134664
2025-07-08 01:00:00,5411.414845033157
2025-07-09 00:00:00,5416.743567945462
2025-07-09 01:00:00,5422.207382324052
2025-07-10 01:00:00,5430.318657371823
2025-07-10 02:00:00,5438.402102285483
2025-07-10 15:00:00,5434.879303644831
2025-07-10 16:00:00,5431.244895260396
2025-07-11 00:00:00,5426.722967123482
2025-07-11 01:00:00,5422.168086919295
2025-07-12 03:00:00,5428.4641837625
2025-07-12 04:00:00,5434.506569277522
2025-07-13 00:00:00,5430.937428719822
2025-07-13 01:00:00,5427.373663545449
2025-07-14 00:00:00,5423.379916462896
2025-07-14 01:00:00,5419.389373728256
2025-07-15 00:00:00,5427.20348122974
2025-07-15 01:00:00,5435.309419183299
2025-07-16 00:00:00,5444.779685998235
2025-07-16 03:00:00,5440.210916463874
2025-07-17 00:00:00,5448.353677744716
2025-07-17 02:00:00,5456.995931809141
2025-07-18 00:00:00,5465.442074597226
2025-07-18 01:00:00,5474.150182378546
2025-07-19 03:00:00,5481.344318474793
2025-07-19 04:00:00,5487.659059386012
2025-07-20 02:00:00,5484.065933973459
2025-07-20 03:00:00,5480.450825692955
2025-07-21 00:00:00,5486.966171354992
2025-07-21 01:00:00,5482.989790234421
2025-07-22 00:00:00,5491.014197187933
2025-07-22 01:00:00,5499.594283949497
2025-07-23 00:00:00,5507.579640425615
2025-07-23 01:00:00,5515.519386524296
2025-07-24 00:00:00,5523.09526240275
2025-07-24 01:00:00,5530.613451593605
2025-07-24 15:00:00,5538.020307816386
2025-07-24 16:00:00,5545.726289638491
2025-07-25 00:00:00,5552.565901528079
2025-07-25 01:00:00,5559.497393632825
2025-07-26 06:00:00,5555.881470622724
2025-07-26 07:00:00,5552.319253369969
2025-07-27 00:00:00,5549.165899199641
2025-07-27 01:00:00,5552.48290441994
2025-07-28 00:00:00,5557.906667969721
2025-07-28 01:00:00,5563.535475098894
2025-07-29 00:00:00,5570.074409305366
2025-07-29 01:00:00,5566.1249115847895
2025-07-30 01:00:00,5572.805865474818
2025-07-30 02:00:00,5579.332091322369
2025-07-31 02:00:00,5586.720276678432
2025-07-31 03:00:00,5594.024630075482
2025-08-01 00:00:00,5601.892159262149
2025-08-01 01:00:00,5610.110930840091
2025-08-02 02:00:00,5619.046093110263
2025-08-02 03:00:00,5627.289721350965
2025-08-03 00:00:00,5623.111085905447
2025-08-03 07:00:00,5619.175394024546
2025-08-04 00:00:00,5624.478179807018
2025-08-04 01:00:00,5629.800361946112
2025-08-05 00:00:00,5635.733450444362
2025-08-05 01:00:00,5641.717326859159
2025-08-06 00:00:00,5649.0572508769255
2025-08-06 02:00:00,5645.017478446229
2025-08-07 00:00:00,5651.298570081649
2025-08-07 01:00:00,5657.710618990955
2025-08-07 15:00:00,5663.624228819898
2025-08-07 16:00:00,5659.763775633672
2025-08-08 00:00:00,5666.457046367754
2025-08-08 01:00:00,5673.1665479057565
2025-08-09 00:00:00,5669.456321365527
2025-08-09 01:00:00,5665.779416899385
2025-08-10 00:00:00,5662.316175952604
2025-08-10 01:00:00,5658.8758412638745
2025-08-11 00:00:00,5655.17836315901
2025-08-11 01:00:00,5651.420861698927
2025-08-12 00:00:00,5659.398179512661
2025-08-12 01:00:00,5667.098400776607
2025-08-13 00:00:00,5674.402197908185
2025-08-13 01:00:00,5681.681331035446
2025-08-14 00:00:00,5690.298232084576
2025-08-14 01:00:00,5699.06271996735
2025-08-15 01:00:00,5708.508965455995
2025-08-15 02:00:00,5716.6026544932465
2025-08-16 00:00:00,5723.787091892851
2025-08-16 01:00:00,5731.003944024568
2025-08-17 00:00:00,5728.036267169773
2025-08-17 01:00:00,5724.996053997068
2025-08-18 00:00:00,5729.973418298929
2025-08-18 01:00:00,5735.724935610804
2025-08-19 00:00:00,5742.730381539074
2025-08-19 01:00:00,5750.146200735481
2025-08-20 00:00:00,5757.320504664064
2025-08-20 02:00:00,5764.88593514171
2025-08-21 00:00:00,5773.101770930649
2025-08-21 01:00:00,5781.305078555897
2025-08-21 15:00:00,5787.890928442221
2025-08-21 16:00:00,5783.951388135261
2025-08-22 00:00:00,5790.996073162798
2025-08-22 02:00:00,5798.190446065183
2025-08-23 00:00:00,5806.917649445967
2025-08-23 01:00:00,5815.733517333115
2025-08-24 00:00:00,5812.181241132148
2025-08-24 01:00:00,5808.630766878321
2025-08-25 00:00:00,5804.004085152742
2025-08-25 01:00:00,5813.040687492642
2025-08-26 05:00:00,5821.96463276692
2025-08-26 07:00:00,5830.732026479843
2025-08-27 00:00:00,5838.771956265528
2025-08-27 01:00:00,5846.69320301282
2025-08-28 00:00:00,5842.248367859115
2025-08-28 01:00:00,5837.81203198253
2025-08-29 00:00:00,5844.5869350974735
2025-08-29 01:00:00,5851.714156842911
2025-08-30 00:00:00,5860.255925942126
2025-08-30 11:00:00,5865.795264235672
2025-08-31 00:00:00,5870.337457312492
2025-08-31 01:00:00,5874.932269918654
2025-09-01 00:00:00,5880.245151063653
2025-09-01 01:00:00,5885.744661711562
2025-09-02 00:00:00,5881.406722122397
2025-09-02 01:00:00,5877.042226757385
2025-09-03 00:00:00,5885.729493189965
2025-09-03 02:00:00,5893.861076308232
2025-09-04 00:00:00,5901.195419064972
2025-09-04 01:00:00,5908.6052643832145
2025-09-04 15:00:00,5904.591693717602
2025-09-04 16:00:00,5900.616354077244
2025-09-05 00:00:00,5896.394597050424
2025-09-05 01:00:00,5892.1607122366695
2025-09-06 03:00:00,5899.845501308823
2025-09-06 04:00:00,5906.289886082448
2025-09-07 00:00:00,5902.915753446314
2025-09-07 01:00:00,5899.5120236757975
2025-09-08 00:00:00,5903.997813093244
2025-09-08 01:00:00,5900.397692209409
2025-09-09 00:00:00,5906.226075982058
2025-09-09 01:00:00,5902.3822010889635
2025-09-10 00:00:00,5898.36849564782
2025-09-10 01:00:00,5894.370394450576
2025-09-11 01:00:00,5890.419188113254
2025-09-11 02:00:00,5886.610422349511
2025-09-12 00:00:00,5893.55531429337
2025-09-12 01:00:00,5900.769107388223
2025-09-13 00:00:00,5906.683933302145
2025-09-13 04:00:00,5912.437538934274
2025-09-14 00:00:00,5908.909748151469
2025-09-14 01:00:00,5905.36981184733
2025-09-15 00:00:00,5910.579511228704
2025-09-15 01:00:00,5906.862764514869
2025-09-16 00:00:00,5903.030792375777
2025-09-16 01:00:00,5899.192017937444
2025-09-17 00:00:00,5905.119572788983
2025-09-17 01:00:00,5911.071801755718
2025-09-18 00:00:00,5906.804865351678
2025-09-18 15:00:00,5912.383731518505
2025-09-18 16:00:00,5917.827536123789
2025-09-19 00:00:00,5923.155836080374
2025-09-19 01:00:00,5928.522942648449
2025-09-20 00:00:00,5933.361729792403
2025-09-20 03:00:00,5929.85115794755
2025-09-21 13:00:00,5926.900887657882
2025-09-21 16:00:00,5923.897802121541
2025-09-22 00:00:00,5928.1992512001
2025-09-22 01:00:00,5932.764902399623
2025-09-23 00:00:00,5938.946858146577
2025-09-23 01:00:00,5945.187136548171
2025-09-24 00:00:00,5951.344406527696
2025-09-24 01:00:00,5957.485593375273
2025-09-25 00:00:00,5953.739562214193
2025-09-25 01:00:00,5959.812264867388
2025-09-26 00:00:00,5968.623015183629
2025-09-26 01:00:00,5977.44464605487
2025-09-27 00:00:00,5984.247368665249
2025-09-27 03:00:00,5990.293071184714
2025-09-28 01:00:00,5992.636696743381
2025-09-28 04:00:00,5994.9027031118985
2025-09-29 00:00:00,6000.3368999713975
2025-09-29 01:00:00,5996.56009284509
2025-09-30 00:00:00,6003.240128370148
2025-09-30 01:00:00,6010.112713366655
2025-10-01 00:00:00,6006.091414860362
2025-10-01 01:00:00,6002.065768171361
2025-10-02 15:00:00,6008.40967629035
2025-10-02 16:00:00,6004.4901397345475
2025-10-03 00:00:00,6011.785782434224
2025-10-03 01:00:00,6019.158959094665
2025-10-04 04:00:00,6026.857495542243
2025-10-04 05:00:00,6033.934458976949
2025-10-05 00:00:00,6038.350543801096
2025-10-05 01:00:00,6042.77889068805
2025-10-06 00:00:00,6049.2723664018395
2025-10-06 01:00:00,6055.933910796678
2025-10-07 00:00:00,6063.375830922184
2025-10-07 01:00:00,6070.76295942446
2025-10-08 00:00:00,6079.540191250433
2025-10-08 01:00:00,6088.367695195892
2025-10-09 00:00:00,6096.017491113329
2025-10-09 01:00:00,6103.712758613263
2025-10-10 00:00:00,6112.237092584074
2025-10-10 01:00:00,6120.67097187333
2025-10-11 00:00:00,6113.987887240076
2025-10-11 02:00:00,6106.773610066011
2025-10-12 00:00:00,6102.328181159104
2025-10-12 01:00:00,6097.888979299769
2025-10-13 00:00:00,6105.148760817532
2025-10-13 01:00:00,6112.405741351052
2025-10-14 00:00:00,6120.7799024689
2025-10-14 01:00:00,6129.066684163587
2025-10-15 02:00:00,6136.32216497515
2025-10-15 03:00:00,6143.481692297106
2025-10-16 00:00:00,6152.436977851813
2025-10-16 01:00:00,6161.349359483236
2025-10-16 15:00:00,6168.963691416896
2025-10-16 16:00:00,6176.887820598683
2025-10-17 00:00:00,6184.716913262751
2025-10-17 01:00:00,6192.56753041847
2025-10-18 01:00:00,6199.487925471515
2025-10-18 03:00:00,6208.372991564847
2025-10-19 00:00:00,6213.706356556015
2025-10-19 01:00:00,6218.87986981089
2025-10-20 00:00:00,6214.660862529706
2025-10-20 01:00:00,6210.47446909599
2025-10-21 00:00:00,6218.245876509028
2025-10-21 01:00:00,6226.3812430460675
2025-10-22 00:00:00,6235.6702014432385
2025-10-22 01:00:00,6244.933670540365
2025-10-23 00:00:00,6252.607357622994
2025-10-23 01:00:00,6259.9407637407085
2025-10-24 00:00:00,6255.366045186468
2025-10-24 02:00:00,6250.804480485981
2025-10-25 07:00:00,6256.182806664532
2025-10-25 08:00:00,6261.441148434068
2025-10-26 00:00:00,6265.75892795355
2025-10-26 01:00:00,6270.210346918824
2025-10-27 00:00:00,6265.939697562108
2025-10-27 01:00:00,6273.27317712644
2025-10-28 00:00:00,6280.271765244316
2025-10-28 01:00:00,6287.340309509355
2025-10-29 03:00:00,6296.357579026633
2025-10-29 04:00:00,6304.6642956428395
2025-10-30 00:00:00,6312.110020540126
2025-10-30 01:00:00,6319.558275360908
2025-10-30 15:00:00,6327.575164999779
2025-10-30 16:00:00,6335.572685666274
2025-10-31 00:00:00,6342.998884937809
2025-10-31 01:00:00,6350.556925899216
2025-11-01 04:00:00,6358.488389990409
2025-11-01 07:00:00,6364.846877282057
2025-11-02 00:00:00,6369.325293338889
2025-11-02 01:00:00,6373.750360461544
2025-11-03 00:00:00,6380.558046710056
2025-11-03 01:00:00,6387.237354316958
2025-11-04 02:00:00,6395.391758645729
2025-11-04 03:00:00,6403.690657937276
2025-11-05 00:00:00,6399.177044328178
2025-11-05 07:00:00,6408.1679068454105
2025-11-06 00:00:00,6417.234084113652
2025-11-06 01:00:00,6412.434662394256
2025-11-07 00:00:00,6420.689657959287
2025-11-07 02:00:00,6416.656542565507
2025-11-08 00:00:00,6412.7474649674205
2025-11-08 01:00:00,6408.88719836849
2025-11-09 00:00:00,6415.800424185441
2025-11-09 01:00:00,6422.361602503606
2025-11-10 02:00:00,6429.982726061172
2025-11-10 03:00:00,6437.451194808614
2025-11-11 00:00:00,6446.211329502278
2025-11-11 01:00:00,6455.545737476142
2025-11-12 00:00:00,6450.905522556463
2025-11-12 01:00:00,6446.224884630449
2025-11-13 01:00:00,6455.931731297153
2025-11-13 02:00:00,6465.58247090228
2025-11-13 15:00:00,6461.566845956626
2025-11-13 16:00:00,6469.994329522441
2025-11-14 00:00:00,6465.730862649517
2025-11-14 01:00:00,6461.433691074408
2025-11-15 07:00:00,6457.448397935412
2025-11-15 08:00:00,6453.536431811054
2025-11-16 00:00:00,6460.732910879905
2025-11-16 01:00:00,6456.397388994624
2025-11-17 01:00:00,6464.9705297272585
2025-11-17 02:00:00,6473.620346382727
2025-11-18 00:00:00,6469.31395426131
2025-11-18 01:00:00,6464.995597435106
2025-11-19 00:00:00,6461.030728712133
2025-11-19 01:00:00,6457.028079846631
2025-11-20 01:00:00,6465.853714160171
2025-11-20 02:00:00,6474.625807070141
2025-11-21 00:00:00,6469.970957411635
2025-11-21 01:00:00,6465.282763197331
2025-11-22 06:00:00,6461.050288088973
2025-11-22 07:00:00,6469.6193940252415
2025-11-23 00:00:00,6464.955579851807
2025-11-23 01:00:00,6473.851380776948
2025-11-24 00:00:00,6468.722384137377
2025-11-24 01:00:00,6463.588824749155
2025-11-25 00:00:00,6473.667652820476
2025-11-25 01:00:00,6483.727935726022
2025-11-26 01:00:00,6491.651370375264
2025-11-26 02:00:00,6499.600813388561
2025-11-27 00:00:00,6494.533428829609
2025-11-27 01:00:00,6504.771028387587
2025-11-27 17:00:00,6500.416249488959
2025-11-27 18:00:00,6496.031481551424
2025-11-28 00:00:00,6491.755947508678
2025-11-28 01:00:00,6498.872986588265
2025-11-29 04:00:00,6506.9283864128365
2025-11-29 05:00:00,6514.56506756897
2025-11-30 00:00:00,6520.660446025586
2025-11-30 01:00:00,6526.723842069952
2025-12-01 00:00:00,6536.445071047199
2025-12-01 01:00:00,6546.402323032473
2025-12-02 02:00:00,6555.128462760847
2025-12-02 03:00:00,6563.87469642106
2025-12-03 00:00:00,6559.6717116179625
2025-12-03 02:00:00,6568.584335098108
2025-12-04 01:00:00,6563.185378795024
2025-12-04 02:00:00,6557.722036866051
2025-12-05 00:00:00,6567.6973231485945
2025-12-05 01:00:00,6577.55747692436
2025-12-06 06:00:00,6585.445445566698
2025-12-06 07:00:00,6592.8400269797
2025-12-07 00:00:00,6599.0130841194905
2025-12-07 01:00:00,6605.256414910117
2025-12-08 00:00:00,6613.932425564406
2025-12-08 03:00:00,6609.615305204299
2025-12-09 00:00:00,6604.507426227699
2025-12-09 01:00:00,6614.5950721796735
2025-12-10 02:00:00,6610.445335420896
2025-12-10 03:00:00,6604.990792921307
2025-12-11 00:00:00,6599.569226779461
2025-12-11 01:00:00,6594.121198846788
2025-12-11 15:00:00,6589.357144551566
2025-12-11 16:00:00,6598.037025531313
2025-12-12 03:00:00,6607.12247991874
2025-12-12 04:00:00,6602.859829889707
2025-12-13 04:00:00,6611.370899858473
2025-12-13 05:00:00,6617.883941621575
2025-12-14 00:00:00,6623.0438180620895
2025-12-14 01:00:00,6628.115501200688
2025-12-15 00:00:00,6637.663147539087
2025-12-15 02:00:00,6646.992168353424
2025-12-16 01:00:00,6641.370177612219
2025-12-16 03:00:00,6650.0548064894665
2025-12-17 00:00:00,6660.522091560953
2025-12-17 01:00:00,6670.978774275304
2025-12-18 01:00:00,6666.415876525812
2025-12-18 02:00:00,6661.812706252292
2025-12-19 00:00:00,6657.177340822699
2025-12-19 01:00:00,6652.513838852201
2025-12-20 04:00:00,6662.163557804871
2025-12-20 05:00:00,6670.902057168162
2025-12-21 00:00:00,6675.67994663402
2025-12-21 01:00:00,6680.692259775905
2025-12-22 00:00:00,6676.01797733658
2025-12-22 01:00:00,6671.227825887163
2025-12-23 00:00:00,6680.984607378064
2025-12-23 02:00:00,6690.706539283079
2025-12-24 00:00:00,6700.605232626159
2025-12-24 01:00:00,6710.5501861360535
2025-12-25 01:00:00,6718.021695029903
2025-12-25 02:00:00,6713.506343395692
2025-12-25 15:00:00,6719.186400535298
2025-12-25 16:00:00,6724.979558336706
2025-12-26 00:00:00,6720.464553347913
2025-12-26 01:00:00,6715.9126520051805
2025-12-27 07:00:00,6720.5293417089715
2025-12-27 08:00:00,6724.979988051315
2025-12-28 00:00:00,6728.868736467315
2025-12-28 01:00:00,6732.970401068619
2025-12-29 00:00:00,6738.391358247675
2025-12-29 01:00:00,6734.156964941614
2025-12-30 00:00:00,6742.399650684369
2025-12-30 01:00:00,6750.661273371736
2025-12-31 03:00:00,6759.484647367897
2025-12-31 04:00:00,6767.599787494554
2026-01-01 01:00:00,6775.015022595419
2026-01-01 02:00:00,6782.356147767429
2026-01-02 00:00:00,6787.796574573522
2026-01-02 01:00:00,6793.474008750185
2026-01-03 00:00:00,6803.774966198553
2026-01-03 01:00:00,6814.022248210622
2026-01-04 00:00:00,6819.914355976423
2026-01-04 02:00:00,6815.620804894475
2026-01-05 00:00:00,6811.271799839034
2026-01-05 01:00:00,6818.347744741046
2026-01-06 00:00:00,6827.718804629903
2026-01-06 01:00:00,6837.206817651563
2026-01-07 00:00:00,6848.277872628679
2026-01-07 01:00:00,6859.520382083861
2026-01-08 00:00:00,6854.54366071331
2026-01-08 01:00:00,6849.559103478537
2026-01-08 17:00:00,6859.489184317201
2026-01-08 18:00:00,6869.488911620469
2026-01-09 01:00:00,6878.540752162912
2026-01-09 02:00:00,6887.617255187058
2026-01-10 14:00:00,6890.711820170188
2026-01-11 16:00:00,6886.697945290157
2026-01-11 17:00:00,6882.567684633432
2026-01-12 00:00:00,6878.099785706342
2026-01-12 01:00:00,6873.507373309066
2026-01-13 00:00:00,6868.357675917397
2026-01-13 01:00:00,6863.189685642285
2026-01-14 00:00:00,6874.495817840138
2026-01-14 01:00:00,6885.9125656133
2026-01-15 00:00:00,6896.761457708646
2026-01-15 01:00:00,6907.826579346734
2026-01-16 03:00:00,6917.678940805306
2026-01-16 04:00:00,6926.804963801095
2026-01-17 00:00:00,6934.556941454901
2026-01-17 01:00:00,6942.263859862514
2026-01-18 03:00:00,6946.030882202076
2026-01-18 05:00:00,6949.627536245179
2026-01-19 00:00:00,6957.54835518447
2026-01-19 08:00:00,6966.409125297481
2026-01-20 00:00:00,6973.262357514993
2026-01-20 01:00:00,6980.131487894004
2026-01-21 00:00:00,6991.275759567252
2026-01-21 01:00:00,7002.485499982674
2026-01-22 02:00:00,7012.447188392231
2026-01-22 15:00:00,7007.68676484834
2026-01-22 16:00:00,7002.913718233115
2026-01-23 00:00:00,7012.151852974357
2026-01-23 01:00:00,7021.4928189865595
2026-01-24 02:00:00,7031.71155515163
2026-01-24 03:00:00,7041.967966340504
2026-01-25 00:00:00,7045.490268202841
2026-01-25 01:00:00,7049.382217119098
2026-01-26 00:00:00,7059.572919718378
2026-01-26 01:00:00,7070.291081233073
2026-01-27 00:00:00,7080.614651154829
2026-01-27 01:00:00,7091.1539662679115
2026-01-28 00:00:00,7101.524085191046
2026-01-28 01:00:00,7111.874891648076
2026-01-29 00:00:00,7122.814697581614
2026-01-29 01:00:00,7133.667107798053
2026-01-30 00:00:00,7127.467503928519
2026-01-30 05:00:00,7122.545045983246
2026-01-31 00:00:00,7116.367192294867
2026-01-31 02:00:00,7128.611373619406
2026-02-01 02:00:00,7142.343072833514
2026-02-01 03:00:00,7156.032611156902
2026-02-02 00:00:00,7150.854406859784
2026-02-02 01:00:00,7145.569564718221
2026-02-03 00:00:00,7139.542239933298
2026-02-03 01:00:00,7133.529919584849
2026-02-04 01:00:00,7146.417054729753
2026-02-04 02:00:00,7159.782571126374
2026-02-05 00:00:00,7173.097572409435
2026-02-05 01:00:00,7187.12736095203
2026-02-05 15:00:00,7201.1157476941335
2026-02-05 16:00:00,7215.12973847132
2026-02-06 01:00:00,7241.187870401302
2026-02-06 03:00:00,7229.293618735337
2026-02-07 00:00:00,7244.338764602813
2026-02-07 01:00:00,7259.239506890181
2026-02-08 00:00:00,7269.7736098135
2026-02-08 01:00:00,7280.2634812464685
2026-02-09 00:00:00,7275.252522957047
2026-02-09 01:00:00,7270.266098215342
2026-02-10 00:00:00,7265.1154459504705
2026-02-10 01:00:00,7259.9427343301595
2026-02-11 00:00:00,7254.929678906658
2026-02-11 01:00:00,7249.959015146528
2026-02-12 00:00:00,7244.452841107979
2026-02-12 01:00:00,7238.961799670408
2026-02-13 02:00:00,7233.822507593258
2026-02-13 03:00:00,7244.44104376995
2026-02-14 00:00:00,7238.365620986876
2026-02-14 01:00:00,7232.3567229090995
2026-02-15 00:00:00,7226.719265053193
2026-02-15 01:00:00,7221.184588649302
2026-02-16 00:00:00,7215.317495818827
2026-02-16 01:00:00,7209.3635151131875
2026-02-17 00:00:00,7202.966792919174
2026-02-17 01:00:00,7196.607054863576
2026-02-18 02:00:00,7190.331112855676
2026-02-18 03:00:00,7184.137075714974
2026-02-19 01:00:00,7178.139769388998
2026-02-19 02:00:00,7172.15278790157
2026-02-19 15:00:00,7166.295946256802
2026-02-19 16:00:00,7177.615578646871
2026-02-20 01:00:00,7171.374247887309
2026-02-20 02:00:00,7165.192650422768
2026-02-21 02:00:00,7158.981191718888
2026-02-21 03:00:00,7170.657076066046
2026-02-22 01:00:00,7165.441039505075
2026-02-22 02:00:00,7160.206252552248
2026-02-23 00:00:00,7154.907660366707
2026-02-23 01:00:00,7166.6357659465975
2026-02-24 00:00:00,7160.262635678915
2026-02-24 01:00:00,7153.552176173702
2026-02-25 00:00:00,7165.752481034013
2026-02-25 01:00:00,7179.457235735076
2026-02-26 02:00:00,7191.144823818205
2026-02-26 03:00:00,7202.667109627102
2026-02-27 00:00:00,7196.3169937584025
2026-02-27 01:00:00,7189.953892134659
2026-02-28 00:00:00,7183.786214304522
2026-02-28 01:00:00,7177.7904012731
2026-03-01 00:00:00,7189.110284908791
2026-03-01 01:00:00,7201.114783075825
2026-03-02 00:00:00,7195.745187653445
2026-03-02 01:00:00,7190.295198254449
2026-03-03 00:00:00,7202.117595943302
2026-03-03 01:00:00,7196.5671356316925
2026-03-04 00:00:00,7191.181911632415
2026-03-04 01:00:00,7185.710181112499
2026-03-05 00:00:00,7200.242899045219
2026-03-05 01:00:00,7215.075661419665
2026-03-05 15:00:00,7229.470323269188
2026-03-05 16:00:00,7244.171445518161
2026-03-06 00:00:00,7257.851746960524
2026-03-06 01:00:00,7271.735687707117
2026-03-07 00:00:00,7284.84465394918
2026-03-07 01:00:00,7297.739016577432
2026-03-08 00:00:00,7306.921233059723
2026-03-08 01:00:00,7315.931163458635
2026-03-09 00:00:00,7309.146411343456
2026-03-09 01:00:00,7302.338180300483
2026-03-10 00:00:00,7295.500547525578
2026-03-10 01:00:00,7288.643965804107
2026-03-11 00:00:00,7303.62612472101
2026-03-11 01:00:00,7318.599066420418
2026-03-12 00:00:00,7332.628130518013
2026-03-12 01:00:00,7346.675428286745
2026-03-13 00:00:00,7339.725593319082
2026-03-13 01:00:00,7353.893017742685
2026-03-14 03:00:00,7367.366095357551
2026-03-14 04:00:00,7379.746301180573
2026-03-15 00:00:00,7374.621113187122
2026-03-15 01:00:00,7369.511145690213
2026-03-16 00:00:00,7363.310262279449
2026-03-16 01:00:00,7357.023989391576
2026-03-17 00:00:00,7370.727559898123
2026-03-17 01:00:00,7384.882174878394
2026-03-18 00:00:00,7397.855780422144
2026-03-18 01:00:00,7410.662680424485
2026-03-19 00:00:00,7424.662169550925
2026-03-19 01:00:00,7437.737788816481
2026-03-19 15:00:00,7430.574872723227
2026-03-19 16:00:00,7423.387352832472
2026-03-20 01:00:00,7437.914842547098
2026-03-20 02:00:00,7452.114014558009
2026-03-21 04:00:00,7463.616184655285
2026-03-21 05:00:00,7474.758018314209
2026-03-22 00:00:00,7485.43631247794
2026-03-22 01:00:00,7496.437471257183
2026-03-23 00:00:00,7509.269478822293
2026-03-23 01:00:00,7502.591108911676
2026-03-24 01:00:00,7495.258655746128
2026-03-24 02:00:00,7509.441400453639
2026-03-25 01:00:00,7502.36876773933
2026-03-25 02:00:00,7495.309206243492
2026-03-26 00:00:00,7508.230271872752
2026-03-26 01:00:00,7501.622415144629
2026-03-27 00:00:00,7494.862829657422
2026-03-27 01:00:00,7488.152903462172
2026-03-28 00:00:00,7481.654232692682
2026-03-28 01:00:00,7493.639881055108
2026-03-29 02:00:00,7487.826131983006
2026-03-29 04:00:00,7482.183583830876
2026-03-30 00:00:00,7495.1052410820175
2026-03-30 01:00:00,7508.050488917747
2026-03-31 00:00:00,7501.368897927855
2026-03-31 01:00:00,7514.9716429493665
2026-04-01 00:00:00,7529.860750712526
2026-04-01 01:00:00,7522.516443436606
2026-04-02 01:00:00,7536.183513937595
2026-04-02 02:00:00,7550.105780705091
2026-04-02 15:00:00,7562.36596647696
2026-04-02 16:00:00,7574.384644382714
2026-04-03 00:00:00,7586.409925135952
2026-04-03 01:00:00,7598.527961728831
2026-04-04 02:00:00,7593.581686515611
2026-04-04 03:00:00,7588.830458006155
2026-04-05 01:00:00,7595.428128001
2026-04-05 02:00:00,7602.420347245316
2026-04-06 00:00:00,7595.955472904679
2026-04-06 01:00:00,7589.415181484486
2026-04-07 00:00:00,7601.866563748189
2026-04-07 02:00:00,7614.89773807584
2026-04-08 02:00:00,7630.423163635077
2026-04-08 03:00:00,7622.863963194753
2026-04-09 02:00:00,7636.598512557767
2026-04-09 03:00:00,7649.187843240415
2026-04-10 00:00:00,7663.946770607428
2026-04-10 01:00:00,7679.096792311875
2026-04-11 01:00:00,7691.448473516137
2026-04-11 02:00:00,7703.470101666766
2026-04-12 00:00:00,7713.399321082926
2026-04-12 01:00:00,7725.638806593644
2026-04-13 00:00:00,7736.315480673474
2026-04-13 01:00:00,7747.105279604448
2026-04-14 02:00:00,7739.5380593148275
2026-04-14 03:00:00,7732.166476626064
2026-04-15 00:00:00,7746.756110572504
2026-04-15 01:00:00,7761.48379521752
2026-04-16 00:00:00,7774.400676655392
2026-04-16 01:00:00,7787.30866124334
2026-04-16 15:00:00,7800.329400942011
2026-04-16 16:00:00,7793.3512594919985
2026-04-17 00:00:00,7786.0052837072535
2026-04-17 01:00:00,7778.613037128592
2026-04-18 00:00:00,7792.117100627398
2026-04-18 01:00:00,7805.490996978831
2026-04-19 00:00:00,7815.077840001949
2026-04-19 01:00:00,7824.555424569619
2026-04-20 00:00:00,7817.684581918362
2026-04-20 01:00:00,7830.677591555984
2026-04-21 00:00:00,7843.949552191582
2026-04-21 01:00:00,7857.359371235768
2026-04-22 00:00:00,7850.053205274573
2026-04-22 01:00:00,7842.79034325016
2026-04-23 00:00:00,7855.381803809784
2026-04-23 01:00:00,7868.1235948646345
2026-04-24 00:00:00,7880.6457237384475
2026-04-24 01:00:00,7893.303631676988
2026-04-25 03:00:00,7902.5012288490025
2026-04-25 04:00:00,7911.255580173948
2026-04-26 00:00:00,7917.209411714649
2026-04-26 01:00:00,7912.286518281242
2026-04-27 00:00:00,7924.29515095924
2026-04-27 01:00:00,7936.992680387346
2026-04-28 00:00:00,7947.847837996169
2026-04-28 01:00:00,7959.005460298826
2026-04-29 00:00:00,7968.377418513359
2026-04-29 01:00:00,7962.366375916721
2026-04-30 00:00:00,7975.676562877846
2026-04-30 01:00:00,7989.113265893241
