ts,oi_usd,volume_usd,oi_change_1h,oi_change_8h,oi_zscore_24h,volume_oi_ratio,funding_rate,funding_sign,funding_extreme
2026-04-26 03:00:00+00:00,3248547639.5263,55801909.5861,-0.00044336028731928323,-0.012384368346359476,-1.518237803202932,0.017177494615482066,7.1841412414e-06,1.0,0
2026-04-26 04:00:00+00:00,3250289781.2549,92041046.9429,0.0005362832631428116,-0.011238999144536521,-1.3572042307663774,0.028317797223410646,7.1841412414e-06,1.0,0
2026-04-26 05:00:00+00:00,3239447420.9767,175295946.939,-0.0033358134221540547,-0.01017462676086256,-1.5251482300241264,0.05411291623500033,7.1841412414e-06,1.0,0
2026-04-26 06:00:00+00:00,3265569946.3643,424450869.4321,0.008063883123537119,0.0015864232830342662,-0.7347980554799199,0.1299775770856354,7.1841412414e-06,1.0,0
2026-04-26 07:00:00+00:00,3278549612.2273,124007409.2405,0.00397470153026469,0.006888949833787628,-0.2911886218907588,0.03782386234999046,7.1841412414e-06,1.0,0
2026-04-26 08:00:00+00:00,3276917771.3739,85780610.7154,-0.0004977325483543904,0.006837815492575894,-0.2761306841437638,0.02617722405632263,2.57806854046e-05,1.0,0
2026-04-26 09:00:00+00:00,3297347949.5345,147450405.4435,0.006234571504683872,0.013268423847240696,0.4759461110689907,0.04471787864071675,2.57806854046e-05,1.0,0
2026-04-26 10:00:00+00:00,3295522784.7434,90628861.6046,-0.0005535250810754233,0.01401058144710654,0.46371935990370833,0.02750060233968513,2.57806854046e-05,1.0,0
2026-04-26 11:00:00+00:00,3283228611.6457,90014844.2238,-0.003730568380414745,0.010675839164992817,0.08703604355230535,0.027416563045447075,2.57806854046e-05,1.0,0
2026-04-26 12:00:00+00:00,3287812264.4402,82291589.1387,0.0013960809120150408,0.011544350107396628,0.34067174009489715,0.025029284679279395,2.57806854046e-05,1.0,0
2026-04-26 13:00:00+00:00,3279906925.4159,184403123.2152,-0.0024044374764948806,0.012489631465295359,0.08263948431699744,0.05622205977439962,2.57806854046e-05,1.0,0
2026-04-26 14:00:00+00:00,3279461661.7292,115502532.5767,-0.00013575497623119492,0.004253994124476357,0.13678912102759463,0.035219967327136746,2.57806854046e-05,1.0,0
2026-04-26 15:00:00+00:00,3301150677.5942,181573662.5465,0.006613590309076489,0.006893617007535768,1.259213522828546,0.05500314292797642,2.57806854046e-05,1.0,0
2026-04-26 16:00:00+00:00,3299842076.1174,97444887.3219,-0.0003964076785957227,0.006995691177776653,1.2914185325084584,0.029530166921367892,-2.13471161992e-05,-1.0,0
2026-04-26 17:00:00+00:00,3298788703.5829,78662807.0323,-0.0003192190747927093,0.0004369432860742428,1.24969247877098,0.023845967141472954,-2.13471161992e-05,-1.0,0
2026-04-26 18:00:00+00:00,3297578118.8959,134218803.6779,-0.0003669785475151066,0.0006236746904055845,1.1542127364145782,0.04070223625902738,-2.13471161992e-05,-1.0,0
2026-04-26 19:00:00+00:00,3364096037.8102,305531808.5748,0.020171749240188497,0.024630458530259247,3.2399139643136845,0.0908213692893502,-2.13471161992e-05,-1.0,0
2026-04-26 20:00:00+00:00,3424223145.3479,458391780.6606,0.01787318401790894,0.04148986314792702,3.5168970680623204,0.1338673798999824,-2.13471161992e-05,-1.0,0
2026-04-26 21:00:00+00:00,3413898663.3467,98344790.3086,-0.0030151311882891108,0.04085229885412356,2.5962418250946757,0.028807179124699326,-2.13471161992e-05,-1.0,0
2026-04-26 22:00:00+00:00,3312815296.1184,661630070.6442,-0.029609363720599302,0.010170460224747213,0.4360363878169143,0.19971836987695232,-2.13471161992e-05,-1.0,0
2026-04-26 23:00:00+00:00,3338180439.3562,636101178.0055,0.007656672941446674,0.011217228590421735,0.8928244418181011,0.19055326383979954,-2.13471161992e-05,-1.0,0
2026-04-27 00:00:00+00:00,3288664280.2805,703702637.6893,-0.014833278181106913,-0.003387372964845703,-0.17543657214090053,0.21397825308860016,-8.0304980673e-06,-1.0,0
2026-04-27 01:00:00+00:00,3279520828.1192,396672033.4456,-0.0027802935727205824,-0.0058408940963003975,-0.3983924853099305,0.12095426564895174,-8.0304980673e-06,-1.0,0
2026-04-27 02:00:00+00:00,3269257615.2675,746347575.3415,-0.0031294854918137993,-0.008588273759495446,-0.6471866653350585,0.22829267777982426,-8.0304980673e-06,-1.0,0
2026-04-27 03:00:00+00:00,3292556586.1571,193531137.3151,0.0071266855144096475,-0.021265579474855745,-0.1814913685656566,0.05877837851861475,-8.0304980673e-06,-1.0,0
2026-04-27 04:00:00+00:00,3298970913.0571,131359805.7511,0.001948129586281766,-0.036578291476408564,-0.08515136619160277,0.03981841889881082,-8.0304980673e-06,-1.0,0
2026-04-27 05:00:00+00:00,3294526149.4542,137720697.3056,-0.001347318215297988,-0.03496662486621016,-0.2540293447815379,0.04180288486355345,-8.0304980673e-06,-1.0,0
2026-04-27 06:00:00+00:00,3326669934.0801,1154316675.9447,0.009756724690506813,0.004182134143709604,0.4761286727933354,0.34698863993668033,-8.0304980673e-06,-1.0,0
2026-04-27 07:00:00+00:00,3329252392.676,344504339.4717,0.0007762893966256623,-0.0026745248923458753,0.4908815747482893,0.10347798810014308,-8.0304980673e-06,-1.0,0
2026-04-27 08:00:00+00:00,3336975410.5665,185447315.0159,0.002319745390133132,0.014690198259422083,0.6252023866417366,0.0555734736398365,5.60785122443e-05,1.0,0
2026-04-27 09:00:00+00:00,3345389103.807,208672591.8784,0.002521353083351441,0.020084725525459035,0.7778738185493826,0.062376179691903066,5.60785122443e-05,1.0,0
2026-04-27 10:00:00+00:00,3353136267.9844,234561093.0151,0.002315773722280534,0.025656788967986177,0.8983016124278876,0.06995274700127137,5.60785122443e-05,1.0,0
2026-04-27 11:00:00+00:00,3354391862.4016,98404299.5238,0.00037445374027544887,0.01878032301843313,0.8550676205930314,0.02933595821847325,5.60785122443e-05,1.0,0
2026-04-27 12:00:00+00:00,3351001470.7638,106055972.5453,-0.0010107321317469609,0.01577175400388242,0.7092266032716044,0.03164903789825149,5.60785122443e-05,1.0,0
2026-04-27 13:00:00+00:00,3375497089.4007,184363906.6364,0.007309939685379074,0.024577416075423963,1.2016681267898908,0.054618298210155694,5.60785122443e-05,1.0,0
2026-04-27 14:00:00+00:00,3401260806.9539,330404334.7074,0.007632569921064203,0.022422084051577418,1.645283482382198,0.09714172286696927,5.60785122443e-05,1.0,0
2026-04-27 15:00:00+00:00,3348259535.0392,520460222.6531,-0.015582830874462328,0.0057091322979938575,0.35842764585583464,0.15544201911665928,5.60785122443e-05,1.0,0
2026-04-27 16:00:00+00:00,3377943048.3508,1459160772.6317,0.008865356165185245,0.012276877334659542,0.9762440224219785,0.4319672510003093,4.61891024292e-05,1.0,0
2026-04-27 17:00:00+00:00,3406266540.7572,309733809.9625,0.008384834202645353,0.018197415924181115,1.4838784184238625,0.09093058521886763,4.61891024292e-05,1.0,0
2026-04-27 18:00:00+00:00,3343343304.8791,274471471.317,-0.018472786884173864,-0.0029205383624885117,0.013668190678019616,0.08209491107791733,4.61891024292e-05,1.0,0
2026-04-27 19:00:00+00:00,3355586932.0796,143290908.3371,0.0036620909323408224,0.00035627014583328176,0.30693858081121406,0.04270218928534703,4.61891024292e-05,1.0,0
2026-04-27 20:00:00+00:00,3326327264.6221,444072094.3596,-0.008719686913122637,-0.0073632334563183965,-0.3047538752844378,0.1335022260384985,4.61891024292e-05,1.0,0
2026-04-27 21:00:00+00:00,3315765589.4318,129666605.0664,-0.0031751762078948698,-0.017695615900976902,-0.5111645803959416,0.03910608321640134,4.61891024292e-05,1.0,0
2026-04-27 22:00:00+00:00,3313642809.8905,86368793.8589,-0.0006402079652632064,-0.02576044650391529,-0.5712115613213252,0.026064605877588257,4.61891024292e-05,1.0,0
2026-04-27 23:00:00+00:00,3297531026.1394,124745792.3887,-0.004862257242394974,-0.015150709904334203,-0.9507006566795498,0.03783005873177385,4.61891024292e-05,1.0,0
2026-04-28 00:00:00+00:00,3262108053.2188,290030651.3738,-0.010742271305350437,-0.03429157729244536,-1.7972183768401038,0.0889089651974035,-6.31997400311e-05,-1.0,0
2026-04-28 01:00:00+00:00,3268972642.9617,203389810.1192,0.0021043416192563225,-0.04030626968052242,-1.5804515082953845,0.062218266205779,-6.31997400311e-05,-1.0,0
2026-04-28 02:00:00+00:00,3278266037.1393,160148891.5927,0.0028429097434048423,-0.019464727910181945,-1.373514309207848,0.048851706901874896,-6.31997400311e-05,-1.0,0
2026-04-28 03:00:00+00:00,3292773338.3908,324473756.4911,0.00442529711961992,-0.018719107852131156,-0.9989893754903857,0.09854117582526117,-6.31997400311e-05,-1.0,0
2026-04-28 04:00:00+00:00,3300267090.3622,117223191.1119,0.002275817738205399,-0.0078345190315664,-0.8075996874135744,0.03551930431758931,-6.31997400311e-05,-1.0,0
2026-04-28 05:00:00+00:00,3298543528.5997,131898806.2953,-0.0005222491741753155,-0.005193992267424119,-0.8600820382398806,0.03998698369498061,-6.31997400311e-05,-1.0,0
2026-04-28 06:00:00+00:00,3292220214.4471,177442369.7126,-0.001917001882125846,-0.006464968215481148,-0.966362066070063,0.05389747895172313,-6.31997400311e-05,-1.0,0
2026-04-28 07:00:00+00:00,3297262489.1762,216991615.5417,0.0015315727383524713,-8.143576544739073e-05,-0.7926050116106051,0.06580962730568472,-6.31997400311e-05,-1.0,0
2026-04-28 08:00:00+00:00,3291734819.5917,296222847.7964,-0.0016764420796480106,0.00908209228191148,-0.869492325848225,0.08998988801690376,-6.9287230121e-05,-1.0,0
2026-04-28 09:00:00+00:00,3283446669.8849,159949513.8514,-0.0025178667666273524,0.004427699006402941,-0.9921306913392465,0.048713906432050244,-6.9287230121e-05,-1.0,0
2026-04-28 10:00:00+00:00,3295394164.6732,139718058.227,0.0036387052964435007,0.0052247521524662055,-0.6454069752051709,0.042397980710406354,-6.9287230121e-05,-1.0,0
2026-04-28 11:00:00+00:00,3298732790.3477,113542572.9907,0.001013118767487775,0.0018098579356855549,-0.5123191038387946,0.03442005770304667,-6.9287230121e-05,-1.0,0
2026-04-28 12:00:00+00:00,3295592349.3829,385073705.9345,-0.0009520143535084458,-0.0014164735311730237,-0.5363770659745736,0.11684506610977084,-6.9287230121e-05,-1.0,0
2026-04-28 13:00:00+00:00,3303623053.6521,245123964.0484,0.0024368014662685678,0.0015399296714924127,-0.27751447897408327,0.07419852691045353,-6.9287230121e-05,-1.0,0
2026-04-28 14:00:00+00:00,3299807587.5317,470040406.6712,-0.0011549338585048474,0.002304637171992585,-0.30319682744250126,0.142444792371302,-6.9287230121e-05,-1.0,0
2026-04-28 15:00:00+00:00,3300421946.5546,577536364.9346,0.0001861802564553372,0.0009582062055331075,-0.2331250977962984,0.1749886451753558,-6.9287230121e-05,-1.0,0
2026-04-28 16:00:00+00:00,3285041929.0269,252223996.9326,-0.004660015530364436,-0.002033241111940587,-0.6432138270000168,0.07677953657270797,5.20097210711e-05,1.0,0
2026-04-28 17:00:00+00:00,3290626334.7043,188826032.9064,0.0016999495890923644,0.0021866244654589195,-0.42797048404393706,0.05738300666805068,5.20097210711e-05,1.0,0
2026-04-28 18:00:00+00:00,3261018708.3706,187298755.1987,-0.00899756560671916,-0.01043136407507983,-1.763251831805829,0.05743565797949245,5.20097210711e-05,1.0,0
2026-04-28 19:00:00+00:00,3227200518.3749,179803138.7443,-0.010370437283568346,-0.02168477306864869,-3.111795131700325,0.05571489522282374,5.20097210711e-05,1.0,0
2026-04-28 20:00:00+00:00,3242589425.135,139387921.4194,0.00476850033720555,-0.016082973447193782,-2.1054717915232684,0.04298660827637677,5.20097210711e-05,1.0,0
2026-04-28 21:00:00+00:00,3236000557.275,112993266.3197,-0.002031977224414061,-0.020469192543726922,-2.1079308986517717,0.03491756701514612,5.20097210711e-05,1.0,0
2026-04-28 22:00:00+00:00,3221137464.4663,90524562.1832,-0.0045930439583162785,-0.02384082131414411,-2.3406619765148355,0.028103290586575052,5.20097210711e-05,1.0,0
2026-04-28 23:00:00+00:00,3216735387.9869,70876747.1678,-0.0013666217378057732,-0.025356321077389055,-2.142948074326687,0.02203375118528358,5.20097210711e-05,1.0,0
2026-04-29 00:00:00+00:00,3210963825.0572,69818645.878,-0.0017942299361191072,-0.02255012434244441,-2.0562053425120803,0.021743828234114804,-8.5555743878e-06,-1.0,0
2026-04-29 01:00:00+00:00,3207215867.8153,132352748.284,-0.0011672374545774744,-0.02534789988438335,-1.9137296050542638,0.04126717805688471,-8.5555743878e-06,-1.0,0
2026-04-29 02:00:00+00:00,3207722624.9002,234885341.7821,0.00015800529362097748,-0.01634338476304853,-1.6915020924716442,0.0732249540402228,-8.5555743878e-06,-1.0,0
2026-04-29 03:00:00+00:00,3207445691.3814,117298581.0682,-8.633337454122536e-05,-0.006121350960691996,-1.528756733793595,0.036570714629210514,-8.5555743878e-06,-1.0,0
2026-04-29 04:00:00+00:00,3203785035.5577,385803647.3462,-0.0011412993939495797,-0.011967099280749793,-1.4711478355744594,0.1204212027537113,-8.5555743878e-06,-1.0,0
2026-04-29 05:00:00+00:00,3209895371.8718,484019569.5937,0.001907224188353318,-0.008067114001112263,-1.2048219313426036,0.1507898275548625,-8.5555743878e-06,-1.0,0
2026-04-29 06:00:00+00:00,3207915040.2346,254276035.8975,-0.0006169458526759097,-0.004104892876371169,-1.1505270052156833,0.07926520269654784,-8.5555743878e-06,-1.0,0
2026-04-29 07:00:00+00:00,3191635580.8452,300663347.9035,-0.005074778847076189,-0.007802882150467427,-1.4155892551421998,0.09420353304366885,-8.5555743878e-06,-1.0,0
2026-04-29 08:00:00+00:00,3204840680.3028,163259817.4115,0.004137408273316545,-0.001906949155458193,-1.0068579282122974,0.05094163289142812,-2.20941209013e-05,-1.0,0
2026-04-29 09:00:00+00:00,3190504088.2721,127972832.0675,-0.004473418013823283,-0.005210681236303527,-1.2401385334123838,0.040110536932991984,-2.20941209013e-05,-1.0,0
2026-04-29 10:00:00+00:00,3131199768.2258,486255013.4043,-0.0185877586755947,-0.02385582097416561,-2.2692940911325423,0.15529351347640835,-2.20941209013e-05,-1.0,0
2026-04-29 11:00:00+00:00,3138275986.5308,344341365.379,0.0022599063709720646,-0.021565354960323524,-1.8866636336648037,0.10972309856012741,-2.20941209013e-05,-1.0,0
2026-04-29 12:00:00+00:00,3155074495.1923,225477987.9671,0.005352782461962358,-0.015204060142855691,-1.4125107621113504,0.07146518673669455,-2.20941209013e-05,-1.0,0
2026-04-29 13:00:00+00:00,3133607038.2017,452213630.586,-0.006804104633127306,-0.023766610693486068,-1.7075559125561905,0.14431089318892845,-2.20941209013e-05,-1.0,0
2026-04-29 14:00:00+00:00,3103845396.3225,632248488.1669,-0.009497566707113214,-0.032441521239443105,-2.081183018975553,0.20369844738916476,-2.20941209013e-05,-1.0,0
2026-04-29 15:00:00+00:00,3115648951.6116,300307253.9833,0.0038028811947543595,-0.023808053052685185,-1.7136703220259977,0.09638674274518735,-2.20941209013e-05,-1.0,0
2026-04-29 16:00:00+00:00,3121193268.1299,652425575.2047,0.001779506165298983,-0.026100334000065506,-1.491259136521343,0.2090308158314107,7.3709472698e-05,1.0,0
2026-04-29 17:00:00+00:00,3143793275.4842,465093711.6588,0.007240822792060175,-0.014640574497178371,-0.9712880141434318,0.14794029724717422,7.3709472698e-05,1.0,0
2026-04-29 18:00:00+00:00,3144898645.7173,257396556.9066,0.0003516039816358063,0.0043749611987426995,-0.8798795287776262,0.08184574000727202,7.3709472698e-05,1.0,0
2026-04-29 19:00:00+00:00,3134683186.3859,1210505637.5891,-0.0032482634520865084,-0.0011448324367645535,-1.0313748280550434,0.3861652248770759,7.3709472698e-05,1.0,0
2026-04-29 20:00:00+00:00,3156136950.426,262012056.0039,0.00684399754759113,0.0003367448962994235,-0.4623466903105176,0.08301669418005922,7.3709472698e-05,1.0,0
2026-04-29 21:00:00+00:00,3151398853.6414,392050082.7578,-0.0015012329499709542,0.0056777430044037125,-0.517363010008027,0.1244050978519559,7.3709472698e-05,1.0,0
2026-04-29 22:00:00+00:00,3149433729.8344,136889369.6518,-0.0006235719114795479,0.014687694678966245,-0.5077219121544706,0.043464756332243185,7.3709472698e-05,1.0,0
2026-04-29 23:00:00+00:00,3149618697.9928,112405527.9877,5.8730608187618216e-05,0.010902944108523327,-0.44289997844657886,0.03568861464384059,7.3709472698e-05,1.0,0
2026-04-30 00:00:00+00:00,3145148856.8,144730691.1108,-0.0014191689919953454,0.0076751378758590505,-0.507388303900199,0.04601711960242631,2.17122647699e-05,1.0,0
2026-04-30 01:00:00+00:00,3125391256.4178,300000066.983,-0.006281928545125326,-0.005853444375589767,-0.9956873770353025,0.09598800353938669,2.17122647699e-05,1.0,0
2026-04-30 02:00:00+00:00,3129804762.0317,193097830.5628,0.0014121449929949126,-0.0047994817595010675,-0.7969894645614738,0.06169644602286672,2.17122647699e-05,1.0,0
2026-04-30 03:00:00+00:00,3122170167.5444,330472903.4315,-0.00243931972368272,-0.003991796968779715,-0.9560193242358357,0.10584717862813299,2.17122647699e-05,1.0,0
2026-04-30 04:00:00+00:00,3154281638.0905,163776877.7853,0.010284984104935946,-0.0005878427852282764,0.1291808472736606,0.05192208451127567,2.17122647699e-05,1.0,0
2026-04-30 05:00:00+00:00,3161591371.4673,228789975.7018,0.0023174003514869757,0.003234283662356008,0.48581928615921494,0.0723654479091073,2.17122647699e-05,1.0,0
2026-04-30 06:00:00+00:00,3163242365.7448,165895795.8454,0.0005222035625476185,0.004384482130737277,0.688574099757535,0.05244485773265719,2.17122647699e-05,1.0,0
2026-04-30 07:00:00+00:00,3148975228.2291,149959036.0347,-0.0045102890850858834,-0.00020430084572142793,0.18836681848602457,0.047621535631778525,2.17122647699e-05,1.0,0
2026-04-30 08:00:00+00:00,3139507108.7236,215984579.7292,-0.0030067303866423423,-0.0017937936591466697,-0.14001296151683063,0.06879569698347039,5.21424634063e-05,1.0,0
2026-04-30 09:00:00+00:00,3144689839.5296,193645488.945,0.0016508103426806642,0.006174773501452568,0.3014562797866074,0.06157856539962191,5.21424634063e-05,1.0,0
2026-04-30 10:00:00+00:00,3145358607.1389,177034558.6926,0.00021266568196742774,0.004969589571811817,0.30851012534678524,0.05628437987668289,5.21424634063e-05,1.0,0
2026-04-30 11:00:00+00:00,3145607914.4494,110868357.7376,7.926196712015887e-05,0.007506876834786347,0.304302794534918,0.03524544722446953,5.21424634063e-05,1.0,0
2026-04-30 12:00:00+00:00,3138452522.7878,328854001.6971,-0.0022747245862180243,-0.005018294850894334,-0.12933687188130105,0.10478221330714545,5.21424634063e-05,1.0,0
2026-04-30 13:00:00+00:00,3182812004.9883,307026336.884,0.0141341893428093,0.0067120101960398415,2.381087196890641,0.09646386164272641,5.21424634063e-05,1.0,0
2026-04-30 14:00:00+00:00,3161987484.8867,504844831.0413,-0.006542805565946774,-0.0003967071482379181,1.122084890401923,0.1596606037988128,5.21424634063e-05,1.0,0
2026-04-30 15:00:00+00:00,3161533320.0987,565052404.9709,-0.0001436326962617196,0.00398799322300869,1.0327967535630538,0.17872732872328534,5.21424634063e-05,1.0,0
2026-04-30 16:00:00+00:00,3156752945.9736,234617831.3025,-0.0015120429364795518,0.005493167128712617,0.6379538208528709,0.0743225191574628,2.58244392613e-05,1.0,0
2026-04-30 17:00:00+00:00,3157650436.5124,140812690.8608,0.00028430813375646125,0.004121422984194378,0.657006158932706,0.04459413532054121,2.58244392613e-05,1.0,0
2026-04-30 18:00:00+00:00,3179223583.5544,172540126.1213,0.006832025100861783,0.010766650371324404,1.9592004948362765,0.0542711519296163,2.58244392613e-05,1.0,0
2026-04-30 19:00:00+00:00,3164400542.2003,245110168.0784,-0.004662472130232298,0.00597424353638476,0.8807914718820475,0.07745864179000794,2.58244392613e-05,1.0,0
2026-04-30 20:00:00+00:00,3201521519.4148,144696506.4626,0.01173080863798881,0.02009557135851714,2.6927963144398332,0.04519616862954861,2.58244392613e-05,1.0,0
2026-04-30 21:00:00+00:00,3176162547.0974,257650188.6836,-0.007920912654691525,-0.0020891770800406384,1.1786800733997034,0.08111996311997911,2.58244392613e-05,1.0,0
2026-04-30 22:00:00+00:00,3177515926.283,71947329.8197,0.0004261051396241555,0.004910974970812054,1.1540191423462174,0.02264263389668126,2.58244392613e-05,1.0,0
2026-04-30 23:00:00+00:00,3182635928.046,87036880.1104,0.0016113221402447309,0.006674801689783072,1.300801151335637,0.02734741958494664,2.58244392613e-05,1.0,0
2026-05-01 00:00:00+00:00,3174779331.2476,107408162.904,-0.0024685816964378215,0.00571042003682698,0.8340702745690176,0.03383169401628666,5.54640080022e-05,1.0,0
2026-05-01 01:00:00+00:00,3184647350.994,127577803.9024,0.003108253745157885,0.008549684337895824,1.2414686074557124,0.040060260946186116,5.54640080022e-05,1.0,0
2026-05-01 02:00:00+00:00,3183728453.5337,167053430.9055,-0.0002885397844798465,0.0014169717419696415,1.1131928071689876,0.05247100478060031,5.54640080022e-05,1.0,0
2026-05-01 03:00:00+00:00,3194148460.1642,106744404.9366,0.0032728942755575474,0.009400806745916812,1.601092830271382,0.03341873625094829,5.54640080022e-05,1.0,0
2026-05-01 04:00:00+00:00,3203804907.7019,764696617.7269,0.003023168039347768,0.0007132197217019076,1.8797900032177774,0.23868388986126482,5.54640080022e-05,1.0,0
2026-05-01 05:00:00+00:00,3199803293.168,238608957.3432,-0.0012490194157203094,0.007443178905375714,1.5064507552786015,0.0745698830464552,5.54640080022e-05,1.0,0
2026-05-01 06:00:00+00:00,3181649695.7433,115525335.4806,-0.005673347940937656,0.001300943742282179,0.5618393690041981,0.03630988528849052,5.54640080022e-05,1.0,0
2026-05-01 07:00:00+00:00,3177461015.0138,186520306.8242,-0.0013165122279501507,-0.0016259833512836108,0.30273820199017465,0.05870105280375562,5.54640080022e-05,1.0,0
2026-05-01 08:00:00+00:00,3182055295.1034,178803317.2481,0.0014458966035748588,0.002291801444020747,0.4727273857199205,0.05619114084008708,9.06219778077e-05,1.0,1
2026-05-01 09:00:00+00:00,3210925162.2334,305430469.7366,0.009072710701924391,0.008251403795524803,1.8294692126017371,0.09512226361705482,9.06219778077e-05,1.0,1
2026-05-01 10:00:00+00:00,3200816073.5989,154165813.8523,-0.0031483414043410596,0.005367172582270374,1.211733991273234,0.04816453376496596,9.06219778077e-05,1.0,1
2026-05-01 11:00:00+00:00,3223312873.6919,194167526.1324,0.007028457610719574,0.009130575454279422,2.156521630786871,0.06023849801152114,9.06219778077e-05,1.0,1
2026-05-01 12:00:00+00:00,3208965333.1422,260056298.9738,-0.004451178372041342,0.0016107177524744554,1.3726264721886547,0.08104054484102338,9.06219778077e-05,1.0,1
2026-05-01 13:00:00+00:00,3257565376.9584,877561827.7426,0.015145082221443396,0.018051760842214604,3.012035814142117,0.26939193114889454,9.06219778077e-05,1.0,1
2026-05-01 14:00:00+00:00,3295828177.899,1042740409.7831,0.011745827485533544,0.03588656611331498,3.266341979635229,0.31638190873403427,9.06219778077e-05,1.0,1
2026-05-01 15:00:00+00:00,3285421885.9708,617992776.1747,-0.003157413362135264,0.0339770875069354,2.4281082308131343,0.18810149734912693,9.06219778077e-05,1.0,1
2026-05-01 16:00:00+00:00,3311991082.3206,436021164.4836,0.008086996821703218,0.04083391869938491,2.577900755736792,0.1316492567902975,-3.58079176273e-05,-1.0,0
2026-05-01 17:00:00+00:00,3321309167.0667,335307080.4847,0.0028134389599778764,0.03437763238197711,2.3526830879011005,0.10095629874193107,-3.58079176273e-05,-1.0,0
2026-05-01 18:00:00+00:00,3380424552.7469,205227448.9994,0.017798820497162415,0.05611333954157938,2.7954908312390754,0.06071055448719723,-3.58079176273e-05,-1.0,0
2026-05-01 19:00:00+00:00,3380888944.6998,143392914.3312,0.00013737681337167018,0.04888637162529519,2.3435991262913434,0.04241278452993738,-3.58079176273e-05,-1.0,0
2026-05-01 20:00:00+00:00,3369835970.2578,115062414.5479,-0.003269250964107462,0.050131622007295595,1.896559410205786,0.03414481166544658,-3.58079176273e-05,-1.0,0
2026-05-01 21:00:00+00:00,3342122259.9421,254669627.8206,-0.008224053206239534,0.025957079351896617,1.3672261795518637,0.07619997355363414,-3.58079176273e-05,-1.0,0
2026-05-01 22:00:00+00:00,3333039423.1788,120533535.9279,-0.0027176853678169133,0.011290408137575092,1.1394041815836191,0.03616324940223607,-3.58079176273e-05,-1.0,0
2026-05-01 23:00:00+00:00,3325511838.0503,107619086.4008,-0.0022584746751421747,0.012202375667700327,0.953819681534686,0.03236166089364924,-3.58079176273e-05,-1.0,0
2026-05-02 00:00:00+00:00,3332012361.9615,84943288.7559,0.001954743879369669,0.006045088631963402,0.9595849845579368,0.025493089319121042,-4.10996330822e-05,-1.0,0
2026-05-02 01:00:00+00:00,3332356185.2501,80979576.6462,0.0001031878790502816,0.003326103541621439,0.8870039110203841,0.02430099669556252,-4.10996330822e-05,-1.0,0
2026-05-02 02:00:00+00:00,3336499021.0224,68333172.8596,0.001243215173287071,-0.012994087292617307,0.8687161893034165,0.020480501396538918,-4.10996330822e-05,-1.0,0
2026-05-02 03:00:00+00:00,3333977533.5719,96484561.8518,-0.0007557285150131543,-0.013875466451343521,0.7640290667454969,0.02893977565242619,-4.10996330822e-05,-1.0,0
2026-05-02 04:00:00+00:00,3345037355.579,102546920.583,0.0033173054994317663,-0.0073589975588346235,0.8470817415075783,0.03065643509540118,-4.10996330822e-05,-1.0,0
2026-05-02 05:00:00+00:00,3356856991.8683,128755403.3562,0.003533484093858119,0.004408795005139909,0.9379473301837917,0.038355939400486525,-4.10996330822e-05,-1.0,0
2026-05-02 06:00:00+00:00,3360209281.4196,152113249.9165,0.0009986393699286111,0.008151676230366167,0.917956472818173,0.0452689809404479,-4.10996330822e-05,-1.0,0
2026-05-02 07:00:00+00:00,3354642047.895,82283413.5685,-0.001656811543073844,0.008759616944193027,0.774637591817727,0.024528224589604696,-4.10996330822e-05,-1.0,0
2026-05-02 08:00:00+00:00,3351705127.7562,64806230.051,-0.0008754794391977461,0.005910171888770188,0.6722480072494986,0.019335301758596095,-1.35534759415e-05,-1.0,0
2026-05-02 09:00:00+00:00,3343522230.0737,78955623.9531,-0.0024414133614366618,0.0033507957141627465,0.46015773320817865,0.023614505458622183,-1.35534759415e-05,-1.0,0
2026-05-02 10:00:00+00:00,3338821421.5923,71718227.2086,-0.0014059450357822856,0.0006960591192346488,0.2932086473395453,0.02148010275266451,-1.35534759415e-05,-1.0,0
2026-05-02 11:00:00+00:00,3342880257.2312,47866741.3248,0.0012156492146155884,0.0026703010352209233,0.31289246382502905,0.014319011643105181,-1.35534759415e-05,-1.0,0
2026-05-02 12:00:00+00:00,3331737022.0357,103755812.1229,-0.0033334233768606003,-0.003976139017137559,-0.15155842260083416,0.031141657170620545,-1.35534759415e-05,-1.0,0
2026-05-02 13:00:00+00:00,3328313592.7781,76218938.1446,-0.0010275208502225075,-0.008503013133816517,-0.4666268143076794,0.02290016731295474,-1.35534759415e-05,-1.0,0
2026-05-02 14:00:00+00:00,3328735868.8661,96144437.0432,0.00012687388860110893,-0.009366503666165538,-0.5514201347647362,0.0288831679144163,-1.35534759415e-05,-1.0,0
2026-05-02 15:00:00+00:00,3323245218.8137,110704521.7957,-0.001649470029675304,-0.009359218847507456,-1.041546814350127,0.03331217364550011,-1.35534759415e-05,-1.0,0
2026-05-02 16:00:00+00:00,3324668476.1252,65202648.4914,0.00042827333458328454,-0.008066536464411356,-1.0348596296050179,0.019611774515151573,3.9311295519e-05,1.0,0
2026-05-02 17:00:00+00:00,3324681410.1768,122902770.0108,3.8903282215674295e-06,-0.0056350215731884035,-1.0525598798457754,0.03696678112813952,3.9311295519e-05,1.0,0
2026-05-02 18:00:00+00:00,3321505688.5395,44063409.7681,-0.0009551957753241025,-0.005186181249712263,-1.2023260576055377,0.013266094928012943,3.9311295519e-05,1.0,0
2026-05-02 19:00:00+00:00,3316439346.7441,68301873.4627,-0.0015253148031271202,-0.007909619385828792,-1.5467909123576613,0.020594941237129835,3.9311295519e-05,1.0,0
2026-05-02 20:00:00+00:00,3318844023.0709,26337387.9981,0.0007250777340948034,-0.003869752888516431,-1.3494099952981373,0.00793571129435912,3.9311295519e-05,1.0,0
2026-05-02 21:00:00+00:00,3317655403.8111,18658212.409,-0.00035814254949528834,-0.0032022790731397466,-1.3178302999754923,0.0056239151261962585,3.9311295519e-05,1.0,0
2026-05-02 22:00:00+00:00,3268164373.921,350997015.9162,-0.014917471487017053,-0.018196545875456605,-3.430917833646558,0.10739882568852839,3.9311295519e-05,1.0,0
2026-05-02 23:00:00+00:00,3264194630.8784,121357920.857,-0.0012146705576615568,-0.017768952950267036,-2.8143184733422624,0.03717851861803424,3.9311295519e-05,1.0,0
2026-05-03 00:00:00+00:00,3273257051.1462,72723769.3836,0.002776311247519425,-0.015463624523224029,-2.0767032603463673,0.02221755525070487,4.1750733745e-05,1.0,0
2026-05-03 01:00:00+00:00,3290280548.0197,125592992.594,0.0052007821590238645,-0.01034711538128108,-1.294759173519885,0.038170906936671356,4.1750733745e-05,1.0,0
2026-05-03 02:00:00+00:00,3284511784.5594,230613291.3448,-0.0017532740373071842,-0.011137690989885596,-1.3732214210292695,0.07021235010600992,4.1750733745e-05,1.0,0
2026-05-03 03:00:00+00:00,3282630653.7101,152374607.5138,-0.0005727276906549728,-0.01019427449116217,-1.3143403014902701,0.046418444104146445,4.1750733745e-05,1.0,0
2026-05-03 04:00:00+00:00,3277439768.1735,89137957.0296,-0.0015813187909925475,-0.012475504907605961,-1.3593533970006337,0.027197435600556014,4.1750733745e-05,1.0,0
2026-05-03 05:00:00+00:00,3275205771.5036,69671221.0146,-0.0006816285966850799,-0.012795069752794874,-1.3200596690047783,0.021272318710715672,4.1750733745e-05,1.0,0
2026-05-03 06:00:00+00:00,3273583764.3653,54376994.9899,-0.0004952382388955234,0.0016582368033706274,-1.2773069693267993,0.016610845759263138,4.1750733745e-05,1.0,0
2026-05-03 07:00:00+00:00,3278443655.0725,132033705.9325,0.001484578082315391,0.004365249565484897,-1.0313075062294461,0.04027328812810729,4.1750733745e-05,1.0,0
2026-05-03 08:00:00+00:00,3284824336.9044,140470305.0591,0.0019462533150531591,0.003533876373732703,-0.7397585689565536,0.042763414615796,2.99831026661e-05,1.0,0
2026-05-03 09:00:00+00:00,3293204135.286,83444221.8287,0.00255106438644348,0.0008885525789159576,-0.36713265549338103,0.025338308346759455,2.99831026661e-05,1.0,0
2026-05-03 10:00:00+00:00,3311031022.6631,139930983.1749,0.005413234845082604,0.008074027387682925,0.38845022669060086,0.042262057412664145,2.99831026661e-05,1.0,0
2026-05-03 11:00:00+00:00,3312602923.6274,59210805.4384,0.0004747466736314543,0.009130564196561108,0.5360245252567429,0.01787440475164539,2.99831026661e-05,1.0,0
2026-05-03 12:00:00+00:00,3303666978.4898,233064867.4958,-0.002697559998472432,0.008002347006033972,0.20873586774322414,0.07054732484033259,2.99831026661e-05,1.0,0
2026-05-03 13:00:00+00:00,3304759173.4471,177653453.5818,0.0003306008034138497,0.009023372577269484,0.31447890521439137,0.05375685314960326,2.99831026661e-05,1.0,0
2026-05-03 14:00:00+00:00,3326009951.0721,134064020.9641,0.006430355892721229,0.016014921407384364,1.328478709033777,0.04030776303627295,2.99831026661e-05,1.0,0
2026-05-03 15:00:00+00:00,3332915855.6502,90112367.4968,0.00207633310774491,0.016615262090418748,1.5920845872421734,0.02703709646435718,2.99831026661e-05,1.0,0
2026-05-03 16:00:00+00:00,3330743256.5754,92204007.5821,-0.0006518613637115367,0.013979109675701373,1.4566733572625898,0.027682712379609297,5.19460684652e-05,1.0,0
2026-05-03 17:00:00+00:00,3340645587.2158,79468562.1652,0.0029730092887980675,0.01440586431356472,1.7912181733728494,0.023788384637183742,5.19460684652e-05,1.0,0
2026-05-03 18:00:00+00:00,3347255756.704,88596670.6566,0.00197871019706386,0.010940620547784663,1.8979215259759379,0.026468449708139424,5.19460684652e-05,1.0,0
2026-05-03 19:00:00+00:00,3343944918.3633,50120551.2473,-0.0009891202170820845,0.00946144028079865,1.6268977108411995,0.014988450010663333,5.19460684652e-05,1.0,0
2026-05-03 20:00:00+00:00,3342138201.1527,53783999.4673,-0.0005402951468124195,0.011645006265276203,1.4598113015360168,0.01609269163338307,5.19460684652e-05,1.0,0
2026-05-03 21:00:00+00:00,3297539408.4854,281417129.9622,-0.013344389125475975,-0.0021846569092565105,-0.15131338785257636,0.08534155171521006,5.19460684652e-05,1.0,0
2026-05-03 22:00:00+00:00,3316835426.7726,134156954.49,0.005851641450454359,-0.002758417573748617,0.5033046557362185,0.040447274955857405,5.19460684652e-05,1.0,0
2026-05-03 23:00:00+00:00,3330318010.3142,381304820.9521,0.004064893733578767,-0.0007794512218470828,0.94414445424244,0.11449501812474829,5.19460684652e-05,1.0,0
2026-05-04 00:00:00+00:00,3314620041.2797,333407510.3885,-0.0047136546677772895,-0.0048407259442379,0.2663731200764723,0.10058694699129946,3.84113172738e-05,1.0,0
2026-05-04 01:00:00+00:00,3318828396.7715,278957865.5075,0.0012696343591089843,-0.00653083060585391,0.39375288021130456,0.08405311518331754,3.84113172738e-05,1.0,0
2026-05-04 02:00:00+00:00,3286737519.2436,882792491.9032,-0.009669339203894234,-0.018079956196711877,-0.9428375947044746,0.2685923310682757,3.84113172738e-05,1.0,0
2026-05-04 03:00:00+00:00,3324710014.9499,1248238379.52,0.011553248619329715,-0.00575215916619054,0.5752813458789788,0.37544278265086817,3.84113172738e-05,1.0,0
2026-05-04 04:00:00+00:00,3355601692.3223,471277030.345,0.009291540385023778,0.0040284064749196435,1.710506789489978,0.14044486609459447,3.84113172738e-05,1.0,0
2026-05-04 05:00:00+00:00,3373133904.4447,492859797.533,0.005224759590065187,0.022924516312003984,2.1507851999650094,0.1461133211710244,3.84113172738e-05,1.0,0
2026-05-04 06:00:00+00:00,3416275415.4577,306597455.2989,0.012789741597910798,0.029980380661170924,3.00116370434162,0.08974611763197764,3.84113172738e-05,1.0,0
2026-05-04 07:00:00+00:00,3414937798.3557,385683433.3443,-0.0003915425249226834,0.025408921243985638,2.4830104837862677,0.11294010495008354,3.84113172738e-05,1.0,0
2026-05-04 08:00:00+00:00,3423075015.3834,166512285.3675,0.002382830232403599,0.032720182932891584,2.3150545082831533,0.04864406553148526,7.39591980751e-05,1.0,0
2026-05-04 09:00:00+00:00,3435405889.3581,171564843.2463,0.0036022797979258225,0.03512609832433777,2.2482266267450877,0.04994019593951288,7.39591980751e-05,1.0,0
2026-05-04 10:00:00+00:00,3423929594.9495,145306374.1545,-0.0033405934489866285,0.04174111102655775,1.7476984114481873,0.04243848190361027,7.39591980751e-05,1.0,0
2026-05-04 11:00:00+00:00,3300610706.7048,1845749823.5588,-0.03601677103016443,-0.007248544425449088,-1.0148056076905085,0.5592146386150229,7.39591980751e-05,1.0,0
2026-05-04 12:00:00+00:00,3291644675.5055,232281372.792,-0.002716476433008874,-0.019059776064344947,-1.1891150514083275,0.07056696444804705,7.39591980751e-05,1.0,0
2026-05-04 13:00:00+00:00,3288523702.35,180194511.303,-0.0009481500779000562,-0.025083558640589643,-1.2228214549338363,0.05479495591721959,7.39591980751e-05,1.0,0
2026-05-04 14:00:00+00:00,3254587339.2888,418391345.1998,-0.010319634624177731,-0.04732875910335166,-1.762990839915731,0.12855434547693775,7.39591980751e-05,1.0,0
2026-05-04 15:00:00+00:00,3266576196.8255,1350380258.5998,0.0036836797685448897,-0.043444891324707746,-1.3994517333210463,0.41339316067756715,7.39591980751e-05,1.0,0
2026-05-04 16:00:00+00:00,3276094479.1428,1214857781.0447,0.002913840591427075,-0.042938158112242775,-1.137621367408659,0.370825013985119,-6.22006988421e-05,-1.0,0
2026-05-04 17:00:00+00:00,3306466232.2258,604727598.5306,0.009270719533994276,-0.037532583131360986,-0.538564833945631,0.18289241627110706,-6.22006988421e-05,-1.0,0
2026-05-04 18:00:00+00:00,3360507946.8226,479141622.4319,0.0163442511736831,-0.018523058482408872,0.45515166121774553,0.1425801188433237,-6.22006988421e-05,-1.0,0
2026-05-04 19:00:00+00:00,3351742946.4431,260929539.6122,-0.0026082367660482664,0.015491751158181355,0.28622096184344376,0.0778489113817934,-6.22006988421e-05,-1.0,0
2026-05-04 20:00:00+00:00,3315422175.5556,187939005.7277,-0.010836383179695708,0.007223592578821991,-0.36467999227984854,0.056686296880488554,-6.22006988421e-05,-1.0,0
2026-05-04 21:00:00+00:00,3307275410.0435,110024056.7528,-0.0024572332212066117,0.0057021658928899654,-0.5251061017487907,0.03326727989410258,-6.22006988421e-05,-1.0,0
2026-05-04 22:00:00+00:00,3300936666.8613,94962829.3038,-0.001916605784613723,0.014241230220796153,-0.6265043062092801,0.02876844934868003,-6.22006988421e-05,-1.0,0
2026-05-04 23:00:00+00:00,3314219889.9943,119906003.6857,0.004024076943478727,0.014585207966402391,-0.36813972843550197,0.03617925414294289,-6.22006988421e-05,-1.0,0
2026-05-05 00:00:00+00:00,3317657266.4446,178119766.7291,0.0010371600450163054,0.012686687629556825,-0.3075212363707839,0.053688416983464896,-5.13655030173e-05,-1.0,0
2026-05-05 01:00:00+00:00,3312200546.6802,151490776.5668,-0.0016447508968422397,0.0017342728011287,-0.4021071045904494,0.045737199312595476,-5.13655030173e-05,-1.0,0
2026-05-05 02:00:00+00:00,3322406735.5862,161148537.9883,0.003081392192942456,-0.011337932193383082,-0.24588070342918866,0.04850355504708161,-5.13655030173e-05,-1.0,0
2026-05-05 03:00:00+00:00,3375448342.8895,461709998.7434,0.015964814522909876,0.007072558016883779,0.6974540707480035,0.1367847917791449,-5.13655030173e-05,-1.0,0
2026-05-05 04:00:00+00:00,3432052166.8084,433214702.4698,0.016769275713591547,0.035178021101718304,1.588866969512353,0.1262261415078266,-5.13655030173e-05,-1.0,0
2026-05-05 05:00:00+00:00,3472993814.1582,221125161.7124,0.011929203100625507,0.05010722832802128,2.0260930993997395,0.06366989794538327,-5.13655030173e-05,-1.0,0
2026-05-05 06:00:00+00:00,3521577801.0465,476087184.1113,0.013989079591861131,0.06684197743030218,2.4099728754990415,0.13519144287251644,-5.13655030173e-05,-1.0,0
2026-05-05 07:00:00+00:00,3543876803.0788,202868316.9753,0.006332105462975468,0.06929441036119521,2.3398482248889922,0.05724474304497687,-5.13655030173e-05,-1.0,0
2026-05-05 08:00:00+00:00,3557589270.2308,248905180.2998,0.003869340813452471,0.07231970770848362,2.193330483903109,0.06996456347071571,-2.25478522999e-05,-1.0,0
2026-05-05 09:00:00+00:00,3560743706.9762,170031255.0544,0.0008866781704666149,0.07503868101981737,1.9961514233065876,0.047751612878308314,-2.25478522999e-05,-1.0,0
2026-05-05 10:00:00+00:00,3526790269.3034,220776912.9601,-0.009535490466859087,0.06151671062066355,1.5297479673171657,0.0625999552288963,-2.25478522999e-05,-1.0,0
2026-05-05 11:00:00+00:00,3523927692.8969,187848404.0359,-0.0008116661859411956,0.04398803800987716,1.3644047960281227,0.053306543268337114,-2.25478522999e-05,-1.0,0
2026-05-05 12:00:00+00:00,3558932074.4895,272975457.4943,0.009933342747967755,0.03696910813540755,1.5268396913790205,0.07670150814369114,-2.25478522999e-05,-1.0,0
2026-05-05 13:00:00+00:00,3577976474.4293,287557066.9689,0.005351155779653727,0.030228288873743958,1.5328282355874934,0.08036862987333264,-2.25478522999e-05,-1.0,0
2026-05-05 14:00:00+00:00,3653140692.0536,934544218.7872,0.021007465577673745,0.03735907551666284,1.9367026753630845,0.25581938873037197,-2.25478522999e-05,-1.0,0
2026-05-05 15:00:00+00:00,3628582929.9683,552210467.9715,-0.006722369641749215,0.023902108226761642,1.5735531149065842,0.15218350486379106,-2.25478522999e-05,-1.0,0
2026-05-05 16:00:00+00:00,3656850090.4883,340464108.668,0.007790137655816709,0.02790114673666655,1.6312639170790348,0.09310310793258078,-4.00856665019e-05,-1.0,0
2026-05-05 17:00:00+00:00,3659695637.566,410139734.2469,0.000778141571923241,0.02778968067708254,1.5011802416904045,0.11206935627020526,-4.00856665019e-05,-1.0,0
2026-05-05 18:00:00+00:00,3705795775.0337,166309204.6259,0.012596713506580093,0.050755925944430125,1.6573109289906196,0.04487813541867067,-4.00856665019e-05,-1.0,0
2026-05-05 19:00:00+00:00,3709839377.7294,138982278.4324,0.001091156378055791,0.052756952194915385,1.5227317465745343,0.03746315251995191,-4.00856665019e-05,-1.0,0
2026-05-05 20:00:00+00:00,3703496716.6743,141545073.4799,-0.0017096861640899519,0.04062023077682286,1.355538030192255,0.03821930578272686,-4.00856665019e-05,-1.0,0
2026-05-05 21:00:00+00:00,3720787299.3777,316661194.4619,0.004668718248230563,0.039913852416030515,1.361694594564,0.08510596521194895,-4.00856665019e-05,-1.0,0
2026-05-05 22:00:00+00:00,3700940172.0966,174066076.9643,-0.005334120357919692,0.01308448923058858,1.139299965802875,0.047032934570701464,-4.00856665019e-05,-1.0,0
2026-05-05 23:00:00+00:00,3688029274.6023,445550556.8133,-0.003488545313875102,0.016382798955216327,0.9758175946307865,0.12080992954193567,-4.00856665019e-05,-1.0,0
2026-05-06 00:00:00+00:00,3674605458.9843,233732019.9413,-0.003639834344711823,0.0048553722620960915,0.8143033377249247,0.0636073784111522,-1.49621707068e-05,-1.0,0
2026-05-06 01:00:00+00:00,3666066560.529,279725712.3955,-0.0023237592581328848,0.0017408341004108152,0.6938415409359008,0.07630131853229,-1.49621707068e-05,-1.0,0
2026-05-06 02:00:00+00:00,3650777276.7404,238576625.4841,-0.004170487233705278,-0.014846608295029373,0.5007094127106384,0.06534954268618473,-1.49621707068e-05,-1.0,0
2026-05-06 03:00:00+00:00,3646902956.4044,163134846.3883,-0.0010612316343382444,-0.01696472944430294,0.3951519723456063,0.04473243416083107,-1.49621707068e-05,-1.0,0
2026-05-06 04:00:00+00:00,3658466291.0788,331305200.2862,0.003170727275342955,-0.01215889442881346,0.4743237853540042,0.09055849471514618,-1.49621707068e-05,-1.0,0
2026-05-06 05:00:00+00:00,3674468279.9455,185468170.814,0.004373960997186455,-0.01244871466851838,0.636965022961986,0.05047483246113391,-1.49621707068e-05,-1.0,0
2026-05-06 06:00:00+00:00,3665019618.7048,194985533.065,-0.0025714363333243506,-0.00970579142635819,0.43134458524492514,0.05320177061805386,-1.49621707068e-05,-1.0,0
2026-05-06 07:00:00+00:00,3640607042.2414,186731652.1339,-0.006660967471717849,-0.012858420806872273,-0.024954965554948267,0.05129135058172485,-1.49621707068e-05,-1.0,0
2026-05-06 08:00:00+00:00,3674816458.3858,210682769.8892,0.009396624174889956,5.742096773508898e-05,0.49096784368729773,0.05733150819231514,-2.07148525807e-05,-1.0,0
2026-05-06 09:00:00+00:00,3681714860.9186,512585698.4845,0.0018772100895156907,0.0042684168798459154,0.5497393448778438,0.13922471398466968,-2.07148525807e-05,-1.0,0
2026-05-06 10:00:00+00:00,3684134314.9614,531201257.6804,0.00065715410731082,0.009136968840450121,0.5404684734906811,0.14418618113980614,-2.07148525807e-05,-1.0,0
2026-05-06 11:00:00+00:00,3693994194.4074,558883772.7275,0.002676308354437218,0.012912665504384302,0.7437661357572594,0.1512952493465295,-2.07148525807e-05,-1.0,0
2026-05-06 12:00:00+00:00,3685886431.6594,789691394.4976,-0.0021948498891186663,0.007494982432245889,0.4860187392064096,0.21424734840299403,-2.07148525807e-05,-1.0,0
2026-05-06 13:00:00+00:00,3598711099.0694,575770923.5292,-0.023651117365206864,-0.020617181889844405,-2.5910009783231858,0.15999364985927603,-2.07148525807e-05,-1.0,0
2026-05-06 14:00:00+00:00,3583107316.0717,857156914.7177,-0.004335936552877118,-0.02234975829735053,-2.5702026427541727,0.23922166965890224,-2.07148525807e-05,-1.0,0
2026-05-06 15:00:00+00:00,3582200065.6773,966454758.8241,-0.00025320212719581736,-0.01604319716091651,-2.2931149735322163,0.26979362992149597,-2.07148525807e-05,-1.0,0
2026-05-06 16:00:00+00:00,3575986930.1947,311246709.974,-0.0017344468116482492,-0.02689373178504595,-2.1186134560620045,0.08703798868667949,3.89952179559e-05,1.0,0
2026-05-06 17:00:00+00:00,3569976934.7717,243884082.3266,-0.0016806536322191423,-0.0303494242134279,-1.9727544671264,0.068315310373902,3.89952179559e-05,1.0,0
2026-05-06 18:00:00+00:00,3564714335.736,170958478.4869,-0.0014741269010569713,-0.032414664888962164,-1.8447302984328648,0.047958535351080946,3.89952179559e-05,1.0,0
2026-05-06 19:00:00+00:00,3559078353.7812,143281970.3791,-0.0015810472941126807,-0.03652302454358447,-1.752806969708882,0.04025816690067411,3.89952179559e-05,1.0,0
2026-05-06 20:00:00+00:00,3553893315.1471,107826065.6922,-0.0014568486890971233,-0.035810413304806055,-1.6660557903485824,0.030340265205101396,3.89952179559e-05,1.0,0
2026-05-06 21:00:00+00:00,3547496997.3687,153240041.5717,-0.001799805793589293,-0.014231234542262494,-1.6339608834678103,0.04319666561673298,3.89952179559e-05,1.0,0
2026-05-06 22:00:00+00:00,3543003022.2119,63635918.1572,-0.0012668016802080961,-0.01119260192959215,-1.5608912657033833,0.017961011536894493,3.89952179559e-05,1.0,0
2026-05-06 23:00:00+00:00,3543111570.8012,106643468.6273,3.0637453205528686e-05,-0.010911868170241146,-1.420235215715298,0.030098817521341793,3.89952179559e-05,1.0,0
2026-05-07 00:00:00+00:00,3501297674.0186,271809964.0388,-0.011801462061536094,-0.020886333656715328,-1.9094393301142993,0.07763120686817561,-7.33456037e-08,-1.0,0
2026-05-07 01:00:00+00:00,3514278452.0627,209716407.738,0.0037074191493124964,-0.015601916686490358,-1.5242672905959709,0.059675523894501675,-7.33456037e-08,-1.0,0
2026-05-07 02:00:00+00:00,3550864560.3064,354520648.6743,0.010410702721130649,-0.003885241319551813,-0.8569514686694161,0.09984065645232858,-7.33456037e-08,-1.0,0
2026-05-07 03:00:00+00:00,3557716862.8608,231115124.6037,0.001929756102499347,-0.000382540305400636,-0.6863864369187226,0.06496164071298742,-7.33456037e-08,-1.0,0
2026-05-07 04:00:00+00:00,3544382290.1648,182469359.027,-0.003748070239990131,-0.0026762269260482974,-0.828950296997264,0.051481286184430146,-7.33456037e-08,-1.0,0
2026-05-07 05:00:00+00:00,3548721823.9074,231287708.9277,0.0012243413343537846,0.00034526499659026655,-0.6924204330620083,0.06517493351255,-7.33456037e-08,-1.0,0
2026-05-07 06:00:00+00:00,3536282188.8034,158194666.243,-0.003505384676870227,-0.0018969313224871387,-0.8276877602804279,0.04473474055432482,-7.33456037e-08,-1.0,0
2026-05-07 07:00:00+00:00,3525181301.0337,307181294.2726,-0.003139140819940156,-0.005060599817195532,-0.9355822776299608,0.0871391477602937,-7.33456037e-08,-1.0,0
2026-05-07 08:00:00+00:00,3518645979.0907,339250118.3051,-0.0018538966892520659,0.0049548215225552195,-0.9753277061264282,0.09641496198283925,2.70518320289e-05,1.0,0
2026-05-07 09:00:00+00:00,3511666328.8303,189695293.9498,-0.0019836182161764304,-0.000743288634646122,-1.040556563799159,0.05401859863291327,2.70518320289e-05,1.0,0
2026-05-07 10:00:00+00:00,3512240746.0653,352442072.2564,0.00016357397919164463,-0.010877298636748578,-0.9932662279878567,0.10034678649270683,2.70518320289e-05,1.0,0
2026-05-07 11:00:00+00:00,3519316699.9997,342127929.9479,0.00201465515777266,-0.010793484794127672,-0.8531682444053043,0.09721430581906117,2.70518320289e-05,1.0,0
2026-05-07 12:00:00+00:00,3524655742.4662,215781106.6502,0.001517067920173254,-0.005565581273029974,-0.7949829444003943,0.061220477237081336,2.70518320289e-05,1.0,0
2026-05-07 13:00:00+00:00,3517055348.6734,172065378.9166,-0.002156350675961871,-0.008923346716179892,-1.0385419567997707,0.048923136504377567,2.70518320289e-05,1.0,0
2026-05-07 14:00:00+00:00,3528465033.3813,592900879.8023,0.0032441015499524717,-0.002210557586962647,-0.49797359122511503,0.16803365604961878,2.70518320289e-05,1.0,0
2026-05-07 15:00:00+00:00,3573426669.3038,698691863.2033,0.012742548246089225,0.013685925389412823,1.577373819710671,0.19552433220615775,2.70518320289e-05,1.0,0
2026-05-07 16:00:00+00:00,3506867330.2296,837551974.8839,-0.018626194192245094,-0.0033474947269755972,-1.392504095924627,0.23883195342581273,8.58865107234e-05,1.0,1
2026-05-07 17:00:00+00:00,3529574465.0555,376924612.3609,0.006475048151996399,0.005099612135178289,-0.25509823796491504,0.10679038396629298,8.58865107234e-05,1.0,1
2026-05-07 18:00:00+00:00,3459356817.8965,406976841.9009,-0.019894082942345848,-0.015057033954191446,-2.9314128215918807,0.11764523387569101,8.58865107234e-05,1.0,1
2026-05-07 19:00:00+00:00,3440765783.6614,237233562.9989,-0.0053741302830982995,-0.02231993396283627,-2.8639196496080785,0.06894789646113435,8.58865107234e-05,1.0,1
2026-05-07 20:00:00+00:00,3448692947.1018,135660672.0698,0.0023038951032479105,-0.02155183397038618,-2.2070994010728975,0.03933683692652488,8.58865107234e-05,1.0,1
2026-05-07 21:00:00+00:00,3442759447.9144,158764986.8566,-0.0017205066610486153,-0.021124461628681424,-2.0577719221861575,0.04611562011768749,8.58865107234e-05,1.0,1
2026-05-07 22:00:00+00:00,3438117175.7824,154159277.4074,-0.001348416060498292,-0.025605428066923563,-1.9102700083916517,0.044838284888390555,8.58865107234e-05,1.0,1
2026-05-07 23:00:00+00:00,3441742724.4469,173487232.4409,0.0010545157361236956,-0.03685088768942213,-1.6258108169524406,0.050406798628093274,8.58865107234e-05,1.0,1
2026-05-08 00:00:00+00:00,3446203811.043,94865692.7166,0.001296170851009082,-0.017298492778347607,-1.3949459182553015,0.027527592074680203,5.65765940849e-05,1.0,0
2026-05-08 01:00:00+00:00,3450748591.3712,150887735.1714,0.0013187787424633335,-0.022332968029068145,-1.1875542616320132,0.04372608759406688,5.65765940849e-05,1.0,0
2026-05-08 02:00:00+00:00,3450985641.8884,121880179.1195,6.869538910847517e-05,-0.0024198648618127816,-1.0875653612225749,0.035317498177942705,5.65765940849e-05,1.0,0
2026-05-08 03:00:00+00:00,3461085780.0582,340557242.277,0.002926740131052208,0.005905661028509979,-0.7885758601902764,0.09839607103620338,5.65765940849e-05,1.0,0
2026-05-08 04:00:00+00:00,3474832524.5681,311791323.2712,0.003971801158210164,0.007579560682045461,-0.4112055316545084,0.08972844621049865,5.65765940849e-05,1.0,0
2026-05-08 05:00:00+00:00,3478997691.0131,129352832.9738,0.0011986668179118087,0.010525929460640349,-0.25208204458255506,0.037181063186084454,5.65765940849e-05,1.0,0
2026-05-08 06:00:00+00:00,3484800053.2347,96529571.6896,0.0016678258328794993,0.01357803561237736,-0.05493326931565612,0.027700175107607177,5.65765940849e-05,1.0,0
2026-05-08 07:00:00+00:00,3498118965.221,165845963.654,0.0038220017742300882,0.016380143807280145,0.3251808678967914,0.04741004102572663,5.65765940849e-05,1.0,0
2026-05-08 08:00:00+00:00,3494611462.1339,264750132.3451,-0.0010026826194227123,0.014046659380905657,0.263164021886742,0.07575953298780652,3.64414382876e-05,1.0,0
2026-05-08 09:00:00+00:00,3510542568.6645,234662685.4667,0.004558763314097325,0.017327827777085414,0.6921618730391604,0.06684513316013474,3.64414382876e-05,1.0,0
2026-05-08 10:00:00+00:00,3520459250.3331,233549230.2154,0.0028248287763599222,0.020131526367836106,0.9414952123132287,0.06634055775345275,3.64414382876e-05,1.0,0
2026-05-08 11:00:00+00:00,3536151701.4902,289380296.7527,0.004457501150060272,0.02168854694804412,1.3120787534237492,0.0818348083400239,3.64414382876e-05,1.0,0
2026-05-08 12:00:00+00:00,3535168581.517,287506436.1592,-0.0002780197390246375,0.01736373092006782,1.258030396090836,0.0813275037751739,3.64414382876e-05,1.0,0
2026-05-08 13:00:00+00:00,3505639176.5813,409717505.1612,-0.008353040103968312,0.007657804900825127,0.5154643642616653,0.11687383798601789,3.64414382876e-05,1.0,0
2026-05-08 14:00:00+00:00,3499819822.0187,557241926.0969,-0.001659998154252329,0.004310080508079128,0.4055087690769769,0.15922017544762695,3.64414382876e-05,1.0,0
2026-05-08 15:00:00+00:00,3450874265.6862,650624003.5054,-0.013985164614636725,-0.01350574408832761,-0.8638323297248838,0.18853888997779075,3.64414382876e-05,1.0,0
2026-05-08 16:00:00+00:00,3460657959.554,332581944.9134,0.0028351348425192935,-0.009715959255501172,-0.5149372402741044,0.09610367415688266,5.0531666861e-05,1.0,0
2026-05-08 17:00:00+00:00,3469856871.2752,275657845.5208,0.0026581395297400334,-0.01158957528459148,-0.1680417690881617,0.07944357814951991,5.0531666861e-05,1.0,0
2026-05-08 18:00:00+00:00,3464031957.825,316919748.3075,-0.0016787186521787234,-0.016028389620689643,-0.3642070237787214,0.09148869068358363,5.0531666861e-05,1.0,0
2026-05-08 19:00:00+00:00,3459504427.2555,180094814.1187,-0.0013070117783621216,-0.021675335422515873,-0.5489444545750783,0.05205798053034236,5.0531666861e-05,1.0,0
2026-05-08 20:00:00+00:00,3467492172.9844,125141753.2118,0.0023089277371548533,-0.019143757071850676,-0.31468733774412555,0.03608998866292841,5.0531666861e-05,1.0,0
2026-05-08 21:00:00+00:00,3456364881.7967,76415278.1683,-0.0032090313784681745,-0.014055723450880686,-0.7236435817590835,0.02210856804232357,5.0531666861e-05,1.0,0
2026-05-08 22:00:00+00:00,3450964925.5625,47540910.5694,-0.0015623223875000924,-0.013959260459305733,-0.9492137446209593,0.013776121054505047,5.0531666861e-05,1.0,0
2026-05-08 23:00:00+00:00,3458605900.8479,114551271.0439,0.0022141561708728386,0.002240485907753609,-0.7234585813833248,0.033120648702940396,5.0531666861e-05,1.0,0
2026-05-09 00:00:00+00:00,3460232194.641,77158192.0581,0.0004702165669414615,-0.00012303004745806145,-0.7002757063294572,0.022298559090224632,-1.28019376288e-05,-1.0,0
2026-05-09 01:00:00+00:00,3462576514.4372,60266298.2261,0.0006775036079460506,-0.0020981720883848087,-0.6422288352256171,0.017405044473333627,-1.28019376288e-05,-1.0,0
2026-05-09 02:00:00+00:00,3464988818.7383,96736312.9778,0.0006966789877542734,0.00027622750741040925,-0.5847049860024024,0.027918217933247017,-1.28019376288e-05,-1.0,0
2026-05-09 03:00:00+00:00,3470878283.8328,92237573.019,0.0016997068107840185,0.003287712681530941,-0.3783442303290684,0.02657470688287705,-1.28019376288e-05,-1.0,0
2026-05-09 04:00:00+00:00,3471813555.0439,110067415.7329,0.00026946240536762645,0.0012462557502417315,-0.33688109033470093,0.031703147069344344,-1.28019376288e-05,-1.0,0
2026-05-09 05:00:00+00:00,3467126782.0872,227684446.9822,-0.0013499494953842506,0.0031136470420640716,-0.4958213412432562,0.0656694898376732,-1.28019376288e-05,-1.0,0
2026-05-09 06:00:00+00:00,3474753616.368,77348630.1825,0.002199756386239926,0.006893344707530558,-0.18721704090086264,0.022260176899491644,-1.28019376288e-05,-1.0,0
2026-05-09 07:00:00+00:00,3484465454.1635,162732361.1327,0.0027949716347517306,0.007476871912252436,0.20929494523641695,0.04670224551609636,-1.28019376288e-05,-1.0,0
2026-05-09 08:00:00+00:00,3477284361.8824,116219331.7071,-0.0020608877819463522,0.004928041322720844,-0.04141078030260261,0.033422441081058324,3.89565888351e-05,1.0,0
2026-05-09 09:00:00+00:00,3484610896.7825,130251163.841,0.002106970307177658,0.00636357991034342,0.2974701996061845,0.03737896933091349,3.89565888351e-05,1.0,0
2026-05-09 10:00:00+00:00,3484186256.5551,77692291.7968,-0.00012186159085703085,0.0055404039727291465,0.36682332268399703,0.02229854722910717,3.89565888351e-05,1.0,0
2026-05-09 11:00:00+00:00,3478078605.5211,95205499.4577,-0.001752963413626074,0.0020744955885774186,0.24871398593266114,0.027373015465082026,3.89565888351e-05,1.0,0
2026-05-09 12:00:00+00:00,3483240070.3264,54902974.1541,0.001483998894420191,0.0032912237657172216,0.8593920546003294,0.01576204138836611,3.89565888351e-05,1.0,0
2026-05-09 13:00:00+00:00,3481378615.6551,67861892.9471,-0.0005344032090000006,0.004110560260308649,0.9189138713619094,0.019492821792475523,3.89565888351e-05,1.0,0
2026-05-09 14:00:00+00:00,3483335203.2875,49391134.9577,0.0005620151808831686,0.0024696965215247335,1.276789633722414,0.01417926558175787,3.89565888351e-05,1.0,0
2026-05-09 15:00:00+00:00,3479632832.341,129981812.8729,-0.001062881040850061,-0.001386904788143406,0.8711733902482534,0.037355036906423215,3.89565888351e-05,1.0,0
2026-05-09 16:00:00+00:00,3492049493.3785,224898554.8227,0.0035683825379777545,0.004246167399466483,1.8354183980192498,0.06440302614528935,-4.6605519361e-06,-1.0,0
2026-05-09 17:00:00+00:00,3480882959.2714,297397501.1329,-0.0031977021311621057,-0.0010698289196483524,0.7627270433941942,0.08543737454336864,-4.6605519361e-06,-1.0,0
2026-05-09 18:00:00+00:00,3519816487.9103,257823048.7744,0.0111849576944838,0.010226270564085205,3.097903835114829,0.07324900308296142,-4.6605519361e-06,-1.0,0
2026-05-09 19:00:00+00:00,3540512928.926,235738872.4378,0.005879977290517147,0.01795080861766385,3.210489037398308,0.06658325422619213,-4.6605519361e-06,-1.0,0
2026-05-09 20:00:00+00:00,3524992337.7124,97115379.0781,-0.004383712621636504,0.011986617787756337,2.068415135184251,0.027550522036347055,-4.6605519361e-06,-1.0,0
2026-05-09 21:00:00+00:00,3521029923.2731,54725503.9431,-0.001124091646074743,0.011389541901502875,1.690002382877458,0.015542470565608809,-4.6605519361e-06,-1.0,0
2026-05-09 22:00:00+00:00,3518197341.9275,61445846.6565,-0.0008044752266594957,0.010008264093302799,1.4385244556680026,0.017465150667994058,-4.6605519361e-06,-1.0,0
2026-05-09 23:00:00+00:00,3521643350.8918,60183589.5326,0.000979481430229301,0.01207326191440039,1.4531668331783218,0.017089632179067612,-4.6605519361e-06,-1.0,0
2026-05-10 00:00:00+00:00,3517268060.2767,62797069.7549,-0.0012424002600921469,0.007221709470618398,1.1618740041559799,0.01785393341614111,-1.0918638191e-06,-1.0,0
2026-05-10 01:00:00+00:00,3518990157.1148,76584831.3266,0.0004896120536130866,0.010947566548280774,1.14188510430446,0.02176329796540024,-1.0918638191e-06,-1.0,0
2026-05-10 02:00:00+00:00,3514092490.4929,79929818.9635,-0.0013917818474137311,-0.0016262204115073953,0.8500030230930438,0.022745508030805623,-1.0918638191e-06,-1.0,0
2026-05-10 03:00:00+00:00,3516633110.8072,72531591.8497,0.0007229804910295901,-0.006744734053561019,0.8885588567513788,0.02062529401398125,-1.0918638191e-06,-1.0,0
2026-05-10 04:00:00+00:00,3516973870.947,89947009.0961,9.689954256320021e-05,-0.0022747472894093512,0.8311494052537722,0.025575114401370395,-1.0918638191e-06,-1.0,0
2026-05-10 05:00:00+00:00,3520806678.4008,47908416.4892,0.0010898026526333648,-6.340328743703605e-05,0.9368659386770924,0.013607227225256422,-1.0918638191e-06,-1.0,0
2026-05-10 06:00:00+00:00,3522676089.3732,48407462.2637,0.0005309609822852224,0.0012730233726021556,0.9481548094855363,0.013741672817926692,-1.0918638191e-06,-1.0,0
2026-05-10 07:00:00+00:00,3522009432.4328,63045785.4286,-0.0001892473004858619,0.00010395190668788246,0.8414626665454967,0.017900515781711472,-1.0918638191e-06,-1.0,0
2026-05-10 08:00:00+00:00,3513899588.6452,51020614.363,-0.002302618418031366,-0.0009576954539072258,0.3798233494711648,0.014519656317974422,2.7625028549e-05,1.0,0
2026-05-10 09:00:00+00:00,3517814693.3187,110761636.1574,0.0011141765934779002,-0.0003340344086281144,0.5226963266132567,0.03148592117935231,2.7625028549e-05,1.0,0
2026-05-10 10:00:00+00:00,3523497581.2541,82600499.3152,0.0016154597188400288,0.002676392492982016,0.7542742039591294,0.023442757490357194,2.7625028549e-05,1.0,0
2026-05-10 11:00:00+00:00,3527327229.015,116413215.4754,0.0010868881480932124,0.003041010498062713,0.8959292757640603,0.03300323670506413,2.7625028549e-05,1.0,0
2026-05-10 12:00:00+00:00,3517231372.0245,108180822.4745,-0.002862183272210661,7.321665924986398e-05,0.25484697557551966,0.030757380175484926,2.7625028549e-05,1.0,0
2026-05-10 13:00:00+00:00,3516039767.5927,73376129.1317,-0.00033879045924523066,-0.0013539257458650145,0.10407915645121044,0.02086897019994113,2.7625028549e-05,1.0,0
2026-05-10 14:00:00+00:00,3515742067.6271,89357760.3135,-8.466911220517126e-05,-0.0019683960631571296,-0.006013234474846335,0.025416472140065368,2.7625028549e-05,1.0,0
2026-05-10 15:00:00+00:00,3519299368.4827,104648981.5461,0.0010118207727340955,-0.0007694652731886631,0.16417112232436207,0.02973574299569123,2.7625028549e-05,1.0,0
2026-05-10 16:00:00+00:00,3496305788.3075,421895507.5011,-0.006533567556406328,-0.005006916075391721,-1.9934085586639727,0.12066893831541325,8.7146324536e-06,1.0,0
2026-05-10 17:00:00+00:00,3501609631.0715,294527173.8966,0.0015169848077183357,-0.004606570743472593,-2.0762437327046572,0.08411193848769317,8.7146324536e-06,1.0,0
2026-05-10 18:00:00+00:00,3538879409.1713,200741823.6805,0.010643613088417103,0.004365499780398796,2.140045153561436,0.056724686113988766,8.7146324536e-06,1.0,0
2026-05-10 19:00:00+00:00,3542496487.2206,96984147.5875,0.0010220970061669554,0.004300496444112456,2.4707596312525038,0.02737734474469235,8.7146324536e-06,1.0,0
2026-05-10 20:00:00+00:00,3545747906.0348,98259050.7545,0.000917832614917069,0.008107665090535843,2.3718942937333543,0.027711798288667065,8.7146324536e-06,1.0,0
2026-05-10 21:00:00+00:00,3474907279.2198,538639246.7682,-0.019979036494509494,-0.011698527631006206,-3.0630866972237927,0.155008235756189,8.7146324536e-06,1.0,0
2026-05-10 22:00:00+00:00,3480641409.841,314776878.3393,0.0016501535610722318,-0.009983854648868085,-2.2396485984416765,0.09043645732919076,8.7146324536e-06,1.0,0
2026-05-10 23:00:00+00:00,3422617751.9472,997660080.2747,-0.016670392339109386,-0.02747183641191142,-3.5956918377655644,0.29149035988816163,8.7146324536e-06,1.0,0
2026-05-11 00:00:00+00:00,3531010073.0769,577958280.1152,0.0316694205971535,0.009925986704441003,0.7031083877478896,0.1636807225564131,5.12875005133e-05,1.0,1
2026-05-11 01:00:00+00:00,3545141316.4364,636153309.9565,0.004002039945240288,0.0124319070231651,1.180737808176003,0.17944370990433905,5.12875005133e-05,1.0,1
2026-05-11 02:00:00+00:00,3552269454.4286,253249892.5094,0.0020106780960047477,0.003783696393439895,1.3352744723831136,0.07129242186109346,5.12875005133e-05,1.0,1
2026-05-11 03:00:00+00:00,3560851827.5646,229694213.0073,0.002416025373666475,0.005181470302148661,1.4998097464101272,0.0645054116628033,5.12875005133e-05,1.0,1
2026-05-11 04:00:00+00:00,3535591922.9738,619557027.9231,-0.007093781436021129,-0.00286427104524678,0.5893390718656404,0.17523431476842727,5.12875005133e-05,1.0,1
2026-05-11 05:00:00+00:00,3547691483.374,148239811.8941,0.00342221632580908,0.020945653597566505,0.9484651317525066,0.041784865620027895,5.12875005133e-05,1.0,1
2026-05-11 06:00:00+00:00,3554168839.5915,137536455.0555,0.0018257946746089715,0.021124678210921566,1.092520985544223,0.03869722043686248,5.12875005133e-05,1.0,1
2026-05-11 07:00:00+00:00,3555360355.1745,130938429.0553,0.00033524450772493,0.03878394049460532,1.0580945769229069,0.03682845505793278,5.12875005133e-05,1.0,1
2026-05-11 08:00:00+00:00,3565600940.8184,130079623.7469,0.00288032284237949,0.009796309561744598,1.2701910934407934,0.0364818233745034,0.0001,1.0,1
2026-05-11 09:00:00+00:00,3548972627.7094,148680646.932,-0.00466353733493885,0.0010807217346278097,0.7087491244509179,0.04189399652483722,0.0001,1.0,1
2026-05-11 10:00:00+00:00,3545061351.9585,119064214.4258,-0.001102086761774923,-0.002029154196372618,0.5577759222109443,0.033585939030370215,0.0001,1.0,1
2026-05-11 11:00:00+00:00,3534956329.5757,207212813.5289,-0.002850450635280999,-0.007272276197634153,0.24100414756823765,0.058618210300145836,0.0001,1.0,1
2026-05-11 12:00:00+00:00,3530702738.0295,108781553.789,-0.0012032939447119695,-0.0013828476393248357,0.0951781785920256,0.030810170626177226,0.0001,1.0,1
2026-05-11 13:00:00+00:00,3545877400.1921,300282484.2523,0.0042979155393492174,-0.0005113418656615965,0.5166530019437721,0.08468495956347279,0.0001,1.0,1
2026-05-11 14:00:00+00:00,3530187916.5224,424915193.3201,-0.004424711262958514,-0.006747266140529229,0.02349729255565463,0.12036616842161915,0.0001,1.0,1
2026-05-11 15:00:00+00:00,3523256264.7667,479082349.8413,-0.0019635361968289855,-0.009029771162598399,-0.1923732773026734,0.13597715120305717,0.0001,1.0,1
2026-05-11 16:00:00+00:00,3510976047.7711,363881446.5493,-0.0034854736847854673,-0.015319968205629308,-0.5938511113922611,0.10364110765731531,3.49836315659e-05,1.0,0
2026-05-11 17:00:00+00:00,3531486281.7462,637195860.8218,0.0058417470515415015,-0.004927157179706487,0.0015961528463316092,0.18043277248884804,3.49836315659e-05,1.0,0
2026-05-11 18:00:00+00:00,3551449659.8756,353006372.5108,0.005652967769572914,0.0018020302846297742,0.6089033593527736,0.09939782520334671,3.49836315659e-05,1.0,0
2026-05-11 19:00:00+00:00,3547001900.9372,283953573.467,-0.0012523784269422578,0.0034075587471107394,0.46296243771067774,0.08005453095245675,3.49836315659e-05,1.0,0
2026-05-11 20:00:00+00:00,3552752637.3999,215697204.3273,0.0016212950044318664,0.00624518715010991,0.6299401718541264,0.060712699796954935,3.49836315659e-05,1.0,0
2026-05-11 21:00:00+00:00,3564785675.9852,142794064.6265,0.003386962114566572,0.005332467442917155,0.9394970174133365,0.040056844255310246,3.49836315659e-05,1.0,0
2026-05-11 22:00:00+00:00,3558934812.9198,105545359.39,-0.001641294483653133,0.008143163218834681,0.6872747366770412,0.029656446363345756,3.49836315659e-05,1.0,0
2026-05-11 23:00:00+00:00,3570656325.698,100885068.774,0.003293545230344863,0.013453480919146,1.7145797500559685,0.028253928569918797,3.49836315659e-05,1.0,0
2026-05-12 00:00:00+00:00,3579632061.4328,90033677.3551,0.0025137495508043006,0.019554680159463045,2.0230456554381258,0.025151656877009508,-2.5171358359e-05,-1.0,0
2026-05-12 01:00:00+00:00,3571816157.7071,161806503.8966,-0.0021834377364949864,0.011420085692916304,1.3935676645128485,0.04530090484849322,-2.5171358359e-05,-1.0,0
2026-05-12 02:00:00+00:00,3530363338.4182,664847851.0508,-0.011605529920529323,-0.005937384301299198,-1.031161421472009,0.1883227836114707,-2.5171358359e-05,-1.0,0
2026-05-12 03:00:00+00:00,3537084960.8506,172013264.7424,0.0019039463613428342,-0.0027958654558318807,-0.5795117693563949,0.04863136357941319,-2.5171358359e-05,-1.0,0
2026-05-12 04:00:00+00:00,3544227928.7861,114067324.4101,0.0020194504838193517,-0.002399465846301907,-0.17859762182724834,0.03218396973954441,-2.5171358359e-05,-1.0,0
2026-05-12 05:00:00+00:00,3546486986.5599,135968508.0344,0.0006373906586119027,-0.005133180810440452,-0.040225622260169944,0.03833892766269241,-2.5171358359e-05,-1.0,0
2026-05-12 06:00:00+00:00,3549060282.5605,85750462.8709,0.0007255901432465794,-0.0027745746630291057,0.12718287693424704,0.02416145572174801,-2.5171358359e-05,-1.0,0
2026-05-12 07:00:00+00:00,3549838245.2712,167181842.1012,0.00021920245044104725,-0.005830323203320442,0.188753662662735,0.047095622546719076,-2.5171358359e-05,-1.0,0
2026-05-12 08:00:00+00:00,3495860479.7897,392536304.4103,-0.015205697204204949,-0.023402288337301624,-2.520655001374476,0.11228603277494466,2.4042409795e-06,1.0,0
2026-05-12 09:00:00+00:00,3521823249.6865,206529505.8129,0.007426717984569509,-0.013996495287902033,-1.0693114996914286,0.05864277993828467,2.4042409795e-06,1.0,0
2026-05-12 10:00:00+00:00,3513451365.0593,202276140.9553,-0.0023771450279185258,-0.004790434223826301,-1.3692830574694381,0.057571920012015304,2.4042409795e-06,1.0,0
2026-05-12 11:00:00+00:00,3504908252.5042,212664526.5954,-0.002431544275825148,-0.009096956590678551,-1.6240192033112117,0.06067620356209172,2.4042409795e-06,1.0,0
2026-05-12 12:00:00+00:00,3498279405.8347,233702282.6544,-0.0018913039063900294,-0.012964325058839266,-1.741708166999772,0.06680492194666135,2.4042409795e-06,1.0,0
2026-05-12 13:00:00+00:00,3492232212.9435,418139511.9807,-0.001728619183794744,-0.015298173607293242,-1.7690335509722617,0.11973416613904449,2.4042409795e-06,1.0,0
2026-05-12 14:00:00+00:00,3540471292.3024,550812866.6786,0.013813250785588815,-0.0024200744913533967,0.14072682824794897,0.15557614261021205,2.4042409795e-06,1.0,0
2026-05-12 15:00:00+00:00,3514543679.61,600090784.0484,-0.0073232094124787706,-0.009942584203158189,-0.8719982294119033,0.1707450066789298,2.4042409795e-06,1.0,0
2026-05-12 16:00:00+00:00,3530492503.0504,509533695.0119,0.004537949985635059,0.009906580500255835,-0.27939510980157767,0.14432368701297485,2.08209335986e-05,1.0,0
2026-05-12 17:00:00+00:00,3524968551.3076,598402167.9362,-0.0015646405531316576,0.0008930890047875728,-0.4897460265553872,0.16976099480780346,2.08209335986e-05,1.0,0
2026-05-12 18:00:00+00:00,3466012045.624,372948789.4086,-0.01672539905688797,-0.013502198979350122,-2.3673177548684152,0.10760170031130302,2.08209335986e-05,1.0,0
2026-05-12 19:00:00+00:00,3465683785.3237,182531074.4986,-9.470835530267507e-05,-0.011191296420519636,-2.0447724726810934,0.052668127216791455,2.08209335986e-05,1.0,0
2026-05-12 20:00:00+00:00,3464761581.0313,186823679.1424,-0.00026609591339665783,-0.009581231489827924,-1.8251102272994482,0.05392107790770157,2.08209335986e-05,1.0,0
2026-05-12 21:00:00+00:00,3456778814.0223,87277531.5151,-0.00230398739489146,-0.01015207373375604,-1.82950534434491,0.025248225648994902,2.08209335986e-05,1.0,0
2026-05-12 22:00:00+00:00,3450589807.5937,89024565.7783,-0.0017903970029827798,-0.025386870076906987,-1.7801727107271053,0.02579981126194252,2.08209335986e-05,1.0,0
2026-05-12 23:00:00+00:00,3442879644.3522,92121417.9687,-0.0022344479267086825,-0.020390708379459555,-1.787788331617708,0.026757083454781425,2.08209335986e-05,1.0,0
2026-05-13 00:00:00+00:00,3438454438.9651,98941497.4717,-0.0012853209650705022,-0.02606946877971772,-1.7488196549881356,0.028774991563209208,7.600973498e-07,1.0,0
2026-05-13 01:00:00+00:00,3438426471.922,134854216.0256,-8.133608746740961e-06,-0.024551163542578802,-1.6162994416262118,0.03921974691819413,7.600973498e-07,1.0,0
2026-05-13 02:00:00+00:00,3419821339.5626,341070372.9157,-0.0054109437881915134,-0.013326758664822802,-1.845055665779992,0.09973338927679871,7.600973498e-07,1.0,0
2026-05-13 03:00:00+00:00,3433476456.583,178688900.7887,0.003992932865360288,-0.009293210441497779,-1.379296783800943,0.05204314141898367,7.600973498e-07,1.0,0
2026-05-13 04:00:00+00:00,3427443630.0147,184104203.1563,-0.0017570607064258947,-0.01077071254221551,-1.392938365952074,0.05371472824354238,7.600973498e-07,1.0,0
2026-05-13 05:00:00+00:00,3416365413.3953,166848457.7454,-0.003232209721083734,-0.011691057716236908,-1.5122317799259246,0.048838001078924505,7.600973498e-07,1.0,0
2026-05-13 06:00:00+00:00,3412260137.9783,150923224.8779,-0.001201649975995922,-0.011108150128725236,-1.4846893616855865,0.044229694916319943,7.600973498e-07,1.0,0
2026-05-13 07:00:00+00:00,3418384534.5886,125378994.7752,0.0017948211339855469,-0.007114715672324579,-1.25771350478245,0.03667784987515726,7.600973498e-07,1.0,0
2026-05-13 08:00:00+00:00,3419132882.4894,137303863.0792,0.00021891858368405792,-0.0056192562148693614,-1.1374763970829103,0.04015751004659167,3.94099903848e-05,1.0,0
2026-05-13 09:00:00+00:00,3410763469.8887,235794260.0705,-0.0024478172941340137,-0.008045250424633,-1.2309792985629737,0.06913239869963614,3.94099903848e-05,1.0,0
2026-05-13 10:00:00+00:00,3422550219.0762,252520665.9859,0.0034557509752748405,0.000797959671761328,-0.8751285598536429,0.07378143484306837,3.94099903848e-05,1.0,0
2026-05-13 11:00:00+00:00,3406614484.147,288340714.4929,-0.004656099665208524,-0.007823549331319235,-1.15878599322151,0.08464142797335025,3.94099903848e-05,1.0,0
2026-05-13 12:00:00+00:00,3419997625.25,352884091.9967,0.003928575177872373,-0.0021724660033776155,-0.7665435538582901,0.10318255468698004,3.94099903848e-05,1.0,0
2026-05-13 13:00:00+00:00,3441769110.1071,787132569.5192,0.006365935665089362,0.007435883940340338,-0.18752311375466782,0.22869999245670092,3.94099903848e-05,1.0,0
2026-05-13 14:00:00+00:00,3496644625.3241,739410853.547,0.01594398504416006,0.024729793138162037,1.346213536464658,0.21146296886789429,3.94099903848e-05,1.0,0
2026-05-13 15:00:00+00:00,3519493703.9932,481753912.0995,0.006534572745430678,0.029578056061726254,1.9441976851925404,0.13688159508650474,3.94099903848e-05,1.0,0
2026-05-13 16:00:00+00:00,3567638072.0026,1063150218.2659,0.01367934483155242,0.04343358231958416,2.8806563760819377,0.29799833862326974,0.0001,1.0,1
2026-05-13 17:00:00+00:00,3603279985.8229,593746655.2718,0.009990339014487759,0.05644381899647888,3.039580825140854,0.16477949468481368,0.0001,1.0,1
2026-05-13 18:00:00+00:00,3554718457.3236,315554207.9777,-0.013477034449269953,0.03861688793074136,1.8319774390143164,0.08877052058161744,0.0001,1.0,1
2026-05-13 19:00:00+00:00,3526538916.5137,236985628.406,-0.007927362222412526,0.035203405881346406,1.2186721428989304,0.06720062758878656,0.0001,1.0,1
2026-05-13 20:00:00+00:00,3517728130.5042,173974363.4554,-0.0024984230198742408,0.0285761909694473,0.9977028780083937,0.04945645513272342,0.0001,1.0,1
2026-05-13 21:00:00+00:00,3509558713.0474,109365755.0938,-0.0023223561212586397,0.019696150663107925,0.8037023755726052,0.031162252589538857,0.0001,1.0,1
2026-05-13 22:00:00+00:00,3491743310.7743,117554415.8229,-0.005076251383647756,-0.0014017193838637976,0.46401876142247617,0.0336663967996067,0.0001,1.0,1
2026-05-13 23:00:00+00:00,3480754025.1087,122577407.9202,-0.00314722036745696,-0.011007173799045589,0.24788096944168517,0.03521576274450248,0.0001,1.0,1
2026-05-14 00:00:00+00:00,3483809412.2801,95242675.5799,0.0008777946241991241,-0.023496962985218195,0.2689914241490017,0.02733865843641691,6.87816992962e-05,1.0,0
2026-05-14 01:00:00+00:00,3474153202.5487,186441178.4375,-0.002771738803323376,-0.03583590056344477,0.07630216500853501,0.05366521496539746,6.87816992962e-05,1.0,0
2026-05-14 02:00:00+00:00,3464539735.3636,147892648.1449,-0.002767139681130737,-0.025368738211660524,-0.12592849800928937,0.042687531228265393,6.87816992962e-05,1.0,0
2026-05-14 03:00:00+00:00,3484193115.6338,217180577.3302,0.005672724740199087,-0.012007750908860637,0.1869694287557373,0.062333105577786915,6.87816992962e-05,1.0,0
2026-05-14 04:00:00+00:00,3482985311.4261,429120366.1693,-0.0003466524867065113,-0.009876493517741114,0.1258276788971885,0.12320475907881384,6.87816992962e-05,1.0,0
2026-05-14 05:00:00+00:00,3468667944.2695,194498513.4412,-0.004110659642930781,-0.011651256502956175,-0.17894839069016225,0.05607296996027716,6.87816992962e-05,1.0,0
2026-05-14 06:00:00+00:00,3446046331.4923,395935076.0227,-0.006521700301284961,-0.013087153096562165,-0.6445344788637477,0.11489545929907492,6.87816992962e-05,1.0,0
2026-05-14 07:00:00+00:00,3447370393.0864,193162534.7097,0.00038422628912448964,-0.009590919605776294,-0.6568922152959782,0.05603184824499328,6.87816992962e-05,1.0,0
2026-05-14 08:00:00+00:00,3444118542.7786,160461661.1147,-0.0009432842825132237,-0.011392950877735508,-0.7569995364646096,0.04659005174230875,3.50103391299e-05,1.0,0
2026-05-14 09:00:00+00:00,3440146436.5404,205891418.6642,-0.0011533012551291355,-0.009788505004140857,-0.8874650840695171,0.05984960886468999,3.50103391299e-05,1.0,0
2026-05-14 10:00:00+00:00,3444929979.0132,199194415.2809,0.0013905054802290095,-0.0056601331917880415,-0.8251953811176854,0.057822485941487624,3.50103391299e-05,1.0,0
2026-05-14 11:00:00+00:00,3448450149.5501,227317867.9387,0.0010218409541979945,-0.010258606482895338,-0.8270582430370338,0.06591884994143149,3.50103391299e-05,1.0,0
2026-05-14 12:00:00+00:00,3454165231.5077,195059812.4057,0.0016572900026829984,-0.008274533867212774,-0.7599081639296933,0.0564708979832325,3.50103391299e-05,1.0,0
2026-05-14 13:00:00+00:00,3475741432.2397,324895451.4564,0.006246429827730715,0.0020392519791021524,-0.3035131312322274,0.09347514991845746,3.50103391299e-05,1.0,0
2026-05-14 14:00:00+00:00,3458531516.6039,563325394.6367,-0.004951437260599101,0.0036230462131348062,-0.6648149618548842,0.16287993673969944,3.50103391299e-05,1.0,0
2026-05-14 15:00:00+00:00,3405170290.0671,1209030859.3025,-0.015428868084798597,-0.012241244255021488,-1.6980214181494724,0.35505738518547797,3.50103391299e-05,1.0,0
2026-05-14 16:00:00+00:00,3421389795.1731,918413598.3024,0.0047631994068879635,-0.006599293062416911,-1.2678898539654495,0.26843290396145414,-3.575449209e-07,-1.0,0
2026-05-14 17:00:00+00:00,3387216990.9837,1085134158.7815,-0.009987989160899269,-0.01538581177664311,-2.117853690039601,0.32036157165896845,-3.575449209e-07,-1.0,0
2026-05-14 18:00:00+00:00,3511614986.8151,908578775.8088,0.03672572385014905,0.019357434899446746,1.348020854177812,0.2587353053282319,-3.575449209e-07,-1.0,0
2026-05-14 19:00:00+00:00,3505817694.6526,379444541.1644,-0.001650890597137522,0.016635747253004096,1.2543520990191104,0.1082328216162421,-3.575449209e-07,-1.0,0
2026-05-14 20:00:00+00:00,3477136771.1072,215854230.1378,-0.008180951219781463,0.006650388171926869,0.4603303154678042,0.06207815347714006,-3.575449209e-07,-1.0,0
2026-05-14 21:00:00+00:00,3471105707.2452,184638145.9152,-0.0017344914103218922,-0.0013337370126270676,0.33452647627998505,0.05319289053335566,-3.575449209e-07,-1.0,0
2026-05-14 22:00:00+00:00,3477888819.9706,103438453.0906,0.001954164838956496,0.005596971799669559,0.5940463263808097,0.029741736566344407,-3.575449209e-07,-1.0,0
2026-05-14 23:00:00+00:00,3476812263.8512,91836035.4172,-0.0003095429943643646,0.021039175043045644,0.564680960342603,0.02641386087250939,-3.575449209e-07,-1.0,0
2026-05-15 00:00:00+00:00,3479864541.1778,205186305.1544,0.0008778953521118016,0.01709093365719294,0.679028031212659,0.05896387710682334,5.75559761362e-05,1.0,0
2026-05-15 01:00:00+00:00,3454841523.6474,271325886.6075,-0.007190802180458089,0.019964629618860252,-0.16381859148650785,0.07853497323982941,5.75559761362e-05,1.0,0
2026-05-15 02:00:00+00:00,3458482634.8349,226328298.8928,0.0010539155450626225,-0.015130460537300938,-0.02782702753857669,0.0654415021816654,5.75559761362e-05,1.0,0
2026-05-15 03:00:00+00:00,3440248461.5624,627128554.4933,-0.005272304417214602,-0.018702978534854253,-0.6067117586338578,0.18229164593783076,5.75559761362e-05,1.0,0
2026-05-15 04:00:00+00:00,3409297527.8319,289782507.8923,-0.008996714649046944,-0.019510087678747956,-1.5316701076314168,0.0849977174261419,5.75559761362e-05,1.0,0
2026-05-15 05:00:00+00:00,3408453901.9645,212110879.0115,-0.0002474485903659618,-0.018049523859192118,-1.4141631388723113,0.062230819342825074,5.75559761362e-05,1.0,0
2026-05-15 06:00:00+00:00,3394996307.1923,574520371.999,-0.003948298894241642,-0.023834146825602365,-1.6682263129283281,0.16922562501228014,5.75559761362e-05,1.0,0
2026-05-15 07:00:00+00:00,3399026266.2935,280800243.7608,0.0011870290087392377,-0.02237279198720321,-1.4151817003632245,0.08261196641678244,5.75559761362e-05,1.0,0
2026-05-15 08:00:00+00:00,3414550656.8098,415790306.6099,0.0045673052515797785,-0.01876908816280931,-0.9108519264672496,0.1217701385629379,2.09016852544e-05,1.0,0
2026-05-15 09:00:00+00:00,3442983591.9077,253914644.2927,0.008326991734972422,-0.003432265028232351,-0.10354574012067055,0.07374843286778782,2.09016852544e-05,1.0,0
2026-05-15 10:00:00+00:00,3442446673.1544,208373937.3958,-0.00015594577754074468,-0.004636704408742975,-0.11588188200563433,0.06053076697477546,2.09016852544e-05,1.0,0
2026-05-15 11:00:00+00:00,3429124532.982,231004636.105,-0.003869962685636219,-0.003233466624485648,-0.470525876312594,0.06736548465450921,2.09016852544e-05,1.0,0
2026-05-15 12:00:00+00:00,3435210939.9716,110538898.8695,0.0017749157054693931,0.007600806890027956,-0.27527235757121027,0.032178198311866656,2.09016852544e-05,1.0,0
2026-05-15 13:00:00+00:00,3441115478.6695,318479166.8715,0.0017188285671763115,0.009582519712581394,-0.0680319432988498,0.0925511418740993,2.09016852544e-05,1.0,0
2026-05-15 14:00:00+00:00,3468762979.8058,2027584728.4727,0.008034458973457559,0.021728056804428686,0.7125814316754362,0.5845267434750515,2.09016852544e-05,1.0,0
2026-05-15 15:00:00+00:00,3416830146.0065,1000013843.7774,-0.014971571739446965,0.0052379353138727325,-0.8007797311435073,0.2926729749637071,2.09016852544e-05,1.0,0
2026-05-15 16:00:00+00:00,3453920246.415,291901432.2979,0.010855119752396947,0.011529947440282795,0.23988054055289118,0.08451307832046191,-7.6826340348e-06,-1.0,0
2026-05-15 17:00:00+00:00,3447697616.1515,236234650.0088,-0.0018016137662583143,0.001369168373291041,-0.01770368365355422,0.06851953863416173,-7.6826340348e-06,-1.0,0
2026-05-15 18:00:00+00:00,3364874076.9725,254619399.3228,-0.024022854786044823,-0.02253414607315274,-2.333597548823138,0.0756698151248175,-7.6826340348e-06,-1.0,0
2026-05-15 19:00:00+00:00,3369148323.052,184342270.9039,0.0012702543933964527,-0.017490239667045215,-2.012835493652499,0.05471479828970855,-7.6826340348e-06,-1.0,0
2026-05-15 20:00:00+00:00,3368427747.0588,123327997.9522,-0.00021387482060963858,-0.019440783718903676,-1.8135014977855608,0.03661292662723312,-7.6826340348e-06,-1.0,0
2026-05-15 21:00:00+00:00,3367386358.263,90756148.3934,-0.00030916168432271185,-0.021425936113892652,-1.656914165658156,0.02695151038154552,-7.6826340348e-06,-1.0,0
2026-05-15 22:00:00+00:00,3363145450.7905,88123310.6688,-0.0012594062638797698,-0.030448182718212924,-1.613699889175682,0.026202646289974405,-7.6826340348e-06,-1.0,0
2026-05-15 23:00:00+00:00,3355114186.6583,53543233.2919,-0.002388021645127636,-0.01806234337411583,-1.6661365903370653,0.015958691809899072,-7.6826340348e-06,-1.0,0
2026-05-16 00:00:00+00:00,3354667814.0487,49342402.7918,-0.00013304244945677723,-0.028736167972992166,-1.5520094297481188,0.014708580857145844,8.4691426973e-06,1.0,0
2026-05-16 01:00:00+00:00,3357217674.7951,75306583.576,0.0007600933647504693,-0.026243583814464122,-1.3561376149397406,0.02243124839398332,8.4691426973e-06,1.0,0
2026-05-16 02:00:00+00:00,3364857432.5413,93306292.404,0.002275621805388539,-4.946524244098249e-06,-1.0665257466517444,0.027729642124400697,8.4691426973e-06,1.0,0
2026-05-16 03:00:00+00:00,3361589549.1581,81816752.3902,-0.000971180339349953,-0.00224352660349858,-1.06103229983345,0.024338709766244592,8.4691426973e-06,1.0,0
2026-05-16 04:00:00+00:00,3362649248.8479,57240179.9356,0.00031523767976526784,-0.0017154882469858634,-0.9609892448129597,0.017022346281049518,8.4691426973e-06,1.0,0
2026-05-16 05:00:00+00:00,3359257366.2048,139642927.2313,-0.0010086935603711433,-0.0024140360485374046,-0.9756518749396658,0.041569582800101104,8.4691426973e-06,1.0,0
2026-05-16 06:00:00+00:00,3360126418.7751,65337281.726,0.0002587037775203527,-0.0008976810725478401,-0.899200274143768,0.01944488795448894,8.4691426973e-06,1.0,0
2026-05-16 07:00:00+00:00,3371386051.663,395093754.8234,0.0033509551381714076,0.004849869214408775,-0.5822520803807936,0.1171903035632815,8.4691426973e-06,1.0,0
2026-05-16 08:00:00+00:00,3378235138.9651,634154067.1853,0.002031534566835358,0.007025233561935629,-0.3742042175655932,0.18771756289870603,-1.92275355118e-05,-1.0,0
2026-05-16 09:00:00+00:00,3380482289.2118,186034371.3011,0.0006651846760994395,0.006929730708664872,-0.2616994528257322,0.05503190236931433,-1.92275355118e-05,-1.0,0
2026-05-16 10:00:00+00:00,3404297374.6167,535037220.3349,0.007044878028469981,0.011721133173126175,0.413173580997486,0.15716524188640876,-1.92275355118e-05,-1.0,0
2026-05-16 11:00:00+00:00,3406984552.1218,500929881.6205,0.0007893486406729266,0.01350402906121273,0.5214439949789936,0.1470302767614638,-1.92275355118e-05,-1.0,0
2026-05-16 12:00:00+00:00,3414748445.4697,176528557.4176,0.0022788167158154238,0.015493497170318893,0.7787267817685316,0.05169591852418823,-1.92275355118e-05,-1.0,0
2026-05-16 13:00:00+00:00,3432163840.3344,147796626.1099,0.0051000520661499404,0.02170315226902897,1.3019090961663455,0.043062229248210945,-1.92275355118e-05,-1.0,0
2026-05-16 14:00:00+00:00,3440668028.7716,123262537.5109,0.002477792096420073,0.023969815405296524,1.7014964633433107,0.035825175948435706,-1.92275355118e-05,-1.0,0
2026-05-16 15:00:00+00:00,3434120945.4309,235003472.8231,-0.0019028523780706408,0.0186080421543402,1.4364880092433496,0.06843191505406129,-1.92275355118e-05,-1.0,0
2026-05-16 16:00:00+00:00,3451589598.7699,131081987.7183,0.00508679036544768,0.02171384074445215,1.9771354572546025,0.03797728089255335,-2.40846564071e-05,-1.0,0
2026-05-16 17:00:00+00:00,3447145815.5324,168017326.2349,-0.0012874599109591323,0.019720122934335338,1.8457774232702873,0.048740997690853494,-2.40846564071e-05,-1.0,0
2026-05-16 18:00:00+00:00,3418237923.2728,50497701.2431,-0.008386036972774624,0.004094985579122357,0.8940504803471735,0.014773021181261385,-2.40846564071e-05,-1.0,0
2026-05-16 19:00:00+00:00,3406684618.5639,80624307.0822,-0.003379900688082693,-8.803490397779612e-05,0.5008799790674433,0.023666501631192226,-2.40846564071e-05,-1.0,0
2026-05-16 20:00:00+00:00,3407480986.9102,33968153.2202,0.00023376638446670484,-0.0021282559097849374,0.4780085127052283,0.009968699268077585,-2.40846564071e-05,-1.0,0
2026-05-16 21:00:00+00:00,3408295541.4695,63022535.7627,0.00023904889342851732,-0.006954300544864012,0.45457100190522454,0.018490924567981445,-2.40846564071e-05,-1.0,0
2026-05-16 22:00:00+00:00,3404781899.2662,51701676.7894,-0.0010309088987585646,-0.01042998894555136,0.2998358432481915,0.015185018694014663,-2.40846564071e-05,-1.0,0
2026-05-16 23:00:00+00:00,3407985997.893,57225891.9122,0.0009410584059703631,-0.007610374810087195,0.34217752632723364,0.01679170394114885,-2.40846564071e-05,-1.0,0
2026-05-17 00:00:00+00:00,3401365204.2241,64050430.1023,-0.0019427291288736104,-0.014551091057783627,0.07043042249012849,0.018830800651090572,-2.89763819186e-05,-1.0,0
2026-05-17 01:00:00+00:00,3406735156.0014,171335366.1411,0.0015787636595538945,-0.011722933027351168,0.18992065311044817,0.05029312767071747,-2.89763819186e-05,-1.0,0
2026-05-17 02:00:00+00:00,3426603342.3969,245719212.5612,0.00583203139830224,0.0024472898937621945,0.8162181975957582,0.0717092665850609,-2.89763819186e-05,-1.0,0
2026-05-17 03:00:00+00:00,3435172491.3412,132720528.3576,0.0025007706139414942,0.00836234520274104,1.0450066253032697,0.03863576827426844,-2.89763819186e-05,-1.0,0
2026-05-17 04:00:00+00:00,3437511026.5628,105865887.6867,0.0006807620949149662,0.008812973503875776,1.0567404815571142,0.030797250356039238,-2.89763819186e-05,-1.0,0
2026-05-17 05:00:00+00:00,3434383036.7254,98143564.4871,-0.000909957761074498,0.00765411770736657,0.8814562542058622,0.02857676719154701,-2.89763819186e-05,-1.0,0
2026-05-17 06:00:00+00:00,3427565022.881,107014378.2885,-0.001985222315476154,0.006691507499998917,0.5410621887461624,0.031221691659856624,-2.89763819186e-05,-1.0,0
2026-05-17 07:00:00+00:00,3428250588.3679,73641656.4993,0.00020001531183888588,0.0059462070816689305,0.51316566977918,0.021480826620191396,-2.89763819186e-05,-1.0,0
2026-05-17 08:00:00+00:00,3435504436.8012,98927141.9158,0.0021159037959221916,0.010036920626665724,0.8423594315936953,0.02879552151238411,-6.45063768042e-05,-1.0,1
2026-05-17 09:00:00+00:00,3436462341.7312,74038028.5467,0.00027882511800569887,0.008726004332163084,0.861827664810339,0.02154483919337861,-6.45063768042e-05,-1.0,1
2026-05-17 10:00:00+00:00,3438113537.5453,93024254.1892,0.00048049291681406814,0.0033590684413296046,0.8918648348856887,0.027056772027260118,-6.45063768042e-05,-1.0,1
2026-05-17 11:00:00+00:00,3431504920.3783,304936246.0493,-0.001922163737419269,-0.0010676526352444426,0.4019606300821326,0.08886370648586535,-6.45063768042e-05,-1.0,1
2026-05-17 12:00:00+00:00,3442217033.5842,144942099.0951,0.003121695423569104,0.0013690158329777713,1.0340097031950217,0.042107193614163076,-6.45063768042e-05,-1.0,1
2026-05-17 13:00:00+00:00,3430982302.9768,103931598.0888,-0.0032638065809876826,-0.0009902022320266157,0.2894779394284958,0.030292082240886677,-6.45063768042e-05,-1.0,1
2026-05-17 14:00:00+00:00,3426911109.4394,151711605.3163,-0.0011865970669295844,-0.00019078075462741761,0.057428515336556366,0.04427065671426713,-6.45063768042e-05,-1.0,0
2026-05-17 15:00:00+00:00,3421430435.0658,267054737.5647,-0.001599304504427801,-0.001989397544403748,-0.2808379523938438,0.07805353422582859,-6.45063768042e-05,-1.0,0
2026-05-17 16:00:00+00:00,3426630229.2023,105420889.7768,0.001519771988700347,-0.002583087218237634,0.15745977581534526,0.03076517824374105,-4.867035208e-05,-1.0,0
2026-05-17 17:00:00+00:00,3426164183.7605,114543154.5902,-0.00013600692535431502,-0.002996732379587863,0.20059540181782665,0.03343189305787424,-4.867035208e-05,-1.0,0
2026-05-17 18:00:00+00:00,3431556801.5062,135715067.7339,0.00157395193472043,-0.001907073738984577,0.5805196660028542,0.03954912466386426,-4.867035208e-05,-1.0,0
2026-05-17 19:00:00+00:00,3426703155.0581,103807460.6752,-0.0014144153015241967,-0.0013993176264105456,0.13904253858204418,0.030293683455472797,-4.867035208e-05,-1.0,0
2026-05-17 20:00:00+00:00,3422898162.0003,79608360.1941,-0.001110394710491236,-0.005612333968315841,-0.2380330074907747,0.023257589453838105,-4.867035208e-05,-1.0,0
2026-05-17 21:00:00+00:00,3410645071.6068,81728727.8588,-0.0035797414394412863,-0.005927524415487273,-1.3207500486758905,0.0239628358104986,-4.867035208e-05,-1.0,0
2026-05-17 22:00:00+00:00,3406684794.331,81718651.3362,-0.00116115197936284,-0.00590220010454523,-1.695530172502546,0.023987734783149434,-4.867035208e-05,-1.0,0
2026-05-17 23:00:00+00:00,3410822330.8551,292441703.4489,0.0012145345912206729,-0.00310048805960772,-1.3614979935362173,0.08573935405647008,-4.867035208e-05,-1.0,0
2026-05-18 00:00:00+00:00,3345194459.9383,1196964158.1614,-0.01924106990948049,-0.02376555502545652,-4.049281476166604,0.3578160171243011,-3.54713885007e-05,-1.0,0
2026-05-18 01:00:00+00:00,3391089368.7461,463979117.0324,0.013719653478275307,-0.010237342150924755,-1.5774102895827091,0.13682302840752392,-3.54713885007e-05,-1.0,0
2026-05-18 02:00:00+00:00,3418325925.0667,408995379.1279,0.008031801394450255,-0.0038556483849232492,-0.21215835700285954,0.11964785924265531,-3.54713885007e-05,-1.0,0
2026-05-18 03:00:00+00:00,3439615058.6527,279328724.7229,0.006227941411287352,0.003768025128042085,0.8264055734405975,0.08120929812195707,-3.54713885007e-05,-1.0,0
2026-05-18 04:00:00+00:00,3454983052.851,186553118.2682,0.004467940143371596,0.009373603692594212,1.4842709194029564,0.053995378678995024,-3.54713885007e-05,-1.0,0
2026-05-18 05:00:00+00:00,3473569152.3174,183730142.4838,0.005379505248531702,0.018449319524460384,2.0639629919837756,0.052893762705493855,-3.54713885007e-05,-1.0,0
2026-05-18 06:00:00+00:00,3481143849.4512,140011327.3695,0.002180666859258107,0.021856749190328983,2.0598629849291394,0.040219920067816994,-3.54713885007e-05,-1.0,0
2026-05-18 07:00:00+00:00,3486335700.9665,423531330.5871,0.0014914211362218044,0.022139344353497403,1.966873579416502,0.12148323251535602,-3.54713885007e-05,-1.0,0
2026-05-18 08:00:00+00:00,3476782868.8651,231517068.4098,-0.0027400780994072393,0.039336549938333576,1.4940795204269492,0.0665894527044113,-4.5688483515e-06,-1.0,0
2026-05-18 09:00:00+00:00,3460745056.3845,163409970.0912,-0.004612831196397105,0.020540799744288796,0.913880654364766,0.047218147372553705,-4.5688483515e-06,-1.0,0
2026-05-18 10:00:00+00:00,3462155535.4405,58488186.2652,0.0004075651436379335,0.012821951836832213,0.9102078678491314,0.016893575596614085,-4.5688483515e-06,-1.0,0
2026-05-18 11:00:00+00:00,3491767446.6007,183547309.0875,0.00855302740072661,0.015162274573954138,1.6583143892488197,0.052565731221930805,-4.5688483515e-06,-1.0,0
2026-05-18 12:00:00+00:00,3459757330.0695,389053781.9883,-0.009167310544223817,0.001381852572203135,0.6771043357081629,0.11245117644724657,-4.5688483515e-06,-1.0,0
2026-05-18 13:00:00+00:00,3429685397.0789,661074732.0198,-0.00869191972779082,-0.012633620726745232,-0.2076867606764737,0.19275083731669512,-4.5688483515e-06,-1.0,0
2026-05-18 14:00:00+00:00,3450134499.6635,844297611.6978,0.005962384363888518,-0.008907804770144412,0.3659810709161571,0.2447144051283063,-4.5688483515e-06,-1.0,0
2026-05-18 15:00:00+00:00,3477895606.8739,982296167.5347,0.008046384050566013,-0.0024209068823349833,1.089161818243925,0.28243980802449536,-4.5688483515e-06,-1.0,0
2026-05-18 16:00:00+00:00,3526156587.9226,676150231.8272,0.013876489263597858,0.014200978582713963,2.1134805419157656,0.19175275259841687,4.28571685243e-05,1.0,0
2026-05-18 17:00:00+00:00,3519534565.1292,431922930.8498,-0.0018779718450623317,0.016987529502135112,1.7223947680918827,0.12272160504664467,4.28571685243e-05,1.0,0
2026-05-18 18:00:00+00:00,3430257677.144,199380135.3611,-0.025366106322619042,-0.009213294425965524,-0.42838506063311793,0.05812395281251932,4.28571685243e-05,1.0,0
2026-05-18 19:00:00+00:00,3416678766.0896,245167429.7797,-0.00395856881098966,-0.021504490679698618,-0.7406210680781421,0.07175606680176577,4.28571685243e-05,1.0,0
2026-05-18 20:00:00+00:00,3375909577.7871,493963214.8386,-0.01193240310067567,-0.024235154169242157,-1.5843421148570926,0.14632003715051858,4.28571685243e-05,1.0,0
2026-05-18 21:00:00+00:00,3357396426.5732,245406187.8985,-0.0054839002015080185,-0.021077434847892706,-1.8268302283991036,0.07309419464325194,4.28571685243e-05,1.0,0
2026-05-18 22:00:00+00:00,3350646466.1785,135918880.0136,-0.0020104746467457524,-0.028835986972305827,-1.7989988522847022,0.04056497197945775,4.28571685243e-05,1.0,0
2026-05-18 23:00:00+00:00,3324470614.8881,194855351.32,-0.0078121793972057985,-0.04411431777381769,-2.0412679257556596,0.05861244507542706,4.28571685243e-05,1.0,0
2026-05-19 00:00:00+00:00,3329460027.9577,90243009.8948,0.0015008143092785087,-0.055782139862592395,-1.8975214368728834,0.027104398051643025,2.10916421668e-05,1.0,0
2026-05-19 01:00:00+00:00,3308133063.7491,234049130.9179,-0.006405532437547157,-0.06006518687857787,-2.0267083546624165,0.07074961206447138,2.10916421668e-05,1.0,0
2026-05-19 02:00:00+00:00,3325646877.8583,285142913.285,0.005294168575356917,-0.030496484267851787,-1.5843955697461922,0.08574058634530393,2.10916421668e-05,1.0,0
2026-05-19 03:00:00+00:00,3328131365.7197,238393888.9631,0.0007470690523221357,-0.025916220526415734,-1.4084482410718762,0.07162995169559598,2.10916421668e-05,1.0,0
2026-05-19 04:00:00+00:00,3334010972.6073,95007099.5315,0.0017666390660420195,-0.012411056698759193,-1.2123995904072908,0.02849633678835841,2.10916421668e-05,1.0,0
2026-05-19 05:00:00+00:00,3331666144.3721,138218158.0236,-0.0007033054943326178,-0.007663760525104979,-1.1421129141857784,0.04148619700598759,2.10916421668e-05,1.0,0
2026-05-19 06:00:00+00:00,3336034418.1767,155611016.3984,0.0013111379157779712,-0.004360963816772201,-0.9947277622983578,0.04664550687802818,2.10916421668e-05,1.0,0
2026-05-19 07:00:00+00:00,3344573267.5815,157475145.4706,0.0025595807280269778,0.006046873328755975,-0.8048145868437179,0.047083778070280434,2.10916421668e-05,1.0,0
2026-05-19 08:00:00+00:00,3326682785.7175,192995791.2095,-0.00534910747431061,-0.0008341419379955806,-0.9715260958136419,0.05801448579290214,2.81551634451e-05,1.0,0
2026-05-19 09:00:00+00:00,3313570311.6883,207777460.4196,-0.003941606360996053,0.001643600131682188,-1.0623547797224804,0.06270501026843614,2.81551634451e-05,1.0,0
2026-05-19 10:00:00+00:00,3319074755.0779,310084564.0525,0.0016611820096841257,-0.001976193811843552,-0.9065485762529515,0.09342500152432458,2.81551634451e-05,1.0,0
2026-05-19 11:00:00+00:00,3333143733.6849,227732186.8136,0.004238825469500274,0.0015060607333077236,-0.6450114819115226,0.06832354227995881,2.81551634451e-05,1.0,0
2026-05-19 12:00:00+00:00,3330287341.2762,182833903.6632,-0.0008569664667722465,-0.0011168623503923225,-0.623599545057276,0.05490033889782501,2.81551634451e-05,1.0,0
2026-05-19 13:00:00+00:00,3332204772.9282,159608424.4666,0.0005757556197132363,0.00016166942687512176,-0.5393493203879292,0.047898744327871216,2.81551634451e-05,1.0,0
2026-05-19 14:00:00+00:00,3315294883.9183,463243567.788,-0.005074684829480036,-0.006216822627907792,-0.7296359027631127,0.1397292198757593,2.81551634451e-05,1.0,0
2026-05-19 15:00:00+00:00,3354143052.3679,700344836.1263,0.011717862153995062,0.0028612872318147797,-0.04497745535649282,0.20879993047162454,2.81551634451e-05,1.0,0
2026-05-19 16:00:00+00:00,3363701988.5247,256290990.2237,0.002849889228800695,0.011127962956412718,0.29242708763934555,0.07619313217937826,0.0001,1.0,1
2026-05-19 17:00:00+00:00,3333168146.7813,252994615.7371,-0.00907745152441164,0.005914416550592216,-0.3053481230942088,0.07590214612527311,0.0001,1.0,1
2026-05-19 18:00:00+00:00,3317654101.7066,288701097.7207,-0.0046544441778856305,-0.0004280269280245719,-0.846417137844536,0.08701964968927661,0.0001,1.0,1
2026-05-19 19:00:00+00:00,3309050811.4377,97206642.3496,-0.00259318482432358,-0.007228287818408785,-1.397146019361315,0.029375989638359815,0.0001,1.0,1
2026-05-19 20:00:00+00:00,3306845672.8246,101205905.3513,-0.0006663961174235844,-0.007038932695404121,-1.5159537909054708,0.03060496780451602,0.0001,1.0,1
2026-05-19 21:00:00+00:00,3301416554.1037,66731440.0501,-0.0016417817031850745,-0.009239593879293406,-1.7233437822768423,0.020212971903576366,0.0001,1.0,1
2026-05-19 22:00:00+00:00,3291826483.2522,62218243.769,-0.0029048351501053116,-0.007078827521479147,-2.0701316718620433,0.018900827271895185,0.0001,1.0,1
2026-05-19 23:00:00+00:00,3298393025.8817,154218112.3962,0.0019948021752995704,-0.016621242927263413,-1.513377897284215,0.04675552949150917,0.0001,1.0,1
2026-05-20 00:00:00+00:00,3294493900.7377,81376678.4692,-0.0011821287255352475,-0.020574976030309555,-1.5643756707434875,0.02470081321169792,6.83517257403e-05,1.0,0
2026-05-20 01:00:00+00:00,3302007836.175,168701869.2803,0.002280755607293017,-0.009348556458632307,-1.1203211090200256,0.051090693193424366,6.83517257403e-05,1.0,0
2026-05-20 02:00:00+00:00,3303972730.2215,234072077.1395,0.0005950603826476719,-0.004123808891970504,-0.9453090600816118,0.0708456443960443,6.83517257403e-05,1.0,0
2026-05-20 03:00:00+00:00,3303767433.187,133196633.793,-6.213641917263146e-05,-0.0015966446427592151,-0.8882350838006448,0.04031658901138541,6.83517257403e-05,1.0,0
2026-05-20 04:00:00+00:00,3301444491.7677,85367167.3252,-0.0007031189290036544,-0.0016333332702177517,-0.930585594329248,0.025857520106143495,6.83517257403e-05,1.0,0
2026-05-20 05:00:00+00:00,3300863639.9628,89295032.4994,-0.0001759386857324019,-0.00016747784832327195,-0.8862713680219929,0.02705202099787628,6.83517257403e-05,1.0,0
2026-05-20 06:00:00+00:00,3319852000.3272,446230566.4341,0.005752543102511831,0.008513667782182655,0.12916207975852925,0.13441278900087117,6.83517257403e-05,1.0,0
2026-05-20 07:00:00+00:00,3314645682.9745,173352155.8877,-0.0015682377865599006,0.004927447082645919,-0.08271836496653223,0.0522988495506817,6.83517257403e-05,1.0,0
2026-05-20 08:00:00+00:00,3316480510.7813,209186227.4234,0.0005535517163191006,0.006673744346188393,0.0421951837035855,0.06307476457147028,0.0001,1.0,0
2026-05-20 09:00:00+00:00,3339270050.8935,318597582.3337,0.0068716038095550935,0.0112847142003345,1.207188310520668,0.09540934919248348,0.0001,1.0,0
2026-05-20 10:00:00+00:00,3354833546.8909,139021999.1685,0.004660747935985476,0.015393836699732821,1.8115955942029804,0.04143931352342025,0.0001,1.0,0
2026-05-20 11:00:00+00:00,3348725048.3302,166086255.9501,-0.0018208052576441647,0.013607984233875658,1.4246792616219712,0.04959686255308325,0.0001,1.0,0
2026-05-20 12:00:00+00:00,3346963825.8291,159687724.0823,-0.0005259382229598764,0.013787702375400945,1.2672211348437066,0.04771121900092321,0.0001,1.0,0
2026-05-20 13:00:00+00:00,3339293309.9778,176320694.8875,-0.002291783314807727,0.011642307652379502,0.8886204843986889,0.052801799219210306,0.0001,1.0,0
2026-05-20 14:00:00+00:00,3315617746.9201,600036976.1362,-0.00708999206118166,-0.0012754343888469188,-0.19804731584437182,0.18097290518292658,0.0001,1.0,0
2026-05-20 15:00:00+00:00,3307626682.3627,688317457.8057,-0.0024101284187005856,-0.002117571916616323,-0.5018812849430838,0.20810010436668197,0.0001,1.0,0
2026-05-20 16:00:00+00:00,3297363617.9757,513690856.74,-0.003102848468881314,-0.005764210808251291,-0.9597674023530764,0.1557883558669706,6.97890729611e-05,1.0,0
2026-05-20 17:00:00+00:00,3266114882.3314,360276718.3132,-0.009476884949523368,-0.021907532918017725,-2.235527028042066,0.11030742374133187,6.97890729611e-05,1.0,0
2026-05-20 18:00:00+00:00,3304265472.1056,257427305.3793,0.011680725004678205,-0.015073199334185827,-0.3669026937463209,0.07790757357497,6.97890729611e-05,1.0,0
2026-05-20 19:00:00+00:00,3302606453.7696,132062966.4233,-0.0005020838519196325,-0.013771986023037863,-0.43223750177549464,0.03998749723042633,6.97890729611e-05,1.0,0
2026-05-20 20:00:00+00:00,3311053882.8606,140946644.8608,0.00255780675331696,-0.010729109974651374,-0.035249360076241645,0.04256851439065936,6.97890729611e-05,1.0,0
2026-05-20 21:00:00+00:00,3311284483.7265,158175534.9941,6.964576055179528e-05,-0.00838765081450299,-0.04417337278152075,0.04776863352317291,6.97890729611e-05,1.0,0
2026-05-20 22:00:00+00:00,3301793716.5546,74325783.3591,-0.002866189002649344,-0.004169367949107383,-0.5313152835768574,0.02251072893695445,6.97890729611e-05,1.0,0
2026-05-20 23:00:00+00:00,3280473570.2041,185298062.814,-0.006457140627412428,-0.008209243293201385,-1.4794710729407623,0.05648515644113889,6.97890729611e-05,1.0,0
2026-05-21 00:00:00+00:00,3280827879.1953,86440543.1534,0.00010800543995181933,-0.005014836304450765,-1.3926501638818776,0.026347174047607023,3.44896916592e-05,1.0,0
2026-05-21 01:00:00+00:00,3302733271.2944,412073348.6085,0.006676787965016029,0.011211604699238764,-0.3930630463022255,0.12476737137389272,3.44896916592e-05,1.0,0
2026-05-21 02:00:00+00:00,3307403222.6407,290851395.4547,0.00141396563473295,0.0009496060657319116,-0.18636321843814327,0.08793950295013565,3.44896916592e-05,1.0,0
2026-05-21 03:00:00+00:00,3311958511.0873,157908464.6989,0.00137730060109309,0.002831720172721486,0.006716985555990942,0.047678273797898345,3.44896916592e-05,1.0,0
2026-05-21 04:00:00+00:00,3311841174.3095,88887170.8566,-3.54282148785634e-05,0.00023777669489932762,-0.018673012320488066,0.026839200969573207,3.44896916592e-05,1.0,0
2026-05-21 05:00:00+00:00,3309401421.6787,119271185.0794,-0.0007366756140740893,-0.0005686802378516154,-0.14863557267491445,0.03604010812894964,3.44896916592e-05,1.0,0
2026-05-21 06:00:00+00:00,3293741883.5284,231195928.4618,-0.004731833995030077,-0.00243862388671634,-0.8150681930186473,0.0701924852150627,3.44896916592e-05,1.0,0
2026-05-21 07:00:00+00:00,3282748503.8128,230743323.3231,-0.0033376567151714998,0.0006934771946838225,-1.215946298870555,0.07028967435522385,3.44896916592e-05,1.0,0
2026-05-21 08:00:00+00:00,3296052879.8107,223343462.6545,0.004052816102862344,0.004640597183395823,-0.5850238752592618,0.06776088576204128,6.25314314261e-05,1.0,0
2026-05-21 09:00:00+00:00,3295495298.0253,323833690.6728,-0.0001691665169619716,-0.0021915100840896873,-0.547675446193206,0.09826555991958022,6.25314314261e-05,1.0,0
2026-05-21 10:00:00+00:00,3291740857.5838,201055800.3546,-0.0011392643903178623,-0.004735547498316506,-0.6675548088238095,0.061078866488347684,6.25314314261e-05,1.0,0
2026-05-21 11:00:00+00:00,3321455158.3776,487344918.1767,0.009026925897080318,0.002867381115587264,0.9988018047332057,0.1467263277504998,6.25314314261e-05,1.0,0
2026-05-21 12:00:00+00:00,3332870458.5806,250541311.4509,0.0034368370664910053,0.006349726078118456,1.8091660411624262,0.07517283211709354,6.25314314261e-05,1.0,1
2026-05-21 13:00:00+00:00,3350804694.9425,302305856.0346,0.005381018129801074,0.0125108042175186,2.672778067595317,0.09021888279280556,6.25314314261e-05,1.0,1
2026-05-21 14:00:00+00:00,3344822209.6213,621723090.1242,-0.0017853876503842736,0.015508296611931538,2.057401819348462,0.1858762741815779,6.25314314261e-05,1.0,1
2026-05-21 15:00:00+00:00,3353501768.507,346106077.5459,0.002594923838024288,0.021553056718180752,2.141836996699991,0.10320736395495882,6.25314314261e-05,1.0,1
2026-05-21 16:00:00+00:00,3333627766.3008,315456588.0773,-0.005926343141619439,0.011399964703314502,1.1322979338165586,0.09462861788775842,0.0001,1.0,1
2026-05-21 17:00:00+00:00,3329675503.0772,195232646.2919,-0.001185574245436971,0.010371796030897329,0.8973965499765654,0.05863413600258375,0.0001,1.0,1
2026-05-21 18:00:00+00:00,3269695437.2347,814822288.3429,-0.01801378716546631,-0.006697191942770742,-1.768065900861538,0.24920433844200018,0.0001,1.0,1
2026-05-21 19:00:00+00:00,3256115057.1618,403039455.0896,-0.0041534082710730225,-0.01967213106911736,-2.058435995511413,0.12377924244510889,0.0001,1.0,1
2026-05-21 20:00:00+00:00,3249309105.7301,179336034.0931,-0.0020902060621997842,-0.025071887398253945,-2.013477283909678,0.05519205106613096,0.0001,1.0,1
2026-05-21 21:00:00+00:00,3241442398.2746,62851610.1019,-0.002421040042520861,-0.03263762189212782,-1.9886802808571453,0.01939001295699579,0.0001,1.0,1
2026-05-21 22:00:00+00:00,3236823552.4854,89381544.455,-0.0014249353286852617,-0.03228831022026957,-1.8797862702637538,0.02761396875846638,0.0001,1.0,1
2026-05-21 23:00:00+00:00,3224502130.6693,79031527.17,-0.003806639940765133,-0.03846714471694801,-1.9892896312672348,0.024509683655751117,0.0001,1.0,1
2026-05-22 00:00:00+00:00,3228124823.5756,121374977.6677,0.0011234890719542534,-0.031648087345478415,-1.7114599592919062,0.037599220693473746,6.18361969343e-05,1.0,1
2026-05-22 01:00:00+00:00,3271419917.1084,163193686.692,0.013411839968704875,-0.01749587487278015,-0.5635607444590993,0.049884665016115236,6.18361969343e-05,1.0,1
2026-05-22 02:00:00+00:00,3269149200.3007,126845282.7267,-0.0006941074106153744,-0.00016706049370207587,-0.5780414919373774,0.0388007016366927,6.18361969343e-05,1.0,1
2026-05-22 03:00:00+00:00,3274237016.5225,121679435.5721,0.0015563120280137621,0.005565515665928666,-0.40990816037906,0.037162683995715505,6.18361969343e-05,1.0,1
2026-05-22 04:00:00+00:00,3277328424.921,95570947.3942,0.0009441614589598135,0.008623162118214012,-0.29616433916909407,0.029161235922366777,6.18361969343e-05,1.0,1
2026-05-22 05:00:00+00:00,3283398942.5722,149765913.7205,0.0018522762641177692,0.012943788333222628,-0.11406189635561136,0.045613072410620334,6.18361969343e-05,1.0,1
2026-05-22 06:00:00+00:00,3279385496.8759,123949440.9348,-0.0012223448220872735,0.013149293960685204,-0.20176020830923247,0.03779654482612069,6.18361969343e-05,1.0,1
2026-05-22 07:00:00+00:00,3289246716.6312,165577021.5919,0.003007032800716569,0.020078940356742958,0.04464701304987102,0.05033888785377633,6.18361969343e-05,1.0,1
2026-05-22 08:00:00+00:00,3284769160.8564,192427756.6761,-0.0013612708807035911,0.017547133514514535,-0.05839595596657236,0.05858182029020588,-2.9761504146e-06,-1.0,0
2026-05-22 09:00:00+00:00,3284677633.1664,187636951.4401,-2.786426854306523e-05,0.004052587681778963,-0.049205643699772005,0.057124921345544546,-2.9761504146e-06,-1.0,0
2026-05-22 10:00:00+00:00,3310571457.9278,156971548.227,0.007883216453250075,0.012670653766212236,0.5928306580925383,0.04741524242018744,-2.9761504146e-06,-1.0,0
2026-05-22 11:00:00+00:00,3309571552.5063,51849787.6001,-0.000302034085114089,0.010791685453891864,0.585567725382119,0.015666616290811047,-2.9761504146e-06,-1.0,0
2026-05-22 12:00:00+00:00,3308927070.557,118768514.5765,-0.00019473274382353356,0.009641586542173286,0.6094406054165359,0.035893361214669316,-2.9761504146e-06,-1.0,0
2026-05-22 13:00:00+00:00,3284153658.3298,179688446.8806,-0.007486841413833267,0.00022985807414843684,0.0298453863177386,0.054713775777465584,-2.9761504146e-06,-1.0,0
2026-05-22 14:00:00+00:00,3301808893.6569,297284519.0055,0.0053758858944739085,0.006837682487271346,0.6222575291432234,0.09003686420998286,-2.9761504146e-06,-1.0,0
2026-05-22 15:00:00+00:00,3373243465.901,549825280.5628,0.0216349808680123,0.025536773768015886,2.6028296662352237,0.16299602626398052,-2.9761504146e-06,-1.0,0
2026-05-22 16:00:00+00:00,3382913776.1992,543796200.3594,0.0028667691484336455,0.02987869482956662,2.5099302646673585,0.16074787486022493,6.30050236656e-05,1.0,0
2026-05-22 17:00:00+00:00,3381600300.5446,143646923.27,-0.00038826755320853223,0.029507512822428028,2.205629062590043,0.04247897755594177,6.30050236656e-05,1.0,0
2026-05-22 18:00:00+00:00,3374278741.713,236792663.9056,-0.0021651165663846283,0.01924359120315633,1.7943338170817391,0.07017578630311641,6.30050236656e-05,1.0,0
2026-05-22 19:00:00+00:00,3365119386.649,598171391.4633,-0.0027144630794045943,0.016783995529764173,1.4454870999148048,0.1777563654462083,6.30050236656e-05,1.0,1
2026-05-22 20:00:00+00:00,3374090284.1465,798075734.6607,0.0026658482112378312,0.019693154971387905,1.4767636432018194,0.2365306400989145,6.30050236656e-05,1.0,1
2026-05-22 21:00:00+00:00,3381836815.9869,233377595.0866,0.002295887539464303,0.02974378418906798,1.48497100896758,0.06900912367603253,6.30050236656e-05,1.0,1
2026-05-22 22:00:00+00:00,3397759449.9746,101193780.3277,0.00470827980594124,0.029059996931388277,1.6327748656283931,0.029782502798559353,6.30050236656e-05,1.0,1
2026-05-22 23:00:00+00:00,3385749575.5088,305474487.4814,-0.0035346452986509957,0.0037074435137043338,1.3108839347886936,0.09022359175382728,6.30050236656e-05,1.0,1
2026-05-23 00:00:00+00:00,3359848259.6999,260041584.7197,-0.007650097926987898,-0.006818239548870397,0.736665183779168,0.07739682408839701,-2.49012999176e-05,-1.0,0
2026-05-23 01:00:00+00:00,3398814408.6411,419700305.0005,0.011597591893831583,0.005090521222667066,1.426831163835813,0.12348432557348811,-2.49012999176e-05,-1.0,0
2026-05-23 02:00:00+00:00,3407880945.9298,163141501.2173,0.0026675588009894557,0.009958336814741564,1.4757812057458224,0.04787183114837035,-2.49012999176e-05,-1.0,0
2026-05-23 03:00:00+00:00,3377733905.5011,193726881.9539,-0.008846271600158495,0.0037486096042083084,0.7842648535585041,0.057354098153910044,-2.49012999176e-05,-1.0,0
2026-05-23 04:00:00+00:00,3382338307.546,79126826.9151,0.0013631630476873546,0.002444517693629633,0.810820446803426,0.02339411960612218,-2.49012999176e-05,-1.0,0
2026-05-23 05:00:00+00:00,3380196120.3478,112270949.1629,-0.000633345042221567,-0.0004851492630703058,0.698145294613558,0.033214329928095435,-2.49012999176e-05,-1.0,0
2026-05-23 06:00:00+00:00,3382186082.8308,99017819.8109,0.000588712137447045,-0.004583422509182089,0.6785209491876207,0.029276277941521395,-2.49012999176e-05,-1.0,0
2026-05-23 07:00:00+00:00,3389405876.6533,73391710.7885,0.002134653045599677,0.00107990891321319,0.7808511450643417,0.021653267109150998,-2.49012999176e-05,-1.0,0
2026-05-23 08:00:00+00:00,3362838636.8374,1317254023.9027,-0.007838317623421465,0.0008900333903076874,0.05569115654949705,0.3917089596488991,2.52482517191e-05,1.0,0
2026-05-23 09:00:00+00:00,3441824272.9756,575046262.4265,0.023487786560131285,0.012654372720426244,1.9768997592172242,0.1670760087729141,2.52482517191e-05,1.0,0
2026-05-23 10:00:00+00:00,3457771833.4804,144188497.9375,0.004633461571532438,0.01463985636299503,2.1097246027763887,0.04169983008750693,2.52482517191e-05,1.0,0
2026-05-23 11:00:00+00:00,3459587513.4789,118005894.938,0.0005251011593416788,0.024233290800228513,1.9362977206828849,0.03410981640968387,2.52482517191e-05,1.0,0
2026-05-23 12:00:00+00:00,3461441583.0071,115034399.0961,0.0005359221355079047,0.02338715653742285,1.8108156301757798,0.03323308983772154,2.52482517191e-05,1.0,0
2026-05-23 13:00:00+00:00,3459604617.8333,90608992.3829,-0.0005306936805803408,0.023492275198910617,1.7325130577066212,0.026190562908789006,2.52482517191e-05,1.0,0
2026-05-23 14:00:00+00:00,3474713798.7429,480293846.5354,0.004367314354859042,0.027357369951287902,2.031737650598869,0.13822544081448182,2.52482517191e-05,1.0,0
2026-05-23 15:00:00+00:00,3457886178.4022,458322229.105,-0.004842879533499267,0.020204219925563427,1.4230493602882401,0.13254404727595137,2.52482517191e-05,1.0,0
2026-05-23 16:00:00+00:00,3444674106.6696,345210141.3709,-0.0038208521191710476,0.024335235397783705,0.9901460829497166,0.10021561711817728,-1.63374853684e-05,-1.0,0
2026-05-23 17:00:00+00:00,3451339837.2454,181841903.2538,0.0019350830788009699,0.0027646862579575604,1.0697407360773563,0.05268733646320165,-1.63374853684e-05,-1.0,0
2026-05-23 18:00:00+00:00,3398735112.8465,116515974.4036,-0.015241826907687273,-0.01707363107717752,-0.30762815242864994,0.0342821580779256,-1.63374853684e-05,-1.0,0
2026-05-23 19:00:00+00:00,3375186055.5048,336505837.5063,-0.0069287710162200256,-0.024396393398133043,-0.9427309099736164,0.09969993712123566,-1.63374853684e-05,-1.0,0
2026-05-23 20:00:00+00:00,3369454979.6981,126784598.4854,-0.0016980029285652565,-0.026574651370856683,-1.0826962390921189,0.037627627984143534,-1.63374853684e-05,-1.0,0
2026-05-23 21:00:00+00:00,3258810999.7409,1044937032.8586,-0.032837352219828086,-0.05803946990282205,-2.9991105442887536,0.32064978083775963,-1.63374853684e-05,-1.0,0
2026-05-23 22:00:00+00:00,3211589414.4948,643351600.9449,-0.014490433857580087,-0.07572548402210688,-2.9571661445157114,0.2003218711711013,-1.63374853684e-05,-1.0,0
2026-05-23 23:00:00+00:00,3217357847.3652,220678899.4364,0.001796130241420446,-0.06955935465410323,-2.377112408986014,0.06859010091685051,-1.63374853684e-05,-1.0,0
2026-05-24 00:00:00+00:00,3217022981.5968,132333327.1693,-0.00010408098330572102,-0.0660878556354636,-2.0724534666006753,0.04113533783448917,2.64213859743e-05,1.0,0
2026-05-24 01:00:00+00:00,3215545882.8004,148437723.0045,-0.000459150837544553,-0.06831954126928086,-1.8382590346562793,0.04616252680407299,2.64213859743e-05,1.0,0
2026-05-24 02:00:00+00:00,3232440616.0131,150876548.0803,0.005254079347170482,-0.048928348727396154,-1.486801696223884,0.04667573700592573,2.64213859743e-05,1.0,0
2026-05-24 03:00:00+00:00,3241397354.0091,116775576.9674,0.002770890191030606,-0.039638911543112054,-1.2785660146206965,0.03602630724152561,2.64213859743e-05,1.0,0
2026-05-24 04:00:00+00:00,3231940028.6112,138860925.6358,-0.0029176692534171877,-0.040812223910236534,-1.2643074836025183,0.04296519254890694,2.64213859743e-05,1.0,0
2026-05-24 05:00:00+00:00,3235956711.2414,74084028.8554,0.001242808528203465,-0.007013075781724498,-1.1307836000112688,0.02289401109663775,2.64213859743e-05,1.0,0
2026-05-24 06:00:00+00:00,3246153608.1475,114519069.6203,0.003151122779448068,0.010762332662046514,-0.9575822244165801,0.035278388962515304,2.64213859743e-05,1.0,0
2026-05-24 07:00:00+00:00,3240083661.7677,148175908.9345,-0.0018698888322983276,0.007063502252667053,-0.9403715433486539,0.04573212435312838,2.64213859743e-05,1.0,0
2026-05-24 08:00:00+00:00,3247143221.3133,101730690.8973,0.0021788201424861597,0.00936276796553992,-0.8169181634685898,0.03132928976756228,-5.63777732022e-05,-1.0,0
2026-05-24 09:00:00+00:00,3256895790.799,89822721.7349,0.0030034306530388744,0.012859374272895963,-0.6634206978761493,0.027579243397549476,-5.63777732022e-05,-1.0,0
2026-05-24 10:00:00+00:00,3257098112.7179,115656843.5325,6.212109072434302e-05,0.007628136022870713,-0.5989294239819691,0.035509167832831916,-5.63777732022e-05,-1.0,0
2026-05-24 11:00:00+00:00,3243908768.0559,441399868.7447,-0.004049415831380632,0.000774793637593918,-0.6610736127652521,0.13607037074881562,-5.63777732022e-05,-1.0,0
2026-05-24 12:00:00+00:00,3242573539.3895,142687535.8709,-0.0004116110414535967,0.0032901324542429222,-0.6108469124837569,0.04400441011979783,-5.63777732022e-05,-1.0,0
2026-05-24 13:00:00+00:00,3239754161.416,173785453.6136,-0.0008694877507793297,0.001173516988471457,-0.5775398518936389,0.053641555795592696,-5.63777732022e-05,-1.0,0
2026-05-24 14:00:00+00:00,3234014888.3131,266264032.1391,-0.0017715150029752325,-0.0037394163369020017,-0.5827305794742245,0.08233234580994352,-5.63777732022e-05,-1.0,0
2026-05-24 15:00:00+00:00,3185910449.0933,697097567.9281,-0.014874526210017502,-0.01671969564046527,-1.1230580325319828,0.21880639116096054,-5.63777732022e-05,-1.0,0
2026-05-24 16:00:00+00:00,3185593098.9851,116612560.7693,-9.961049228179863e-05,-0.018955160931677817,-1.098672488697613,0.03660623222923595,1.2092937989e-06,1.0,0
2026-05-24 17:00:00+00:00,3184815829.7114,252097851.4015,-0.00024399515240891567,-0.022131491370166567,-1.15025567167655,0.07915617884389392,1.2092937989e-06,1.0,0
2026-05-24 18:00:00+00:00,3207541446.3359,110278353.1418,0.007135614063610962,-0.015214975007506681,-0.7220874048432683,0.03438095968105893,1.2092937989e-06,1.0,0
2026-05-24 19:00:00+00:00,3203179258.5056,59092050.9839,-0.0013599786326324859,-0.012555688973555745,-0.831354511796001,0.018447937569210097,1.2092937989e-06,1.0,0
2026-05-24 20:00:00+00:00,3211190228.3075,57747259.2613,0.0025009433301703687,-0.009678519453998002,-0.698524602124914,0.017983132469774753,1.2092937989e-06,1.0,0
2026-05-24 21:00:00+00:00,3211481144.4141,62381136.3208,9.059447927928233e-05,-0.008726901978742263,-0.6217806826612937,0.019424413071614268,1.2092937989e-06,1.0,0
2026-05-24 22:00:00+00:00,3169378036.4339,311609724.4146,-0.013110183770947081,-0.0199865659594769,-2.203643927131321,0.09831888806966524,1.2092937989e-06,1.0,0
2026-05-24 23:00:00+00:00,3149146540.3895,368818220.7273,-0.006383427856136659,-0.011539529842799712,-2.478693973478416,0.1171168810333237,1.2092937989e-06,1.0,0
2026-05-25 00:00:00+00:00,3130802476.4695,241968500.0989,-0.005825090603034044,-0.01719950439780127,-2.523553381831179,0.07728641519785677,4.71818131306e-05,1.0,0
2026-05-25 01:00:00+00:00,3145591571.6476,170627580.6885,0.004723739453144082,-0.01231602081912353,-1.8433426123732113,0.05424339962836579,4.71818131306e-05,1.0,0
2026-05-25 02:00:00+00:00,3138893909.6028,239213680.9746,-0.0021292217671132763,-0.021401917288245365,-1.784932108605126,0.0762095463764401,4.71818131306e-05,1.0,0
2026-05-25 03:00:00+00:00,3150931478.8015,296475037.4936,0.0038349716637040565,-0.01631122565662335,-1.3488250447183767,0.09409123603232666,4.71818131306e-05,1.0,0
