date,btc_ret,robot_ret,btc_cum_ret,robot_cum_ret,btc_equity,robot_equity
2022-01-01,0.0,0.0,0.0,0.0,1000.0,
2022-01-02,-0.00889541519798509,0.0,-0.00889541519798509,0.0,991.1045848020149,
2022-01-03,-0.017643612521150653,0.0,-0.026382080460167767,0.0,973.6179195398322,
2022-01-04,-0.013185042956512127,0.0,-0.03921927455253038,0.0,960.7807254474696,
2022-01-05,-0.052619464137740435,0.0,-0.0897750414794457,0.0,910.2249585205543,
2022-01-06,-0.007868878433796578,0.0,-0.09693749102545146,0.0,903.0625089745486,
2022-01-07,-0.03542594349444217,0.0,-0.128929332440333,0.0,871.070667559667,
2022-01-08,0.008639871241805208,0.0,-0.12140339403010414,0.0,878.5966059698959,
2022-01-09,-0.001471146816921065,0.0,-0.12269593863033446,0.0,877.3040613696655,
2022-01-10,-0.0011868232276143198,0.0,-0.12373714346804832,0.0,876.2628565319517,
2022-01-11,0.02150948948065312,0.0,-0.10488917677318721,0.0,895.1108232268128,
2022-01-12,0.027635157098200747,0.0,-0.0801526485530144,0.0,919.8473514469856,
2022-01-13,-0.030683179309728748,0.0,-0.10837648977504133,0.0,891.6235102249586,
2022-01-14,0.01635573344066632,0.0,-0.09379333331237072,0.0,906.2066666876293,
2022-01-15,-0.0036893361091834276,0.0,-0.09713663429016417,0.0,902.8633657098359,
2022-01-16,-0.00022869476121822885,0.0,-0.09734311441199783,0.0,902.6568855880022,
2022-01-17,-0.02053661044675137,0.0,-0.11588062723839643,0.0,884.1193727616036,
2022-01-18,0.0038229964951914663,0.0,-0.11250064197499798,0.0,887.499358025002,
2022-01-19,-0.016054058829059303,0.0,-0.1267486088794837,0.0,873.2513911205164,
2022-01-20,-0.023913837210669975,0.0,-0.14763140049073087,0.0,852.3685995092692,
2022-01-21,-0.10416955124098382,0.0,-0.23642225499351732,0.0,763.5777450064827,
2022-01-22,-0.03794681707945813,0.0,-0.2653976000092234,0.0,734.6023999907766,
2022-01-23,0.03385141935518843,0.0,-0.2405302661078078,0.0,759.4697338921922,
2022-01-24,0.01573253774978256,0.0,-0.2285818798495316,0.0,771.4181201504684,
2022-01-25,0.003648369565217413,0.0,-0.22576746145791737,0.0,774.2325385420826,
2022-01-26,-0.003975441771406851,0.0,-0.22884537783241998,0.0,771.15462216758,
2022-01-27,0.00933933139662102,0.0,-0.22164330925796083,0.0,778.3566907420392,
2022-01-28,0.0020166437747433097,0.0,-0.22007364108304606,0.0,779.926358916954,
2022-01-29,0.025375827691752173,0.0,-0.2002823641869138,0.0,799.7176358130862,
2022-01-30,-0.007339447617444872,0.0,-0.20615184988371082,0.0,793.8481501162892,
2022-01-31,0.015025874035945463,0.0,-0.19422358757639513,0.0,805.7764124236048,
2022-02-01,0.006281894657098608,0.0,-0.18916178503637515,0.0,810.8382149636249,
2022-02-02,-0.04623723937455848,0.0,-0.22665270567568796,0.0,773.3472943243121,
2022-02-03,0.010783629960183783,0.0,-0.21831321462298525,0.0,781.6867853770148,
2022-02-04,0.08922908265142304,0.0,-0.14856401984305445,0.0,851.4359801569456,
2022-02-05,0.025668928434259497,0.0,-0.1267085706020522,0.0,873.2914293979478,
2022-02-06,0.01683997522791736,0.0,-0.11200236456423818,0.0,887.9976354357618,
2022-02-07,0.03466933891389212,0.0,-0.0812160735865809,0.0,918.7839264134191,
2022-02-08,0.004370979778913986,0.0,-0.07720008762303665,0.0,922.7999123769633,
2022-02-09,0.007644207146632942,0.0,-0.0701460139379324,0.0,929.8539860620676,
2022-02-10,-0.019991622721271973,0.0,-0.0887353040131561,0.0,911.2646959868439,
2022-02-11,-0.025425746509938008,0.0,-0.11190488917677333,0.0,888.0951108232267,
2022-02-12,-0.003921304819902716,0.0,-0.11538738081537647,0.0,884.6126191846236,
2022-02-13,-0.003761622962345723,0.0,-0.11871495995648218,0.0,881.2850400435178,
2022-02-14,0.01151277332459899,0.0,-0.10856892505610105,0.0,891.4310749438989,
2022-02-15,0.0471358824450665,0.0,-0.06655053469966621,0.0,933.4494653003338,
2022-02-16,-0.015021468865653476,0.0,-0.08057231678033605,0.0,919.427683219664,
2022-02-17,-0.06828664385201333,0.0,-0.14335694753203898,0.0,856.6430524679611,
2022-02-18,-0.023100113542930956,0.0,-0.16314549930981181,0.0,836.8545006901882,
2022-02-19,0.0032814316059477378,0.0,-0.1603994185016674,0.0,839.6005814983326,
2022-02-20,-0.042057194788852614,0.0,-0.19571066370257673,0.0,804.2893362974232,
2022-02-21,-0.03601168679189215,0.0,-0.2246744793713783,0.0,775.3255206286217,
2022-02-22,0.033136504228581165,0.0,-0.19898290197854107,0.0,801.0170980214589,
2022-02-23,-0.025756306919292316,0.0,-0.21961414420278258,0.0,780.3858557972175,
2022-02-24,0.017043714643357966,0.0,-0.20631347036486214,0.0,793.6865296351378,
2022-02-25,0.035473280809670715,0.0,-0.17815880522426186,0.0,821.8411947757381,
2022-02-26,-0.0027062598519591585,0.0,-0.1803829210543696,0.0,819.6170789456304,
2022-02-27,-0.03650448985020205,0.0,-0.21030262439379266,0.0,789.6973756062073,
2022-02-28,0.14554576343172654,0.0,-0.09536551698115636,0.0,904.6344830188436,
2022-03-01,0.02871277951569917,0.0,-0.06939094652793776,0.0,930.6090534720622,
2022-03-02,-0.011451972221533935,0.0,-0.0800482555574078,0.0,919.9517444425921,
2022-03-03,-0.03272592211130265,0.0,-0.11015452469219311,0.0,889.8454753078069,
2022-03-04,-0.0722646909857595,0.0,-0.17445893299038806,0.0,825.541067009612,
2022-03-05,-0.00017266815465999397,0.0,-0.1746014776430247,0.0,825.3985223569753,
2022-03-06,-0.02473644511379014,0.0,-0.19501890288831147,0.0,804.9810971116885,
2022-03-07,-0.011387694623331002,0.0,-0.2041857817997733,0.0,795.8142182002267,
2022-03-08,0.019652932530463296,0.0,-0.18854569866270088,0.0,811.4543013372992,
2022-03-09,0.08337918723634008,0.0,-0.1208872985377647,0.0,879.1127014622353,
2022-03-10,-0.06033502235469457,0.0,-0.17392858303278458,0.0,826.0714169672154,
2022-03-11,-0.01761607015976774,0.0,-0.1884807150710578,0.0,811.5192849289422,
2022-03-12,0.0020561568465373714,0.0,-0.18681210413725402,0.0,813.187895862746,
2022-03-13,-0.027038662012858206,0.0,-0.2087996168064341,0.0,791.2003831935659,
2022-03-14,0.05060712118843691,0.0,-0.1687592431298196,0.0,831.2407568701803,
2022-03-15,-0.009653551488129852,0.0,-0.17678366857529793,0.0,823.216331424702,
2022-03-16,0.046721499325201865,0.0,-0.13832176730214352,0.0,861.6782326978565,
2022-03-17,-0.005052814931226335,0.0,-0.14267566794223197,0.0,857.3243320577681,
2022-03-18,0.02743892748073873,0.0,-0.11915160776742606,0.0,880.8483922325739,
2022-03-19,0.003995687798516334,0.0,-0.11563201259423961,0.0,884.3679874057603,
2022-03-20,-0.021977709406895696,0.0,-0.13506839523020464,0.0,864.9316047697954,
2022-03-21,-0.006761833208114187,0.0,-0.14091691847808452,0.0,859.0830815219155,
2022-03-22,0.03337562832463048,0.0,-0.11224448084923089,0.0,887.7555191507691,
2022-03-23,0.012233824008613947,0.0,-0.10138383606526469,0.0,898.6161639347354,
2022-03-24,0.025788527079702916,0.0,-0.07820984878737502,0.0,921.790151212625,
2022-03-25,0.012004984831739174,0.0,-0.06714377200402089,0.0,932.8562279959791,
2022-03-26,-0.0002719021691502954,0.0,-0.06739741763591833,0.0,932.6025823640816,
2022-03-27,0.052408224917508184,0.0,-0.01852137174073254,0.0,981.4786282592675,
2022-03-28,0.006430902504869662,0.0,-0.012209578371783936,0.0,987.7904216282161,
2022-03-29,0.006294313259864293,0.0,-0.005992116022962568,0.0,994.0078839770374,
2022-03-30,-0.007703744319200401,0.0,-0.01364969861239107,0.0,986.350301387609,
2022-03-31,-0.032881929390562115,0.0,-0.04608279957697814,0.0,953.9172004230219,
2022-04-01,0.016705489386015016,0.0,-0.0301471459101742,0.0,969.8528540898258,
2022-04-02,-0.010193186386606157,0.0,-0.04003303681949377,0.0,959.9669631805062,
2022-04-03,0.013053940857655766,0.0,-0.02750168485683202,0.0,972.4983151431679,
2022-04-04,0.0010820737879480014,0.0,-0.026449369921191956,0.0,973.550630078808,
2022-04-05,-0.02078264352124981,0.0,-0.046682325616007936,0.0,953.3176743839921,
2022-04-06,-0.0509637754137221,0.0,-0.09526699347124556,0.0,904.7330065287545,
2022-04-07,0.0059638968760209465,0.0,-0.08987125911997573,0.0,910.1287408800242,
2022-04-08,-0.019888477120765802,0.0,-0.10797233375991944,0.0,892.0276662400805,
2022-04-09,0.004091310723417063,0.0,-0.1043227714034467,0.0,895.6772285965533,
2022-04-10,-0.013745181697119135,0.0,-0.11663401765247838,0.0,883.3659823475216,
2022-04-11,-0.06252432345207926,0.0,-0.1718658780593385,0.0,828.1341219406615,
2022-04-12,0.014051172492001163,0.0,-0.1602296226654384,0.0,839.7703773345617,
2022-04-13,0.02395115412361748,0.0,-0.1401161529294499,0.0,859.8838470705501,
2022-04-14,-0.026920882882092156,0.0,-0.16326498526863897,0.0,836.735014731361,
2022-04-15,0.015372320303437936,0.0,-0.15040242661308667,0.0,849.5975733869134,
2022-04-16,-0.004157465549784689,0.0,-0.15393459925562347,0.0,846.0654007443766,
2022-04-17,-0.017638314214216688,0.0,-0.16885776663972996,0.0,831.1422333602701,
2022-04-18,0.028663954541212844,0.0,-0.1450339434454091,0.0,854.9660565545909,
2022-04-19,0.0168515358361776,0.0,-0.13062645230466396,0.0,869.373547695336,
2022-04-20,-0.0035010814290779013,0.0,-0.13367019988743167,0.0,866.3298001125684,
2022-04-21,-0.015028661164303792,0.0,-0.14668997690986252,0.0,853.3100230901375,
2022-04-22,-0.025361980612480517,0.0,-0.16833160917190992,0.0,831.6683908280901,
2022-04-23,-0.006530692490333778,0.0,-0.17376297968633891,0.0,826.2370203136611,
2022-04-24,0.00046428906688045224,0.0,-0.1733793668711554,0.0,826.6206331288446,
2022-04-25,0.019800473710103406,0.0,-0.15701188675665867,0.0,842.9881132433413,
2022-04-26,-0.05273013015303052,0.0,-0.2014627596854377,0.0,798.5372403145623,
2022-04-27,0.02927780709146144,0.0,-0.17808334040815998,0.0,821.91665959184,
2022-04-28,0.013351526435257277,0.0,-0.1671094984000412,0.0,832.8905015999588,
2022-04-29,-0.03569621846095772,0.0,-0.19684053969921,0.0,803.15946030079,
2022-04-30,-0.018262158677461504,0.0,-0.21150796520652737,0.0,788.4920347934726,
2022-05-01,0.02195961663720114,0.0,-0.19419298240097604,0.0,805.807017599024,
2022-05-02,-0.0033428285272043556,0.0,-0.1968866570868275,0.0,803.1133429131725,
2022-05-03,-0.015637398204217945,0.0,-0.2094452602330814,0.0,790.5547397669186,
2022-05-04,0.050438974462319264,0.0,-0.16957048990291235,0.0,830.4295100970877,
2022-05-05,-0.0777582285542634,0.0,-0.23414321754724665,0.0,765.8567824527534,
2022-05-06,-0.009139256651895189,0.0,-0.24114257924067706,0.0,758.857420759323,
2022-05-07,-0.020278557379947548,0.0,-0.25653111299074394,0.0,743.468887009256,
2022-05-08,-0.040452029650348,0.0,-0.28660593845215354,0.0,713.3940615478465,
2022-05-09,-0.11681358721203572,0.0,-0.3699400578773213,0.0,630.0599421226786,
2022-05-10,0.0314573171948922,0.0,-0.3501200624261728,0.0,649.8799375738272,
2022-05-11,-0.062169982033475124,0.0,-0.39052308646905354,0.0,609.4769135309465,
2022-05-12,-0.0018572848559056387,0.0,-0.3916550587105787,0.0,608.3449412894213,
2022-05-13,0.008738590040901828,0.0,-0.386338981665194,0.0,613.661018334806,
2022-05-14,0.02751560242260287,0.0,-0.3694537290624439,0.0,630.5462709375561,
2022-05-15,0.04137660489763895,0.0,-0.343363865140181,0.0,656.636134859819,
2022-05-16,-0.046535608024415476,0.0,-0.3739208269266848,0.0,626.0791730733151,
2022-05-17,0.019094844760217944,0.0,-0.3619659423092443,0.0,638.0340576907557,
2022-05-18,-0.05704898643098866,0.0,-0.39836513860895284,0.0,601.6348613910471,
2022-05-19,0.05642042326641272,0.0,-0.36442064507744043,0.0,635.5793549225596,
2022-05-20,-0.03730223384641773,0.0,-0.388129174802717,0.0,611.870825197283,
2022-05-21,0.008170914285910102,0.0,-0.38312963073598094,0.0,616.870369264019,
2022-05-22,0.029108925695100485,0.0,-0.36517319699356543,0.0,634.8268030064346,
2022-05-23,-0.03610487386078465,0.0,-0.388093538639558,0.0,611.906461360442,
2022-05-24,0.015501565572478837,0.0,-0.3786080305045556,0.0,621.3919694954444,
2022-05-25,-0.0035893681834895386,0.0,-0.38083843506933845,0.0,619.1615649306616,
2022-05-26,-0.011602514837473432,0.0,-0.38802226631323977,0.0,611.9777336867602,
2022-05-27,-0.02540590532301157,0.0,-0.40357011467507675,0.0,596.4298853249232,
2022-05-28,0.01991051690021539,0.0,-0.3916948873635213,0.0,608.3051126364787,
2022-05-29,0.014955821743145803,0.0,-0.3825971845334859,0.0,617.4028154665141,
2022-05-30,0.07932692307692313,0.0,-0.333620518883498,0.0,666.379481116502,
2022-05-31,0.00027053213040906243,0.0,-0.3334402418228106,0.0,666.5597581771893,
2022-06-01,-0.06498248306486609,0.0,-0.37675495002028103,0.0,623.2450499797189,
2022-06-02,0.023732405024973424,0.0,-0.3619638460643525,0.0,638.0361539356475,
2022-06-03,-0.021293092968778238,0.0,-0.375549609207546,0.0,624.450390792454,
2022-06-04,0.001994024639967895,0.0,-0.3743044397418682,0.0,625.6955602581318,
2022-06-05,0.002060411948379137,0.0,-0.3730152491334646,0.0,626.9847508665354,
2022-06-06,0.04852239559476956,0.0,-0.34259244702003055,0.0,657.4075529799694,
2022-06-07,-0.007751616647322268,0.0,-0.34768841835178543,0.0,652.3115816482145,
2022-06-08,-0.029744746626561347,0.0,-0.3670912610694831,0.0,632.908738930517,
2022-06-09,-0.0032855841682537523,0.0,-0.3691707360020626,0.0,630.8292639979373,
2022-06-10,-0.03374837588433299,0.0,-0.3904601991223021,0.0,609.5398008776979,
2022-06-11,-0.022732196838126772,0.0,-0.4043163778565265,0.0,595.6836221434735,
2022-06-12,-0.06517294407865792,0.0,-0.4431388332510555,0.0,556.8611667489445,
2022-06-13,-0.1540841793809078,0.0,-0.5289423291586615,0.0,471.05767084133856,
2022-06-14,-0.015521883274369763,0.0,-0.5362540313409572,0.0,463.7459686590428,
2022-06-15,0.02010604492218393,0.0,-0.5269299340626168,0.0,473.0700659373832,
2022-06-16,-0.09660352276503814,0.0,-0.5726301689468569,0.0,427.3698310531431,
2022-06-17,0.0034285882456810413,0.0,-0.5711648937675493,0.0,428.83510623245064,
2022-06-18,-0.07320614157293481,0.0,-0.6025582572658467,0.0,397.4417427341533,
2022-06-19,0.08462686645885742,0.0,-0.5689240079783079,0.0,431.0759920216921,
2022-06-20,0.0002869063712664932,0.0,-0.5688003295296968,0.0,431.19967047030315,
2022-06-21,0.006951837861750798,0.0,-0.5658026993345469,0.0,434.1973006654531,
2022-06-22,-0.03551858485692616,0.0,-0.5812247730028811,0.0,418.77522699711886,
2022-06-23,0.056023306336159706,0.0,-0.5577636001748267,0.0,442.2363998251733,
2022-06-24,0.0063801750045031635,0.0,-0.5549420545505807,0.0,445.0579454494193,
2022-06-25,0.011808093748822523,0.0,-0.5496867686070556,0.0,450.31323139294443,
2022-06-26,-0.021078210027977162,0.0,-0.5591785654767332,0.0,440.8214345232669,
2022-06-27,-0.014223147923591473,0.0,-0.5654484339478474,0.0,434.5515660521527,
2022-06-28,-0.022257597684515296,0.0,-0.5751205078782122,0.0,424.8794921217878,
2022-06-29,-0.007829845179242678,0.0,-0.5784472485213611,0.0,421.5527514786389,
2022-06-30,-0.009269066479694166,0.0,-0.5823546489995146,0.0,417.6453510004854,999.7131992817434
2022-07-01,-0.03270007779757578,-0.003735300378863604,-0.5960116844690263,-0.003735300378863604,403.9883155309737,995.9789701897114
2022-07-02,-0.0016137401411373542,-0.00024538165825815916,-0.5966636166303492,-0.00397976546292067,403.3363833696509,995.734575218416
2022-07-03,0.003378220353517758,-0.00036354627060952716,-0.5953010574507356,-0.004341864904638282,404.6989425492645,995.3725796270784
2022-07-04,0.04769008437835054,-0.00031012254076323575,-0.5760009307327318,-0.004650640935225603,423.99906926726817,995.0638921536784
2022-07-05,-0.002798295314091259,-0.003125268502489731,-0.5771874053414414,-0.007761374936084087,422.8125946585585,991.9540503135656
2022-07-06,0.019043133366385634,-0.00020363818434787628,-0.5691357287123711,-0.007963432608131926,430.864271287629,991.7520505918033
2022-07-07,0.051537162901805544,-0.0027626764218581235,-0.5469302065744528,-0.010704108642486498,453.0697934255473,989.0121605853038
2022-07-08,0.007222371306689235,-0.0003998981377986155,-0.5436579682984884,-0.011099726227172146,456.34203170151153,988.6166564640256
2022-07-09,-0.008704839339442771,0.0022575733654486285,-0.5476303523682851,-0.008867211308017708,452.369647631715,990.8485310962976
2022-07-10,-0.03365152919369785,-0.002681076603931909,-0.5628532827719065,-0.011524514239169559,437.1467172280935,988.191990281535
2022-07-11,-0.04313362552628297,-0.00025268737941519515,-0.581709005572867,-0.01177428951928261,418.290994427133,987.9422866371517
2022-07-12,-0.031642302661581634,-0.0002839301587188592,-0.5949446958191442,-0.012054876602109466,405.0553041808557,987.6617800269017
2022-07-13,0.046431953795755154,0.002283964351247114,-0.5761371866506932,-0.0097984451592803,423.86281334930675,989.9175643235724
2022-07-14,0.01772988264152997,-0.00023377879673580626,-0.5686221487139014,-0.010029933287296844,431.3778512860987,989.6861425865171
2022-07-15,0.011881274722284285,-0.0032098633101481644,-0.5634968299536625,-0.013207601882582853,436.50317004633746,986.5093853488665
2022-07-16,0.0173077015429981,0.0022420535281881815,-0.555941963363928,-0.010995160504794432,444.058036636072,988.7211921968787
2022-07-17,-0.018368069488044925,-0.002932700707754865,-0.5640984522375841,-0.013895615697555042,435.9015477624159,985.8215688567507
2022-07-18,0.0783624437348518,-0.0028373647232200483,-0.529940141727117,-0.016693553490987445,470.059858272883,983.0244335138871
2022-07-19,0.042900655104598284,0.003332860615861577,-0.5097742658688358,-0.013416330162094758,490.22573413116424,986.3007169327751
2022-07-20,-0.00702987697715296,-0.003663513450003597,-0.5132204924708124,-0.017030692706099804,486.7795075291877,982.6873909905437
2022-07-21,-0.003315892599530579,0.0031288433115432834,-0.5148346010374315,-0.01395513576352092,485.1653989625685,985.7620658611824
2022-07-22,-0.020281276329149556,0.0025581705061483717,-0.5246743745591335,-0.011432664874092113,475.32562544086653,988.2838133041483
2022-07-23,-0.010359380995012102,0.0024541281809051796,-0.5295984538097678,-0.009006593918237327,470.4015461902322,990.7091884611106
2022-07-24,0.005810999901961544,-0.00028694951880237074,-0.5268649504709738,-0.00929095899924881,473.13504952902616,990.4249049362086
2022-07-25,-0.056294471569209414,0.002312366277814837,-0.5534998380650821,-0.007000076821712442,446.5001619349179,992.715130087091
2022-07-26,-0.009286384976525786,0.002654181016017887,-0.5576462104608908,-0.00436447527670536,442.3537895391092,995.3499757396818
2022-07-27,0.08714257281231341,-0.0028231860528915576,-0.5190983631471762,-0.007175339603867514,480.9016368528238,992.5399175704275
2022-07-28,0.03901730954487803,-0.0047501520154557,-0.5003348751214511,-0.011891407665442277,499.6651248785489,987.8252020805601
2022-07-29,0.004270814978897697,-0.0033999529624608726,-0.49820089782168697,-0.015250930401183194,501.79910217831303,984.4666428583528
2022-07-30,-0.0036009691703567936,-0.003135865238044544,-0.5000078609183438,-0.018338970776734853,499.9921390816562,981.3794881349988
2022-07-31,-0.02354958535624152,0.002081007864298323,-0.5117824684750971,-0.016296126454846016,488.21753152490294,983.4217465676688
2022-08-01,-0.0013954426988290747,0.002208497187887515,-0.5124637480649039,-0.01412361921640748,487.5362519350961,985.593630729471
2022-08-02,-0.012146567143643372,0.002335867904947886,-0.5183856398839937,-0.011820742220288949,481.61436011600625,987.895847258813
2022-08-03,-0.007556006285065031,-0.003030967210778668,-0.5220247210160078,-0.014815881148990906,477.97527898399215,984.9015673381072
2022-08-04,-0.008446812709690055,0.0021909715478656278,-0.5260620886774474,-0.012657370775179255,473.9379113225525,987.0594586495931
2022-08-05,0.021579997257717087,-0.0027814925540508018,-0.5158345098507786,-0.015403656946665012,484.1654901492214,984.3139601149538
2022-08-06,-0.0066459422950365665,-0.002439206129877469,-0.5190522457595584,-0.017805290382095662,480.94775424044155,981.9130154697175
2022-08-07,0.009784991696922374,0.0013235432727685126,-0.5143461759776622,-0.016505313181632064,485.65382402233774,983.2126198357862
2022-08-08,0.02747779245331894,-0.0004486964966984308,-0.5010014809970158,-0.01694660380212898,498.99851900298427,982.7714557777562
2022-08-09,-0.0279024045974694,-0.002437758495249409,-0.514924739567775,-0.01934305056999408,485.075260432225,980.3756963125453
2022-08-10,0.034602120984261076,-0.0024428299985046475,-0.4981401067198272,-0.02173862878430377,501.8598932801728,977.9808051517881
2022-08-11,-0.0009899377216395777,0.0007516300914625074,-0.49863691675916333,-0.021003338100382685,501.36308324083666,978.715884953813
2022-08-12,0.019663673005201332,0.0023593631230796053,-0.488778277033436,-0.01869352947867875,511.22172296656396,981.0250311207452
2022-08-13,0.0017016914402869787,-0.0025317420872176255,-0.4879083354033751,-0.021177944370556534,512.0916645966249,978.5413287608428
2022-08-14,-0.005522125342830253,-0.0024615557553326894,-0.4907361697622963,-0.023587369435037808,509.2638302377037,976.1325947212007
2022-08-15,-0.008598795592345332,-0.002423507023248783,-0.4951152253410851,-0.025953712302800858,504.8847746589149,973.7669305222718
2022-08-16,-0.010055967980336478,0.001994871362611672,-0.5001923304688145,-0.024010615257615497,499.8076695311854,975.709470285829
2022-08-17,-0.021385731661284324,-0.0025412638891202377,-0.5108810831716604,-0.026490861837226043,489.11891682833965,973.2299350427189
2022-08-18,-0.006342920572062871,-0.00239887034615871,-0.5139835256113959,-0.028826184040479208,486.0164743886041,970.895282611551
2022-08-19,-0.10179813759699108,0.0018039960898244,-0.5634590975456115,-0.027074190273948417,436.54090245438846,972.6467739050112
2022-08-20,0.014545087851562277,0.0025898458650792655,-0.5571095717686121,-0.024554462388600484,442.89042823138783,975.1657791305918
2022-08-21,0.01788165355597826,-0.002678048725442417,-0.5491899585677196,-0.027166753067339178,450.8100414322804,972.554237658696
2022-08-22,-0.0055148426456363975,-0.0025446332357675905,-0.5516761050092915,-0.02964225688034372,448.32389499070854,970.0794438219631
2022-08-23,0.006134567728059093,-0.0027395182308581623,-0.5489258317113637,-0.03230056960807437,451.07416828863626,967.421893500232
2022-08-24,-0.0075889247241869295,-0.0025541128664479107,-0.5523489996195314,-0.0347721831740927,447.6510003804686,964.9509887947597
2022-08-25,0.009056469475389628,-0.0013915051065923612,-0.548294861998958,-0.03611530261023099,451.7051380010419,963.6082545662405
2022-08-26,-0.06123916967927856,-0.0023697614271712686,-0.5759569095900059,-0.038399479386345914,424.04309040999414,961.3247328936656
2022-08-27,-0.010752050304765004,-0.0033341273499275514,-0.5805162422294821,-0.04160557798182851,419.4837577705179,958.119553809563
2022-08-28,-0.023172023666746644,-0.0003103070718551981,-0.5902365297923564,-0.041902974548607363,409.76347020764365,957.8222425363331
2022-08-29,0.03724261414503127,-0.002548229734724683,-0.5749758669806841,-0.04434442587761389,425.0241330193159,955.3814914173213
2022-08-30,-0.023299055510345057,0.0019284427262937776,-0.5848785278491374,-0.0425014988368555,415.1214721508626,957.2238899052808
2022-08-31,0.012038519221738042,-0.0002460841885857379,-0.5798810800272931,-0.04273712407858632,420.118919972707,956.9883322410385
2022-09-01,0.0012873287927550603,0.0021810713860777042,-0.579340248845231,-0.0406492654109597,420.659751154769,959.0755921092996
2022-09-02,-0.006293821291354584,-0.0027151517892540777,-0.5819878061434648,-0.0432540482745013,418.0121938565352,956.4715562993541
2022-09-03,-0.006032796750413683,-0.0025143571757039185,-0.5845095887481958,-0.045659649323547935,415.4904112518042,954.0666451784161
2022-09-04,0.008677796445130559,-0.0020873839884744116,-0.5809040475344491,-0.04765172409110496,419.0959524655509,952.0751417393332
2022-09-05,-0.010393793734713164,-0.0024276739813869908,-0.5852600444194291,-0.049963715221747695,414.73995558057084,949.7638136894072
2022-09-06,-0.0507154446067456,-0.00026680568063464083,-0.6062937656628797,-0.05021719029933558,393.70623433712024,949.5104113086537
2022-09-07,0.026914783164283973,-0.003090899625863286,-0.5956972477352693,-0.053152873630490705,404.3027522647306,946.5755699335865
2022-09-08,0.0011562192150151862,-0.000345270059128433,-0.5952297851244174,-0.0534797915937979,404.7702148755826,946.248745730586
2022-09-09,0.10578840247963428,0.0018783343843158384,-0.5524097907213912,-0.051701910140898755,447.5902092786088,948.0261172858076
2022-09-10,0.013464780816785371,-0.002791028722947675,-0.5463830866577156,-0.05434863734761197,453.61691334228436,945.3801491623583
2022-09-11,0.008355091383811963,0.0020437808274516023,-0.5425930758934981,-0.05241593322316951,457.40692410650183,947.3122989858697
2022-09-12,0.02592539974244179,-9.621941323345595e-05,-0.5307346185410764,-0.05250710920606416,469.2653814589237,947.2211491523125
2022-09-13,-0.10126865004913788,-0.0026295782150308478,-0.5782564902362153,-0.054998615870592515,421.74350976378474,944.7303570536851
2022-09-14,0.004871017446195225,-0.003031577006220587,-0.5762021702423363,-0.05786346033756584,423.79782975766375,941.8663342261626
2022-09-15,-0.019725973190878876,-0.00029965154247657555,-0.5845619948704885,-0.058145773004899204,415.4380051295114,941.584102526305
2022-09-16,-0.001296787801112198,0.0021832471712239787,-0.5851007298076589,-0.0560894724281068,414.8992701923411,943.639813354615
2022-09-17,0.015637236326891513,-0.002698044870163785,-0.5786128518678064,-0.05863618538491577,421.38714813219354,941.0938307969112
2022-09-18,-0.03469803999602028,-0.00045244264399157963,-0.5932341599875062,-0.059062098518158246,406.76584001249375,940.6680398158613
2022-09-19,0.006395423741915485,-0.00013077101431890892,-0.5906327200768902,-0.059185145921946125,409.3672799231099,940.5450277021572
2022-09-20,-0.033888758026689,0.0025980857510032873,-0.6045056687702483,-0.056740828255233744,395.49433122975177,942.9886443368072
2022-09-21,-0.022224224563783923,0.0024084499532628367,-0.6132952236012018,-0.05446903574713036,386.7047763987982,945.2597852931875
2022-09-22,0.051226453448976805,0.003675574079038846,-0.5934857093745118,-0.05099366664399385,406.51429062548823,948.7341576579689
2022-09-23,-0.005765115379657071,-0.0028924074701519586,-0.5958293111634472,-0.05373857965181428,404.1706888365528,945.9900318931707
2022-09-24,-0.019174615029537323,-0.0027486213819550853,-0.6035791285281109,-0.05633949402470251,396.42087147188903,943.3898634643928
2022-09-25,-0.005885463486859477,0.0015485768629319718,-0.6059122490925878,-0.054878163198686436,394.0877509074122,944.8507751796783
2022-09-26,0.022159928083958613,-0.00033407679178687477,-0.5971792928737105,-0.055193906469772736,402.8207071262895,944.535122463989
2022-09-27,-0.007608124352763035,0.002063537586492359,-0.6002440029053953,-0.05324426358382606,399.75599709460477,946.4842061909557
2022-09-28,0.02814353359447508,-0.0031754508448361696,-0.5889934565715704,-0.05625063988688228,411.0065434284296,943.4786921187825
2022-09-29,-0.0012393659342676555,-0.00027265457579706,-0.5895028440802567,-0.05650795746832271,410.49715591974336,943.2214483362093
2022-09-30,-0.008722073279713971,-0.0031150283426852887,-0.5930832303553029,-0.059446961921906905,406.9167696446971,940.2832867912133
2022-10-01,-0.005548200312182949,-0.0030486381505762106,-0.595340886103678,-0.06231436779643218,404.65911389632197,937.4167032907524
2022-10-02,-0.013188976377952688,-0.0005328779329742961,-0.60067792559798,-0.06281403977790057,399.3220744020201,936.9171746155672
2022-10-03,0.030058689512530545,-0.00036286543528951665,-0.58867482734803,-0.06315411216930378,411.32517265197004,936.5771997571701
2022-10-04,0.03623483844664155,0.0018541287407742857,-0.5737705261679489,-0.061417079283000664,426.2294738320511,938.3137344611937
2022-10-05,-0.009000147543402393,0.0019428304283759523,-0.5776066543197841,-0.05959357182507774,422.39334568021593,940.136718935868
2022-10-06,-0.009727047146401935,-0.0024757338535029705,-0.581715294307542,-0.061921767855362186,418.28470569245803,937.8091906338773
2022-10-07,-0.025107747819985926,0.0017958693384294566,-0.5922174812150253,-0.06023710192120557,407.78251878497474,939.4933734046341
2022-10-08,-0.0024057985914768265,-0.0024378958599117206,-0.593198523824347,-0.06252814599973056,406.80147617565297,937.2029863991964
2022-10-09,0.0012264121775513726,-0.0003661283953133587,-0.5926996175401194,-0.06287138106528711,407.3003824598807,936.8598497737032
2022-10-10,-0.015748841996911955,-0.002058433340294097,-0.5991141269087618,-0.06480039785864611,400.88587309123824,934.9313862237461
2022-10-11,-0.003608031792512012,0.0017533859500566962,-0.6005605358840439,-0.06316063201575284,399.4394641159561,936.570681780618
2022-10-12,0.004880608764104011,-0.0003875784698940121,-0.5986110281347505,-0.06352373078453266,401.38897186524946,936.2076871488258
2022-10-13,0.01135888865677881,-0.002087153293396704,-0.5940516954952743,-0.06547830031401358,405.94830450472574,934.2536781912899
2022-10-14,-0.000537037515168759,-7.169530121342582e-05,-0.5942697049640124,-0.065545301128763,405.7302950359876,934.1866965924222
2022-10-15,-0.015225961116191455,-0.0025201560886681795,-0.6004473386598912,-0.06790027282770794,399.5526613401087,931.832400301052
2022-10-16,0.010047008457325202,0.0005760960542242621,-0.5964330296922604,-0.06736329385274042,403.5669703077396,932.3692252700637
2022-10-17,0.014995922480378399,0.0013966611199671686,-0.5903811706898843,-0.06606071642621025,409.6188293101157,933.6714291164524
2022-10-18,-0.01124325762770828,-0.0004094833523341501,-0.5949866207169783,-0.06644314901492465,405.0133792830218,933.2891062096792
2022-10-19,-0.010568865839583053,-0.0023577258177011062,-0.5992671527858566,-0.06864422010478388,400.73284721414336,931.0886663885894
2022-10-20,-0.004289443261650816,0.0004003759414166197,-0.6009860735970615,-0.06827132765761457,399.0139264029385,931.4614518899372
2022-10-21,-0.003588183685584667,-0.0022597849889800514,-0.6024178088581016,-0.07037683412517626,397.5821911418984,929.3565492831427
2022-10-22,0.012058166019908834,0.0012810926113777654,-0.5976236967907534,-0.06918590075600839,402.37630320924654,930.5471410917648
2022-10-23,0.019046527499205546,-0.0010810459889512014,-0.5899598254666498,-0.0701921536044553,410.0401745333501,929.5411768373576
2022-10-24,-0.012402419136329557,-0.002235433338299342,-0.5950453155739461,-0.07227067706250023,404.9546844260538,927.4632495013334
2022-10-25,0.03883404682655134,0.0015683548241438583,-0.5793192863963135,-0.07081566830337149,420.6807136036865,928.9178409629048
2022-10-26,0.03438258347742451,-0.00276664236367008,-0.5648551966434923,-0.07338638903910188,435.1448033565078,926.347857511728
2022-10-27,-0.022776431596036262,-0.0002761918820712861,-0.5747662424915123,-0.07364231219626605,425.23375750848766,926.092007753509
2022-10-28,0.014655788617485399,-0.0002325894255659211,-0.5685341064284489,-0.07385777319874087,431.4658935715511,925.8766085454045
2022-10-29,0.010392172104864317,0.0017974769612210117,-0.5640502386050743,-0.0721930538832517,435.9497613949257,927.5408504181983
2022-10-30,-0.00870811234474711,0.0014657437990934774,-0.567846538103967,-0.07083312660522523,432.153461896033,928.9003876681046
2022-10-31,-0.0064805293079026605,0.0013903341168304273,-0.5706471212792958,-0.06954127420091583,429.35287872070415,930.1918695682166
2022-11-01,-0.0004833512352310221,-0.002110850749568405,-0.5708546495235756,-0.07150533369971124,429.1453504764245,928.2283733630961
2022-11-02,-0.016217193155562915,-0.002592022054252796,-0.5778141825640635,-0.07391201235201772,422.1858174359366,925.8223849479558
2022-11-03,0.002959270311468254,0.00140194578546593,-0.5765648206086023,-0.072613687200764,423.4351793913977,927.1203377386237
2022-11-04,0.04643138264429658,-0.0021600126828017485,-0.556904139769224,-0.07461685339826707,443.095860230776,925.1177460506248
2022-11-05,0.007205169934145994,0.0019367552128377596,-0.5537115587991446,-0.0728246127652139,446.28844120085535,926.909472667777
2022-11-06,-0.018313848350626438,0.0005731118668159674,-0.5618848176319345,-0.07229323754816996,438.11518236806546,927.4406954860269
2022-11-07,-0.015377990430622046,-0.00045674200028056333,-0.5686221487139009,-0.07271696019052598,431.37785128609914,927.017094367629
2022-11-08,-0.09935564129726993,0.002097312921775396,-0.6114819717698696,-0.07077215748899035,388.5180282301304,928.961339298353
2022-11-09,-0.14184741556059133,-0.004119000013675156,-0.6665922499730104,-0.07459964698500055,333.40775002698956,925.1349475290793
2022-11-10,0.1058157812008802,0.003912674138667249,-0.6313124484454767,-0.07097885695584516,368.6875515545233,928.7546991130536
2022-11-11,-0.030117125312713267,-0.0034896861805576718,-0.6424162576368817,-0.07422084920017225,357.58374236311823,925.5136366744307
2022-11-12,-0.014737693674047092,0.002570374978129397,-0.6476862172946487,-0.0718412496356825,352.31378270535123,927.8925537680562
2022-11-13,-0.028898845117184102,-0.00033129439629708823,-0.6578676787336999,-0.07214874342855226,342.13232126630004,927.5851481646271
2022-11-14,0.017400681322451872,-0.0027091338422128297,-0.6519143432412343,-0.07466241666826967,348.0856567587657,925.0721958482003
2022-11-15,0.017048876255630674,0.0028408503323116285,-0.6459798739527942,-0.0720336710871613,354.0201260472058,927.7001875031879
2022-11-16,-0.014074832872462029,-0.0002318848601540191,-0.6509626480603965,-0.07224885242956891,349.03735193960347,927.4850678749439
2022-11-17,0.0018918237180642894,0.00013571753318375457,-0.6503023309195068,-0.07212294033241229,349.69766908049314,927.6109438604205
2022-11-18,0.00045557813464736086,-0.0003798978607946202,-0.6501430163077366,-0.07247543884246044,349.8569836922634,927.2585464471983
2022-11-19,0.00019173502219937966,0.0005667547092569336,-0.6500759364712018,-0.07194975992947295,349.92406352879823,927.7840745950961
2022-11-20,-0.02517836924680561,0.0008258026762273385,-0.6588864537510726,-0.07118337355754933,341.1135462489275,928.5502411668579
2022-11-21,-0.030701916104371785,-0.002380556454588678,-0.6693592932300718,-0.07339447397275622,330.64070676992816,926.3397748968382
2022-11-22,0.028377607303620156,-0.0028953481215272525,-0.6599765010947634,-0.07607731954193597,340.02349890523664,923.6576987696947
2022-11-23,0.02313108023131072,0.0020165155488718334,-0.6521113902610554,-0.07421421509083692,347.88860973894464,925.5202688810989
2022-11-24,-0.0002048711119679858,-0.0003491253607598166,-0.6521826625873736,-0.07453743038697969,347.81733741262644,925.1971462833353
2022-11-25,-0.0045984908753406994,0.0012747773311514443,-0.6537820974397508,-0.07335767168240781,346.21790256024923,926.3765666322633
2022-11-26,-0.004050593057682961,-0.0004212304899622321,-0.6551844852723069,-0.07374800168438478,344.81551472769314,925.9863485772113
2022-11-27,-0.0016170999197531177,-0.0019796026311930115,-0.6557420864135026,-0.07558161257739815,344.2579135864973,924.153263565119
2022-11-28,-0.01328047933944676,-0.00037799692350093395,-0.6603139965223292,-0.07593103988387162,339.6860034776708,923.803936474648
2022-11-29,0.014113363571847337,0.0017147629855784885,-0.655519884454981,-0.07434648063494242,344.480115545019,925.3880412708465
2022-11-30,0.04381982815276375,-0.0023783828195307333,-0.6404248249897542,-0.0765480390622384,359.57517501024586,923.1871142520888
2022-12-01,-0.010656841540694795,-0.002187456550703737,-0.6442567606518059,-0.07856805010345191,355.7432393481941,921.1676825514928
2022-12-02,0.0066291505848383725,-0.00039357113174742775,-0.6418984851486286,-0.0789306991188009,358.1015148513714,920.8051375441419
2022-12-03,-0.011912427559562122,0.0013433956814363768,-0.646164343503265,-0.07769333859769345,353.835656496735,922.0421431893631
2022-12-04,0.013033561420658257,0.0007863002538952557,-0.6415526047414959,-0.07696812863566349,358.4473952585041,922.767145160655
2022-12-05,-0.008257551390391527,-0.0003535369868441496,-0.6445125025285949,-0.07729445454222672,355.487497471405,922.4409128445961
2022-12-06,0.007093871437584998,0.0013464746345288603,-0.641990719923864,-0.07605205493012868,358.00928007613595,923.682956135593
2022-12-07,-0.014673333879826167,0.0010093658856478172,-0.6472439096224973,-0.07511945339426074,352.75609037750263,924.6152902006706
2022-12-08,0.0205966246731637,-0.0005142169233181004,-0.6399783248278194,-0.07559504262337313,360.02167517218066,924.1398373708907
2022-12-09,-0.004786137668417179,-0.0020973756116045017,-0.6417014381288075,-0.07753386703622112,358.2985618711924,922.2015690142769
2022-12-10,0.0016147527556105157,0.0,-0.6411228745386948,-0.07753386703622112,358.8771254613052,922.2015690142769
2022-12-11,-0.002494158878504682,0.0,-0.6420179711074564,-0.07753386703622112,357.9820288925436,922.2015690142769
2022-12-12,0.007184976547814914,-0.0017447021226951742,-0.6394458786253243,-0.07914329565651745,360.55412137467573,920.5926019792648
2022-12-13,0.0256918604651164,-0.0004789720376849882,-0.6301825724488435,-0.07958436026861271,369.8174275511565,920.1516638648171
2022-12-14,0.009182684404740904,-0.0024522482646732735,-0.6267866557242681,-0.08184144792392212,373.2133442757319,917.8952235438684
2022-12-15,-0.02539331270114986,-0.003452835808801069,-0.6362637788797036,-0.08501169865068736,363.73622112029636,914.7258820472887
2022-12-16,-0.04193801219470028,0.0014030385201055928,-0.6515181529567009,-0.08372793481844831,348.4818470432991,916.0092776951385
2022-12-17,0.008656107699063442,-0.002014235995538627,-0.6485016565575255,-0.08557352299384346,351.4983434424745,914.1642188357577
2022-12-18,-0.0022483301526717847,0.0,-0.6492919408817014,-0.08557352299384346,350.7080591182986,914.1642188357577
2022-12-19,-0.01799728636067488,0.0008944638440995245,-0.6556037342506499,-0.08475560157207418,344.3962657493501,914.9819056770757
2022-12-20,0.027877194263871585,-0.00038304431854063736,-0.6460029326466032,-0.08510618073896814,353.9970673533967,914.6314270565387
2022-12-21,-0.007633000142119539,0.0014290749596970187,-0.6487049923120216,-0.08379872889108064,351.29500768797834,915.9385039262971
2022-12-22,0.003413234039252311,0.0010878316378397646,-0.6475059402339616,-0.0828020561617393,352.4940597660384,916.9348908091838
2022-12-23,-0.0023252356456839873,-0.0019866587205138453,-0.6483255719866214,-0.08462421545530296,351.67442801337853,915.1132541122143
2022-12-24,0.0031293960563649748,0.0,-0.6472250434184721,-0.08462421545530296,352.774956581528,915.1132541122143
2022-12-25,-0.00026739715608270487,0.0,-0.6473193744385992,-0.08462421545530296,352.68062556140086,915.1132541122143
2022-12-26,0.005260217303440173,0.0,-0.645464197709433,-0.08462421545530296,354.535802290567,915.1132541122143
2022-12-27,-0.012694452163733105,0.0010002319168813667,-0.6499648354919414,-0.083708627379661,350.03516450805864,916.0285795965386
2022-12-28,-0.009533961744379704,0.0010397364398504472,-0.6533020573595488,-0.082755925850027,346.6979426404512,916.9810078906895
2022-12-29,0.0055202853860572,0.0005568310557315659,-0.6513881857734147,-0.0822451758638546,348.61181422658535,917.4916113933991
2022-12-30,-0.0017498181031009308,0.0,-0.6519981930369032,-0.0822451758638546,348.0018069630968,917.4916113933991
2022-12-31,-0.0038310483579501176,0.0,-0.6533314047880329,-0.0822451758638546,346.66859521196716,917.4916113933991
2023-01-01,0.004396042956656299,0.0,-0.6518074347517573,-0.0822451758638546,348.19256524824266,917.4916113933991
2023-01-02,0.0033533409992594354,0.0,-0.6506398263470731,-0.0822451758638546,349.3601736529269,917.4916113933991
2023-01-03,7.20028801153294e-05,0.0,-0.6506146714083725,-0.0822451758638546,349.3853285916275,917.4916113933991
2023-01-04,0.010121676106364719,0.0,-0.6470783062760522,-0.0822451758638546,352.9216937239478,917.4916113933991
2023-01-05,-0.0007187022968776491,0.0010230998858107299,-0.6473319519079496,-0.08130622100807872,352.6680480920504,918.4302969562481
2023-01-06,0.0038576302618908986,-0.0018065288409089275,-0.6459714889732278,-0.08296586781579118,354.0285110267723,916.771126136432
2023-01-07,0.0028302948125076277,0.0,-0.6449694839149889,-0.08296586781579118,355.0305160850112,916.771126136432
2023-01-08,0.011112095179051096,0.0,-0.6410243510287845,-0.08296586781579118,358.9756489712155,916.771126136432
2023-01-09,0.002627783260436667,-0.0004207876773060226,-0.6400810408275135,-0.08335174447828331,359.91895917248644,916.3853601436439
2023-01-10,0.01509053740018751,-0.0017724411260203743,-0.6346496703130846,-0.08497644954446482,365.3503296869154,914.7611210440423
2023-01-11,0.029084044799412512,-0.0008602736491043483,-0.6240238049569902,-0.08576362019323158,375.97619504300985,913.9741761563829
2023-01-12,0.061692601905696476,-0.0002716404141852591,-0.6008288552301833,-0.08601196374210551,399.17114476981675,913.7259038326172
2023-01-13,0.04631817752150491,0.00206324137026348,-0.5823399752852725,-0.0841261858137724,417.66002471472746,915.6111409184861
2023-01-14,0.052127563465534266,-0.0021729902838590887,-0.5605683758399389,-0.08611637071324008,439.43162416006106,913.6215268054771
2023-01-15,-0.0038210544392923707,-0.0021458384775951966,-0.5622474679982012,-0.08807741736900798,437.7525320017987,911.6610425792986
2023-01-16,0.014634122982181363,-0.00022136070726164192,-0.5558413436091256,-0.08827928119686701,444.1586563908744,911.4592366461304
2023-01-17,-0.002709042254451677,-0.00021237927098283205,-0.557044588176969,-0.08847291177846639,442.955411823031,911.2656615979209
2023-01-18,-0.010685772967550022,-0.00019410687711107766,-0.5617779091424575,-0.08864984545496324,438.22209085754247,911.0887786661297
2023-01-19,0.007806707454161899,-0.0018331244167912875,-0.5583568374791815,-0.09032046367550628,441.64316252081846,909.4186395800922
2023-01-20,0.07560173340990972,-0.0003136637262707298,-0.5249678488439732,-0.09060579714858208,475.0321511560268,909.1333879408614
2023-01-21,0.023679344780262346,0.002023068243975912,-0.5137193987550399,-0.08876603061553756,486.2806012449601,910.9726268275427
2023-01-22,-0.02125641766209585,-0.0002018865398146774,-0.5240559823160779,-0.08894999648857815,475.94401768392214,910.7887137160467
2023-01-23,0.003743734749786398,-0.0022754230862908065,-0.5222741741581216,-0.09102302069933332,477.7258258418784,908.716284050124
2023-01-24,-0.007117281567030398,-0.0024368991317232913,-0.5256742833724803,-0.09323810591094761,474.3257166275196,906.5018341265395
2023-01-25,0.013377586465965985,-0.00021536634502772323,-0.5193289500852645,-0.09343339190588795,480.67104991473553,906.3066041397627
2023-01-26,0.0031312554240934265,-0.001615422222963625,-0.5178238462530143,-0.0948978797511999,482.17615374698573,904.8425363106167
2023-01-27,0.0028736756528808804,-0.00021021863779591143,-0.5164382283795919,-0.09508814908598484,483.5617716204082,904.6523215452137
2023-01-28,-0.002258539968787887,-0.002114843157035473,-0.5175303719681743,-0.09700189572161066,482.46962803182566,902.7391237734976
2023-01-29,0.0314738941340551,0.0011806235471478743,-0.5023451739726037,-0.0959357948966697,497.65482602739627,903.8049188399561
2023-01-30,-0.042594238488982916,0.0015718707072427396,-0.523542402317608,-0.09451472285520113,476.457597682392,905.2255833169426
2023-01-31,0.017171819385721543,0.0015285140189287283,-0.5153607585052511,-0.09313067591515178,484.63924149474883,906.6092333113354
2023-02-01,0.026410720001384114,-0.002056621500421074,-0.5025610871964501,-0.094995762865137,497.43891280354984,904.744681269627
2023-02-02,-0.0072060682680151755,-0.00029119493153817455,-0.5061456659612797,-0.09525929551201129,493.8543340387202,904.4812242041052
2023-02-03,-0.0057005815187402,0.0018144646229716344,-0.5089609228508507,-0.0936176755107554,491.0390771491493,906.1223733875656
2023-02-04,-0.004358647069119481,-0.0020619773130875485,-0.51110118888529,-0.0954866153008358,488.89881111471,904.2539696107594
2023-02-05,-0.01686775916921779,-0.0004918515483730568,-0.5193478162892898,-0.09593150160962427,480.6521837107102,903.8092108956839
2023-02-06,-0.007479545732079651,-0.00029528321134375535,-0.522942876278578,-0.09619845785910375,477.05712372142193,903.5423312094485
2023-02-07,0.020933574130953314,0.001336747799479454,-0.5129563656144562,-0.09499030313648071,487.0436343855437,904.7501394324293
2023-02-08,-0.011973779918309613,-0.0002757914675848294,-0.5187881189032024,-0.09523989708895719,481.2118810967976,904.5006170636776
2023-02-09,-0.048209828410125555,-0.00032799456267362803,-0.5419872611197928,-0.09553665348323603,458.0127388802072,904.2039457793458
2023-02-10,-0.013213298427402376,0.0017554892394120447,-0.5480391201221688,-0.09394887781098327,451.96087987783113,905.7912660763953
2023-02-11,0.013487627837944327,-0.0017256769113510595,-0.5419432399770668,-0.0955124293130486,458.0567600229332,904.2281630020238
2023-02-12,-0.003670262181197481,-0.0016417083648488928,-0.5436244283802208,-0.09699733412374723,456.3755716197792,902.7436840630915
2023-02-13,-0.006545374372447843,-0.0003525113990333617,-0.5466115773509121,-0.09731565285682608,453.3884226490878,902.4254566240538
2023-02-14,0.02583616137891509,-0.0018411379179819054,-0.5348977608960186,-0.09897761923632009,465.1022391039814,900.7639668977112
2023-02-15,0.09668550618819682,0.001657692238699715,-0.48992911547898643,-0.0974840014288334,510.07088452101357,902.2571563345379
2023-02-16,-0.03312428593738437,-0.0025056703037851236,-0.5068248493061951,-0.09974540896514417,493.17515069380494,899.9963973715328
2023-02-17,0.040741118563668355,-0.002026599460399403,-0.48673234201912374,-0.10156986443355753,513.2676579808763,898.1724651582582
2023-02-18,0.00619968879032573,-0.002299345941883746,-0.48355024227350296,-0.10363566611983832,516.4497577264971,896.1072559453848
2023-02-19,-0.015058712743892255,-0.0003492013768178204,-0.49132731082175907,-0.10394867777935968,508.67268917824094,895.7943340578323
2023-02-20,0.02406669441479603,-0.00030845802993384464,-0.4790852406541538,-0.10422507200493147,520.9147593458462,895.5180191023229
2023-02-21,-0.016358214721186037,-0.0020335616606785845,-0.4876064761389681,-0.10604668555509933,512.3935238610319,893.6969279922296
2023-02-22,-0.011131839269496124,0.0018208374500676694,-0.4933103584893198,-0.10441894188154599,506.6896415106802,895.3242048277283
2023-02-23,-0.013151961210195462,-0.0013111999257244822,-0.4999743210000761,-0.10559322769843116,500.0256789999239,894.1502557968588
2023-02-24,-0.02841523640235788,0.0016395223884304588,-0.5141826688761084,-0.1041268277708789,485.8173311238915,895.6162351598587
2023-02-25,-0.0012685755708589097,0.0017811691125697582,-0.5147989648742721,-0.10253112614772453,485.20103512572786,897.2114791346414
2023-02-26,0.017242571134786555,-0.0017872561181163649,-0.5064328515114447,-0.10413513288333598,493.5671484885553,895.6079324293138
2023-02-27,-0.0027733772769936715,-0.0002883011669451152,-0.5078016994257334,-0.10439341176995087,492.1983005742666,895.3497276172691
2023-02-28,-0.014923339011925107,0.0016892758574302835,-0.5151469415262966,-0.10288048518269832,484.8530584737034,896.8622202960896
2023-03-01,0.021193622025456493,-0.002016763370276564,-0.5048711490671184,-0.10468976295894217,495.1288509328816,895.0534614220115
2023-03-02,-0.006888288639192552,-0.0002973508387849044,-0.5082817395059358,-0.10495598420889907,491.7182604940642,894.7873165245004
2023-03-03,-0.05237220287247779,-0.0002168876227094385,-0.5340341080006328,-0.10515010817770432,465.96589199936716,894.5932482305889
2023-03-04,0.004818117200363625,0.0008467533130749327,-0.5317890297216079,-0.10439239106709908,468.2109702783921,895.3507480273827
2023-03-05,0.0037473640852985213,0.0011503011335649571,-0.5300344727472439,-0.10336217261931413,469.9655272527561,896.3806710077769
2023-03-06,-0.000994674255332617,-0.0004411147966614237,-0.530501935358096,-0.10375769283221814,469.49806464190397,895.985264230354
2023-03-07,-0.00937621388483334,0.000909269400211965,-0.5349040496306938,-0.10294276712713513,465.0959503693062,896.7999562141596
2023-03-08,-0.022161526292304834,0.0015418831135021183,-0.5452112857632477,-0.10155960972792355,454.78871423675224,898.1827169228355
2023-03-09,-0.06209150326797397,-0.0017521339281774129,-0.5734498006995168,-0.10313379761816421,426.55019930048326,896.6089805108124
2023-03-10,-0.010221984146095764,0.0016561464934783388,-0.5778099900742802,-0.10164845580197035,422.1900099257198,898.0938963299066
2023-03-11,0.015243069864897762,-0.0001371264638944103,-0.5713745182567207,-0.1017716435725603,428.62548174327935,897.9707438896577
2023-03-12,0.07526177050270699,-0.00025749502204208685,-0.5391154056181457,-0.10200293290299745,460.88459438185424,897.7395208931666
2023-03-13,0.09702904549217228,0.0018625240850906888,-0.4943962133432275,-0.1003303917371885,505.6037866567725,899.4115823729679
2023-03-14,0.019220962291921495,-0.002143445021639545,-0.4846780220252449,-0.10225878408013978,515.3219779747551,897.4837430943256
2023-03-15,-0.012004181734606267,0.002440844585692492,-0.4908640407006907,-0.10006753729390883,509.1359592993093,899.6743614294044
2023-03-16,0.02891963109354423,-0.0020401373640913656,-0.4761400165812969,-0.1019035231362343,523.8599834187031,897.8389021491372
2023-03-17,0.10088674050835511,-0.002329678877003194,-0.42328949037142294,-0.10399579952789484,576.710509628577,895.7472258238486
2023-03-18,-0.021976184591226966,0.001656176144386512,-0.4359633869867211,-0.10251185874580282,564.036613013279,897.2307410106583
2023-03-19,0.038974987921358784,0.0018953220165134343,-0.41398006680732446,-0.10081082971212407,586.0199331926756,898.9312821879885
2023-03-20,-0.00899995349785565,0.0015818057227920956,-0.419254218954875,-0.09938848713669002,580.745781045125,900.3532168345503
2023-03-21,0.022769193007533328,0.0019856382247391835,-0.4060311061779479,-0.09760019849110846,593.9688938220521,902.1409925976639
2023-03-22,-0.03886020420047365,-0.0021565872554825116,-0.42911285868060234,-0.09954630240239248,570.8871413193976,900.1954468303794
2023-03-23,0.03856604660385243,-0.00019256026667979764,-0.4070959985829383,-0.09971969400653469,592.9040014170616,900.0221049550738
2023-03-24,-0.035521724219614415,-0.0025534903683507304,-0.42815697100998107,-0.10201855109670488,571.843028990019,897.7239071787683
2023-03-25,0.006154827452216516,-0.0021429636884514602,-0.4246373758367946,-0.10394289273460766,575.3626241632054,895.8001174434294
2023-03-26,0.018471762249838708,-0.00036295243544404165,-0.4140094142358086,-0.10426811884398657,585.9905857641913,895.4749846091322
2023-03-27,-0.030131321478269912,-0.0020147933918757133,-0.4316660849587092,-0.10607283351903207,568.3339150412909,893.6707875275517
2023-03-28,0.005078931838300438,0.0018577606016720871,-0.42877955574282,-0.10441213084837941,571.22044425718,895.3310139074857
2023-03-29,0.039956403189759904,0.001597161907095801,-0.40595564136184636,-0.10298173201931338,594.0443586381537,896.7610024971402
2023-03-30,-0.011415565396898253,-0.0019789022428459146,-0.4127369935865387,-0.10475684348169412,587.2630064134613,894.9864001380018
2023-03-31,0.01570230233803316,0.0017591791309745641,-0.40351561230789224,-0.10318195040359934,596.4843876921078,896.5608415356307
2023-04-01,-0.0003900909860867774,-0.00025119551345287316,-0.40374829549087243,-0.10340722707404149,596.2517045091275,896.3356294746994
2023-04-02,-0.009935381348483596,0.0011180799244607798,-0.40967228355485397,-0.10240476469421633,590.327716445146,897.337804347594
2023-04-03,-0.013319744897234531,-0.000365502527874928,-0.4175352981436703,-0.10273283802172906,582.4647018563297,897.0098251117472
2023-04-04,0.013283620227380055,-0.0022745897947419325,-0.4097980582483567,-0.1047737527515219,590.2019417516433,894.9694957177647
2023-04-05,-4.262090129003582e-05,-0.0002236310917200779,-0.4098232131870573,-0.10497395317453051,590.1767868129427,894.7693527123812
2023-04-06,-0.004660083824678529,-0.0010542630282880383,-0.41257348648498504,-0.10591754604505343,587.4265135150149,893.8260304649713
2023-04-07,-0.004714018584866531,-0.0008253174908278149,-0.41534262598693816,-0.10665544793254467,584.6573740130618,893.0883402082713
2023-04-08,0.0012262151900095386,0.0,-0.4146257102339722,-0.10665544793254467,585.3742897660278,893.0883402082713
2023-04-09,0.01576729012458422,0.0,-0.40539594397575884,-0.10665544793254467,594.6040560242411,893.0883402082713
2023-04-10,0.04434659371342331,-0.00024654698067339,-0.37902727948289827,-0.10687569933455787,620.9727205171017,892.8681519745184
2023-04-11,0.01897168088417489,-0.0002928101820669493,-0.36724638319146985,-0.10713721522364417,632.7536168085302,892.6067110883769
2023-04-12,-0.010273280525822326,0.0013628313088267507,-0.3737468386006726,-0.10592039386606467,626.2531613993274,893.823183460717
2023-04-13,0.01632468619246863,-0.00035863975343719545,-0.36352345226378713,-0.10624104635556175,636.4765477362129,893.5026229345842
2023-04-14,-0.001696160091164467,-0.00029787651934753967,-0.36460301838301945,-0.1065072761618091,635.3969816169805,893.2364694832365
2023-04-15,-0.0010161260524162996,0.0,-0.3652486618096672,-0.1065072761618091,634.7513381903328,893.2364694832365
2023-04-16,0.00020475290947263858,0.0,-0.365118694626381,-0.1065072761618091,634.8813053736189,893.2364694832365
2023-04-17,-0.028613314138926094,0.0012301590374039773,-0.3832847528579678,-0.10540813801272486,616.7152471420322,894.3352923987102
2023-04-18,0.032148198504418746,-0.0017357830949585873,-0.36345846867214415,-0.10696095544364992,636.5415313278559,892.7829203169397
2023-04-19,-0.05172595485710896,-0.0002392414586355196,-0.3963841871862839,-0.10717460740728801,603.6158128137162,892.5693296288382
2023-04-20,-0.019628339543880657,0.002346751217336518,-0.40823216331424705,-0.10507936833035214,591.767836685753,894.6639677897019
2023-04-21,-0.01605035795380083,0.001767677359741704,-0.4177302489185998,-0.10349743739098394,582.2697510814003,896.2454450301404
2023-04-22,0.0010944385242361854,-0.0020555473686610926,-0.41709299047151893,-0.10534024087455285,582.907009528481,894.4031700639342
2023-04-23,-0.008314393394516562,0.0013122301146202275,-0.4219395086611599,-0.1041662413962896,578.06049133884,895.5768328383039
2023-04-24,-0.002846678270960301,-0.0003150561939657681,-0.4235850609011549,-0.10444847937070134,576.4149390988451,895.2946758099459
2023-04-25,0.028700790980998203,-0.0020435267877582097,-0.40704149621575414,-0.10627856289292492,592.9585037842459,893.465117156991
2023-04-26,0.003860471529022469,-0.002043733718913532,-0.4047523967940033,-0.10810509152925651,595.2476032059967,891.6391123703843
2023-04-27,0.037438503445919924,-0.0001037768234920522,-0.38246721735020006,-0.10819764954974631,617.5327826498,891.5465808956012
2023-04-28,-0.00788214128110254,0.0019079657047935683,-0.3873346979887582,-0.10649612124963292,612.6653020112418,893.247621196176
2023-04-29,-0.0004824339305020686,-0.0016762124775152598,-0.3876302685184897,-0.10799382359990262,612.3697314815103,891.7503483880162
2023-04-30,0.000352586375103936,0.0007888307443362219,-0.3874143552946433,-0.10729018170382043,612.5856447053567,892.4537884790972
2023-05-01,-0.05335865585326627,-0.0004021292167277757,-0.4201011018911277,-0.10764916640381705,579.8988981088723,892.0949067361703
2023-05-02,0.03588818560062457,-0.002114716736327904,-0.39928958260619885,-0.10953623564629911,600.7104173938012,890.2083787065025
2023-05-03,0.012628897457819477,-0.0002562108823788156,-0.39170327234308855,-0.10976438215309048,608.2967276569115,889.9802976322931
2023-05-04,-0.006630275962837384,-0.003055027233680674,-0.3957364475147448,-0.11248407621000533,604.2635524852552,887.2613835855872
2023-05-05,0.023086796641920593,-0.0019574676174387573,-0.38178593776039316,-0.11422135989078552,618.2140622396068,885.5245981590144
2023-05-06,-0.02216570876354207,0.0016516014810601387,-0.3954890906175226,-0.11275840657688974,604.5109093824774,886.987131896849
2023-05-07,-0.014508735063007538,-0.001956408599841586,-0.40425977924445067,-0.11449421366039991,595.7402207555493,885.2518226440571
2023-05-08,-0.026728220863213248,0.0013782346558932623,-0.42018285544190437,-0.11327377889767265,579.8171445580956,886.4719073852178
2023-05-09,-0.0017932161476221786,-0.0019672726524424533,-0.4212225929081941,-0.11501821114265087,578.7774070918059,884.7279754446604
2023-05-10,-0.0009887650216223731,-0.0019937546515892413,-0.42179486776363173,-0.11678264770075697,578.2051322363683,882.9640449282265
2023-05-11,-0.022713347762563063,-0.00026985586241123904,-0.43492784201021517,-0.11702098908105829,565.0721579897848,882.7257719044043
2023-05-12,-0.010413111543084441,0.0017247769871586716,-0.4408120014212542,-0.11549804720288115,559.1879985787458,884.2482770017568
2023-05-13,0.003261395202375228,0.001426399294364833,-0.4389882683654637,-0.11423639424154697,561.0117316345363,885.5095681201155
2023-05-14,0.005201268930264957,0.0010553204800882732,-0.4360702954761988,-0.11330162976787328,563.9297045238012,886.4440645026668
2023-05-15,0.009315327170199783,0.0011587012982869904,-0.4308171057775655,-0.1122742112150964,569.1828942224345,887.4711883910649
2023-05-16,-0.004703066016020663,-0.00026286524482610485,-0.43349401050428327,-0.11250756347190383,566.5059894957167,887.2379030598523
2023-05-17,0.01372813119801064,-0.0003499199790675256,-0.4257169419560273,-0.11281811480671633,574.2830580439727,886.9274407913857
2023-05-18,-0.0250804867899459,-0.0014281168847641856,-0.44012024060698884,-0.11408511423681778,559.8797593930111,885.6608047376309
2023-05-19,0.007327200500211628,0.0015389666723573114,-0.43601788935390595,-0.11272172075308295,563.982110646094,887.0238071991353
2023-05-20,0.006879915552846283,0.0004862860659038404,-0.4321377400593448,-0.11229024968930601,567.8622599406552,887.4551545167011
2023-05-21,-0.013167463408331637,-0.0016262870135261842,-0.43961504558808584,-0.1137339205280169,560.3849544119141,886.0118977238237
2023-05-22,0.004017536509456576,-0.0003739616193820794,-0.43736367857438585,-0.1140653500262997,562.6363214256141,885.6805632797591
2023-05-23,0.013774114946982552,0.0011464535166414436,-0.429613861209722,-0.1130496671313228,570.386138790278,886.6959548761521
2023-05-24,-0.032932866346440215,-0.001624153895485203,-0.4483983116843643,-0.11449021096955336,551.6016883156357,885.255824186929
2023-05-25,0.005624425206545602,0.0015941764809423997,-0.4452958692446287,-0.11307855209023676,554.7041307553712,886.6670782014651
2023-05-26,0.011087681110128589,-0.0003203287032353952,-0.4391454867323421,-0.11336265848751736,560.8545132676579,886.3830532861033
2023-05-27,0.0032292787944026013,-0.0003344091295902629,-0.4373343311459018,-0.11365915810915483,562.6656688540982,886.0866387007703
2023-05-28,0.04523202789699576,0.0009563228504558818,-0.41188382191561146,-0.11281153010876233,588.1161780843886,886.9340236008435
2023-05-29,-0.011894196188296902,-0.0020532934399077885,-0.4188789911192585,-0.11463318837395187,581.1210088807414,885.1128877885528
2023-05-30,-0.0015114349614026024,0.0011174514015934722,-0.41975731772888647,-0.11364383398937594,580.2426822711135,886.1019584255805
2023-05-31,-0.017304850777273173,-0.001821234936397964,-0.4297983307601928,-0.1152580968050062,570.2016692398072,884.4881585816852
2023-06-01,-0.014550882133443133,0.0011568857717412229,-0.4380952680415937,-0.11423455148553663,561.9047319584063,885.511410347622
2023-06-02,0.015761808299105118,0.0013307764079784068,-0.4292386333741053,-0.11305579572365121,570.7613666258948,886.6898280415082
2023-06-03,-0.006350127443274789,0.0,-0.43286304079187743,-0.11305579572365121,567.1369592081226,886.6898280415082
2023-06-04,0.0017556893575656485,0.0,-0.43186732446831355,-0.11305579572365121,568.1326755316865,886.6898280415082
2023-06-05,-0.054751608713619504,-0.0016244090461337013,-0.4629735024164462,-0.11449655591249353,537.0264975835538,885.2494810637229
2023-06-06,0.06257196947518384,0.0016993468552797264,-0.4293706968022831,-0.11299177841944408,570.6293031977169,886.7538269855066
2023-06-07,-0.03965982770971466,-0.0023282905970729573,-0.45200175665321907,-0.11505699132127645,547.9982433467809,884.6892063882178
2023-06-08,0.013158951721183199,-0.0002507051125999471,-0.4447906742257256,-0.1152788510579118,555.2093257742744,884.4674102811143
2023-06-09,-0.0006720556975599035,-0.0003848455984762911,-0.44516380581645054,-0.11561933209796105,554.8361941835494,884.127026891272
2023-06-10,-0.022853926046826123,-0.00015016788707267192,-0.4578439911664238,-0.11575213767422776,542.1560088335762,883.9942594037399
2023-06-11,0.0018056543660491808,0.0009595397728634492,-0.45686504480199364,-0.11490366668125673,543.1349551980063,884.8424870546207
2023-06-12,-0.0005827888181738627,-0.0018479158502501258,-0.4571815777806424,-0.11653925022459466,542.8184222193576,883.2073725978178
2023-06-13,-0.002541050712884463,-0.0003275929269435096,-0.45856090691938967,-0.11682866571745332,541.4390930806103,882.9180401095304
2023-06-14,-0.027608502071315155,-0.0017817350705099377,-0.47350922924219674,-0.11840224305701363,526.4907707578033,881.3449140730813
2023-06-15,0.01989178170003858,0.001118209450553298,-0.4630363897631975,-0.11741643211361341,536.9636102368025,882.3304422851949
2023-06-16,0.028127500927173088,0.001314345588546928,-0.44793294531840366,-0.1162564122946379,552.0670546815963,883.4901294096532
2023-06-17,0.0065651579586878395,0.0014853292520597972,-0.4443085379006314,-0.1149437620924989,555.6914620993686,884.8024031427715
2023-06-18,-0.006759993813398535,0.0009646578148061469,-0.4480650087465815,-0.11408998567605855,551.9349912534185,885.6559346955224
2023-06-19,0.018944385997561763,-0.0002919365222822101,-0.43760893922671584,-0.1143486151646953,562.3910607732842,885.3973793820088
2023-06-20,0.0544980151704344,-0.00025106161026300367,-0.4069597426649767,-0.11457096822750368,593.0402573350233,885.1750900902185
2023-06-21,0.060016401207468206,-0.002356425178570265,-0.37136760064857777,-0.11665741549180952,628.6323993514222,883.0892412204868
2023-06-22,-0.0037847841672641325,0.0015921447741322758,-0.37374683860067226,-0.11525100621211626,626.2531613993277,884.4952471409883
2023-06-23,0.034058577405857715,0.0016263379031855596,-0.35241754682749016,-0.11381210538871378,647.5824531725099,885.9337352866012
2023-06-24,-0.011921987537428125,0.0019604970473352523,-0.36013801676366997,-0.1120747366379441,639.86198323633,887.6706057587653
2023-06-25,-0.002168771007921566,-0.0017902727126359874,-0.36152573088198414,-0.1136643650078013,638.4742691180159,886.0814332954664
2023-06-26,-0.00649747192855743,-0.0003704558984441997,-0.36567419952268465,-0.1139927132717854,634.3258004773154,885.7531792020002
2023-06-27,0.013982108453045594,-0.00026430954995837475,-0.3568049873858459,-0.11422689345900039,643.1950126141542,885.5190661778311
2023-06-28,-0.020105464879804025,0.001130941967582233,-0.3697367221228248,-0.11322513547905744,630.2632778771751,886.5205368528658
2023-06-29,0.012425872155868989,-0.0029351450047928607,-0.3619051512073841,-0.115827948293032,638.094848792616,883.9184705274758
2023-06-30,-0.012743143045805039,-0.001883292699102923,-0.3700364851423398,-0.11749310306276262,629.9635148576602,882.2537933253292
2023-07-01,0.01735658192466394,-0.0019487808328585432,-0.3591024717871636,-0.11921291558837932,640.8975282128364,880.53447404318
2023-07-02,0.0012788811262005595,-0.00040215112965336086,-0.3582828400345036,-0.11956712510935952,641.7171599654964,880.1803661097448
2023-07-03,0.017518872886089776,-0.001740817253625404,-0.3470406786802456,-0.12109979784862812,652.9593213197544,878.6481329421187
2023-07-04,-0.012613567048701424,0.0013274572075829827,-0.35527682485978684,-0.1199330954405361,644.7231751402131,879.814500739122
2023-07-05,-0.008703964416814758,0.0009769459580064588,-0.3608884724349031,-0.11907331763535145,639.1115275650969,880.6740319594146
2023-07-06,-0.020138806890489525,-0.0017502876362602837,-0.3737594160700224,-0.12061519271594612,626.2405839299776,879.1325990897005
2023-07-07,0.015180221192726773,-0.002259409734706286,-0.364252945486103,-0.12260208331007649,635.7470545138971,877.1462783372197
2023-07-08,-0.0019322142317800273,-0.0008842382283023031,-0.36548134499264695,-0.12337791208944648,634.518655007353,876.3706720661008
2023-07-09,-0.004013967947722574,-0.0007889866218354635,-0.36802828253607855,-0.12406955518921337,631.9717174639214,875.6792273300717
2023-07-10,0.00826262612860651,0.000864391405530851,-0.36280653651082084,-0.1233124084408761,637.1934634891792,876.4361569281778
2023-07-11,0.006957946369531065,-0.00030632106292749484,-0.3583729785648474,-0.12358095631577781,641.6270214351526,876.1676860729995
2023-07-12,-0.007824649442636611,-0.001768341961134956,-0.3633934850805005,-0.1251307648862624,636.6065149194994,874.618321988726
2023-07-13,0.03532561271564005,-0.0013157228123505949,-0.340904969882201,-0.12628185029672523,659.0950301177991,873.4675667103857
2023-07-14,-0.042675809514116536,0.0018156160034439317,-0.3690323838392091,-0.12469551364162457,630.9676161607908,875.0534484029943
2023-07-15,0.005863806856501119,0.0,-0.3653325116053353,-0.12469551364162457,634.6674883946647,875.0534484029943
2023-07-16,-0.001968529944115005,0.0,-0.3665818735607965,-0.12469551364162457,633.4181264392034,875.0534484029943
2023-07-17,-0.003001641470969818,-0.0018474303712257,-0.3684831676775805,-0.12631257773379312,631.5168323224195,873.4368480859688
2023-07-18,-0.009310863337770203,-0.0017591307912037113,-0.3743631345988361,-0.12784950818018903,625.636865401164,871.9003584323289
2023-07-19,0.0016719382421530593,-0.0002821346104953104,-0.37331710839787113,-0.12809557201949195,626.6828916021288,871.6543651643118
2023-07-20,-0.005542640196685156,0.0011576862947269007,-0.37679058618343997,-0.12708618021290718,623.2094138165601,872.6634674766013
2023-07-21,0.00463171632503423,-0.0004004433266090457,-0.3739040569675508,-0.1274357327267457,626.0959430324492,872.3140152146748
2023-07-22,-0.0028124215284172083,0.0,-0.3756649026765899,-0.1274357327267457,624.3350973234101,872.3140152146748
2023-07-23,0.009646280658754058,-0.0016546065635761886,-0.3696423911026978,-0.12887948329051802,630.3576088973022,870.8706787196011
2023-07-24,-0.03016215065778094,-0.0017269849023033856,-0.38865533227053684,-0.13038389527096206,611.3446677294631,869.3666982055936
2023-07-25,0.0018001769316755567,0.0,-0.3875548037023874,-0.13038389527096206,612.4451962976126,869.3666982055936
2023-07-26,0.00409702802887435,-0.000389827989745517,-0.3850455985670066,-0.13072289596891895,614.9544014329934,869.0277947332804
2023-07-27,-0.004305290428142872,-0.0016876935125669235,-0.38769315586524045,-0.1321899692980152,612.3068441347596,867.5611421618687
2023-07-28,0.003088015282594503,0.0,-0.38580234297291505,-0.1321899692980152,614.1976570270849,867.5611421618687
2023-07-29,0.0013378885252166572,0.0006879943259370247,-0.3849806149753635,-0.13159292092090102,615.0193850246364,868.1580193050795
2023-07-30,-0.002317726174286161,-0.0008027239042269763,-0.3864060615017285,-0.13229001204187774,613.5939384982715,867.461128110337
2023-07-31,-0.0017184185083580772,0.000948965044073935,-0.38746047268226025,-0.13146658559491164,612.5395273177397,868.2843183980066
2023-08-01,0.016440343864644325,0.00105402437374158,-0.3773901122224699,-0.1305511302067197,622.6098877775302,869.1995112329356
2023-08-02,-0.01788143240003781,0.001327705288699521,-0.3885232688423589,-0.1293967583440414,611.4767311576411,870.3535520209347
2023-08-03,0.0017380811173084432,0.0011055340351957543,-0.38746047268226025,-0.12843427682923902,612.5395273177397,871.3157574953473
2023-08-04,-0.009195504572085622,0.0,-0.39309308270629373,-0.12843427682923902,606.9069172937063,871.3157574953473
2023-08-05,0.0036474038152674026,0.0,-0.39087944810064446,-0.12843427682923902,609.1205518993555,871.3157574953473
2023-08-06,0.0006263400062633817,0.0,-0.3904979315303526,-0.12843427682923902,609.5020684696474,871.3157574953473
2023-08-07,0.004361000003439308,0.0,-0.3878398930076602,-0.12843427682923902,612.1601069923398,871.3157574953473
2023-08-08,0.022100696168504852,-0.0002163790019061862,-0.3743107284765431,-0.12862286535051437,625.6892715234569,871.1272230613953
2023-08-09,-0.014871968399998603,-0.0019080880653350452,-0.38361595955085814,-0.13028552966154494,616.3840404491418,869.4650356036834
2023-08-10,0.0013433455084648216,0.0,-0.3827879428186314,-0.13028552966154494,617.2120571813687,869.4650356036834
2023-08-11,-0.002781579760695929,0.0,-0.38450476738494455,-0.13028552966154494,615.4952326150554,869.4650356036834
2023-08-12,0.002006007806061083,0.0,-0.38327007914372535,-0.13028552966154494,616.7299208562747,869.4650356036834
2023-08-13,-0.0043302844595812795,0.0,-0.3859406951357681,-0.13028552966154494,614.0593048642319,869.4650356036834
2023-08-14,0.0020653186906220977,-0.0007793770203762262,-0.38467246697628166,-0.1309633651340154,615.3275330237184,868.7873945349133
2023-08-15,-0.005621078020562886,-0.0007768367979402724,-0.3881312710476085,-0.13163846477073748,611.8687289523915,868.112488517252
2023-08-16,-0.016252809296716464,-0.0015286578514226434,-0.398075856813896,-0.13296589244943913,601.924143186104,866.7854415457621
2023-08-17,-0.06701515615858256,0.0011395600690800034,-0.4384138972651338,-0.13197785500194414,561.5861027348662,867.7731956234076
2023-08-18,-0.027920761773938874,-0.002453913005236119,-0.45409380905514873,-0.13410790583238785,545.9061909448512,865.643755693072
2023-08-19,0.00177405047980006,-6.19448795242672e-05,-0.4531253439151772,-0.13416154341384212,546.8746560848227,865.5901334949147
2023-08-20,0.0033578270719059056,0.0004712941144973115,-0.45128903339003634,-0.13375347884514766,548.7109666099636,865.9980810303977
2023-08-21,-0.0023112863359043834,0.0008393972589924026,-0.4525572615495228,-0.13302635388967854,547.4427384504772,866.7249974459072
2023-08-22,-0.012172894154407032,-0.00040814342851658303,-0.4592212240602792,-0.13338020348603552,540.7787759397208,866.3712493338686
2023-08-23,0.019726717705204067,-0.0019692370094206435,-0.4485534338063505,-0.1350867832624274,551.4465661936495,864.6651590057824
2023-08-24,-0.005390323267341901,-0.001577738100821846,-0.4515259090627999,-0.13645138979837867,548.4740909372001,863.3009438399657
2023-08-25,-0.007747108688838988,-0.0017071459805454436,-0.4557749974583025,-0.13792559333728993,544.2250025416974,861.8271631036882
2023-08-26,0.001633162441885938,0.0,-0.4548861896242161,-0.13792559333728993,545.1138103757838,861.8271631036882
2023-08-27,0.0032071618924562895,0.0,-0.45313792138452724,-0.13792559333728993,546.8620786154728,861.8271631036882
2023-08-28,0.0007206461282520671,0.0,-0.45274382734488516,-0.13792559333728993,547.2561726551148,861.8271631036882
2023-08-29,0.06104226916668254,0.0016206325212426709,-0.41933806875054314,-0.1365284875181214,580.6619312494569,863.2238682319044
2023-08-30,-0.014790560322886837,-0.00016453280399464365,-0.4279263840718922,-0.1366705569072395,572.0736159281078,863.081839588389
2023-08-31,-0.04701286899422508,-0.00040623419172691744,-0.4548212060325729,-0.13702127084574833,545.178793967427,862.7312262348896
2023-09-01,-0.014238255265809019,0.0016529026636931121,-0.462583600866587,-0.13559485100561874,537.4163991334129,864.1572369767845
2023-09-02,0.00853060603578415,0.0012435024382317916,-0.45799911328841014,-0.13451996109522413,542.0008867115898,865.2318186079808
2023-09-03,0.004111263236875162,0.0,-0.45577080496851907,-0.13451996109522413,544.2291950314809,865.2318186079808
2023-09-04,-0.005704469207036378,-0.000372761931873522,-0.4588753436531463,-0.1348425791065242,541.1246563468537,864.9092931237581
2023-09-05,-0.002215851863329954,-0.0016060822991235124,-0.46007439573120623,-0.13623209312617657,539.9256042687938,863.5201776177246
2023-09-06,-0.0033117468008447837,-0.001521342752562993,-0.4618624926238376,-0.13754618017119558,538.1375073761624,862.206467453814
2023-09-07,0.022172448045497894,0.0008473317602435415,-0.4499306667002059,-0.13681539565791123,550.0693332997942,862.9370423775749
2023-09-08,-0.017354719957928033,-0.0018427674436736208,-0.459476965937068,-0.13840604414467317,540.523034062932,861.3468500899415
2023-09-09,0.004161285693786709,-0.0014359905754743885,-0.4572276951682597,-0.1396432849451671,542.7723048317404,860.1099641309978
2023-09-10,-0.0024794728995928272,0.0007154798083988112,-0.45857348438873946,-0.13902771708752504,541.4265156112606,860.7253554433362
2023-09-11,-0.026250174226820078,0.0009873699775957423,-0.4727860247545552,-0.13817761890383518,527.2139752454448,861.5752098182564
2023-09-12,0.02685444366689982,0.001352922982418514,-0.4586279867559241,-0.13701163959768747,541.3720132440759,862.7408547207016
2023-09-13,0.014872724175049923,0.00145735188776408,-0.4505763101268535,-0.13575396188153677,549.4236898731465,863.9981717339799
2023-09-14,0.017249207360577445,-0.0002211924353475725,-0.44109918697141803,-0.13594512656744773,558.900813028582,863.8070618742382
2023-09-15,-0.0026592153626885384,0.0013092316881899713,-0.4425854245996428,-0.1348138785468148,557.4145754003572,864.9379854521262
2023-09-16,-0.0016622102884046308,-0.0002716679064718175,-0.4435119648417799,-0.13504892184913853,556.4880351582201,864.7030095603905
2023-09-17,-0.0012317822419943836,0.0,-0.44419743692137015,-0.13504892184913853,555.8025630786299,864.7030095603905
2023-09-18,0.008889576151646983,-0.001763155010657158,-0.43925658771160214,-0.13657396467655358,560.7434122883978,863.1784041163537
2023-09-19,0.01667669785681447,0.0013314658619612008,-0.4299052392496694,-0.13542434238619194,570.0947607503306,864.3276966942168
2023-09-20,-0.0032468010001470704,-0.0002757917512069552,-0.4317562234890522,-0.13566278522085617,568.2437765109478,864.0893222451289
2023-09-21,-0.020477576481959026,-0.0011488237862393724,-0.4433924788829523,-0.13665575637252636,556.6075211170477,863.0966358782982
2023-09-22,0.000730625249504735,0.0008622595685725543,-0.44298580737396,-0.13591132953748652,557.01419262604,863.8408492111871
2023-09-23,-0.00033493903356918153,0.0,-0.44317237316932245,-0.13591132953748652,556.8276268306776,863.8408492111871
2023-09-24,-0.012449601138421196,0.00044671665750151135,-0.450104655026218,-0.13552532673483264,549.895344973782,864.2267413079601
2023-09-25,0.0022148183162806756,0.0010433022733582487,-0.4488867367441326,-0.13462341834295444,551.1132632558674,865.1283910318637
2023-09-26,-0.003107586390521333,0.0007545743844366015,-0.4505993688206623,-0.13397042734154474,549.4006311793377,865.7811947549852
2023-09-27,0.0057537926192727795,0.0011288661942521205,-0.4474382315239588,-0.132992795833748,552.5617684760413,866.7585458773634
2023-09-28,0.024742408837767016,-0.0017488770841173062,-0.43376652234020496,-0.134509084864879,566.2334776597951,865.2426917190156
2023-09-29,-0.006896985761778107,0.0011321116069493709,-0.4376718265734667,-0.13352925255414527,562.3281734265333,866.2222430131388
2023-09-30,0.004674656576764802,0.0,-0.4350431354792582,-0.13352925255414527,564.9568645207418,866.2222430131388
2023-10-01,0.03823619990427041,0.0005868667836890218,-0.4134413318701533,-0.13302074965343114,586.5586681298466,866.7306000748558
2023-10-02,-0.0051748661610928615,0.0012063424628199204,-0.4164766944733541,-0.1319748757693543,583.5233055266459,867.7761740015515
2023-10-03,-0.015253299612740023,0.0012449924964361703,-0.4253773502835685,-0.13089419100296906,574.6226497164315,868.8565488267695
2023-10-04,0.012687873923828974,0.001179699715955218,-0.4180866105501899,-0.1298689071269602,581.9133894498101,869.8815386506263
2023-10-05,-0.013018825784047339,0.0011721171387031326,-0.42566243958884153,-0.1288490115600852,574.3375604111585,870.9011417107203
2023-10-06,0.02062164213968698,-0.0003858793318081144,-0.4138186559506618,-0.12918517072140834,586.1813440493382,870.565078960086
2023-10-07,-0.0007295250219930827,-0.0003438830354187683,-0.4142462899085714,-0.12948462916818837,585.7537100914286,870.2657063982036
2023-10-08,-0.0014959023726872633,0.0,-0.41512252027330754,-0.12948462916818837,584.8774797266925,870.2657063982036
2023-10-09,-0.011572978939973999,-0.00033357674846878904,-0.42189129502864964,-0.12977501285508253,578.1087049713503,869.9754059935594
2023-10-10,-0.007146923486944345,0.0009705934174173425,-0.42602299371021635,-0.1289303782108876,573.9770062897836,870.8197983959318
2023-10-11,-0.018870611952726768,-0.0015840380406269006,-0.4368542910656986,-0.13031018562783603,563.1457089343014,869.4403867087416
2023-10-12,-0.004485473394256312,-0.0002870134064913987,-0.4393802661602131,-0.13055979826404984,560.6197338397869,869.1908456616111
2023-10-13,0.002613670355967823,0.0006655230989185412,-0.43791499098090547,-0.12998116572666618,562.0850090190945,869.7693122467675
2023-10-14,0.00083538761612445,0.0,-0.43744543212516174,-0.12998116572666618,562.5545678748383,869.7693122467675
2023-10-15,0.011309308660284678,0.0,-0.4310833288788122,-0.12998116572666618,568.9166711211878,869.7693122467675
2023-10-16,0.04961348278174493,-0.0015599122962637324,-0.4028573914118935,-0.1313383188042302,597.1426085881066,868.412548401681
2023-10-17,-0.0036649196280316154,-0.0018549726679971679,-0.40504587107884205,-0.13294966248058482,594.9541289211579,866.8016668598501
2023-10-18,-0.0026354824729846182,-0.001703302406990681,-0.4066138622578436,-0.13442651140746376,593.3861377421564,865.3252414943042
2023-10-19,0.013770396826238152,-0.0016530402643344377,-0.3984426996699453,-0.13585733923584764,601.5573003300548,863.8948240283693
2023-10-20,0.03331718757078295,0.0013401838453392934,-0.378400502260275,-0.13469922920182298,621.599497739725,865.0526019156043
2023-10-21,0.008174552321856154,-0.001668283766474321,-0.37331920464276214,-0.13614279643086324,626.6807953572379,863.6094487026821
2023-10-22,0.002880041745552786,-0.0002526336145878272,-0.3715143377909971,-0.13636103579868863,628.485662209003,863.3912719260642
2023-10-23,0.10314694061337826,-0.00030600595551910637,-0.3066879645147653,-0.13662531446515258,693.3120354852347,863.1270690549115
2023-10-24,0.02548829896595506,-0.0028266027470545962,-0.28901662007762285,-0.13906573172302283,710.9833799223771,860.6873517104638
2023-10-25,0.016826370256803225,-0.00013015644979352814,-0.2770533504806155,-0.1391777878708873,722.9466495193844,860.5753277003829
2023-10-26,-0.00967591344160379,0.0011690902639298617,-0.2840485196842626,-0.1381714090037126,715.9514803157374,861.5814179373756
2023-10-27,-0.007638929554371399,-0.0002572568697591926,-0.2895176226067424,-0.1383931203293013,710.4823773932576,861.3597701987543
2023-10-28,0.005709126636395112,-0.0016586531085780454,-0.28546138874127724,-0.13982222725863935,714.5386112587228,859.93107313831
2023-10-29,0.012966972358639417,-0.0014056593084846858,-0.27619598631990483,-0.14103134415184482,723.8040136800952,858.722303020698
2023-10-30,-0.0012974751365533166,0.0010839893885810081,-0.2771351040313923,-0.14010023124378168,722.8648959686077,859.6531488849103
2023-10-31,0.004860253220352773,0.0011218952548721628,-0.27362179759288086,-0.13913551377354838,726.3782024071191,860.6175896734801
2023-11-01,0.022683066196459656,-0.0016429420412609197,-0.25714531274401475,-0.14054986422979832,742.8546872559853,859.2036448539569
2023-11-02,-0.014033196566339612,-0.0010389854120862463,-0.2675699385905047,-0.14144282038327904,732.4300614094952,858.3109448009424
2023-11-03,-0.006860312363158538,0.0014620520567860673,-0.27259463759594127,-0.14018756509295194,727.4053624040587,859.5658400831506
2023-11-04,0.010642528616384705,-0.0016278557473710098,-0.26485320521084443,-0.14158721570677646,735.1467947891556,858.1665908901275
2023-11-05,-0.00126034725133084,0.0008764130903644585,-0.26577974545298166,-0.14083489150568562,734.2202545470184,858.918699324097
2023-11-06,0.0009107650140611767,-0.0002692815217587574,-0.2651110433325251,-0.14106624879354301,734.8889566674749,858.687408389676
2023-11-07,0.012488090959397846,0.000988528120110077,-0.2559336831966047,-0.14021716862716382,744.0663168033954,859.5362450392537
2023-11-08,0.0037047262728482355,-0.0002514556158033088,-0.2531771211640017,-0.14043336584848376,746.8228788359983,859.3201098234521
2023-11-09,0.020585684332256493,-0.0016959009549415427,-0.23780326112817685,-0.14189110572417718,762.1967388718232,857.862788028602
2023-11-10,0.026685845198445524,-0.001630842840601554,-0.2174633969438834,-0.14329054647086337,782.5366030561166,856.4637486425271
2023-11-11,-0.004508389944924307,-9.02628405227146e-05,-0.22099137709663685,-0.14336787549964158,779.0086229033632,856.3864417917699
2023-11-12,-0.0020612398115283925,-0.0016135903249194783,-0.2225971006836892,-0.14475012880775062,777.4028993163108,855.0045849149025
2023-11-13,-0.016159954699276113,0.0007765186148758207,-0.23515989631972667,-0.14408601136239974,764.8401036802734,855.668511890893
2023-11-14,-0.025412347682137293,-0.001667020238176442,-0.2545962789556917,-0.145512837303597,745.4037210443083,854.2420951644006
2023-11-15,0.0654292865378665,-0.0015921748793262802,-0.20582504530509171,-0.14687333029874894,794.1749546949083,852.8819923596168
2023-11-16,-0.04512532466161279,-0.001120757350230428,-0.24166244797382108,-0.14782947828449422,758.337552026179,851.9261185978006
2023-11-17,0.01232585139318898,0.0012057236737896826,-0.23231529200167167,-0.14680199611235611,767.6847079983283,852.9533060873138
2023-11-18,-0.0011195486853494696,-0.001729010147016652,-0.23317475240727414,-0.14827718411849222,766.8252475927259,851.4785411661574
2023-11-19,0.02173265283248904,-0.0003487271359972066,-0.216509605518154,-0.14857420297673807,783.490394481846,851.1816074931334
2023-11-20,-0.003352427633849686,0.000989074067242468,-0.21913620036747072,-0.14773207980072112,780.8637996325293,852.0234891476186
2023-11-21,-0.04063290255727425,0.0013251847899107272,-0.2508649630484422,-0.14660266731594418,749.1350369515578,853.1525777160837
2023-11-22,0.052642919103450314,-0.001687089055712243,-0.21142830790064104,-0.14804242461608952,788.571692099359,851.7132333393662
2023-11-23,-0.00861282939420438,-0.0018511650398801427,-0.21822014134979184,-0.14961953869510125,781.7798586502082,850.1365715778051
2023-11-24,0.02474909034356454,-0.0015546077250825352,-0.1988718009992787,-0.1509415467295051,801.1281990007213,848.814942696255
2023-11-25,-0.011793088470404833,0.0008855320979406223,-0.20831957672623025,-0.1501896782161063,791.6804232737697,849.5665955732242
2023-11-26,-0.008703457552440397,-0.0014787782118220738,-0.2152099336852915,-0.15144635920414184,784.7900663147085,848.3102750021986
2023-11-27,-0.0054383392230866745,0.00112702686033761,-0.21947788828481962,-0.15049001645852766,780.5221117151804,849.2663434680264
2023-11-28,0.015517949847318135,0.0011726170973471728,-0.20736578530050065,-0.14949386652745977,792.6342146994994,850.2622077025785
2023-11-29,0.0006611640189251311,-0.0017773349037287778,-0.2068417240775724,-0.15100550076431596,793.1582759224276,848.7510070035072
2023-11-30,-0.003179419141530304,-0.0023897396904233315,-0.2093635066823033,-0.15303437661609054,790.6364933176967,846.7227130347842
2023-12-01,0.01815371399482446,-0.0015143531802132015,-0.1950105179087429,-0.15431698170139319,804.9894820912571,845.4404758015412
2023-12-02,0.029985807846047763,0.000761514984840117,-0.17087225798066497,-0.15367298141053398,829.1277420193351,846.0842913926543
2023-12-03,0.010788056531742196,-0.0002852488706153178,-0.16192758102772464,-0.15391439523675787,838.0724189722754,845.8429468040893
2023-12-04,0.05036055798317651,-0.0017345245491656724,-0.11972178637797037,-0.15538195148891543,880.2782136220296,844.375811448119
2023-12-05,0.049736742464833394,0.001404931095674522,-0.0759396155696479,-0.15419532132859426,924.0603844303521,845.5621012820578
2023-12-06,-0.006962072696833244,-0.0016503133481274856,-0.08237299114231567,-0.1555911640797144,917.6270088576844,844.1666588596413
2023-12-07,-0.010937799830039285,0.0012253971822047127,-0.09240981168383866,-0.15455642787154888,907.5901883161613,845.201098304719
2023-12-08,0.0210989467849223,0.0012184250619602377,-0.07326061459803834,-0.15352631823479435,926.7393854019616,846.2309125052899
2023-12-09,-0.010748820954772142,0.0011879386673483427,-0.08322197032345957,-0.15252075941733279,916.7780296765404,847.2361829277604
2023-12-10,0.0017309068625768198,-0.001509443171302527,-0.0816351129404328,-0.15379998116985094,918.3648870595672,845.9573280569597
2023-12-11,-0.05795480483907789,0.0014237328726971477,-0.1348587707410318,-0.15259521838616552,865.1412292589682,847.1617453138134
2023-12-12,0.005912141697560047,0.0012006350322877335,-0.12974393320525146,-0.1515777945188318,870.2560667947486,848.1788773832512
2023-12-13,0.03275924364687466,-0.00022677690208516843,-0.10123500267795149,-0.15177019707825112,898.7649973220485,847.9865300050242
2023-12-14,0.003671137026239002,-0.0011646456912289826,-0.09793551321839489,-0.152758084263396,902.0644867816051,846.9989261466336
2023-12-15,-0.024734850949517106,0.0012281088522501094,-0.12024794384579052,-0.15171757896668248,879.7520561542095,848.0391330256806
2023-12-16,0.007610560426992041,-0.00021931660420893007,-0.1135525376616584,-0.15190362138667368,886.4474623383416,847.8531439627891
2023-12-17,-0.021067741218424474,0.0009890008290862617,-0.13222798340193165,-0.15106485336508002,867.7720165980684,848.6916714251117
2023-12-18,0.03080453661541438,0.0013154558634511648,-0.10549666854280448,-0.1499481166487493,894.5033314571955,849.80808786055
2023-12-19,-0.008750530210889007,-0.00019909011050078806,-0.11332404696846154,-0.15011735357213707,886.6759530315385,849.6388994744334
2023-12-20,0.03334885799192877,-0.0018394315615108958,-0.08375441652595461,-0.1516806545355569,916.2455834740454,848.0760468668527
2023-12-21,0.00428745633040406,-0.001994195560104939,-0.07982605359888406,-0.15337236920783326,920.1739464011159,846.3848173795595
2023-12-22,0.0023441611251973082,-0.00022527716171605316,-0.0776690176053112,-0.15356309507752852,922.3309823946888,846.1941462101807
2023-12-23,-0.006227385952471853,-0.001611636702851138,-0.08341272860860549,-0.15492724386014933,916.5872713913946,844.8303886664106
2023-12-24,-0.016393292655036307,-0.0003908615816552441,-0.09843861199240578,-0.15525755033422795,901.5613880075942,844.500176924466
2023-12-25,0.014032142558197958,-0.0016069674843136594,-0.08578777407091642,-0.15661502398346028,914.2122259290836,843.1430925996513
2023-12-26,-0.024612548409952417,-0.0002466732268832095,-0.1082888667385663,-0.15682306447699912,891.7111332614337,842.9351117722754
2023-12-27,0.021516978736908943,-0.00026700374401700255,-0.08910193724471505,-0.15704819587565255,910.898062755285,842.7100449414688
2023-12-28,-0.019646152925636096,-0.0010348806048779968,-0.10699757988527103,-0.15792055034858776,893.0024201147289,841.837940660423
2023-12-29,-0.011854432266590886,-0.00022710866457120726,-0.11758361658842287,-0.158111793887861,882.4163834115772,841.6467519699343
2023-12-30,0.0018790785625879547,0.0014572362814051498,-0.11592548687907778,-0.15688496384902728,884.0745131209222,842.8732301530316
2023-12-31,0.003314822806360418,0.0009826145012177268,-0.11299493652046255,-0.15605650678831062,887.0050634795374,843.7014496116683
2024-01-01,0.045285248381150334,0.0011020880850076686,-0.07282669190545366,-0.15512640672002231,927.1733080945463,844.631282926589
2024-01-02,0.016947696370353427,-0.00028301907943484306,-0.05711324019717112,-0.15536552206663123,942.8867598028289,844.3922361584333
2024-01-03,-0.060298178293367366,0.0014691367248518272,-0.11396759415021751,-0.15412463853602332,886.0324058497824,845.6327638027534
2024-01-04,0.044388609715243055,0.0016129169020107081,-0.07463784749189373,-0.15276031186852368,925.3621525081063,846.9966991803849
2024-01-05,3.6245180523586384e-05,-4.656227572119587e-05,-0.07460430757362635,-0.15279976127648442,925.3956924263737,846.9572610865428
2024-01-06,-0.004274511047583807,-0.0015223701276376733,-0.07855992168428938,-0.1540895136120446,921.4400783157106,845.6678786528788
2024-01-07,-0.0009054364863603226,-0.00029241935061519175,-0.07939422715119115,-0.1543368742071527,920.6057728488089,845.420589000967
2024-01-08,0.06958141398869211,-0.001782515897508663,-0.015337175750218313,-0.15584428217281532,984.6628242497817,843.9136133609916
2024-01-09,-0.018280831206211157,0.0014658960430371515,-0.03333763063535977,-0.1546068376463453,966.6623693646402,845.1507029874826
2024-01-10,0.011903109684694435,-0.0019273290150388922,-0.021831342424745825,-0.15623618841726494,978.1686575752542,843.5218195155344
2024-01-11,-0.006966990907123161,-0.0014666178647601003,-0.028646234567705542,-0.15747366749697023,971.3537654322945,842.284695345718
2024-01-12,-0.08243593783045378,-0.002064972792465092,-0.10872069318625932,-0.1592134614505244,891.2793068137407,840.5454003663193
2024-01-13,0.007726157688879187,-0.0003605377615035765,-0.1018345287169814,-0.15951659674703533,898.1654712830186,840.2423520092291
2024-01-14,-0.025941502670002614,0.0009043383520970227,-0.125134290688374,-0.15875651537117264,874.865709311626,841.0022153932072
2024-01-15,0.018691790324165014,-0.0019193966750810088,-0.10878148428811918,-0.16037119531850275,891.2185157118809,839.3879985372457
2024-01-16,0.014536046101375932,-0.0002618754137219126,-0.09582669085733142,-0.1605910734591015,904.1733091426686,839.1681834578555
2024-01-17,-0.008105163100178503,0.0014850689809950968,-0.10315516299876082,-0.15934449329992528,896.8448370012392,840.4144060969469
2024-01-18,-0.03413239714468708,-0.00026924715999621096,-0.13376662715244925,-0.15957083740763944,866.2333728475508,840.1881269048854
2024-01-19,-0.002032761336879352,-0.0015815526635354349,-0.13552747286148836,-0.16090002038825024,864.4725271385116,838.8593251349081
2024-01-20,0.01097744616153129,0.0004807512233508948,-0.12603777223670243,-0.16049662204653814,873.9622277632976,839.2626077816859
2024-01-21,-0.002681582469454491,0.0,-0.12838137402563787,-0.16049662204653814,871.6186259743621,839.2626077816859
2024-01-22,-0.04841269841269846,-0.0002721545879915688,-0.17057878369582524,-0.1607250967424826,829.4212163041748,839.0341986124483
2024-01-23,0.008163368463618648,-0.001711578527778146,-0.16380791269559147,-0.1621615816458012,836.1920873044086,837.5981256940318
2024-01-24,-0.0025545249435948714,-0.00023218377384082167,-0.1659439862402472,-0.16235611413164353,834.0560137597528,837.4036490002461
2024-01-25,0.004151995194543234,-0.0025958231855554015,-0.16248098967913682,-0.16453048955181937,837.5190103208632,835.2298971925026
2024-01-26,0.04638165057704868,0.0011970263211136256,-0.1236354755907989,-0.16353041055732498,876.3645244092011,836.229689363623
2024-01-27,0.007075471698113178,0.0013428181326544664,-0.11743478320111123,-0.16240718402520726,882.5652167988887,837.3525937535645
2024-01-28,-0.0019238899629948625,0.0010190920516655044,-0.11913274156339904,-0.16155359984391526,880.867258436601,838.2059331263002
2024-01-29,0.030139548608797417,-0.0017883717835267543,-0.092583800009851,-0.16305305372795398,907.416199990149,836.7069092867124
2024-01-30,-0.00853360192387198,0.0014183901952340427,-0.10032732863983951,-0.16186593638543068,899.6726713601605,837.8936861631292
2024-01-31,-0.008336770095740076,-0.0003187168519047656,-0.10782769286238947,-0.16213306383566006,892.1723071376106,837.6266353252445
2024-02-01,0.012032283455316595,0.0016591012041895503,-0.09709282277192599,-0.16074295779291925,902.907177228074,839.0163426845738
2024-02-02,-0.0022357600887802365,-0.0019412971361946196,-0.09911150660264578,-0.162372205085487,900.8884933973542,837.3875626612997
2024-02-03,0.0003746250840579446,0.0007160018385925504,-0.09877401117508,-0.16177246204427198,901.22598882492,837.9871336957797
2024-02-04,-0.009818014346721693,0.0010192655233285386,-0.10762226086300153,-0.16091808561412912,892.3777391369985,838.8412650901487
2024-02-05,0.002879942119270895,-0.0016931985329046162,-0.10505226462576112,-0.16233881788055404,894.9477353742388,837.4209402907582
2024-02-06,0.009046000623054384,-0.001793035444254354,-0.09695656685396459,-0.16384077407037023,903.0434331460355,835.919414863056
2024-02-07,0.028949072752216143,-0.0016434431671373817,-0.07081429680940898,-0.16521495423686317,929.185703190591,834.5456288124218
2024-02-08,0.021271843740271024,-0.0016778169054471048,-0.05104880372544485,-0.16661557069905897,948.9511962745552,833.1454140480333
2024-02-09,0.05111433626911066,-0.00187008879976569,-0.002543793176092435,-0.16817407358619374,997.4562068239076,831.587358140646
2024-02-10,0.0031439799928545398,-0.00042193969772363893,0.0005921891819105074,-0.16852505396614348,1000.5921891819105,831.2364784221213
2024-02-11,0.0119582842753172,-0.0017548766373919333,0.01255755502380973,-0.16998418992351505,1012.5575550238098,829.7777609459904
2024-02-12,0.03171412364347037,-0.0003193448693730172,0.04466993051996493,-0.1702492512139615,1044.669930519965,829.5127756753125
2024-02-13,-0.002787180974128778,0.0017222441443400793,0.04175824636537517,-0.16882021784560297,1041.7582463653753,830.9413991958746
2024-02-14,0.04279585644030548,-0.002161470522907938,0.08634118272233215,-0.17061678844396677,1086.3411827223322,829.1453438552488
2024-02-15,0.001453017181494154,0.0015025308167639917,0.08791965512579236,-0.16937061460969716,1087.9196551257924,830.3911602859677
2024-02-16,0.004819021744366436,-0.0020391130435017946,0.09316236359996721,-0.1710643618237624,1093.1623635999672,828.6978988398199
2024-02-17,-0.008997365221693365,0.0011976860237417064,0.08332678256804882,-0.1700715571953373,1083.3267825680489,829.6904187311645
2024-02-18,0.009607309682387877,-0.00028426837067307975,0.09373463845540497,-0.17030747960154857,1093.734638455405,829.4545639876687
2024-02-19,-0.0069399857022111044,0.0010449051623251382,0.08614413570251145,-0.1694405296038417,1086.1441357025114,830.3212653434937
2024-02-20,0.009333420826111993,-0.0003244813268952207,0.09628157599883669,-0.16971003064286128,1096.2815759988366,830.0518415975657
2024-02-21,-0.008023343416689865,0.0016384347234681407,0.08748573243320812,-0.1683496547265192,1087.485732433208,831.4118273571178
2024-02-22,-0.010811946535897898,-0.002904943783704983,0.07572789483558862,-0.17076555222723755,1075.7278948355886,828.9966227375379
2024-02-23,-0.010620282986696372,0.0013935944896890096,0.06430336017575145,-0.16960993567016114,1064.3033601757515,830.1519078629558
2024-02-24,0.01635156454653064,-0.00033615300400058334,0.08170638526675478,-0.1698890737847778,1081.7063852667548,829.8728498053508
2024-02-25,0.0031549103621753005,0.0007858096008528381,0.08511907195046398,-0.16923676464918502,1085.1190719504639,830.5249718582149
2024-02-26,0.053061051021058514,0.0009028053723620921,0.1426966303911512,-0.1684867471371494,1142.6966303911513,831.2747742646894
2024-02-27,0.047015681066048254,-0.0021887288163212615,0.19642129072086956,-0.1703067041548434,1196.4212907208696,829.4553392119753
2024-02-28,0.0743309183610894,-0.002216692708270629,0.28535238400691165,-0.1721458792338444,1285.3523840069117,827.616691609708
2024-02-29,-0.0018526703078596274,-0.0030153474794364366,0.2829710498099254,-0.17464214707023773,1282.9710498099255,825.1211397047232
2024-03-01,0.020052840288023566,-0.0019867317996424827,0.30869826336592165,-0.1762819117627379,1308.6982633659215,823.4818452979146
2024-03-02,-0.006258149048703587,0.0016534105128391818,0.3005082345739982,-0.17491996761603057,1300.5082345739982,824.8433988380624
2024-03-03,0.018352705275153536,-0.0016872116081044775,0.32437607891104503,-0.17631205222428403,1324.376078911045,823.4517134806745
2024-03-04,0.08100698813678697,-0.002090376169505137,0.4316597962240365,-0.178033869881423,1431.6597962240364,821.7303896420763
2024-03-05,-0.06660673183359578,0.0015606914618291334,0.33630161610000164,-0.1767510343602342,1336.3016161000016,823.0128572451163
2024-03-06,0.03734583684981674,-0.0035140051444202403,0.3862069182370187,-0.17964393546063095,1386.2069182370187,820.1207858308329
2024-03-07,0.011219133772178536,-0.0021581959594761946,0.40175895908863923,-0.18141442460445156,1401.7589590886391,818.3508044645704
2024-03-08,0.03359653058172585,-0.002102996908658783,0.4488531968258689,-0.18313590753898112,1448.853196825869,816.629815252583
2024-03-09,-0.010945272192208533,0.000927701580470508,0.43299510422005816,-0.18237810142937538,1432.9951042200582,817.387404022852
2024-03-10,0.009387054729293798,-0.0003333832957138627,0.4464467076901819,-0.1826506829125687,1446.446707690182,817.1149007162239
2024-03-11,0.045679967768956775,-0.002182464017676522,0.512520346676983,-0.18443451838698455,1512.520346676983,815.3315768471034
2024-03-12,-0.009016850117388175,0.0016729596950315617,0.49888217741149665,-0.183070110207587,1498.8821774114967,816.6955937132551
2024-03-13,0.022717864375300767,-0.0019369803451403378,0.5329335794324865,-0.18465248734747253,1532.9335794324866,815.1136704002698
2024-03-14,-0.022865511790350124,-0.0002453333127953039,0.49788226859814944,-0.18485251925383095,1497.8822685981495,814.9136958632058
2024-03-15,-0.026636158168370616,0.001793749461031613,0.45798443957417123,-0.18339034889958128,1457.9844395741711,816.3754468659478
2024-03-16,-0.06040355301485789,0.0017219022276540041,0.36991699918351495,-0.1819842269222277,1369.916999183515,817.7811655665083
2024-03-17,0.047388716316506097,-0.00015801262810677397,0.43483560723498194,-0.18211348374436453,1434.835607234982,817.6519458153209
2024-03-18,-0.01151094482080528,-0.00024747631758748057,0.41831929373317345,-0.18231589128761194,1418.3192937331735,817.4495963227023
2024-03-19,-0.0840363582618977,0.0017479682926615503,0.29912890543525084,-0.1808866053921695,1299.1289054352508,818.8784722979233
2024-03-20,0.09523817207510876,0.001913383471181529,0.422855567678841,-0.17931932736190348,1422.855567678841,820.4453008317245
2024-03-21,-0.03442286273284967,0.0007167850808176279,0.37387680578396143,-0.17873107569964108,1373.8768057839613,821.0333837829876
2024-03-22,-0.026150482377910178,-0.002497877319688091,0.3379492645848885,-0.18078250471901558,1337.9492645848884,818.9825431149293
2024-03-23,0.0030442139566948523,-0.00021904963570917868,0.34202226840948735,-0.18096195401292348,1342.0222684094874,818.8031452872078
2024-03-24,0.05061831950178286,-0.0022194187349322547,0.4099531803703462,-0.1827797423968095,1409.9531803703462,816.9858782463359
2024-03-25,0.03954154642593255,-0.00225184766885278,0.4657049095103516,-0.18461999792883255,1465.7049095103516,815.1461505009213
2024-03-26,0.0017677219127438804,-0.0024436341722777755,0.46829586819650926,-0.18661248836528554,1468.2958681965092,813.1542315121566
2024-03-27,-0.007302542255521849,0.0018419597989234315,0.457573575575396,-0.1851142612679081,1457.573575575396,814.6520289169264
2024-03-28,0.01878399484558302,-0.002465745389711227,0.48495263010606227,-0.18712356202132818,1484.9526301060623,812.6433044324056
2024-03-29,-0.013200411639400333,0.001440783131591239,0.4653506441236521,-0.1859523833614205,1465.350644123652,813.8141471974322
2024-03-30,-0.003740865992595488,-0.0017940920620885814,0.45986896373182207,-0.1874128597285939,1459.868963731822,812.3540896959299
2024-03-31,0.024710627623233616,-0.00041289098435282057,0.49594324207331497,-0.18774836963281305,1495.9432420733149,812.0186760161923
2024-04-01,-0.023303392514328114,0.0011459060470970783,0.461082689524124,-0.1868176055778108,1461.082689524124,812.949173127395
2024-04-02,-0.060182209469153425,0.0016208699337425525,0.37315150505142913,-0.18549954268404312,1373.1515050514292,814.2668579997782
2024-04-03,0.007123087750151358,-0.0024705149163418705,0.3829325837161628,-0.1875117782132094,1382.9325837161628,812.2551995812069
2024-04-04,0.0381677653667698,0.0022706382739745568,0.435716030089502,-0.18566691135966684,1435.716030089502,814.0995373256109
2024-04-05,-0.014546670384976257,-0.00028843612845708133,0.41483114223336326,-0.1859017944430288,1414.8311422333632,813.864721606886
2024-04-06,0.020861237213602557,0.0016055180634433341,0.4443462703086858,-0.1845947450685903,1444.3462703086857,815.171396118625
2024-04-07,0.006692152286739139,-0.001959204478480192,0.4540120555043752,-0.1861922906958282,1454.0120555043752,813.5743086686205
2024-04-08,0.033385378596853865,0.0014302182132641672,0.5025547984617784,-0.18502836808788659,1502.5547984617783,814.7378974627221
2024-04-09,-0.034725942543360255,-0.0020348959123702715,0.45037716686214435,-0.18668675053036232,1450.3771668621443,813.0799906455221
2024-04-10,0.021569809204602386,-0.002253935907544413,0.48166152562607256,-0.18851990646742356,1481.6615256260725,811.2473604589003
2024-04-11,-0.008856606448345183,0.0017321284033118278,0.4685390326039478,-0.18711431874869366,1468.5390326039478,812.6525450540629
2024-04-12,-0.04167112740290946,0.0016539469528775719,0.4073433554801633,-0.1857698489531503,1407.3433554801634,813.9966292547033
2024-04-13,-0.04761500467704549,-0.00045102643396688347,0.34033269502676644,-0.1861370882746053,1340.3326950267665,813.6294952577495
2024-04-14,0.02621532475128907,-0.002875778917365013,0.37546995190166355,-0.18847757807777044,1375.4699519016635,811.2896767087409
2024-04-15,-0.03388203164172099,0.0021855475126266732,0.328866235469095,-0.18670395726709754,1328.866235469095,813.0627888436914
2024-04-16,0.00587291596666506,-0.0020711641037054473,0.33667055520094347,-0.1883884268364916,1336.6705552009435,811.3788023813796
2024-04-17,-0.039371128361954,-0.0025148562103263217,0.2840443271944828,-0.1904295132416346,1284.0443271944828,809.3383013612837
2024-04-18,0.035760637993943245,-0.0016435697259932214,0.3299625715474612,-0.19176009878472822,1329.9625715474613,808.0080974310795
2024-04-19,0.005396800378280497,-0.002720157089269426,0.3371401140566874,-0.19395863828184934,1337.1401140566875,805.8101884766652
2024-04-20,0.017398420377692014,-0.00020881280025342175,0.36040423986492076,-0.1941269500357098,1360.4042398649208,805.6419249947367
2024-04-21,0.00023729837342756355,0.001443995142494714,0.36072706157824475,-0.19296327326609397,1360.7270615782447,806.8052680210192
2024-04-22,0.028737101887769123,0.0015886440707988392,0.39983041378826356,-0.1916811791552513,1399.8304137882635,808.0869944263501
2024-04-23,-0.005865704273862571,-0.0020905549175656013,0.391619422547423,-0.1933710140411291,1391.619422547423,806.3976441863313
2024-04-24,-0.03217983228467325,-0.0020229416995392047,0.3468373429257532,-0.1950027774528823,1346.837342925753,804.7663487654966
2024-04-25,0.0035610894941635607,0.0019186449316053178,0.35163355123799334,-0.19345827361188594,1351.6335512379933,806.310409641682
2024-04-26,-0.011321550649205592,-0.00010371451675417198,0.3363309635284868,-0.1935419236972804,1336.3309635284868,806.2267835471921
2024-04-27,-0.005142057575985737,-0.0002263735773008202,0.3294594727734508,-0.19372448449695623,1329.4594727734507,806.0442751060848
2024-04-28,-0.00524589646962359,-0.00034441806518803464,0.32248526601872096,-0.19400218035001426,1322.485266018721,805.7666588963968
2024-04-29,0.011953087973522791,-0.0019149113000848095,0.3382930487471305,-0.19554559468270571,1338.2930487471306,804.2236872160446
2024-04-30,-0.04998558951417875,-0.0023701888457587916,0.2713976817627777,-0.19745230354111032,1271.3976817627777,802.3175252031101
2024-05-01,-0.03864062046587702,-0.002617662901447604,0.22227008648058622,-0.19955310287277295,1222.2700864805863,800.2173283822046
2024-05-02,0.012504373357846932,0.002744988473231791,0.2375538079860673,-0.19735588536672455,1237.5538079860673,802.4139157246941
2024-05-03,0.06465469784049582,-0.0023715411092333216,0.31756747550276154,-0.19925938888066153,1317.5674755027615,800.5109581369321
2024-05-04,0.01607701694570096,0.0021252780072866795,0.3387500301335238,-0.19755759247030835,1338.7500301335238,802.2122664708525
2024-05-05,0.0019384882297124317,-0.00031390641043005374,0.3413451813094648,-0.19780948428603284,1341.3451813094648,801.9604468978816
2024-05-06,-0.013208726636244283,-0.0003209850218904853,0.3236277194847046,-0.1980669754262796,1323.6277194847046,801.7030296062788
2024-05-07,-0.013410871865042417,-0.0003302323230284232,0.305876717741677,-0.19833179963189784,1305.876717741677,801.438281352433
2024-05-08,-0.018269230769230704,-0.0022821495076918996,0.2820193546290888,-0.20016132632070016,1282.0193546290889,799.6092793731991
2024-05-09,0.03425232063233041,-0.0022505205773367676,0.32593149262069754,-0.20196137971436512,1325.9314926206976,797.8097422361403
2024-05-10,-0.04559963448200621,0.0017071547604536885,0.2654695012090129,-0.20059900428471855,1265.4695012090128,799.171726935535
2024-05-11,0.007301833409532055,0.0017410313407868472,0.27470974869168474,-0.199207222097322,1274.7097486916848,800.5631099588005
2024-05-12,0.010633259441005682,-0.0018684064590119842,0.2882640681615025,-0.20070342849588552,1288.2640681615026,799.0673326733067
2024-05-13,0.023696705599796752,-0.0003666176964221002,0.31879168251952206,-0.2009964647636885,1318.791682519522,798.7743804485159
2024-05-14,-0.02164289540485853,-0.0020417706493318644,0.2902492120739546,-0.20262784673064638,1290.2492120739546,797.1434663630779
2024-05-15,0.06961763105092555,0.0015850553791092459,0.38007330568386655,-0.2013639677099549,1380.0733056838665,798.4069829023584
2024-05-16,-0.00938399495712805,-0.0010863802273204382,0.367122704742862,-0.2022315901042605,1367.122704742862,797.5396093427787
2024-05-17,0.023429222435013886,-0.0003117637174198107,0.39915332668824033,-0.20248030534936967,1399.1533266882404,797.2909654293804
2024-05-18,0.002085527607021742,0.0014282268571661483,0.40207129957750487,-0.20134126630235072,1402.0712995775048,798.4296777991826
2024-05-19,-0.009650907753468996,-0.0004303388019983867,0.3885400388014959,-0.2016849601450157,1388.540038801496,798.0860825281586
2024-05-20,0.05039598788636379,-0.0003154379054775003,0.45851688577666727,-0.20193677896909878,1458.5168857766673,797.8343359258952
2024-05-21,0.008496987536218414,-0.002640199158412737,0.47090988557647573,-0.2040438248136247,1470.9098855764757,795.7278943836309
2024-05-22,-0.013534505364207416,-0.0022134683416187295,0.4510018478398752,-0.20580564860871564,1451.0018478398752,793.9665758808698
2024-05-23,-0.01761363554279105,0.0015012924390540583,0.42544443012010724,-0.20461333063383247,1425.4444301201072,795.1585518981013
2024-05-24,0.008591189104689922,0.00218693466306763,0.43769069277749595,-0.20287387195605366,1437.690692777496,796.8975116978819
2024-05-25,0.0106482406272006,-0.00035267235261737806,0.4529995692216775,-0.20315499630296374,1452.9995692216776,796.6164679776365
2024-05-26,-0.011398785822282154,-0.00045388866254958415,0.4364371383322514,-0.20351667521595107,1436.4371383322514,796.2548927944212
2024-05-27,0.01367835935573214,-0.001892231615667983,0.4560852417022794,-0.2050238061444598,1456.0852417022793,794.7481941121453
2024-05-28,-0.014700208460502018,-0.002275730960279332,0.4346804851129955,-0.20683295808150193,1434.6804851129955,792.9395610411782
2024-05-29,-0.011013946420613596,-0.0022575437929193143,0.41887899111926097,-0.20862356741373322,1418.878991119261,791.1494652569895
2024-05-30,0.011463108705255465,-0.0003094174943675254,0.43514375523406423,-0.20886843312660552,1435.1437552340642,790.9046697717795
2024-05-31,-0.010335570077677492,-0.0021722602942693126,0.4203107263803014,-0.21058697681686767,1420.3107263803015,789.1866189610821
2024-06-01,0.0006523503800457409,0.0,0.42123726662243866,-0.21058697681686767,1421.2372666224387,789.1866189610821
2024-06-02,9.882122502924418e-05,-0.00044441741649869915,0.4213777150301834,-0.2109378057131811,1421.3777150301835,788.8358906827481
2024-06-03,0.022602752857789676,0.0012239486802947397,0.4535047642405805,-0.2099720340818133,1453.5047642405805,789.8013853301184
2024-06-04,0.017904915739452187,-0.0021869350845256097,0.4795296445712005,-0.21169977395823625,1479.5296445712006,788.074140970733
2024-06-05,0.008500991782374623,0.001560908692722407,0.4921071139214799,-0.21046930928293262,1492.1071139214798,789.3042527478839
2024-06-06,-0.004917111548187747,-0.002051245441703209,0.48477025680048347,-0.2120888305133508,1484.7702568004834,787.6851959973178
2024-06-07,-0.014061838204150745,-0.002027886056559236,0.46389165767901974,-0.2136866245877601,1463.8916576790198,786.0878601713968
2024-06-08,-0.006980840278374423,0.0005706527011704043,0.45367246383191784,-0.2132379127361147,1453.6724638319179,786.5364433321608
2024-06-09,0.004623160505577095,0.0,0.46039302495475054,-0.2132379127361147,1460.3930249547504,786.5364433321608
2024-06-10,-0.0015559711829544742,-0.0017660642776373692,0.4581206954921333,-0.21462738515343083,1458.1206954921333,785.147369416532
2024-06-11,-0.032174264326389035,-0.0019376707733660403,0.4112067348155912,-0.21614917871542105,1411.2067348155913,783.6260123060283
2024-06-12,0.014105616845933033,-0.0021484511529020756,0.4311126763073001,-0.21783324391611314,1431.1126763073,781.9424300964454
2024-06-13,-0.024161311727061374,0.0018407556427253446,0.3965351168184903,-0.2163934660462995,1396.5351168184902,783.3817950369319
2024-06-14,-0.012967421586051353,-0.00021746633519093006,0.37842565719897947,-0.21656387408747013,1378.4256571989795,783.2114358689099
2024-06-15,0.0069467994993681614,0.0,0.3880013038643255,-0.21656387408747013,1388.0013038643256,783.2114358689099
2024-06-16,0.006643640213430224,0.0,0.3972226851429721,-0.21656387408747013,1397.222685142972,783.2114358689099
2024-06-17,-0.0027230337146080252,0.0013701610766281291,0.3934180006645127,-0.2154904404017205,1393.4180006645126,784.2845616931075
2024-06-18,-0.019889547644801442,0.0019981794306076495,0.365703546951172,-0.2139228495366161,1365.703546951172,785.8517029720258
2024-06-19,-0.0033215656178050557,-0.002328628134837807,0.36116727300550466,-0.21575333090533833,1361.1672730055047,784.0217465866749
2024-06-20,-0.0012258676555743087,-0.0005154057579294102,0.3594986620717009,-0.21615753615422673,1359.498662071701,783.6176572641423
2024-06-21,-0.01853856354272676,0.0012716726326136296,0.33429550973863265,-0.21516074514467365,1334.2955097386327,784.6141623933179
2024-06-22,0.00924248684638429,0.0,0.3466277184365816,-0.21516074514467365,1346.6277184365815,784.6141623933179
2024-06-23,-0.01626867995018677,-0.0008736226670924552,0.3247198630732866,-0.21584639850773923,1324.7198630732867,783.9287056761293
2024-06-24,-0.046226831595587714,-0.0004897756879468362,0.26348226105166783,-0.21623045787736606,1263.4822610516678,783.5447564550055
2024-06-25,0.024956199729234685,-0.002636616524033797,0.29501397671281837,-0.21829695760316103,1295.0139767128185,781.4788494028162
2024-06-26,-0.014854850771636507,-0.00019838495349744356,0.2757767373415658,-0.2184520357248757,1275.7767373415659,781.3238157576181
2024-06-27,0.013504742844655304,0.0006809581629541039,0.29300577410655704,-0.2179198342588624,1293.005774106557,781.8558645878687
2024-06-28,-0.020300898155053315,0.001178331680168121,0.26675659557252396,-0.2169982844231385,1266.756595572524,782.7771501224379
2024-06-29,0.00914449493461822,-0.0009386741319885594,0.2783404448441311,-0.21773326787885317,1278.340444844131,782.0423774605063
2024-06-30,0.02924778296688868,0.0,0.3157290687327281,-0.21773326787885317,1315.7290687327281,782.0423774605063
2024-07-01,0.0018736258483891266,-0.0003982935036939139,0.3181942527253827,-0.21804483963641286,1318.1942527253827,781.7308950619504
2024-07-02,-0.01208582205853359,-0.00027033050145897075,0.302262791548362,-0.21825622596703242,1302.262791548362,781.5195693570823
2024-07-03,-0.03083530252593214,-0.002090403130753593,0.26210712440270334,-0.21989038559971807,1262.1071244027034,779.8858784025531
2024-07-04,-0.05251959872442202,-0.0004219538462770789,0.1958217646818392,-0.220219555852032,1195.821764681839,779.556802556504
2024-07-05,-0.023056871747136998,-0.002699802258383621,0.16824985562113492,-0.2223248088561861,1168.2498556211349,777.4521533404236
2024-07-06,0.04459668476564049,0.00201736451635659,0.22034992615977567,-0.2207559545203217,1220.3499261597756,779.0205577277376
2024-07-07,-0.04096983647107322,-0.0003393104088914578,0.17035238924752338,-0.22102036013601967,1170.3523892475234,778.7562279437601
2024-07-08,0.01532305587049465,-0.00022391300155566451,0.1882857642961302,-0.2211947838053323,1188.2857642961303,778.5818542992811
2024-07-09,0.023582376019644746,-0.002732371033888792,0.21630836600855252,-0.22332276861910416,1216.3083660085524,776.4544797930823
2024-07-10,-0.005449544320202948,0.0017978785235204242,0.20968003966095528,-0.2219263973050971,1209.6800396609553,777.8504506267935
2024-07-11,-0.00678427227199474,-0.001619513862829547,0.20147324090989804,-0.22318649829096326,1201.473240909898,776.5907110387952
2024-07-12,0.009674520853870217,-0.0002344990428900795,0.2130969188344478,-0.22336866031361813,1213.0969188344477,776.4086012603393
2024-07-13,0.022533264212891035,-0.0019839926666145313,0.24043195222238856,-0.22490949119621895,1240.4319522223886,774.8682122891423
2024-07-14,0.02690370770946693,-0.0003208338478725148,0.2738041708984631,-0.2251581664666079,1273.804170898463,774.6196083389995
2024-07-15,0.06442089326267975,0.0017883311760769072,0.3558637734294692,-0.22377249265917154,1355.8637734294691,776.0048847341926
2024-07-16,0.0050927171362047385,-0.0023433999816663276,0.36276880410277257,-0.2255915041856429,1362.7688041027725,774.1863949015335
2024-07-17,-0.014679280110752257,0.001991733254455008,0.342764339101153,-0.22404908903199694,1342.764339101153,775.7283676894054
2024-07-18,-0.0014955733837893614,0.0016359537707621996,0.3407561364948919,-0.22277966921327252,1340.756136494892,776.9974234376141
2024-07-19,0.0453643611075063,-0.00024232077491603832,0.4015786820279512,-0.22296800584610932,1401.5786820279511,776.809140819859
2024-07-20,0.00350276841346453,-0.0018575968028994305,0.40648808756434396,-0.22441141799420017,1406.488087564344,775.3661426434089
2024-07-21,0.015536041111488652,0.0011347974371109792,0.42833934431556275,-0.22353128205908745,1428.3393443155628,776.2460261549033
2024-07-22,-0.00937509172561568,0.001924348099392903,0.4149485319472985,-0.22203708595747984,1414.9485319472985,777.7397937199958
2024-07-23,-0.023449166804939914,-0.0021987832060625934,0.3817691678012616,-0.22374765774781602,1381.7691678012616,776.0297125228776
2024-07-24,-0.008580565686232777,0.0017533591962881623,0.3699128066937316,-0.2223866085648879,1369.9128066937317,777.3903713559225
2024-07-25,0.006460517698329671,-0.0033628250865951337,0.3787631526265449,-0.22500158638527823,1378.763152626545,774.7761435130493
2024-07-26,0.024777644322138137,-0.0023898648258720012,0.4129256556267953,-0.22685372783408264,1412.9256556267953,772.9245332597427
2024-07-27,0.006989334255156132,0.0012836020734907638,0.4228010653116565,-0.22586131567601886,1422.8010653116564,773.9166607932868
2024-07-28,0.005034343148608178,0.0020414773202046543,0.4299639341066406,-0.22428092910927833,1429.9639341066406,775.4965941040248
2024-07-29,-0.02148338720671983,0.0012914202358444982,0.3992434652185832,-0.2232791498037996,1399.2434652185832,776.4980860984791
2024-07-30,-0.00884943820224715,0.002052502267742229,0.3868609466432331,-0.2216849284973692,1386.860946643233,778.0918501810938
2024-07-31,-0.023541663832598037,-0.002246755122216948,0.3542119324547994,-0.22343361187096644,1354.2119324547994,776.3436683311442
2024-08-01,0.011255104346937772,0.001885305457818065,0.36945372906244645,-0.22196954702106875,1369.4537290624464,777.8073132861913
2024-08-02,-0.05885909605090556,-0.0025538482700537823,0.2888489204862892,-0.22395651874745814,1288.8489204862892,775.8209114247202
2024-08-03,-0.012996940652563183,-0.00019925003016285636,0.27209782755660883,-0.2241111454345054,1272.0978275566088,775.6663290847179
2024-08-04,-0.04185740698628648,-0.002411931665971534,0.2188511110622009,-0.2259825363321063,1218.851111062201,773.7954749033705
2024-08-05,-0.07122599729983059,-0.0025266223060450566,0.13203722511678917,-0.22793818612107797,1132.0372251167892,771.8403859961629
2024-08-06,0.03681455323861038,-0.0026049279056284957,0.17371266980893996,-0.22994935148492135,1173.71266980894,769.8297974359905
2024-08-07,-0.015864993070339506,-0.0028022326723600166,0.15509172643585134,-0.2321072125715623,1155.0917264358513,767.6725552254591
2024-08-08,0.11899373717172779,-0.001758780747252886,0.2925404077405964,-0.23345776762204584,1292.5404077405965,766.3223875151341
2024-08-09,-0.015621198901066946,-0.0026777503229349353,0.2723493769436145,-0.23551037633233918,1272.3493769436145,764.2703674944931
2024-08-10,0.0031846923880416433,-0.0003629195606400515,0.27640141831929643,-0.2357878245706745,1276.4014183192965,763.9929988285119
2024-08-11,-0.036078233007444616,-0.0021770777361124205,0.23035111053814017,-0.23745157388346771,1230.3511105381401,762.3297266802166
2024-08-12,-0.003099171793617961,0.001994691939714466,0.22653804108011388,-0.23593052468425113,1226.5380410801138,763.8503396414304
2024-08-13,0.03485315631879038,-0.0023035631106562704,0.2692867631568221,-0.23769060694156696,1269.2867631568222,762.0907621769702
2024-08-14,-0.03141840282078601,-0.002505396826147588,0.22940780033686936,-0.23960049447547804,1229.4078003368693,760.1814224001756
2024-08-15,-0.019388522390324625,-0.002632540586439802,0.20557139967319826,-0.24160227703568016,1205.5713996731984,758.1802139526496
2024-08-16,0.02336770356975193,-0.0027819475363102253,0.23374283477293245,-0.2437120997126241,1233.7428347729324,756.0709963743649
2024-08-17,0.010425640006184622,0.0016255280660835147,0.24660539342848486,-0.24248273250466756,1246.6053934284848,757.3000109989231
2024-08-18,-0.018135651647510853,-0.0003430502950417802,0.22399739227135762,-0.24274259902678108,1223.9973922713575,757.0402190067148
2024-08-19,0.017271793115259504,-0.0002985875650086678,0.24513802200428558,-0.2429687066702224,1245.1380220042856,756.8141762111079
2024-08-20,-0.0069968096837461635,0.0017952516696821963,0.23642602823432535,-0.24160964497687043,1236.4260282343253,758.17284812459
2024-08-21,0.036232535192403104,-0.00011904852473387795,0.2812248778151287,-0.2416999302298083,1281.2248778151288,758.0825887655275
2024-08-22,-0.012599803664921416,-0.0015768750968181422,0.2650816959040452,-0.24289567472574436,1265.081695904045,756.8871872099717
2024-08-23,0.06628345697341653,0.0015507215025900578,0.34893568406235786,-0.24172161676883763,1348.935684062358,758.060908446213
2024-08-24,-0.0036301419889013253,-0.000563045894294012,0.3440388559953158,-0.24214856229924786,1344.0388559953158,757.6340853640876
2024-08-25,0.0011494701051990575,-0.0020241652719007464,0.3455837884805084,-0.24368257886070177,1345.5837884805085,756.1005087596853
2024-08-26,-0.021539113447224034,-0.00036345602011578215,0.31660110660768126,-0.24395746698053333,1316.6011066076812,755.825699477964
2024-08-27,-0.05450136607671685,0.0016973557328363587,0.24484454771944542,-0.2426741938528446,1244.8445477194455,757.108604561998
2024-08-28,-0.0063063594035480675,-0.0002618962680891457,0.23699411059997932,-0.2428725346552022,1236.9941105999794,756.910320643925
2024-08-29,0.005307574987290176,-0.002682730169683678,0.24355954960082493,-0.24490370334877887,1243.559549600825,754.8797344909887
2024-08-30,-0.011009183590905414,-0.0025134654030577464,0.22986897421304575,-0.2468016117663887,1229.8689742130457,752.9823703948762
2024-08-31,0.004632683428185791,-0.0020899187618911297,0.23556656782872243,-0.24837573520938427,1235.5665678287223,751.4086984116146
2024-09-01,-0.028397455799694327,-0.0005836820828246658,0.20047962083122628,-0.24881444482575887,1200.4796208312264,750.9701146174732
2024-09-02,0.032199426906078576,0.0,0.23913437663441828,-0.24881444482575887,1239.1343766344182,750.9701146174732
2024-09-03,-0.028085620372140352,0.0,0.20433251894219517,-0.24881444482575887,1204.332518942195,750.9701146174732
2024-09-04,0.008579350726433788,0.0,0.21466491001344967,-0.24881444482575887,1214.6649100134496,750.9701146174732
2024-09-05,-0.031048515138545785,0.0,0.1769513681666368,-0.24881444482575887,1176.9513681666367,750.9701146174732
2024-09-06,-0.058362439153844314,0.0,0.1082616155549776,-0.24881444482575887,1108.2616155549777,750.9701146174732
2024-09-07,0.023946024978768188,0.0,0.13480007588406706,-0.24881444482575887,1134.8000758840672,750.9701146174732
2024-09-08,0.013017480405431492,0.0,0.14957231363597012,-0.24881444482575887,1149.5723136359702,750.9701146174732
2024-09-09,0.03957723980481265,0.0,0.19506921276571432,-0.24881444482575887,1195.0692127657144,750.9701146174732
2024-09-10,0.010508682687247806,0.0,0.20762781591196822,-0.24881444482575887,1207.6278159119681,750.9701146174732
2024-09-11,-0.005261321562044841,0.0,0.20127409764518545,-0.24881444482575887,1201.2740976451855,750.9701146174732
2024-09-12,0.015206086622692183,0.0,0.2195407756315746,-0.24881444482575887,1219.5407756315747,750.9701146174732
2024-09-13,0.03916984946044333,0.0,0.2673100042239356,-0.24881444482575887,1267.3100042239355,750.9701146174732
2024-09-14,-0.008141431317218006,0.0,0.2569922868669232,-0.24881444482575887,1256.9922868669232,750.9701146174732
2024-09-15,-0.01440030685077709,0.0,0.2388912122269795,-0.24881444482575887,1238.8912122269794,750.9701146174732
2024-09-16,-0.015456722024348335,0.0,0.21974201514117908,-0.24881444482575887,1219.742015141179,750.9701146174732
2024-09-17,0.03598741987041776,0.0,0.26363738317365404,-0.24881444482575887,1263.6373831736541,750.9701146174732
2024-09-18,0.024125346294852523,0.0,0.29412307263383974,-0.24881444482575887,1294.1230726338397,750.9701146174732
2024-09-19,0.019301760905025223,0.0,0.3191019267634947,-0.24881444482575887,1319.1019267634947,750.9701146174732
2024-09-20,0.003953794005425282,0.0,0.3243173840540772,-0.24881444482575887,1324.3173840540771,750.9701146174732
2024-09-21,0.002293603394976307,0.0,0.32735484290216976,-0.24881444482575887,1327.3548429021698,750.9701146174732
2024-09-22,0.0037554918936333337,0.0,0.3323397132546637,-0.24881444482575887,1332.3397132546638,750.9701146174732
2024-09-23,-0.0040340851877957995,0.0,0.326964941352311,-0.24881444482575887,1326.964941352311,750.9701146174732
2024-09-24,0.014866828852168945,0.0,0.3466927020282242,-0.24881444482575887,1346.6927020282242,750.9701146174732
2024-09-25,-0.01750693848833562,0.0,0.3231162357311257,-0.24881444482575887,1323.1162357311257,750.9701146174732
2024-09-26,0.03201602068493492,0.0,0.3654771525028666,-0.24881444482575887,1365.4771525028666,750.9701146174732
2024-09-27,0.009370701513067514,0.0,0.37827263132188427,-0.24881444482575887,1378.2726313218843,750.9701146174732
2024-09-28,0.0011102729142078438,0.0,0.37980289009283497,-0.24881444482575887,1379.802890092835,750.9701146174732
2024-09-29,-0.003866453163503092,0.0,0.3744679468434249,-0.24881444482575887,1374.467946843425,750.9701146174732
2024-09-30,-0.03445272929976628,0.0,0.3271137747396229,-0.24881444482575887,1327.1137747396228,750.9701146174732
2024-10-01,-0.039998989086876824,0.0,0.27403056534676873,-0.24881444482575887,1274.0305653467688,750.9701146174732
2024-10-02,-0.0025371523344435154,0.0,0.2707981557237469,-0.24881444482575887,1270.798155723747,750.9701146174732
2024-10-03,0.0017254291303903102,0.0,0.2729908278804789,-0.24881444482575887,1272.990827880479,750.9701146174732
2024-10-04,0.023957962823907497,0.0,0.3034890948100146,-0.24881444482575887,1303.4890948100146,750.9701146174732
2024-10-05,-0.002557005955090008,0.0,0.30015606543219064,-0.24881444482575887,1300.1560654321906,750.9701146174732
2024-10-06,0.012353461855341141,0.0,0.31621749379249753,-0.24881444482575887,1316.2174937924976,750.9701146174732
2024-10-07,-0.009533471467272348,0.0,0.303669371870702,-0.24881444482575887,1303.669371870702,750.9701146174732
2024-10-08,0.0027801584481281783,0.0,0.30729377928847423,-0.24881444482575887,1307.2937792884743,750.9701146174732
2024-10-09,-0.028176692814398052,0.0,0.2704585640512893,-0.24881444482575887,1270.4585640512894,750.9701146174732
2024-10-10,-0.0051677710604821625,0.0,0.26389312505044327,-0.24881444482575887,1263.8931250504434,750.9701146174732
2024-10-11,0.036750412981895186,0.0,0.31034171936102517,-0.24881444482575887,1310.341719361025,750.9701146174732
2024-10-12,0.010670463453262835,0.0,0.3243236727887526,-0.24881444482575887,1324.3236727887527,750.9701146174732
2024-10-13,-0.005321641129542809,0.0,0.3172760974628128,-0.24881444482575887,1317.276097462813,750.9701146174732
2024-10-14,0.05132256945439018,0.0,0.38488209146545604,-0.24881444482575887,1384.8820914654561,750.9701146174732
2024-10-15,0.014821788877301234,0.0,0.4054085214451124,-0.24881444482575887,1405.4085214451125,750.9701146174732
2024-10-16,0.008172232903417287,0.0,0.4168938472068091,-0.24881444482575887,1416.8938472068091,750.9701146174732
2024-10-17,-0.0028183808734761895,0.0,0.41290050068809525,-0.24881444482575887,1412.9005006880952,750.9701146174732
2024-10-18,0.011625854024020388,0.0,0.4293266756595604,-0.24881444482575887,1429.3266756595604,750.9701146174732
2024-10-19,0.002522545248155428,0.0,0.4329322168733072,-0.24881444482575887,1432.9322168733072,750.9701146174732
2024-10-20,0.009699065642047477,0.0,0.4468303205053661,-0.24881444482575887,1446.830320505366,750.9701146174732
2024-10-21,-0.02392491462631907,0.0,0.41221502860850534,-0.24881444482575887,1412.2150286085052,750.9701146174732
2024-10-22,0.0005581218605643645,0.0,0.4130032166877893,-0.24881444482575887,1413.0032166877893,750.9701146174732
2024-10-23,-0.011263025469391619,0.0,0.39708852546990236,-0.24881444482575887,1397.0885254699024,750.9701146174732
2024-10-24,0.022905688461030804,0.0,0.42908979998679686,-0.24881444482575887,1429.0897999867968,750.9701146174732
2024-10-25,-0.023085114809501595,0.0,0.39609909788101394,-0.24881444482575887,1396.099097881014,750.9701146174732
2024-10-26,0.00708408408408423,0.0,0.4059891812801171,-0.24881444482575887,1405.989181280117,750.9701146174732
2024-10-27,0.013728571471169682,0.0,0.4252914042430125,-0.24881444482575887,1425.2914042430125,750.9701146174732
2024-10-28,0.02864135214714536,0.0,0.4661136772642358,-0.24881444482575887,1466.1136772642358,750.9701146174732
2024-10-29,0.040027166142407866,0.0,0.5247980530077478,-0.24881444482575887,1524.7980530077477,750.9701146174732
2024-10-30,0.0017665779940747584,0.0,0.5274917276935993,-0.24881444482575887,1527.4917276935994,750.9701146174732
2024-10-31,-0.03494126365482797,0.0,0.47411923650568855,-0.24881444482575887,1474.1192365056886,750.9701146174732
2024-11-01,-0.016302176135741364,0.0,0.4500878850670882,-0.24881444482575887,1450.087885067088,750.9701146174732
2024-11-02,0.0027625387601102336,0.0,0.4540938090551523,-0.24881444482575887,1454.0938090551522,750.9701146174732
2024-11-03,-0.00870880221893544,0.0,0.44143039366431247,-0.24881444482575887,1441.4303936643125,750.9701146174732
2024-11-04,-0.013498636611525172,0.0,0.4219730485794302,-0.24881444482575887,1421.9730485794303,750.9701146174732
2024-11-05,0.02238985292101492,0.0,0.4538108159947709,-0.24881444482575887,1453.810815994771,750.9701146174732
2024-11-06,0.08978401830631921,0.0,0.5843397929119702,-0.24881444482575887,1584.3397929119703,750.9701146174732
2024-11-07,0.011063788123562013,0.0,0.6018685926964764,-0.24881444482575887,1601.8685926964763,750.9701146174732
2024-11-08,0.006259152194367346,0.0,0.6118949320135407,-0.24881444482575887,1611.8949320135407,750.9701146174732
2024-11-09,-0.002851963211885189,0.0,0.6072978669660138,-0.24881444482575887,1607.2978669660138,750.9701146174732
2024-11-10,0.04871072877635618,0.0,0.6855905174266113,-0.24881444482575887,1685.5905174266113,750.9701146174732
2024-11-11,0.10345603780624302,0.0,0.8599750337233434,-0.24881444482575887,1859.9750337233434,750.9701146174732
2024-11-12,-0.008530478795522045,0.0,0.844108556137966,-0.24881444482575887,1844.108556137966,750.9701146174732
2024-11-13,0.020338289455735792,0.0,0.8816145697404989,-0.24881444482575887,1881.6145697404988,750.9701146174732
2024-11-14,-0.02649808603271797,0.0,0.8317553849910995,-0.24881444482575887,1831.7553849910994,750.9701146174732
2024-11-15,0.03474028612070801,0.0,0.8953910911688379,-0.24881444482575887,1895.3910911688379,750.9701146174732
2024-11-16,0.0024873255885971,0.0,0.9001055459303011,-0.24881444482575887,1900.105545930301,750.9701146174732
2024-11-17,-0.008201378369940282,0.0,0.8845220614053049,-0.24881444482575887,1884.5220614053048,750.9701146174732
2024-11-18,0.00675751585930584,0.0,0.897256749122463,-0.24881444482575887,1897.256749122463,750.9701146174732
2024-11-19,0.02020276795046594,0.0,0.9355865869674396,-0.24881444482575887,1935.5865869674396,750.9701146174732
2024-11-20,0.02114128957426109,0.0,0.9765073834985738,-0.24881444482575887,1976.5073834985737,750.9701146174732
2024-11-21,0.04325895129815027,0.0,1.062009020141773,-0.24881444482575887,2062.009020141773,750.9701146174732
2024-11-22,0.009378164177344495,0.0,1.0813468792678278,-0.24881444482575887,2081.3468792678277,750.9701146174732
2024-11-23,-0.015749934786527864,0.0,1.048565801651216,-0.24881444482575887,2048.565801651216,750.9701146174732
2024-11-24,0.0024036715084598814,0.0,1.0534898809018505,-0.24881444482575887,2053.4898809018505,750.9701146174732
2024-11-25,-0.049983462705338044,0.0,0.9508493460240037,-0.24881444482575887,1950.8493460240038,750.9701146174732
2024-11-26,-0.011203043067136709,0.0,0.9289938967830014,-0.24881444482575887,1928.9938967830014,750.9701146174732
2024-11-27,0.042205400048249686,0.0,1.01040785588736,-0.24881444482575887,2010.40785588736,750.9701146174732
2024-11-28,-0.002198003862147191,0.0,1.0059889716556283,-0.24881444482575887,2005.9889716556283,750.9701146174732
2024-11-29,0.019038731629019034,0.0,1.0441804573377516,-0.24881444482575887,2044.1804573377515,750.9701146174732
2024-11-30,-0.010677189351933958,0.0,1.0223543555252332,-0.24881444482575887,2022.3543555252331,750.9701146174732
2024-12-01,0.008188641421465137,0.0,1.0389146901697677,-0.24881444482575887,2038.9146901697677,750.9701146174732
2024-12-02,-0.01413251001643967,0.0,1.0100997078882776,-0.24881444482575887,2010.0997078882776,750.9701146174732
2024-12-03,0.00023777120778389893,0.0,1.0105776517235885,-0.24881444482575887,2010.5776517235886,750.9701146174732
2024-12-04,0.028739497024917293,0.0,1.0683606421636638,-0.24881444482575887,2068.3606421636637,750.9701146174732
2024-12-05,-0.01690790900559247,0.0,1.033388988635212,-0.24881444482575887,2033.388988635212,750.9701146174732
2024-12-06,0.036934480394632985,0.0,1.1084911543706215,-0.24881444482575887,2108.4911543706216,750.9701146174732
2024-12-07,-0.006810214725573194,0.0,1.0941318768623858,-0.24881444482575887,2094.131876862386,750.9701146174732
2024-12-08,0.013021125294296665,0.0,1.1213998304137913,-0.24881444482575887,2121.3998304137913,750.9701146174732
2024-12-09,-0.03805237154150187,0.0,1.0406755358788065,-0.24881444482575887,2040.6755358788064,750.9701146174732
2024-12-10,-0.007670332853616624,0.0,1.0250228752723833,-0.24881444482575887,2025.0228752723833,750.9701146174732
2024-12-11,0.04671623065265473,0.0,1.1196243109905102,-0.24881444482575887,2119.6243109905104,750.9701146174732
2024-12-12,-0.006884220291093479,0.0,1.1050323502992945,-0.24881444482575887,2105.0323502992946,750.9701146174732
2024-12-13,0.009487229533794217,0.0,1.125003275382646,-0.24881444482575887,2125.003275382646,750.9701146174732
2024-12-14,8.976846640940117e-05,0.0,1.1251940336677921,-0.24881444482575887,2125.194033667792,750.9701146174732
2024-12-15,0.030374527771475757,0.0,1.1897457988632092,-0.24881444482575887,2189.745798863209,750.9701146174732
2024-12-16,0.014960693238777578,0.0,1.2225059140309038,-0.24881444482575887,2222.505914030904,750.9701146174732
2024-12-17,0.00048479955330549274,0.0,1.223583383905245,-0.24881444482575887,2223.5833839052452,750.9701146174732
2024-12-18,-0.05555995497508359,0.0,1.1000411912121257,-0.24881444482575887,2100.041191212126,750.9701146174732
2024-12-19,-0.027417347184249485,0.0,1.042463632771438,-0.24881444482575887,2042.4636327714381,750.9701146174732
2024-12-20,0.003386894156478526,0.0,1.0493812409140917,-0.24881444482575887,2049.381240914092,750.9701146174732
2024-12-21,-0.0051409306455109105,0.0,1.0388455140883415,-0.24881444482575887,2038.8455140883414,750.9701146174732
2024-12-22,-0.021676547215864872,0.0,0.9946503830363513,-0.24881444482575887,1994.6503830363513,750.9701146174732
2024-12-23,-0.0030729295296546555,0.0,0.9885209629729819,-0.24881444482575887,1988.5209629729818,750.9701146174732
2024-12-24,0.039701205235865844,0.0,1.067467641839794,-0.24881444482575887,2067.467641839794,750.9701146174732
2024-12-25,0.0076297410856234205,0.0,1.083241884649936,-0.24881444482575887,2083.2418846499363,750.9701146174732
2024-12-26,-0.0365134931983091,0.0,1.007175446264338,-0.24881444482575887,2007.175446264338,750.9701146174732
2024-12-27,-0.01264843187016329,0.0,0.9817878243807989,-0.24881444482575887,1981.7878243807988,750.9701146174732
2024-12-28,0.007607370009911296,0.0,0.9968640176420007,-0.24881444482575887,1996.8640176420008,750.9701146174732
2024-12-29,-0.022662401807281407,0.0,0.9516102829196955,-0.24881444482575887,1951.6102829196955,750.9701146174732
2024-12-30,-0.0036627164466709328,0.0,0.9444620878389534,-0.24881444482575887,1944.4620878389533,750.9701146174732
2024-12-31,0.008512354017332857,0.0,0.9610140375039207,-0.24881444482575887,1961.0140375039207,750.9701146174732
2025-01-01,0.011031663653982005,0.0,0.9826472847864012,-0.24881444482575887,1982.647284786401,750.9701146174732
2025-01-02,0.025233424507485225,0.0,1.0326762653720296,-0.24881444482575887,2032.6762653720295,750.9701146174732
2025-01-03,0.0121504627839224,0.0,1.0573742226861946,-0.24881444482575887,2057.3742226861946,750.9701146174732
2025-01-04,0.00028019566827675035,0.0,1.0579506900314155,-0.24881444482575887,2057.9506900314154,750.9701146174732
2025-01-05,0.001701075242530603,0.0,1.0614514190005768,-0.24881444482575887,2061.4514190005766,750.9701146174732
2025-01-06,0.03905015446379001,0.0,1.1419514153321484,-0.24881444482575887,2141.9514153321484,750.9701146174732
2025-01-07,-0.05147856144622642,0.0,1.0316868377831407,-0.24881444482575887,2031.6868377831408,750.9701146174732
2025-01-08,-0.019667706352539116,0.0,0.9917282176573032,-0.24881444482575887,1991.7282176573033,750.9701146174732
2025-01-09,-0.02639818721642384,0.0,0.9391502032833516,-0.24881444482575887,1939.1502032833516,750.9701146174732
2025-01-10,0.029944036002027996,0.0,0.9972161867838083,-0.24881444482575887,1997.2161867838083,750.9701146174732
2025-01-11,-0.007487727746470996,0.0,0.9822615757263262,-0.24881444482575887,1982.2615757263263,750.9701146174732
2025-01-12,-0.0006619960343688946,0.0,0.9809493264241136,-0.24881444482575887,1980.9493264241137,750.9701146174732
2025-01-13,-0.00015449751798668476,0.0,0.9806432746699236,-0.24881444482575887,1980.6432746699236,750.9701146174732
2025-01-14,0.021480590102375574,0.0,1.023188660992135,-0.24881444482575887,2023.188660992135,750.9701146174732
2025-01-15,0.04087555393001496,0.0,1.1058876182151138,-0.24881444482575887,2105.887618215114,750.9701146174732
2025-01-16,-0.005202070475811338,0.0,1.0949326424110204,-0.24881444482575887,2094.9326424110204,750.9701146174732
2025-01-17,0.04107671402297841,0.0,1.1809855914607406,-0.24881444482575887,2180.9855914607406,750.9701146174732
2025-01-18,0.004630799913496908,0.0,1.191085299349015,-0.24881444482575887,2191.0852993490153,750.9701146174732
2025-01-19,-0.03073735007074918,0.0,1.1237371434680523,-0.24881444482575887,2123.737143468052,750.9701146174732
2025-01-20,0.022442664455663897,0.0,1.171399463570936,-0.24881444482575887,2171.399463570936,750.9701146174732
2025-01-21,0.024417580889934065,0.0,1.2244197856170387,-0.24881444482575887,2224.4197856170385,750.9701146174732
2025-01-22,-0.02308449834848214,0.0,1.173070170749631,-0.24881444482575887,2173.070170749631,750.9701146174732
2025-01-23,0.0019215761554780553,0.0,1.177245890573924,-0.24881444482575887,2177.245890573924,750.9701146174732
2025-01-24,0.011656578163195874,0.0,1.202625127477896,-0.24881444482575887,2202.625127477896,750.9701146174732
2025-01-25,-0.003547948699402781,0.0,1.1948103265215888,-0.24881444482575887,2194.8103265215886,750.9701146174732
2025-01-26,-0.020457106836545558,0.0,1.1499108571859833,-0.24881444482575887,2149.9108571859833,750.9701146174732
2025-01-27,-0.009506620995884396,0.0,1.129472469491779,-0.24881444482575887,2129.472469491779,750.9701146174732
2025-01-28,-0.003007330799497221,0.0,1.1230684413475949,-0.24881444482575887,2123.0684413475947,750.9701146174732
2025-01-29,0.023880426068033422,0.0,1.1737682202985709,-0.24881444482575887,2173.7682202985707,750.9701146174732
2025-01-30,0.009437965172008678,0.0,1.194284169053768,-0.24881444482575887,2194.284169053768,750.9701146174732
2025-01-31,-0.021945625061498775,0.0,1.1461292314013316,-0.24881444482575887,2146.1292314013317,750.9701146174732
2025-02-01,-0.01734816570081754,0.0,1.108897825879613,-0.24881444482575887,2108.897825879613,750.9701146174732
2025-02-02,-0.02921466031036668,0.0,1.0472870922672692,-0.24881444482575887,2047.2870922672691,750.9701146174732
2025-02-03,0.037159868734289336,0.0,1.1233640118773258,-0.24881444482575887,2123.364011877326,750.9701146174732
2025-02-04,-0.03607331946606751,0.0,1.046767223534124,-0.24881444482575887,2046.767223534124,750.9701146174732
2025-02-05,-0.011127645824393184,0.0,1.0239915227856597,-0.24881444482575887,2023.9915227856598,750.9701146174732
2025-02-06,-0.00039460111109723695,0.0,1.023192853481917,-0.24881444482575887,2023.192853481917,750.9701146174732
2025-02-07,-0.008263991852052177,0.0,1.0064732042256122,-0.24881444482575887,2006.473204225612,750.9701146174732
2025-02-08,0.007254681745762159,0.0,1.0210295287536688,-0.24881444482575887,2021.0295287536687,750.9701146174732
2025-02-09,0.00012135431414606046,0.0,1.0212747894059997,-0.24881444482575887,2021.2747894059996,750.9701146174732
2025-02-10,0.009910436864004168,0.0,1.0413065055912112,-0.24881444482575887,2041.3065055912111,750.9701146174732
2025-02-11,-0.01692147809799216,0.0,1.0067645822655606,-0.24881444482575887,2006.7645822655606,750.9701146174732
2025-02-12,0.021778643162013722,0.0,1.0504691920128897,-0.24881444482575887,2050.46919201289,750.9701146174732
2025-02-13,-0.012837328747867138,0.0,1.0241466449076468,-0.24881444482575887,2024.1466449076468,750.9701146174732
2025-02-14,0.005395575421030863,0.0,1.0350680807934727,-0.24881444482575887,2035.0680807934727,750.9701146174732
2025-02-15,0.004701199815412949,0.0,1.0446353424792516,-0.24881444482575887,2044.6353424792517,750.9701146174732
2025-02-16,-0.01508130164653776,0.0,1.01379958012215,-0.24881444482575887,2013.79958012215,750.9701146174732
2025-02-17,-0.0033705642936701086,0.0,1.0070119391627825,-0.24881444482575887,2007.0119391627825,750.9701146174732
2025-02-18,-0.0012658862457072262,0.0,1.0044712903540263,-0.24881444482575887,2004.4712903540262,750.9701146174732
2025-02-19,0.010206856162807698,0.0,1.0249306404971472,-0.24881444482575887,2024.9306404971471,750.9701146174732
2025-02-20,0.01713182467545904,0.0,1.0596213972101092,-0.24881444482575887,2059.621397210109,750.9701146174732
2025-02-21,-0.029378267715253203,0.0,0.9991132884108067,-0.24881444482575887,1999.1132884108067,750.9701146174732
2025-02-22,0.011921389504060187,0.0,1.0229454965846947,-0.24881444482575887,2022.9454965846946,750.9701146174732
2025-02-23,-0.0029522306491074346,0.0,1.0169732948882033,-0.24881444482575887,2016.9732948882033,750.9701146174732
2025-02-24,-0.04888773872772767,0.0,0.9183680314269047,-0.24881444482575887,1918.3680314269047,750.9701146174732
2025-02-25,-0.03934021384589326,0.0,0.8428990228354449,-0.24881444482575887,1842.8990228354448,750.9701146174732
2025-02-26,-0.042152414339874156,0.0,0.765216379638336,-0.24881444482575887,1765.216379638336,750.9701146174732
2025-02-27,0.005457881330269476,0.0,0.7748507211606499,-0.24881444482575887,1774.85072116065,750.9701146174732
2025-02-28,-0.004352288524249404,0.0,0.7671260587346866,-0.24881444482575887,1767.1260587346867,750.9701146174732
2025-03-01,0.02026225509966828,0.0,0.8029320177300403,-0.24881444482575887,1802.9320177300403,750.9701146174732
2025-03-02,0.09551586660264144,0.0,0.975140631829174,-0.24881444482575887,1975.140631829174,750.9701146174732
2025-03-03,-0.08522459532087778,0.0,0.8068100707797097,-0.24881444482575887,1806.8100707797096,750.9701146174732
2025-03-04,0.012219132246698461,0.0,0.8288877219792337,-0.24881444482575887,1828.8877219792337,750.9701146174732
2025-03-05,0.03805565648357123,0.0,0.8984872448738965,-0.24881444482575887,1898.4872448738965,750.9701146174732
2025-03-06,-0.007489557350929377,0.0,0.8842684157734055,-0.24881444482575887,1884.2684157734056,750.9701146174732
2025-03-07,-0.034865688113403626,0.0,0.8185721008671127,-0.24881444482575887,1818.5721008671128,750.9701146174732
2025-03-08,-0.006559943195571849,0.0,0.8066423711883728,-0.24881444482575887,1806.6423711883729,750.9701146174732
2025-03-09,-0.06376885920586828,0.0,0.6914348481847055,-0.24881444482575887,1691.4348481847055,750.9701146174732
2025-03-10,-0.02628617602442962,0.0,0.646973494031468,-0.24881444482575887,1646.973494031468,750.9701146174732
2025-03-11,0.055088725915705794,0.0,0.7377031654345998,-0.24881444482575887,1737.7031654346,750.9701146174732
2025-03-12,0.008983545647558433,0.0,0.7533139011431884,-0.24881444482575887,1753.3139011431883,750.9701146174732
2025-03-13,-0.030550916001420347,0.0,0.6997485554252403,-0.24881444482575887,1699.7485554252403,750.9701146174732
2025-03-14,0.04076319534712791,0.0,0.7690357378310377,-0.24881444482575887,1769.0357378310377,750.9701146174732
2025-03-15,-0.0010403990013118092,0.0,0.7671952348161135,-0.24881444482575887,1767.1952348161135,750.9701146174732
2025-03-16,-0.02089251971165862,0.0,0.7302740735383686,-0.24881444482575887,1730.2740735383686,750.9701146174732
2025-03-17,0.017219196138674064,0.0,0.7600680021842883,-0.24881444482575887,1760.0680021842882,750.9701146174732
2025-03-18,-0.015444916742989867,0.0,0.7328838984285515,-0.24881444482575887,1732.8838984285514,750.9701146174732
2025-03-19,0.050125746829716045,0.0,0.8197459980064725,-0.24881444482575887,1819.7459980064725,750.9701146174732
2025-03-20,-0.026722789362491395,0.0,0.7711173090085088,-0.24881444482575887,1771.1173090085088,750.9701146174732
2025-03-21,-0.006687181915019491,0.0,0.7592735253703291,-0.24881444482575887,1759.273525370329,750.9701146174732
2025-03-22,-0.001431039618707275,0.0,0.7567559352553814,-0.24881444482575887,1756.7559352553815,750.9701146174732
2025-03-23,0.026720394630862954,0.0,0.8036971471155159,-0.24881444482575887,1803.697147115516,750.9701146174732
2025-03-24,0.016493848510416687,0.0,0.83344705461871,-0.24881444482575887,1833.4470546187101,750.9701146174732
2025-03-25,-0.0010701619191569867,0.0,0.8314849694000666,-0.24881444482575887,1831.4849694000666,750.9701146174732
2025-03-26,-0.005677018832594305,0.0,0.821087594737169,-0.24881444482575887,1821.087594737169,750.9701146174732
2025-03-27,0.0036535756465123637,0.0,0.8277410760234665,-0.24881444482575887,1827.7410760234666,750.9701146174732
2025-03-28,-0.03223261063043048,0.0,0.768828209586758,-0.24881444482575887,1768.828209586758,750.9701146174732
2025-03-29,-0.021048627175850543,0.0,0.7315968040650391,-0.24881444482575887,1731.5968040650391,750.9701146174732
2025-03-30,-0.0030494632871979066,0.0,0.7263163631828136,-0.24881444482575887,1726.3163631828136,750.9701146174732
2025-03-31,0.001999931999883353,0.0,0.7297688785194651,-0.24881444482575887,1729.768878519465,750.9701146174732
2025-04-01,0.03154967128184927,0.0,0.7843425180303274,-0.24881444482575887,1784.3425180303275,750.9701146174732
2025-04-02,-0.030965368082339184,0.0,0.7290896951745505,-0.24881444482575887,1729.0896951745506,750.9701146174732
2025-04-03,0.00844273693066988,0.0,0.7436879446004414,-0.24881444482575887,1743.6879446004414,750.9701146174732
2025-04-04,0.015056232455533891,0.0,0.7699413156242578,-0.24881444482575887,1769.9413156242579,750.9701146174732
2025-04-05,-0.010988477376977612,0.0,0.7504923555189427,-0.24881444482575887,1750.4923555189428,750.9701146174732
2025-04-06,-0.06126618294950914,0.0,0.6432463706140019,-0.24881444482575887,1643.246370614002,750.9701146174732
2025-04-07,0.009567546880979716,0.0,0.6589682073018512,-0.24881444482575887,1658.9682073018512,750.9701146174732
2025-04-08,-0.0359123073035128,0.0,0.5993908312344693,-0.24881444482575887,1599.3908312344693,750.9701146174732
2025-04-09,0.08244132538379167,0.0,0.7312467311681232,-0.24881444482575887,1731.2467311681232,750.9701146174732
2025-04-10,-0.03666150046011529,0.0,0.66777662833683,-0.24881444482575887,1667.77662833683,750.9701146174732
2025-04-11,0.05329172123750325,0.0,0.7566553155005795,-0.24881444482575887,1756.6553155005795,750.9701146174732
2025-04-12,0.01715630410942226,0.0,0.7867930283087405,-0.24881444482575887,1786.7930283087405,750.9701146174732
2025-04-13,-0.01788056472597843,0.0,0.7548441599141391,-0.24881444482575887,1754.844159914139,750.9701146174732
2025-04-14,0.01003658899319948,0.0,0.7724568094943138,-0.24881444482575887,1772.4568094943138,750.9701146174732
2025-04-15,-0.011178668281415671,0.0,0.7526431027778406,-0.24881444482575887,1752.6431027778406,750.9701146174732
2025-04-16,0.0045605301840598855,0.0,0.7606360845499434,-0.24881444482575887,1760.6360845499435,750.9701146174732
2025-04-17,0.011013215859030812,0.0,0.7800263497982907,-0.24881444482575887,1780.0263497982908,750.9701146174732
2025-04-18,-0.005817582288170531,0.0,0.7696709000332274,-0.24881444482575887,1769.6709000332273,750.9701146174732
2025-04-19,0.007414032053635777,0.0,0.7827912968104602,-0.24881444482575887,1782.7912968104602,750.9701146174732
2025-04-20,0.001080580244547491,0.0,0.7847177458659449,-0.24881444482575887,1784.7177458659448,750.9701146174732
2025-04-21,0.027334188407635462,0.0,0.833501556985895,-0.24881444482575887,1833.501556985895,750.9701146174732
2025-04-22,0.06789952667322163,0.0,0.9579954448598522,-0.24881444482575887,1957.9954448598521,750.9701146174732
2025-04-23,0.0024324205689423284,0.0,0.9627581132538248,-0.24881444482575887,1962.7581132538248,750.9701146174732
2025-04-24,0.0031986893383786352,0.0,0.9690363667045059,-0.24881444482575887,1969.0363667045058,750.9701146174732
2025-04-25,0.013814307432216566,0.0,0.9962372404193767,-0.24881444482575887,1996.2372404193766,750.9701146174732
2025-04-26,-0.006862390947314445,0.0,0.9825382800520308,-0.24881444482575887,1982.5382800520308,750.9701146174732
2025-04-27,-0.00928991273656965,0.0,0.9641206724334386,-0.24881444482575887,1964.1206724334386,750.9701146174732
2025-04-28,0.013574593023690129,0.0,0.9907828112111392,-0.24881444482575887,1990.7828112111392,750.9701146174732
2025-04-29,-0.008096326169592105,0.0,0.9746647842387564,-0.24881444482575887,1974.6647842387563,750.9701146174732
2025-04-30,-0.0007961774987500503,0.0,0.9730926005699714,-0.24881444482575887,1973.0926005699714,750.9701146174732
2025-05-01,0.02441644152303679,0.0,1.0212685006713245,-0.24881444482575887,2021.2685006713245,750.9701146174732
2025-05-02,0.004230305330765516,0.0,1.0298190835846226,-0.24881444482575887,2029.8190835846226,750.9701146174732
2025-05-03,-0.010615380166723032,0.0,1.0082717823427023,-0.24881444482575887,2008.2717823427024,750.9701146174732
2025-05-04,-0.016420102439060114,0.0,0.9752957539511613,-0.24881444482575887,1975.2957539511613,750.9701146174732
2025-05-05,0.004950642150817863,0.0,0.9850747363710035,-0.24881444482575887,1985.0747363710036,750.9701146174732
2025-05-06,0.022199295223592763,0.0,1.029141996484599,-0.24881444482575887,2029.1419964845988,750.9701146174732
2025-05-07,0.001957666874313757,0.0,1.0331143805543959,-0.24881444482575887,2033.114380554396,750.9701146174732
2025-05-08,0.06433449773374966,0.0,1.1639137730626263,-0.24881444482575887,2163.913773062626,750.9701146174732
2025-05-09,-0.002772500898495789,0.0,1.1579143201825426,-0.24881444482575887,2157.9143201825427,750.9701146174732
2025-05-10,0.017941188184791734,0.0,1.1966298670875943,-0.24881444482575887,2196.6298670875944,750.9701146174732
2025-05-11,-0.006833745591131923,0.0,1.1816186574180358,-0.24881444482575887,2181.618657418036,750.9701146174732
2025-05-12,-0.012812197627235511,0.0,1.1536673280319318,-0.24881444482575887,2153.667328031932,750.9701146174732
2025-05-13,0.013069000859456947,0.0,1.1818136081929653,-0.24881444482575887,2181.813608192965,750.9701146174732
2025-05-14,-0.005994312176937355,0.0,1.1687351363135665,-0.24881444482575887,2168.7351363135667,750.9701146174732
2025-05-15,-7.442626531906082e-05,0.0,1.1685737254569046,-0.24881444482575887,2168.5737254569044,750.9701146174732
2025-05-16,-0.00036925908454676915,0.0,1.1677729599082705,-0.24881444482575887,2167.7729599082704,750.9701146174732
2025-05-17,-0.0032162549486423053,0.0,1.1608008493984325,-0.24881444482575887,2160.8008493984325,750.9701146174732
2025-05-18,0.03228572869898594,0.0,1.2305638793946487,-0.24881444482575887,2230.5638793946487,750.9701146174732
2025-05-19,-0.008232494671433277,0.0,1.2122007741432408,-0.24881444482575887,2212.200774143241,750.9701146174732
2025-05-20,0.012020096350287446,0.0,1.238791640594623,-0.24881444482575887,2238.791640594623,750.9701146174732
2025-05-21,0.026305218815338094,0.0,1.2976835445824144,-0.24881444482575887,2297.6835445824145,750.9701146174732
2025-05-22,0.018731952978528366,0.0,1.3407236446990707,-0.24881444482575887,2340.7236446990705,750.9701146174732
2025-05-23,-0.039325576042850474,0.0,1.2486733390141591,-0.24881444482575887,2248.673339014159,750.9701146174732
2025-05-24,0.003984282871032807,0.0,1.2576326896813415,-0.24881444482575887,2257.6326896813416,750.9701146174732
2025-05-25,0.011671428398990047,0.0,1.2839824879701767,-0.24881444482575887,2283.982487970177,750.9701146174732
2025-05-26,0.003954811074939668,0.0,1.2930152072085694,-0.24881444482575887,2293.0152072085693,750.9701146174732
2025-05-27,-0.0045480807556305125,0.0,1.282586388872296,-0.24881444482575887,2282.586388872296,750.9701146174732
2025-05-28,-0.01070995956443832,0.0,1.2581399809451366,-0.24881444482575887,2258.1399809451364,750.9701146174732
2025-05-29,-0.020266776578097057,0.0,1.2123747624692531,-0.24881444482575887,2212.3747624692533,750.9701146174732
2025-05-30,-0.015064444821342393,0.0,1.1790465649359048,-0.24881444482575887,2179.046564935905,750.9701146174732
2025-05-31,0.005721019721019793,0.0,1.1915129333069236,-0.24881444482575887,2191.5129333069235,750.9701146174732
2025-06-01,0.00993450648382943,0.0,1.2132845327522572,-0.24881444482575887,2213.2845327522573,750.9701146174732
2025-06-02,0.0021878459945843254,0.0,1.2181268584521145,-0.24881444482575887,2218.1268584521144,750.9701146174732
2025-06-03,-0.004575941059006161,0.0,1.207976840686439,-0.24881444482575887,2207.976840686439,750.9701146174732
2025-06-04,-0.0065346942611845815,0.0,1.1935483870967771,-0.24881444482575887,2193.5483870967773,750.9701146174732
2025-06-05,-0.030419966017404154,0.0,1.1268207197037614,-0.24881444482575887,2126.8207197037614,750.9701146174732
2025-06-06,0.02741413739200027,0.0,1.1851256751218733,-0.24881444482575887,2185.1256751218734,750.9701146174732
2025-06-07,0.012159439754412915,0.0,1.2116955791243385,-0.24881444482575887,2211.6955791243386,750.9701146174732
2025-06-08,0.001601781863848517,0.0,1.2152382329913336,-0.24881444482575887,2215.2382329913335,750.9701146174732
2025-06-09,0.04306917810487665,0.0,1.3106467229927694,-0.24881444482575887,2310.6467229927694,750.9701146174732
2025-06-10,6.804084991185455e-05,0.0,1.310803941359648,-0.24881444482575887,2310.803941359648,750.9701146174732
2025-06-11,-0.0148355247044053,0.0,1.2765219524005698,-0.24881444482575887,2276.5219524005697,750.9701146174732
2025-06-12,-0.027536832412523027,0.0,1.2138337489138857,-0.24881444482575887,2213.8337489138858,750.9701146174732
2025-06-13,0.003956083496276408,0.0,1.2225918600714638,-0.24881444482575887,2222.591860071464,750.9701146174732
2025-06-14,-0.006294605257325281,0.0,1.2086015216641695,-0.24881444482575887,2208.6015216641695,750.9701146174732
2025-06-15,0.0016581260992085678,0.0,1.2122636614899926,-0.24881444482575887,2212.2636614899925,750.9701146174732
2025-06-16,0.011517549694602502,0.0,1.237743518148767,-0.24881444482575887,2237.743518148767,750.9701146174732
2025-06-17,-0.021003259013340547,0.0,1.1907436114316647,-0.24881444482575887,2190.7436114316647,750.9701146174732
2025-06-18,-0.007030083821334188,0.0,1.1753425002122477,-0.24881444482575887,2175.3425002122476,750.9701146174732
2025-06-19,0.008034822059238778,0.0,1.192820990119353,-0.24881444482575887,2192.820990119353,750.9701146174732
2025-06-20,-0.013010589147390617,0.0,1.1642910971431357,-0.24881444482575887,2164.2910971431356,750.9701146174732
2025-06-21,-0.011296310465964354,0.0,1.139842592971084,-0.24881444482575887,2139.842592971084,750.9701146174732
2025-06-22,-0.011511582115168784,0.0,1.1152096192485619,-0.24881444482575887,2115.209619248562,750.9701146174732
2025-06-23,0.02710973819851792,0.0,1.1725523982613772,-0.24881444482575887,2172.552398261377,750.9701146174732
2025-06-24,0.023105899062332957,0.0,1.2227511746832342,-0.24881444482575887,2222.7511746832342,750.9701146174732
2025-06-25,0.011742360298354626,0.0,1.2488515198299557,-0.24881444482575887,2248.8515198299556,750.9701146174732
2025-06-26,-0.003414429530201324,0.0,1.2411729747916103,-0.24881444482575887,2241.17297479161,750.9701146174732
2025-06-27,-0.0015489128147280207,0.0,1.2377015932509332,-0.24881444482575887,2237.701593250933,750.9701146174732
2025-06-28,0.0046174123942253065,0.0,1.2480339843221877,-0.24881444482575887,2248.0339843221877,750.9701146174732
2025-06-29,0.009966337501515321,0.0,1.2704386497248188,-0.24881444482575887,2270.438649724819,750.9701146174732
2025-06-30,-0.011286144005436372,0.0,1.2448141521685159,-0.24881444482575887,2244.8141521685156,750.9701146174732
2025-07-01,-0.013535672730872195,0.0,1.2144290824631323,-0.24881444482575887,2214.429082463132,750.9701146174732
2025-07-02,0.029933385650415367,0.0,1.2807144421839967,-0.24881444482575887,2280.7144421839967,750.9701146174732
2025-07-03,0.00684926470588243,0.0,1.2963356591170436,-0.24881444482575887,2296.3356591170436,750.9701146174732
2025-07-04,-0.014695303856307795,0.0,1.262590308850244,-0.24881444482575887,2262.590308850244,750.9701146174732
2025-07-05,0.002019726614252537,0.0,1.2671601227141784,-0.24881444482575887,2267.160122714178,750.9701146174732
2025-07-06,0.009175855775223063,0.0,1.2879632570195407,-0.24881444482575887,2287.963257019541,750.9701146174732
2025-07-07,-0.008629741135252167,0.0,1.2682187263844935,-0.24881444482575887,2268.2187263844935,750.9701146174732
2025-07-08,0.006184619962866567,0.0,1.2822467971998388,-0.24881444482575887,2282.246797199839,750.9701146174732
2025-07-09,0.017568159628043922,0.0,1.3223416732436375,-0.24881444482575887,2322.3416732436376,750.9701146174732
2025-07-10,0.04687784896620317,0.0,1.4312080554498725,-0.24881444482575887,2431.2080554498725,750.9701146174732
2025-07-11,0.013112696069640162,0.0,1.4630877477630477,-0.24881444482575887,2463.087747763048,750.9701146174732
2025-07-12,-0.0009421276595744654,0.0,1.460767204667921,-0.24881444482575887,2460.767204667921,750.9701146174732
2025-07-13,0.014047276881283155,0.0,1.4953342829322724,-0.24881444482575887,2495.3342829322723,750.9701146174732
2025-07-14,0.006537391747025945,0.0,1.511647260679585,-0.24881444482575887,2511.647260679585,750.9701146174732
2025-07-15,-0.017343187290565165,0.0,1.468087291829784,-0.24881444482575887,2468.087291829784,750.9701146174732
2025-07-16,0.007238074206822764,0.0,1.4859514907969644,-0.24881444482575887,2485.951490796964,750.9701146174732
2025-07-17,0.004940522317517404,0.0,1.4982333896175124,-0.24881444482575887,2498.2333896175123,750.9701146174732
2025-07-18,-0.012700479792174035,0.0,1.466504626936541,-0.24881444482575887,2466.5046269365407,750.9701146174732
2025-07-19,0.0012867256486746026,0.0,1.4696783417025947,-0.24881444482575887,2469.6783417025945,750.9701146174732
2025-07-20,-0.00507917538093805,0.0,1.457134412270583,-0.24881444482575887,2457.1344122705827,750.9701146174732
2025-07-21,0.0009742697242696163,0.0,1.4595283239369192,-0.24881444482575887,2459.528323936919,750.9701146174732
2025-07-22,0.02270089030786626,0.0,1.5153618066277015,-0.24881444482575887,2515.3618066277013,750.9701146174732
2025-07-23,-0.01066889345023947,0.0,1.4885256795239887,-0.24881444482575887,2488.525679523989,750.9701146174732
2025-07-24,-0.00353119063964924,0.0,1.4797382209379268,-0.24881444482575887,2479.738220937927,750.9701146174732
2025-07-25,-0.008827982413353808,0.0,1.4578471355337657,-0.24881444482575887,2457.8471355337656,750.9701146174732
2025-07-26,0.005451599147121566,0.0,1.4712463328815968,-0.24881444482575887,2471.2463328815966,750.9701146174732
2025-07-27,0.013013914760639622,0.0,1.503406922010261,-0.24881444482575887,2503.406922010261,750.9701146174732
2025-07-28,-0.011572271430892123,0.0,1.474436817606784,-0.24881444482575887,2474.4368176067837,750.9701146174732
2025-07-29,-0.001223299621996965,0.0,1.4714098399831501,-0.24881444482575887,2471.40983998315,750.9701146174732
2025-07-30,-0.001068729484210773,0.0,1.4687685714195915,-0.24881444482575887,2468.7685714195914,750.9701146174732
2025-07-31,-0.017607900077268535,0.0,1.4252987411001343,-0.24881444482575887,2425.2987411001345,750.9701146174732
2025-08-01,-0.01610582096557145,0.0,1.3862373137879498,-0.24881444482575887,2386.23731378795,750.9701146174732
2025-08-02,-0.01164064483427163,0.0,1.3584599727278577,-0.24881444482575887,2358.459972727858,750.9701146174732
2025-08-03,0.014594413948064489,0.0,1.3928803138497887,-0.24881444482575887,2392.8803138497888,750.9701146174732
2025-08-04,0.007457678789811295,0.0,1.4107256466129434,-0.24881444482575887,2410.7256466129434,750.9701146174732
2025-08-05,-0.008108547583044134,0.0,1.3911781629977176,-0.24881444482575887,2391.1781629977177,750.9701146174732
2025-08-06,0.007639195719104874,0.0,1.409444840984107,-0.24881444482575887,2409.444840984107,750.9701146174732
2025-08-07,0.02156671683733391,0.0,1.461408655604786,-0.24881444482575887,2461.408655604786,750.9701146174732
2025-08-08,-0.00674246869568107,0.0,1.4448126847970926,-0.24881444482575887,2444.8126847970925,750.9701146174732
2025-08-09,-0.0017671540845181077,0.0,1.4404923240752718,-0.24881444482575887,2440.492324075272,750.9701146174732
2025-08-10,0.024335585769368562,0.0,1.4998831343472911,-0.24881444482575887,2499.883134347291,750.9701146174732
2025-08-11,-0.0018447817413566048,0.0,1.495271395585522,-0.24881444482575887,2495.271395585522,750.9701146174732
2025-08-12,0.00878478904997082,0.0,1.517191828418167,-0.24881444482575887,2517.191828418167,750.9701146174732
2025-08-13,0.027005937658747037,0.0,1.5851709540115353,-0.24881444482575887,2585.1709540115353,750.9701146174732
2025-08-14,-0.04443745291869616,0.0,1.470292541455867,-0.24881444482575887,2470.2925414558667,750.9701146174732
2025-08-15,-0.001642854051595366,0.0,1.4662342113455105,-0.24881444482575887,2466.2342113455106,750.9701146174732
2025-08-16,-0.0027233296019298914,0.0,1.459517842712461,-0.24881444482575887,2459.517842712461,750.9701146174732
2025-08-17,0.00020540408779701202,0.0,1.4600230377313639,-0.24881444482575887,2460.0230377313637,750.9701146174732
2025-08-18,-0.009971556097885137,0.0,1.435492780008536,-0.24881444482575887,2435.492780008536,750.9701146174732
2025-08-19,-0.028914580026785264,0.0,1.3650715291163213,-0.24881444482575887,2365.0715291163215,750.9701146174732
2025-08-20,0.012375890987926352,0.0,1.3943413965393132,-0.24881444482575887,2394.3413965393133,750.9701146174732
2025-08-21,-0.015393909149408413,0.0,1.3574831226083193,-0.24881444482575887,2357.4831226083193,750.9701146174732
2025-08-22,0.03943814010396385,0.0,1.4504578722904764,-0.24881444482575887,2450.457872290476,750.9701146174732
2025-08-23,-0.013006266173356984,0.0,1.4185865649568683,-0.24881444482575887,2418.586564956868,750.9701146174732
2025-08-24,-0.016734689986141138,0.0,1.3781122685876692,-0.24881444482575887,2378.1122685876694,750.9701146174732
2025-08-25,-0.02981410588093225,0.0,1.3072109776152523,-0.24881444482575887,2307.2109776152524,750.9701146174732
2025-08-26,0.01495402674807389,0.0,1.3417130722879604,-0.24881444482575887,2341.7130722879606,750.9701146174732
2025-08-27,-0.004610155411472028,0.0,1.3309174110956374,-0.24881444482575887,2330.9174110956374,750.9701146174732
2025-08-28,0.011802699584243515,0.0,1.358428529054482,-0.24881444482575887,2358.428529054482,750.9701146174732
2025-08-29,-0.03710781433738086,0.0,1.2709124010703459,-0.24881444482575887,2270.912401070346,750.9701146174732
2025-08-30,0.003927726146563781,0.0,1.2798319230845858,-0.24881444482575887,2279.831923084586,750.9701146174732
2025-08-31,-0.005052506530560108,0.0,1.2683130574046215,-0.24881444482575887,2268.3130574046213,750.9701146174732
2025-09-01,0.009051977480491358,0.0,1.2888457761189525,-0.24881444482575887,2288.8457761189525,750.9701146174732
2025-09-02,0.019857511683986973,0.0,1.3342965578610788,-0.24881444482575887,2334.296557861079,750.9701146174732
2025-09-03,0.0027272866057628242,0.0,1.3406628535972116,-0.24881444482575887,2340.662853597212,750.9701146174732
2025-09-04,-0.008780241411860068,0.0,1.320111268678855,-0.24881444482575887,2320.111268678855,750.9701146174732
2025-09-05,0.008153278749252424,0.0,1.3390277825816752,-0.24881444482575887,2339.027782581675,750.9701146174732
2025-09-06,-0.012963583666870448,0.0,1.308705600223043,-0.24881444482575887,2308.705600223043,750.9701146174732
2025-09-07,0.008541312367605913,0.0,1.3284249759193894,-0.24881444482575887,2328.4249759193895,750.9701146174732
2025-09-08,0.008432064532392314,0.0,1.3480584055751756,-0.24881444482575887,2348.0584055751756,750.9701146174732
2025-09-09,-0.004577163640519077,0.0,1.3373109580153617,-0.24881444482575887,2337.310958015362,750.9701146174732
2025-09-10,0.02149688026626051,0.0,1.3875558518248368,-0.24881444482575887,2387.5558518248367,750.9701146174732
2025-09-11,0.013434969200188274,0.0,1.419632591157833,-0.24881444482575887,2419.632591157833,750.9701146174732
2025-09-12,0.004777045232051469,0.0,1.4311912854907396,-0.24881444482575887,2431.1912854907396,750.9701146174732
2025-09-13,-0.0009975995530201454,0.0,1.4287659301510276,-0.24881444482575887,2428.7659301510275,750.9701146174732
2025-09-14,-0.0056333919371808205,0.0,1.4150837397428155,-0.24881444482575887,2415.0837397428154,750.9701146174732
2025-09-15,0.000786390070306453,0.0,1.416982937614708,-0.24881444482575887,2416.982937614708,750.9701146174732
2025-09-16,0.012547202703194982,0.0,1.4473093124631236,-0.24881444482575887,2447.3093124631237,750.9701146174732
2025-09-17,-0.0029533873588512005,0.0,1.4400814600764962,-0.24881444482575887,2440.081460076496,750.9701146174732
2025-09-18,0.005279955327420094,0.0,1.452964981180966,-0.24881444482575887,2452.964981180966,750.9701146174732
2025-09-19,-0.0123708415265803,0.0,1.4226197401285252,-0.24881444482575887,2422.6197401285253,750.9701146174732
2025-09-20,0.00047936523044578294,0.0,1.4237810597985345,-0.24881444482575887,2423.7810597985344,750.9701146174732
2025-09-21,-0.0038140573526982413,0.0,1.4145366198260794,-0.24881444482575887,2414.5366198260795,750.9701146174732
2025-09-22,-0.022392018328950436,0.0,1.3604702715790116,-0.24881444482575887,2360.4702715790118,750.9701146174732
2025-09-23,-0.005840786397015352,0.0,1.3466832689262138,-0.24881444482575887,2346.6832689262137,750.9701146174732
2025-09-24,0.011675167713292911,0.0,1.374081189660906,-0.24881444482575887,2374.081189660906,750.9701146174732
2025-09-25,-0.038139933247390845,0.0,1.2835338915633527,-0.24881444482575887,2283.533891563353,750.9701146174732
2025-09-26,0.006750845691677165,0.0,1.298949676497012,-0.24881444482575887,2298.949676497012,750.9701146174732
2025-09-27,-0.0008443520054270959,0.0,1.2970085537272857,-0.24881444482575887,2297.0085537272857,750.9701146174732
2025-09-28,0.023200973194265728,0.0,1.3503013876093117,-0.24881444482575887,2350.301387609312,750.9701146174732
2025-09-29,0.01906446330525613,0.0,1.395108622169682,-0.24881444482575887,2395.108622169682,750.9701146174732
2025-09-30,-0.002348212933813376,0.0,1.3894843971252153,-0.24881444482575887,2389.4843971252153,750.9701146174732
2025-10-01,0.040035512260853556,0.0,1.4851486290034401,-0.24881444482575887,2485.14862900344,750.9701146174732
2025-10-02,0.016270442437268384,0.0,1.5255830967196968,-0.24881444482575887,2525.5830967196966,750.9701146174732
2025-10-03,0.017662492021583542,0.0,1.5701911880153547,-0.24881444482575887,2570.191188015355,750.9701146174732
2025-10-04,-0.002170308451316494,0.0,1.5646130803585057,-0.24881444482575887,2564.6130803585056,750.9701146174732
2025-10-05,0.008856233938625113,0.0,1.5873258937602186,-0.24881444482575887,2587.3258937602186,750.9701146174732
2025-10-06,0.009736953187600372,0.0,1.6125185648688283,-0.24881444482575887,2612.5185648688284,750.9701146174732
2025-10-07,-0.02681569624925273,0.0,1.5424620605877721,-0.24881444482575887,2542.462060587772,750.9701146174732
2025-10-08,0.01608587930231309,0.0,1.5833597984250973,-0.24881444482575887,2583.3597984250973,750.9701146174732
2025-10-09,-0.021401764884876773,0.0,1.5280713394061607,-0.24881444482575887,2528.071339406161,750.9701146174732
2025-10-10,-0.06538225538971809,0.0,1.3627803334496802,-0.24881444482575887,2362.7803334496803,750.9701146174732
2025-10-11,-0.01894869267505883,0.0,1.318008735052469,-0.24881444482575887,2318.008735052469,750.9701146174732
2025-10-12,0.03902455346444289,0.0,1.4084679908645699,-0.24881444482575887,2408.46799086457,750.9701146174732
2025-10-13,0.001893042654820487,0.0,1.4130273235040463,-0.24881444482575887,2413.0273235040463,750.9701146174732
2025-10-14,-0.018487228514167398,0.0,1.3684171359634973,-0.24881444482575887,2368.4171359634975,750.9701146174732
2025-10-15,-0.020222368162515325,0.0,1.3205221326776333,-0.24881444482575887,2320.522132677633,750.9701146174732
2025-10-16,-0.023212495144490974,0.0,1.2666570239401698,-0.24881444482575887,2266.65702394017,750.9701146174732
2025-10-17,-0.01619171104251005,0.0,1.2299559683760548,-0.24881444482575887,2229.955968376055,750.9701146174732
2025-10-18,0.006945945895133088,0.0,1.2454451218809242,-0.24881444482575887,2245.445121880924,750.9701146174732
2025-10-19,0.01371111162975236,0.0,1.2762326706055163,-0.24881444482575887,2276.2326706055164,750.9701146174732
2025-10-20,0.017347508246904342,0.0,1.3157196356307184,-0.24881444482575887,2315.7196356307186,750.9701146174732
2025-10-21,-0.02006157333355052,0.0,1.2692626563405698,-0.24881444482575887,2269.2626563405697,750.9701146174732
2025-10-22,-0.006666746725516037,0.0,1.2541340569570756,-0.24881444482575887,2254.1340569570757,750.9701146174732
2025-10-23,0.023192166052895757,0.0,1.3064123083115118,-0.24881444482575887,2306.412308311512,750.9701146174732
2025-10-24,0.008538898568428044,0.0,1.3261065290691576,-0.24881444482575887,2326.1065290691577,750.9701146174732
2025-10-25,0.005623374493310518,0.0,1.3391870971934483,-0.24881444482575887,2339.187097193448,750.9701146174732
2025-10-26,0.026063407456263787,0.0,1.400154283624036,-0.24881444482575887,2400.154283624036,750.9701146174732
2025-10-27,-0.0037878457053323045,0.0,1.3910628695286755,-0.24881444482575887,2391.0628695286755,750.9701146174732
2025-10-28,-0.007889423578496757,0.0,1.3721987617481477,-0.24881444482575887,2372.1987617481477,750.9701146174732
2025-10-29,-0.028088388377242923,0.0,1.305567521620151,-0.24881444482575887,2305.567521620151,750.9701146174732
2025-10-30,-0.015657504255102483,0.0,1.2694680883399574,-0.24881444482575887,2269.4680883399574,750.9701146174732
2025-10-31,0.011950472689318259,0.0,1.2965893047489434,-0.24881444482575887,2296.5893047489435,750.9701146174732
2025-11-01,0.004471632652502278,0.0,1.3068588084734465,-0.24881444482575887,2306.8588084734465,750.9701146174732
2025-11-02,0.004068254349042899,0.0,1.3162436968536464,-0.24881444482575887,2316.2436968536463,750.9701146174732
2025-11-03,-0.035756401426672135,0.0,1.2334231574269485,-0.24881444482575887,2233.4231574269484,750.9701146174732
2025-11-04,-0.0478084171797567,0.0,1.1266467313777517,-0.24881444482575887,2126.6467313777516,750.9701146174732
2025-11-05,0.023525805246509934,0.0,1.1766778082082716,-0.24881444482575887,2176.6778082082715,750.9701146174732
2025-11-06,-0.024378593372304636,0.0,1.1236134650194427,-0.24881444482575887,2123.6134650194426,750.9701146174732
2025-11-07,0.019738296797018107,0.0,1.1655299778741406,-0.24881444482575887,2165.5299778741405,750.9701146174732
2025-11-08,-0.010027568796149633,0.0,1.1438149770408832,-0.24881444482575887,2143.814977040883,750.9701146174732
2025-11-09,0.02348016462418334,0.0,1.194152105625593,-0.24881444482575887,2194.152105625593,750.9701146174732
2025-11-10,0.012378834171199893,0.0,1.2213131506875214,-0.24881444482575887,2221.3131506875216,750.9701146174732
2025-11-11,-0.027938127499025578,0.0,1.1592538206683511,-0.24881444482575887,2159.253820668351,750.9701146174732
2025-11-12,-0.013591467664927581,0.0,1.129906392184366,-0.24881444482575887,2129.906392184366,750.9701146174732
2025-11-13,-0.019206580726690792,0.0,1.0889981731225822,-0.24881444482575887,2088.998173122582,750.9701146174732
2025-11-14,-0.05127124469290345,0.0,0.981892636625386,-0.24881444482575887,1981.8926366253859,750.9701146174732
2025-11-15,0.010739870685779973,0.0,1.003177907255842,-0.24881444482575887,2003.177907255842,750.9701146174732
2025-11-16,-0.014007909142185637,0.0,0.9751175731353685,-0.24881444482575887,1975.1175731353685,750.9701146174732
2025-11-17,-0.021778422592672375,0.0,0.9321026279574129,-0.24881444482575887,1932.102627957413,750.9701146174732
2025-11-18,0.008106785635626501,0.0,0.9477657697882944,-0.24881444482575887,1947.7657697882944,750.9701146174732
2025-11-19,-0.015153325175506271,0.0,0.9182506417129721,-0.24881444482575887,1918.250641712972,750.9701146174732
2025-11-20,-0.053629756231361014,0.0,0.8153753274072535,-0.24881444482575887,1815.3753274072535,750.9701146174732
2025-11-21,-0.017410824086936394,0.0,0.7837681469300013,-0.24881444482575887,1783.7681469300012,750.9701146174732
2025-11-22,-0.004748893863808723,0.0,0.7752972213225879,-0.24881444482575887,1775.297221322588,750.9701146174732
2025-11-23,0.02501257536362278,0.0,0.8197019768637492,-0.24881444482575887,1819.7019768637492,750.9701146174732
2025-11-24,0.01658147837115842,0.0,0.8498753258350698,-0.24881444482575887,1849.8753258350698,750.9701146174732
2025-11-25,-0.010459267216713086,0.0,0.8305269854845565,-0.24881444482575887,1830.5269854845565,750.9701146174732
2025-11-26,0.03566025873727874,0.0,0.8958040514125067,-0.24881444482575887,1895.8040514125069,750.9701146174732
2025-11-27,0.009444028567605844,0.0,0.9137080790326293,-0.24881444482575887,1913.7080790326293,750.9701146174732
2025-11-28,-0.0023956044437530855,0.0,0.9091235914544527,-0.24881444482575887,1909.1235914544527,750.9701146174732
2025-11-29,-0.0033873739342399345,0.0,0.9026566759635173,-0.24881444482575887,1902.6566759635173,750.9701146174732
2025-11-30,-0.004896160414256556,0.0,0.8933409636647438,-0.24881444482575887,1893.3409636647439,750.9701146174732
2025-12-01,-0.04516134746669087,0.0,0.8078351345317609,-0.24881444482575887,1807.835134531761,750.9701146174732
2025-12-02,0.05806362590675507,0.0,0.9128045974843013,-0.24881444482575887,1912.8045974843012,750.9701146174732
2025-12-03,0.027280269065667273,0.0,0.9649864215737185,-0.24881444482575887,1964.9864215737184,750.9701146174732
2025-12-04,-0.018175048859378817,0.0,0.9292726973536003,-0.24881444482575887,1929.2726973536003,750.9701146174732
2025-12-05,-0.03411539343312908,0.0,0.863454800243588,-0.24881444482575887,1863.454800243588,750.9701146174732
2025-12-06,0.0033995201074528136,0.0,0.8697896523063455,-0.24881444482575887,1869.7896523063455,750.9701146174732
2025-12-07,0.012873736926424684,0.0,0.8938608323978885,-0.24881444482575887,1893.8608323978885,750.9701146174732
2025-12-08,0.002937614975416558,0.0,0.8994242663404954,-0.24881444482575887,1899.4242663404955,750.9701146174732
2025-12-09,0.02237702348947357,0.0,0.9419277277648728,-0.24881444482575887,1941.9277277648728,750.9701146174732
2025-12-10,-0.007134190573239496,0.0,0.9280736452755403,-0.24881444482575887,1928.0736452755402,750.9701146174732
2025-12-11,0.0054361120926313955,0.0,0.9385548697341066,-0.24881444482575887,1938.5548697341067,750.9701146174732
2025-12-12,-0.02682490335487009,0.0,0.8865533227053763,-0.24881444482575887,1886.5533227053763,750.9701146174732
2025-12-13,0.0021611879533494083,0.0,0.8906305190197585,-0.24881444482575887,1890.6305190197586,750.9701146174732
2025-12-14,-0.022978934775305326,0.0,0.8471858436390018,-0.24881444482575887,1847.1858436390019,750.9701146174732
2025-12-15,-0.019620103769002806,0.0,0.8109438657061716,-0.24881444482575887,1810.9438657061717,750.9701146174732
2025-12-16,0.016626943658923254,0.0,0.8410543273307407,-0.24881444482575887,1841.0543273307408,750.9701146174732
2025-12-17,-0.01849901453209346,0.0,0.8069966365750758,-0.24881444482575887,1806.9966365750759,750.9701146174732
2025-12-18,-0.008490561660108531,0.0,0.7916542202126264,-0.24881444482575887,1791.6542202126263,750.9701146174732
2025-12-19,0.01938113740892966,0.0,0.826378516843856,-0.24881444482575887,1826.378516843856,750.9701146174732
2025-12-20,0.01371114544189922,0.0,0.8514202583202624,-0.24881444482575887,1851.4202583202623,750.9701146174732
2025-12-21,0.003402369543754169,0.0,0.8577194742198606,-0.24881444482575887,1857.7194742198606,750.9701146174732
2025-12-22,-0.0004491019653288797,0.0,0.8568851687529588,-0.24881444482575887,1856.8851687529589,750.9701146174732
2025-12-23,-0.012626790018231748,0.0,0.8334386696391465,-0.24881444482575887,1833.4386696391464,750.9701146174732
2025-12-24,0.00570526965688356,0.0,0.8438989316487957,-0.24881444482575887,1843.8989316487957,750.9701146174732
2025-12-25,-0.00885837066005768,0.0,0.8275649914525662,-0.24881444482575887,1827.5649914525663,750.9701146174732
2025-12-26,-0.00414187202062799,0.0,0.8199954511485896,-0.24881444482575887,1819.9954511485896,750.9701146174732
2025-12-27,0.011606545368266108,0.0,0.8411193109223836,-0.24881444482575887,1841.1193109223836,750.9701146174732
2025-12-28,0.0010372381002261566,0.0,0.8430289900187344,-0.24881444482575887,1843.0289900187345,750.9701146174732
2025-12-29,-0.008157369441711526,0.0,0.8279947216553671,-0.24881444482575887,1827.9947216553671,750.9701146174732
2025-12-30,0.014357254828659016,0.0,0.8542397076996169,-0.24881444482575887,1854.239707699617,750.9701146174732
2025-12-31,-0.009576588401147279,0.0,0.8364824172219141,-0.24881444482575887,1836.4824172219141,750.9701146174732
2026-01-01,0.013603749420716404,0.0,0.8614654638413526,-0.24881444482575887,1861.4654638413526,750.9701146174732
2026-01-02,0.015257882882882878,0.0,0.8898674858791753,-0.24881444482575887,1889.8674858791753,750.9701146174732
2026-01-03,0.0048904718434605865,0.0,0.899109829606739,-0.24881444482575887,1899.109829606739,750.9701146174732
2026-01-04,0.009948584812982553,0.0,0.9180032848157504,-0.24881444482575887,1918.0032848157505,750.9701146174732
2026-01-05,0.025413920222608022,0.0,0.966747267282758,-0.24881444482575887,1966.747267282758,750.9701146174732
2026-01-06,-0.0012193250225958074,0.0,0.9643491631266381,-0.24881444482575887,1964.3491631266381,750.9701146174732
2026-01-07,-0.025398044990822544,0.0,0.9144585347038632,-0.24881444482575887,1914.4585347038633,750.9701146174732
2026-01-08,-0.0029366678346181008,0.0,0.9088364059042882,-0.24881444482575887,1908.836405904288,750.9701146174732
2026-01-09,-0.0031572658846165114,0.0,0.9028097018406125,-0.24881444482575887,1902.8097018406124,750.9701146174732
2026-01-10,-0.0033347177497980995,0.0,0.8964643685533966,-0.24881444482575887,1896.4643685533965,750.9701146174732
2026-01-11,0.005469240496254857,0.0,0.9068365882775933,-0.24881444482575887,1906.8365882775934,750.9701146174732
2026-01-12,0.0031682724230579495,0.0,0.9128779660555111,-0.24881444482575887,1912.877966055511,750.9701146174732
2026-01-13,0.04517789082174084,0.0,0.9992977579612807,-0.24881444482575887,1999.2977579612807,750.9701146174732
2026-01-14,0.016070215318028103,0.0,1.0314269034165693,-0.24881444482575887,2031.4269034165693,750.9701146174732
2026-01-15,-0.01136130284527892,0.0,1.0083472471588064,-0.24881444482575887,2008.3472471588063,750.9701146174732
2026-01-16,-0.003164698993496251,0.0,1.0019914326471318,-0.24881444482575887,2001.9914326471317,750.9701146174732
2026-01-17,-0.0041443420516692475,0.0,0.9936944953657307,-0.24881444482575887,1993.6944953657307,750.9701146174732
2026-01-18,-0.01570742283238291,0.0,0.962378692928427,-0.24881444482575887,1962.378692928427,750.9701146174732
2026-01-19,-0.010942807699703017,0.0,0.9409047602577167,-0.24881444482575887,1940.9047602577168,750.9701146174732
2026-01-20,-0.04535066573351654,0.0,0.8528834372546781,-0.24881444482575887,1852.883437254678,750.9701146174732
2026-01-21,0.02184960844252659,0.0,0.8933682148483355,-0.24881444482575887,1893.3682148483356,750.9701146174732
2026-01-22,-0.008894852743354553,0.0,0.8765269833883116,-0.24881444482575887,1876.5269833883117,750.9701146174732
2026-01-23,0.0046895334483934015,0.0,0.8853270194437239,-0.24881444482575887,1885.3270194437239,750.9701146174732
2026-01-24,-0.008423552591054206,0.0,0.8694458681441042,-0.24881444482575887,1869.4458681441042,750.9701146174732
2026-01-25,-0.028613814423972928,0.0,0.8159538909973658,-0.24881444482575887,1815.9538909973658,750.9701146174732
2026-01-26,0.019297255303946104,0.0,0.8509968168521362,-0.24881444482575887,1850.9968168521361,750.9701146174732
2026-01-27,0.010160746359594297,0.0,0.8698043260205872,-0.24881444482575887,1869.8043260205873,750.9701146174732
2026-01-28,0.000716385381702267,0.0,0.871143826506392,-0.24881444482575887,1871.143826506392,750.9701146174732
2026-01-29,-0.05217243229739066,0.0,0.7735217018993068,-0.24881444482575887,1773.521701899307,750.9701146174732
2026-01-30,-0.004648677910328858,0.0,0.7652771707401986,-0.24881444482575887,1765.2771707401987,750.9701146174732
2026-01-31,-0.07239993635066033,0.0,0.6374712159373346,-0.24881444482575887,1637.4712159373346,750.9701146174732
2026-02-01,-0.015144435412119406,0.0,0.612672638868367,-0.24881444482575887,1612.672638868367,750.9701146174732
2026-02-02,0.022890493490962838,0.0,0.6495875114114371,-0.24881444482575887,1649.5875114114372,750.9701146174732
2026-02-03,-0.03761603710645878,0.0,0.5875365663718335,-0.24881444482575887,1587.5365663718335,750.9701146174732
2026-02-04,-0.034265387073432296,0.0,0.533139011431875,-0.24881444482575887,1533.1390114318751,750.9701146174732
2026-02-05,-0.14041106191907282,0.0,0.31786933476716794,-0.24881444482575887,1317.8693347671679,750.9701146174732
2026-02-06,0.1221032606361574,0.0,0.47878547763464274,-0.24881444482575887,1478.7854776346428,750.9701146174732
2026-02-07,-0.018290582540098854,0.0,0.4517376297968667,-0.24881444482575887,1451.7376297968667,750.9701146174732
2026-02-08,0.014929058454216548,0.0,0.4734107057322898,-0.24881444482575887,1473.41070573229,750.9701146174732
2026-02-09,-0.0025267435028121232,0.0,0.4696877748046069,-0.24881444482575887,1469.687774804607,750.9701146174732
2026-02-10,-0.018616327083675,0.0,0.4423275864779659,-0.24881444482575887,1442.327586477966,750.9701146174732
2026-02-11,-0.025447167587380748,0.0,0.4056244346689586,-0.24881444482575887,1405.6244346689587,750.9701146174732
2026-02-12,-0.012099131451478007,0.0,0.38861759986248945,-0.24881444482575887,1388.6175998624894,750.9701146174732
2026-02-13,0.038923299181348625,0.0,0.44266717815042345,-0.24881444482575887,1442.6671781504235,750.9701146174732
2026-02-14,0.014151101036739888,0.0,0.46308250715081845,-0.24881444482575887,1463.0825071508184,750.9701146174732
2026-02-15,-0.014306100402032174,0.0,0.4421515019070619,-0.24881444482575887,1442.1515019070619,750.9701146174732
2026-02-16,0.0009535313364410491,0.0,0.4435266385560257,-0.24881444482575887,1443.5266385560258,750.9701146174732
2026-02-17,-0.02013577781811593,0.0,0.41446010688752977,-0.24881444482575887,1414.4601068875297,750.9701146174732
2026-02-18,-0.015607053777718982,0.0,0.3923845519328979,-0.24881444482575887,1392.384551932898,750.9701146174732
2026-02-19,0.008298355383994593,0.0,0.40393905377602124,-0.24881444482575887,1403.9390537760212,750.9701146174732
2026-02-20,0.009078149729745855,0.0,0.4166842227176377,-0.24881444482575887,1416.6842227176378,750.9701146174732
2026-02-21,0.01137876949483596,0.0,0.43280434593491246,-0.24881444482575887,1432.8043459349124,750.9701146174732
2026-02-22,-0.010789893344647528,0.0,0.4173445398585274,-0.24881444482575887,1417.3445398585275,750.9701146174732
2026-02-23,-0.04418792105126934,0.0,0.3547150312288112,-0.24881444482575887,1354.7150312288113,750.9701146174732
2026-02-24,-0.009199112428782352,0.0,0.3422528553475759,-0.24881444482575887,1342.2528553475759,750.9701146174732
2026-02-25,0.06123880039917973,0.0,0.42445081004143503,-0.24881444482575887,1424.450810041435,750.9701146174732
2026-02-26,-0.007421360509179298,0.0,0.4138794470525251,-0.24881444482575887,1413.8794470525252,750.9701146174732
2026-02-27,-0.023902787620722177,0.0,0.38008378690832445,-0.24881444482575887,1380.0837869083246,750.9701146174732
2026-02-28,0.016724892156267268,0.0,0.4031655394109792,-0.24881444482575887,1403.1655394109791,750.9701146174732
2026-03-01,-0.017734559758340374,0.0,0.3782810163014514,-0.24881444482575887,1378.2810163014515,750.9701146174732
2026-03-02,0.046415209125475254,0.0,0.4422542179067559,-0.24881444482575887,1442.254217906756,750.9701146174732
2026-03-03,-0.0073617260013546515,0.0,0.43163673753022835,-0.24881444482575887,1431.6367375302284,750.9701146174732
2026-03-04,0.06363688277231372,0.0,0.5227416367689772,-0.24881444482575887,1522.7416367689773,750.9701146174732
2026-03-05,-0.024594790298644975,0.0,0.4852901255336288,-0.24881444482575887,1485.2901255336287,750.9701146174732
2026-03-06,-0.039119438626599834,0.0,0.4271864096251212,-0.24881444482575887,1427.1864096251213,750.9701146174732
2026-03-07,-0.012497980406268705,0.0,0.4093494618415334,-0.24881444482575887,1409.3494618415334,750.9701146174732
2026-03-08,-0.01930327923715014,0.0,0.3821443956368791,-0.24881444482575887,1382.1443956368792,750.9701146174732
2026-03-09,0.03730683422740522,0.0,0.4337078274832413,-0.24881444482575887,1433.7078274832413,750.9701146174732
2026-03-10,0.02204576125718427,0.0,0.4653150079604933,-0.24881444482575887,1465.3150079604934,750.9701146174732
2026-03-11,0.0035492597483044452,0.0,0.47051579153683387,-0.24881444482575887,1470.5157915368338,750.9701146174732
2026-03-12,0.00470563079116193,0.0,0.4774354959243794,-0.24881444482575887,1477.4354959243794,750.9701146174732
2026-03-13,0.008271838433827394,0.0,0.4896566036430676,-0.24881444482575887,1489.6566036430677,750.9701146174732
2026-03-14,0.0015662136889607048,0.0,0.49198972420754417,-0.24881444482575887,1491.9897242075442,750.9701146174732
2026-03-15,0.02254321778617041,0.0,0.5256239734950832,-0.24881444482575887,1525.6239734950832,750.9701146174732
2026-03-16,0.028407958900175778,0.0,0.5689638366312544,-0.24881444482575887,1568.9638366312545,750.9701146174732
2026-03-17,-0.013013317941811486,0.0,0.5485464113859675,-0.24881444482575887,1548.5464113859675,750.9701146174732
2026-03-18,-0.036136635604095746,0.0,0.4925871540016826,-0.24881444482575887,1492.5871540016826,750.9701146174732
2026-03-19,-0.018475371087413595,0.0,0.465011052451195,-0.24881444482575887,1465.011052451195,750.9701146174732
2026-03-20,0.0018930450982581615,0.0,0.4677843844429317,-0.24881444482575887,1467.7843844429317,750.9701146174732
2026-03-21,-0.016255425258891343,0.0,0.4439249250854518,-0.24881444482575887,1443.9249250854518,750.9701146174732
2026-03-22,-0.015256636397290912,0.0,0.42189548751843753,-0.24881444482575887,1421.8954875184374,750.9701146174732
2026-03-23,0.04732229996491255,0.0,0.48918285229754055,-0.24881444482575887,1489.1828522975406,750.9701146174732
2026-03-24,-0.007271908277672656,0.0,0.47835365118694995,-0.24881444482575887,1478.35365118695,750.9701146174732
2026-03-25,0.010969330964396562,0.0,0.4945702016692437,-0.24881444482575887,1494.5702016692437,750.9701146174732
2026-03-26,-0.0351975875731968,0.0,0.4419649361117002,-0.24881444482575887,1441.9649361117001,750.9701146174732
2026-03-27,-0.04337965924289122,0.0,0.3794129885429771,-0.24881444482575887,1379.412988542977,750.9701146174732
2026-03-28,0.008066378943529351,0.0,0.390539856428191,-0.24881444482575887,1390.539856428191,750.9701146174732
2026-03-29,-0.005380283049018164,0.0,0.3830583584096663,-0.24881444482575887,1383.0583584096662,750.9701146174732
2026-03-30,0.011920658281030505,0.0,0.39954532448299096,-0.24881444482575887,1399.545324482991,750.9701146174732
2026-03-31,0.022124066119069585,0.0,0.4305089577784873,-0.24881444482575887,1430.5089577784872,750.9701146174732
2026-04-01,-0.002271345149212678,0.0,0.4272597781963319,-0.24881444482575887,1427.2597781963318,750.9701146174732
2026-04-02,-0.017889008834350406,0.0,0.40172751541526464,-0.24881444482575887,1401.7275154152646,750.9701146174732
2026-04-03,0.0009197155611386787,0.0,0.40301670602366824,-0.24881444482575887,1403.0167060236683,750.9701146174732
2026-04-04,0.005094875242791064,0.0,0.4101649011044104,-0.24881444482575887,1410.1649011044103,750.9701146174732
2026-04-05,0.02567079425012264,0.0,0.44636495413940636,-0.24881444482575887,1446.3649541394063,750.9701146174732
2026-04-06,-0.0026087750496753825,0.0,0.4425917133343227,-0.24881444482575887,1442.5917133343228,750.9701146174732
2026-04-07,0.03868179645121406,0.0,0.498393752351729,-0.24881444482575887,1498.393752351729,750.9701146174732
2026-04-08,-0.006180758506936779,0.0,0.48913254242014004,-0.24881444482575887,1489.13254242014,750.9701146174732
2026-04-09,0.016779728061420585,0.0,0.5141197815293619,-0.24881444482575887,1514.119781529362,750.9701146174732
2026-04-10,0.012821524544476492,0.0,0.533533105471518,-0.24881444482575887,1533.533105471518,750.9701146174732
2026-04-11,-0.0019519876647502432,0.0,0.5305396677661514,-0.24881444482575887,1530.5396677661513,750.9701146174732
2026-04-12,-0.03153256799436799,0.0,0.4822778216242378,-0.24881444482575887,1482.2778216242377,750.9701146174732
2026-04-13,0.05499560889308741,0.0,0.5637965929731821,-0.24881444482575887,1563.796592973182,750.9701146174732
2026-04-14,-0.006608587947168787,0.0,0.5534621056570359,-0.24881444482575887,1553.4621056570359,750.9701146174732
2026-04-15,0.009031547669650308,0.0,0.5674922727172729,-0.24881444482575887,1567.492272717273,750.9701146174732
2026-04-16,0.004421192839432875,0.0,0.5744224583292767,-0.24881444482575887,1574.4224583292767,750.9701146174732
2026-04-17,0.0256141920571773,0.0,0.6147500175560561,-0.24881444482575887,1614.750017556056,750.9701146174732
2026-04-18,-0.01787341653836272,0.0,0.5858889178869482,-0.24881444482575887,1585.888917886948,750.9701146174732
2026-04-19,-0.025053599422633188,0.0,0.5461566922094154,-0.24881444482575887,1546.1566922094155,750.9701146174732
2026-04-20,0.02754533720905017,0.0,0.5887460996743534,-0.24881444482575887,1588.7460996743534,750.9701146174732
2026-04-21,0.00657209846668616,0.0,0.599187495479977,-0.24881444482575887,1599.1874954799769,750.9701146174732
2026-04-22,0.02427111925566483,0.0,0.6380015658949394,-0.24881444482575887,1638.0015658949394,750.9701146174732
2026-04-23,0.000985413323300044,0.0,0.6396156744615586,-0.24881444482575887,1639.6156744615587,750.9701146174732
2026-04-24,-0.010501580223174711,0.0,0.6223971189210258,-0.24881444482575887,1622.3971189210258,750.9701146174732
2026-04-25,0.002449757995953261,0.0,0.6263715992357142,-0.24881444482575887,1626.3715992357143,750.9701146174732
2026-04-26,0.013256428433331191,0.0,0.6479314779469849,-0.24881444482575887,1647.9314779469848,750.9701146174732
2026-04-27,-0.016311447779325472,0.0,0.621051329700546,-0.24881444482575887,1621.051329700546,750.9701146174732
2026-04-28,-0.013359420259869137,0.0,0.5993950237242567,-0.24881444482575887,1599.3950237242566,750.9701146174732
2026-04-29,-0.007184975772660307,0.0,0.5879034092278845,-0.24881444482575887,1587.9034092278846,750.9701146174732
2026-04-30,0.00733334301431432,0.0,0.5995480496013517,-0.24881444482575887,1599.5480496013517,750.9701146174732
2026-05-01,0.020184678934911604,0.0,0.631834413423519,-0.24881444482575887,1631.834413423519,750.9701146174732
2026-05-02,0.01041035074557839,0.0,0.6488223820259631,-0.24881444482575887,1648.8223820259632,750.9701146174732
2026-05-03,-0.0015891985353946314,0.0,0.6462020759113216,-0.24881444482575887,1646.2020759113216,750.9701146174732
2026-05-04,0.016431727598018586,0.0,0.6732520199939891,-0.24881444482575887,1673.252019993989,750.9701146174732
2026-05-05,0.013203226202497254,0.0,0.6953443449077552,-0.24881444482575887,1695.3443449077552,750.9701146174732
2026-05-06,0.006434597460534874,0.0,0.7062532033242308,-0.24881444482575887,1706.2532033242308,750.9701146174732
2026-05-07,-0.017402639205756576,0.0,0.6765598944331128,-0.24881444482575887,1676.5598944331127,750.9701146174732
2026-05-08,0.0021655630463919273,0.0,0.6801905905855599,-0.24881444482575887,1680.19059058556,750.9701146174732
2026-05-09,0.005978610746528057,0.0,0.6902357961066501,-0.24881444482575887,1690.23579610665,750.9701146174732
2026-05-10,0.019238115081432028,0.0,0.7227527468669057,-0.24881444482575887,1722.7527468669057,750.9701146174732
2026-05-11,-0.005916079763648829,0.0,0.712560804203396,-0.24881444482575887,1712.560804203396,750.9701146174732
2026-05-12,-0.015134044746048292,0.0,0.6866428323622533,-0.24881444482575887,1686.6428323622533,750.9701146174732
2026-05-13,-0.014566207889117888,0.0,0.662074842231374,-0.24881444482575887,1662.074842231374,750.9701146174732
2026-05-14,0.022346326439495412,0.0,0.6992161092227491,-0.24881444482575887,1699.216109222749,750.9701146174732
2026-05-15,-0.024396743153219935,0.0,0.6577607702442281,-0.24881444482575887,1657.760770244228,750.9701146174732
2026-05-16,-0.012335235147137635,0.0,0.6373119013255655,-0.24881444482575887,1637.3119013255655,750.9701146174732
2026-05-17,-0.00885837230769615,0.0,0.6228079829198017,-0.24881444482575887,1622.8079829198016,750.9701146174732
2026-05-18,-0.005848995672673274,0.0,0.6133161860501242,-0.24881444482575887,1613.316186050124,750.9701146174732
2026-05-19,-0.002107528111202628,0.0,0.6099160768357654,-0.24881444482575887,1609.9160768357654,750.9701146174732
2026-05-20,0.009274739583333469,0.0,0.6248476291994389,-0.24881444482575887,1624.8476291994389,750.9701146174732
2026-05-21,0.000912113303307871,0.0,0.6263296743378799,-0.24881444482575887,1626.3296743378799,750.9701146174732
2026-05-22,-0.0267365273320187,0.0,0.582847266549072,-0.24881444482575887,1582.847266549072,750.9701146174732
2026-05-23,0.01589883020102323,0.0,0.6080126864740896,-0.24881444482575887,1608.0126864740896,750.9701146174732
2026-05-24,0.004180724085246501,0.0,0.6147353438418137,-0.24881444482575887,1614.7353438418138,750.9701146174732
2026-05-25,0.0032896316884742927,0.0,0.6200472283974152,-0.24881444482575887,1620.0472283974152,750.9701146174732
2026-05-26,-0.017922371327311448,0.0,0.591012140402295,-0.24881444482575887,1591.012140402295,750.9701146174732
2026-05-27,-0.019553823410831783,0.0,0.5599017699643789,-0.24881444482575887,1559.901769964379,750.9701146174732
2026-05-28,-0.008381476091224749,0.0,0.5468274905747632,-0.24881444482575887,1546.8274905747633,750.9701146174732
2026-05-29,-0.006106485396474182,0.0,0.5373818110927036,-0.24881444482575887,1537.3818110927036,750.9701146174732
2026-05-30,0.006956659276409205,0.0,0.5480768525302244,-0.24881444482575887,1548.0768525302244,750.9701146174732
2026-05-31,-0.0027203791469193606,0.0,0.5438654965427727,-0.24881444482575887,1543.8654965427727,750.9701146174732
2026-06-01,-0.03067790373541579,0.0,0.4965029394594036,-0.24881444482575887,1496.5029394594037,750.9701146174732
2026-06-02,-0.06537497706251727,0.0,0.39866909411825535,-0.24881444482575887,1398.6690941182553,750.9701146174732
2026-06-03,-0.03904673978532014,0.0,0.3440556259544505,-0.24881444482575887,1344.0556259544505,750.9701146174732
2026-06-04,-0.0042032337606231485,0.0,0.3384062459712833,-0.24881444482575887,1338.4062459712834,750.9701146174732
2026-06-05,-0.04420825776299275,0.0,0.2792376376577854,-0.24881444482575887,1279.2376376577854,750.9701146174732
2026-06-06,-0.002884054456191887,0.0,0.2755482466483701,-0.24881444482575887,1275.54824664837,750.9701146174732
2026-06-07,0.040408090821243414,0.0,0.3270907160458152,-0.24881444482575887,1327.0907160458153,750.9701146174732
2026-06-08,-0.0038873444114487787,0.0,0.3219318573673089,-0.24881444482575887,1321.9318573673088,750.9701146174732
2026-06-09,-0.021624784537097708,0.0,0.2933453657790155,-0.24881444482575887,1293.3453657790155,750.9701146174732
2026-06-10,-0.003612747211425793,0.0,0.28867283591538695,-0.24881444482575887,1288.672835915387,750.9701146174732
2026-06-11,0.03451142166040677,0.0,0.3331467675379751,-0.24881444482575887,1333.1467675379752,750.9701146174732
2026-06-12,-0.0008648220274887208,0.0,0.3319938328475329,-0.24881444482575887,1331.993832847533,750.9701146174732
2026-06-13,0.013773588765837896,0.0,0.35034016813980706,-0.24881444482575887,1350.340168139807,750.9701146174732
2026-06-14,0.0198798145212995,0.0,0.3771846802230867,-0.24881444482575887,1377.1846802230866,750.9701146174732
2026-06-15,0.009058155764966047,0.0,0.3896594335736723,-0.24881444482575887,1389.6594335736722,750.9701146174732
2026-06-16,-0.009715987256534775,0.0,0.3761575202261471,-0.24881444482575887,1376.1575202261472,750.9701146174732
2026-06-17,-0.017933333028681386,0.0,0.35147842911600735,-0.24881444482575887,1351.4784291160074,750.9701146174732
2026-06-18,-0.024050974540648973,0.0,0.31897405582510197,-0.24881444482575887,1318.974055825102,750.9701146174732
2026-06-19,0.009372099528295763,0.0,0.3313356119515347,-0.24881444482575887,1331.3356119515347,750.9701146174732
2026-06-20,0.01182796545453102,0.0,0.3470826035780843,-0.24881444482575887,1347.0826035780842,750.9701146174732
2026-06-21,-0.015293713051475422,0.0,0.3264807087823267,-0.24881444482575887,1326.4807087823267,750.9701146174732
2026-06-22,0.011300765342001862,0.0,0.34147095600296806,-0.24881444482575887,1341.470956002968,750.9701146174732
2026-06-23,-0.020198768634559494,0.0,0.31437489453268275,-0.24881444482575887,1314.3748945326827,750.9701146174732
2026-06-24,-0.02633752994351002,0.0,0.27975750639093033,-0.24881444482575887,1279.7575063909303,750.9701146174732
2026-06-25,-0.021012285012285026,0.0,0.25286687692003285,-0.24881444482575887,1252.8668769200328,750.9701146174732
2026-06-26,-0.001301717329906582,0.0,0.25123599839428,-0.24881444482575887,1251.23599839428,750.9701146174732
2026-06-27,0.005146642452428685,0.0,0.257675662701623,-0.24881444482575887,1257.675662701623,750.9701146174732
2026-06-28,-0.00746208951840599,0.0,0.24829077432142288,-0.24881444482575887,1248.290774321423,750.9701146174732
2026-06-29,0.011461168888090345,0.0,0.26259764570736577,-0.24881444482575887,1262.5976457073657,750.9701146174732
2026-06-30,-0.02701912955700847,0.0,0.22848335633962447,-0.24881444482575887,1228.4833563396244,750.9701146174732
2026-07-01,0.023875503378608887,0.0,0.25781401486447586,-0.24881444482575887,1257.814014864476,750.9701146174732
2026-07-02,0.025563636606047657,0.0,0.2899683152584651,-0.24881444482575887,1289.968315258465,750.9701146174732
2026-07-03,0.016507115219924318,0.0,0.3112619708684883,-0.24881444482575887,1311.2619708684883,750.9701146174732
2026-07-04,0.009054736071389291,0.0,0.32313510193515227,-0.24881444482575887,1323.1351019351523,750.9701146174732
2026-07-05,0.00782961788232761,0.0,0.33349474418999914,-0.24881444482575887,1333.4947441899992,750.9701146174732
2026-07-06,0.006476612668694592,0.0,0.3421312731438577,-0.24881444482575887,1342.1312731438577,750.9701146174732
2026-07-07,-0.010726975970511754,0.0,0.32773426322757127,-0.24881444482575887,1327.7342632275713,750.9701146174732
2026-07-08,-0.017130127394468175,0.0,0.3049900061524826,-0.24881444482575887,1304.9900061524827,750.9701146174732
2026-07-09,0.015149300362869988,0.0,0.3247596917262301,-0.24881444482575887,1324.7596917262301,750.9701146174732
2026-07-10,0.00976315256468685,0.0,0.3376935227081008,-0.24881444482575887,1337.6935227081008,750.9701146174732
2026-07-11,-0.0005280989378473322,0.0,0.33698708817959333,-0.24881444482575887,1336.9870881795932,750.9701146174732
2026-07-12,-0.0004703661486890054,0.0,0.3363582147120794,-0.24881444482575887,1336.3582147120794,750.9701146174732
2026-07-13,-0.022541141111935503,0.0,0.30623517561816027,-0.24881444482575887,1306.2351756181604,750.9701146174732
2026-07-14,0.04327982398564667,0.0,0.36276880410277457,-0.24881444482575887,1362.7688041027745,750.9701146174732
2026-07-15,-0.004383940932164321,0.0,0.35679450616139174,-0.24881444482575887,1356.7945061613918,750.9701146174732
2026-07-16,-0.014354577056778672,0.0,0.337318294872484,-0.24881444482575887,1337.318294872484,750.9701146174732
2026-07-17,-0.003688324798302167,0.0,0.33238583064228266,-0.24881444482575887,1332.3858306422826,750.9701146174732
2026-07-18,0.019537260504148835,0.0,0.3584169997075777,-0.24881444482575887,1358.4169997075776,750.9701146174732
2026-07-19,-0.0015801883880843803,0.0,0.35627044493846327,-0.24881444482575887,1356.2704449384632,750.9701146174732
2026-07-20,0.008100463678516245,0.0,0.3672568644159324,-0.24881444482575887,1367.2568644159323,750.9701146174732
2026-07-21,0.01986535651699306,0.0,0.39441790947786104,-0.24881444482575887,1394.417909477861,750.9701146174732
2026-07-22,-0.006599538783941039,0.0,0.38521539440323993,-0.24881444482575887,1385.21539440324,750.9701146174732
2026-07-23,-0.015356956937567334,0.0,0.3639427012421341,-0.24881444482575887,1363.942701242134,750.9701146174732
2026-07-24,-0.014523714382319475,0.0,0.34413318701544404,-0.24881444482575887,1344.133187015444,750.9701146174732
