reshuffle_final,reshuffle_mdd,bootstrap_final,bootstrap_mdd,block_final,block_mdd
7586.437336915339,-0.008304660148884313,7670.235211073626,-0.010564918037150428,8208.439181088223,-0.022833104729315656
7586.437336915336,-0.01215590226937513,9076.100104087824,-0.009449711282610962,5977.798033936741,-0.02445796895862462
7586.437336915311,-0.013014551262807483,6788.071956169494,-0.008952597226716819,7423.324854971841,-0.024457968958624177
7586.437336915343,-0.012083642784645576,8412.533515508936,-0.009643830673959242,8294.206188743803,-0.014135246798214096
7586.437336915335,-0.01732390232213643,7709.702139133163,-0.011098817961167073,7340.726186516932,-0.014135246798214207
7586.437336915324,-0.009866740426809573,7136.382992840161,-0.013376907549726313,6262.1574636909145,-0.02445796895862462
7586.437336915334,-0.009768856939559867,7224.564857002559,-0.009854414015907365,7877.387401369181,-0.013913603044398926
7586.437336915328,-0.010800114002916583,6681.966462826467,-0.009102140222443711,7761.022923328904,-0.012146374058882636
7586.437336915326,-0.01483891198619347,7315.516567625996,-0.010998744034273145,7265.063003541359,-0.015634126604537335
7586.437336915333,-0.00996635300289006,7569.601849855331,-0.00865478789059071,7816.384244032094,-0.025291551873388496
7586.437336915318,-0.01037551844475293,6566.102849467148,-0.014642121406954978,7749.4540391392375,-0.01282779601854167
7586.437336915307,-0.012733559489983226,8583.582225325832,-0.008780128239469831,6779.241235241808,-0.02164807314740458
7586.437336915313,-0.01048654373593838,6888.566999737033,-0.011915731570896537,9190.195409539549,-0.014834550820079229
7586.4373369153145,-0.013486705370242769,7503.682904052732,-0.009905757096110857,6526.231340102405,-0.020541513099299413
7586.437336915305,-0.012495355705724687,7414.416942247041,-0.009819870121850371,8072.6849790677525,-0.011803969618155108
7586.437336915317,-0.012250015557857319,6561.668055476533,-0.011916175813217245,7766.516629238941,-0.012146374058882747
7586.437336915299,-0.010358343189382335,7603.758717970243,-0.010247448920587265,7900.328240346489,-0.018053896067898534
7586.437336915321,-0.01810116134919959,7541.123542205814,-0.008102454035492812,7284.932360184559,-0.022833104729315434
7586.437336915346,-0.016484430920975846,7823.616134623221,-0.009104469024885375,7471.337804889077,-0.012146374058882636
7586.437336915324,-0.009734413915422069,6722.4331018504845,-0.012651647293513535,7360.84710051389,-0.022833104729315323
7586.43733691534,-0.013424698296040316,7828.659596974748,-0.012508572232914905,7587.6821129584105,-0.01774376714903747
7586.437336915335,-0.01259187722559496,8083.314303741179,-0.008038497020391167,7591.333632141654,-0.012350632964152286
7586.437336915292,-0.01406089422533574,7788.178895862839,-0.00967712081262928,7435.108598267075,-0.017203802729197415
7586.4373369153,-0.008836514473573476,8144.097469048708,-0.012311860620912829,8000.291632671929,-0.012146374058882747
7586.437336915334,-0.013372345985457001,6255.618596616916,-0.009642040800380558,7112.027796852635,-0.024457968958624843
7586.437336915327,-0.013192078383432282,7232.0608711918585,-0.011345609610590834,8150.876885958061,-0.01249357353042202
7586.437336915322,-0.012195236837944878,8423.533072066612,-0.013235268603584704,6846.473670282685,-0.021530124049493504
7586.43733691532,-0.00979406209005984,7232.2341489688815,-0.014276647120435748,5954.659794685016,-0.02340982393561064
7586.437336915331,-0.009934623761572281,7870.752481748438,-0.010421879729230143,6882.455213177123,-0.017203802729197526
7586.437336915343,-0.010206251205616135,7240.380528665726,-0.011696887081863339,8778.310523111762,-0.017203802729197526
7586.4373369153445,-0.010006810507060204,7740.347175467473,-0.009873682556524654,8606.214740219466,-0.012146374058882636
7586.437336915326,-0.013958175975699927,6745.608477281323,-0.013308760062785252,7392.842346670022,-0.020562642075490967
7586.437336915304,-0.011369320274830508,7722.318964196274,-0.009372704565452694,6813.657398412044,-0.014265919380092473
7586.437336915334,-0.009838110010587098,8189.989678865126,-0.010834850032170551,7408.036896945562,-0.01774376714903747
7586.437336915327,-0.015899665073610736,7718.628605526145,-0.014024537253126912,7966.766825007124,-0.02371900181720099
7586.437336915336,-0.011415898321472495,8154.031259644096,-0.009447448386364132,7035.722611055047,-0.02471053521954847
7586.437336915312,-0.01087652990980037,8940.900330170325,-0.01209797596601958,7795.110258635983,-0.015662812172786977
7586.4373369153045,-0.010278766470667056,7514.144199266345,-0.011264141574440223,7236.109861363199,-0.010693146104418072
7586.437336915338,-0.012690172571436786,6707.223903600227,-0.01066470515757001,7420.590611597994,-0.027037347463624628
7586.437336915315,-0.011855342414821113,7497.981412920109,-0.01081344741529533,7301.546634145578,-0.02445796895862451
7586.43733691535,-0.010886004156080542,8109.971138764049,-0.009089636812707469,7430.105406850226,-0.02934182696480714
7586.437336915334,-0.010964048538486315,8109.947387412373,-0.009166299529851596,7403.723510841948,-0.01876061248316596
7586.4373369153145,-0.01580067817961739,6859.6613473793095,-0.008703399990674487,8267.485492950887,-0.022833104729315434
7586.437336915327,-0.007564567951747425,7045.91891850891,-0.018619091174761127,7051.372727027329,-0.023327966022027802
7586.437336915316,-0.00978771146887314,6809.178550487657,-0.012512425650446413,7156.734909366989,-0.025004593938527275
7586.437336915312,-0.01229095647381595,7463.123272719112,-0.009747640638621324,7322.139146922332,-0.013552992703336875
7586.437336915341,-0.010596947936673429,7903.821593898473,-0.010768694430212666,7578.044683540689,-0.013133195058233071
7586.437336915313,-0.010564284564043014,6849.488322056186,-0.011620660786887727,6448.682899055743,-0.015634126604537224
7586.437336915315,-0.008902329537833875,7328.036854182205,-0.015136338096791269,8117.418012696775,-0.021664520330584747
7586.437336915349,-0.015915558946002606,7142.446820839502,-0.010159536140591618,8263.92719667145,-0.01672550408698803
7586.437336915314,-0.009257385385508465,6834.782885789323,-0.011873661609433928,6282.724991883112,-0.018448563946129704
7586.437336915327,-0.011927039958627872,9150.005700030237,-0.009934457291077337,7671.435219986865,-0.025096978808101356
7586.437336915337,-0.008701102331488686,7698.691563913427,-0.009449966644396346,6425.273160515738,-0.010631102178652041
7586.437336915307,-0.011464167392200908,8486.144042193106,-0.009565547860514556,8455.599724428735,-0.014135246798214096
7586.437336915321,-0.007981476153733125,7185.445957308319,-0.012852643541233055,8239.577828494661,-0.017721216636663373
7586.437336915326,-0.014256939618380038,7932.652303379768,-0.011430413414556861,6469.970318324005,-0.02445796895862451
7586.437336915322,-0.01106626864889404,7113.349313659243,-0.015773997288498376,6757.23586630316,-0.01946534836439573
7586.437336915334,-0.013508575318848304,7657.310520853343,-0.007583548933052575,7684.90303882041,-0.016156075719866214
7586.43733691534,-0.008551571306314565,7778.580676726712,-0.012596983998785616,7828.269763132932,-0.01565927369863751
7586.4373369153345,-0.009398595133491505,7739.392655786226,-0.009171273518672973,7031.368386070269,-0.015634126604537002
7586.437336915324,-0.008745530153277059,8354.157554961117,-0.009182570679305613,7188.11814769208,-0.014135246798214318
7586.437336915324,-0.011718093991418543,6381.431837940708,-0.011283159186750158,7996.3464487305655,-0.016109930182514165
7586.437336915313,-0.01064167955224915,6837.086344999263,-0.011637601165456424,7153.893066094411,-0.021287436939078086
7586.43733691532,-0.013940136291583749,8472.741704172693,-0.00739179271042778,7457.466402562094,-0.012146374058882747
7586.437336915313,-0.015536725677098073,8331.340690998586,-0.009849570597976642,6752.383467703222,-0.0244579689586244
7586.437336915334,-0.011182140753477565,7596.109726585374,-0.01157043917556444,7520.243051405489,-0.014135246798214096
7586.437336915338,-0.013167534515802215,6437.8094724587945,-0.009443985888613504,5686.108767166311,-0.02446862092947566
7586.4373369153345,-0.009991439207377328,8046.31453215436,-0.010070131419881556,6727.657905428256,-0.015634126604537113
7586.437336915311,-0.013621779056106842,8218.043582249522,-0.009318181956649796,6000.432360264356,-0.026018640663605264
7586.437336915317,-0.009831564821318417,7412.87644918649,-0.01215174174846767,9602.283068833192,-0.014545571452153072
7586.437336915332,-0.012211627264352098,7701.300305676887,-0.011245855603550292,6521.0539155499255,-0.03205185324527038
7586.4373369153245,-0.008722950049655731,8123.198349132347,-0.010618110292830774,7376.979989333622,-0.02445796895862462
7586.437336915298,-0.011931900367790571,8557.136217027948,-0.011018170059013843,8829.448667881705,-0.01180396961815533
7586.437336915345,-0.014392339128821985,7936.582864610929,-0.009936068628847994,7772.153833147302,-0.022833104729315323
7586.437336915312,-0.012877226841620293,8147.777157157244,-0.00947814709319772,6858.313565133649,-0.021124261973472946
7586.437336915308,-0.015181078425109074,7529.408689656341,-0.014637287852511727,6705.553754896041,-0.019851136721177
7586.43733691531,-0.015286113148000657,7124.140828982474,-0.010370164543226812,8985.300949330862,-0.013584897576428667
7586.4373369153,-0.008722744676577854,7244.338098267104,-0.00993945314688105,6970.902009400462,-0.01897045266895825
7586.437336915324,-0.01036222566629219,8643.904653836953,-0.015321489296398205,5933.333181144158,-0.022499139560346992
7586.437336915326,-0.012383615735912068,6117.556456545657,-0.009633610825549588,7290.144752447122,-0.017743767149037692
7586.437336915331,-0.01206462006795539,6539.988196140928,-0.011728545258935075,6220.672916039663,-0.022833104729315434
7586.437336915338,-0.010798156746346432,7428.596946725152,-0.01338035015680672,7606.437938532526,-0.014135246798214318
7586.437336915315,-0.009440817945716495,7265.590022531999,-0.008786119814614413,6984.365183337391,-0.012231109785769911
7586.437336915307,-0.015101402778136874,8353.547870963373,-0.009145223992408358,7114.241726480869,-0.012146374058882414
7586.437336915313,-0.010812658589030022,8916.390602979927,-0.010763033137523137,7479.645221569319,-0.01180757059907589
7586.437336915292,-0.009228671988178783,8029.323814463276,-0.008545063951222898,5656.754733943874,-0.026404054582062852
7586.437336915338,-0.009903690056459857,7555.163894778467,-0.009201289123518586,7113.629082219452,-0.014458441423915058
7586.437336915322,-0.01642724468814949,8036.757734932331,-0.009466269394979965,6750.166441409366,-0.016036001162676894
7586.4373369153245,-0.012688986787837697,6262.7915095691305,-0.012067153187076074,6519.6258469484765,-0.0244579689586244
7586.437336915314,-0.008463946658628152,7103.94805918969,-0.012038246706145284,7152.289060679197,-0.020541513099299746
7586.437336915351,-0.011140510677290827,8028.602464664055,-0.017765531891710595,8254.527094334855,-0.012146374058882636
7586.437336915313,-0.008369343815052499,6743.478538239816,-0.014380585934641532,5915.2008286019445,-0.014684424955545783
7586.437336915329,-0.009631573222457224,7784.970926908291,-0.00948866236892898,8568.909487385623,-0.0280218295782817
7586.437336915295,-0.010529814875473442,7421.788396750406,-0.010061443436502726,6912.121770546355,-0.02445796895862462
7586.437336915317,-0.011007223981227887,7338.088973457575,-0.008877936583782664,7816.486677463434,-0.02445796895862462
7586.437336915317,-0.010450939262979908,8437.167104900063,-0.009833430124455478,8678.05031155578,-0.012146374058882858
7586.437336915297,-0.011616204216215897,7229.89073492641,-0.010232567746701893,7728.011477058753,-0.013341524864368237
7586.437336915319,-0.012822190830929947,6811.947167584069,-0.018528857097977136,7788.546142808314,-0.012700569688647745
7586.437336915319,-0.012584890211028044,7450.334049585112,-0.011131403367396708,6795.43237975955,-0.017273099168365613
7586.437336915315,-0.00952361342265673,8857.676577141796,-0.009560546830816974,6634.037970432512,-0.014152995964693882
7586.437336915324,-0.010474290575676282,7711.003393465146,-0.012019731742193618,6051.2434627043785,-0.012146374058882858
7586.437336915321,-0.0133067872825825,7688.873250501045,-0.011805729159463652,6945.052285984024,-0.017144646878194836
7586.4373369153345,-0.014651726763695527,7950.79847697427,-0.010427335764309875,6202.608423363297,-0.01774376714903758
7586.437336915312,-0.010619796918245772,8022.5848160149435,-0.012629812939483176,7672.480511153149,-0.011803969618154997
7586.437336915311,-0.011795787087050091,8297.620915471936,-0.009747226671116604,7572.766772920122,-0.013913603044398926
7586.437336915322,-0.009253980828879849,9278.205085231797,-0.0064333997169440105,5996.276552202658,-0.02445796895862462
7586.437336915335,-0.011793728714098783,7676.941261826078,-0.010548497898224873,8625.672570445324,-0.011803969618155108
7586.437336915342,-0.009802200623545865,7802.541248366976,-0.011681538378657819,6161.013930512093,-0.024457968958623955
7586.437336915306,-0.011194856605638792,8374.409673351818,-0.009069256055004526,6935.700269294651,-0.017203802729197193
7586.437336915326,-0.012991361555234171,8363.79246590404,-0.012543383112256556,7701.946070174382,-0.024417018784722244
7586.437336915326,-0.01189499152054152,7229.498690564821,-0.010172460388112148,7416.773079292051,-0.017203802729197193
7586.4373369153345,-0.013158618077008466,7078.038465529414,-0.014664638236649319,7726.0689078066,-0.012146374058882747
7586.437336915308,-0.016638467689311875,6938.617733064002,-0.012888804533549791,6118.941565289007,-0.01876061248316563
7586.437336915322,-0.014984799334637033,7360.192995757989,-0.010251798141510893,7249.955007597515,-0.016156075719866103
7586.437336915313,-0.010361457056648926,8158.8498130875405,-0.009245068335404172,7558.857723137481,-0.024457968958624288
7586.437336915306,-0.01085156960851752,7897.424059037738,-0.01228576767693601,8368.01548576459,-0.012146374058882747
7586.437336915324,-0.011415865327633168,7799.845778534899,-0.009933722413009605,7182.885500683687,-0.013578338461493256
7586.437336915321,-0.013878440284649574,7753.559053385368,-0.011822565200388713,7603.004939909409,-0.03210301132091997
7586.437336915324,-0.01000643813470059,8207.392649685386,-0.010463092221695502,7664.917627318557,-0.02172239633361195
7586.437336915323,-0.011248245540640855,7675.733086400194,-0.014226116007305167,7453.357086681058,-0.026690959361055255
7586.4373369153345,-0.010469511054557734,7339.059341413038,-0.0114811100298986,7638.10945839266,-0.012146374058882858
7586.43733691532,-0.008203490006854608,9114.828931094862,-0.010668359471568079,6895.343872215619,-0.0201256079299188
7586.437336915323,-0.011722384946775133,7575.584526609844,-0.00995551013657714,7534.108228948593,-0.027675701673573916
7586.437336915327,-0.010921354653314674,7407.255461755996,-0.011495312088836585,6508.584803105542,-0.0483177456716678
7586.437336915339,-0.009648364016728195,6807.396859055822,-0.013807264799742258,8434.282492538818,-0.013146391033638238
7586.437336915313,-0.008642980707584846,7806.184591249209,-0.008591723372943894,8357.39815537071,-0.013552992703336764
7586.437336915333,-0.012679936311720374,6732.261061346235,-0.01229372270204887,7563.658724260568,-0.023412561301541235
7586.437336915336,-0.012591569931261759,6436.934586731518,-0.014368241195517384,7709.699296773277,-0.013752403770667665
7586.437336915323,-0.011753733333373595,6845.774277113912,-0.00910871587532358,7221.965979114095,-0.013676157950366141
7586.437336915324,-0.008455325505563716,8005.113974926569,-0.012305793845502233,7235.45783513724,-0.013913603044399037
7586.437336915319,-0.011106843459757543,5990.820003425733,-0.011312099604071868,6140.855244437674,-0.02696919160470357
7586.437336915332,-0.011491890404263239,7493.221390757915,-0.015210683715143669,7323.4115547003385,-0.02445796895862462
7586.437336915332,-0.011933923033811467,8141.908082573447,-0.015002337035678881,7748.379281521156,-0.01413524679821454
7586.43733691535,-0.009920943225093182,7538.2659595186005,-0.00925856932466329,6367.622979586574,-0.02522823643732086
7586.437336915316,-0.010928357241765774,8447.122778691764,-0.010010381375997413,7367.947878826722,-0.01774376714903747
7586.437336915327,-0.008919498794256464,6793.555879134022,-0.010912473354471985,7594.753296721576,-0.01615607571986588
7586.437336915301,-0.010009462568103422,6864.396661362023,-0.009440916349364836,8453.134517771934,-0.013693678537628928
7586.437336915323,-0.010397042993285144,7735.310466146569,-0.012822940614699463,6483.824466489607,-0.015136714677718155
7586.437336915316,-0.010362895214547252,8142.633188129959,-0.009811768114319941,6309.808622616217,-0.023258494759158088
7586.437336915318,-0.011260043062127578,7561.1645638200625,-0.008774465598688885,6807.148657032662,-0.02445796895862451
7586.43733691531,-0.01220251329603228,8018.806354028547,-0.008768965183893251,7563.164715839274,-0.021124261973472835
7586.437336915289,-0.01053985224639975,7677.534820361369,-0.009679093658960358,8945.13375472495,-0.012058467616846591
7586.437336915317,-0.00927806082299898,7564.237071244296,-0.011241271139566744,8228.268522277807,-0.01720380272919697
7586.437336915324,-0.010122347067446524,6206.130395105063,-0.013228391531725725,5615.244644764848,-0.02445796895862462
7586.437336915304,-0.01029135547020521,7803.7579993372,-0.007261861201954489,6223.095542403332,-0.02026221887531976
7586.437336915315,-0.01614547911530273,8729.124115184602,-0.008438867481999401,7672.426439738344,-0.02595589855263214
7586.437336915322,-0.008447790137201316,7612.025029228507,-0.011604078372950077,7107.62918686015,-0.014020209259587357
7586.437336915316,-0.010413680372862277,8196.819084112052,-0.008771654406630747,7481.683927700736,-0.017671432476152216
7586.437336915339,-0.00968353992352633,8193.062466175843,-0.015171339399132955,6649.694419566036,-0.012146374058882747
7586.437336915305,-0.009638635180588273,7212.018818984978,-0.01088707416308754,6511.800127365444,-0.019916226803996517
7586.437336915315,-0.013818154565874319,7745.011317935043,-0.015253697544234779,7612.910420023912,-0.017743767149037692
7586.437336915305,-0.011431048206561711,7561.789394310012,-0.013767751631748149,7394.386617747928,-0.021124261973472724
7586.437336915323,-0.01645427153172563,8164.043811975568,-0.010097896683879282,8444.37881653082,-0.012146374058882747
7586.437336915328,-0.013113366489519773,7274.136739827545,-0.010672283123302928,7061.007386877337,-0.01383243954657598
7586.437336915325,-0.011281941848761634,6203.9374643676665,-0.012132589041494612,6779.631730731735,-0.023957251849801242
7586.437336915305,-0.00924607147275891,7644.63587865909,-0.011231069817740358,6604.072415292373,-0.02634355532094279
7586.437336915319,-0.010985331485541594,6724.474045842803,-0.011545537810012552,6727.599938109833,-0.01918091875776251
7586.437336915298,-0.010370241981937367,6894.296488035915,-0.010253191627918268,8146.025054519219,-0.017588835936123037
7586.437336915315,-0.01269349046520063,6771.423643879694,-0.018595887031689462,7714.596478556198,-0.022438713370281693
7586.4373369153045,-0.007904720239830909,7762.67291281541,-0.00918793920767691,6821.803474093683,-0.02445796895862462
7586.437336915305,-0.012239446235624118,6861.189196128019,-0.011414303600240538,9016.196011393344,-0.011803969618155108
7586.43733691533,-0.011623836610675453,8623.323858918036,-0.017175374732256055,7601.151535081239,-0.022499139560347436
7586.437336915332,-0.01639476626154679,8137.964278886942,-0.011818897325644784,8137.993710637209,-0.015346675917457642
7586.437336915329,-0.00896644321748552,7871.988560110238,-0.010610530324365652,7024.689172673618,-0.011803969618155219
7586.437336915324,-0.009870419089286542,8263.94072221033,-0.008235494462957016,7466.089810103481,-0.020541513099299635
7586.437336915328,-0.010477215539599127,7435.033302901587,-0.008091252627719703,7366.333866554024,-0.01480407136043993
7586.437336915318,-0.010428280588053784,7243.205713245703,-0.018403523307007563,6342.05833178024,-0.02555810957215998
7586.437336915315,-0.013660222009236778,7445.783413294928,-0.009100351224478498,8019.502543542677,-0.013552992703336986
7586.437336915332,-0.011896124931785601,7637.2948778487325,-0.013703559127628107,7037.38779172336,-0.01765850414613046
7586.437336915358,-0.00997237892418057,8013.418464357546,-0.008401673618142591,5857.312376388524,-0.015634126604537335
7586.437336915315,-0.009604354755951894,7280.4565153207905,-0.009869383510805574,7274.869352383795,-0.013913603044399148
7586.437336915303,-0.010758863809642083,6762.535320801181,-0.014728528253967865,6323.08722278495,-0.0244579689586244
7586.437336915313,-0.013698513042896598,6943.442973311227,-0.01207194276372714,6614.501929450159,-0.022956698740767445
7586.437336915311,-0.00844468791338937,7232.183451877643,-0.0116071274203281,8238.225196081637,-0.026321653356286112
7586.437336915326,-0.010131514123918328,7050.40626506423,-0.013381543779742211,6964.429662138855,-0.02445796895862462
7586.4373369153045,-0.00906320175279618,8688.950498751858,-0.011653819213398142,7553.360949914967,-0.02269295207825961
7586.4373369153245,-0.012405364537336427,7335.866622291231,-0.01412104460236252,7149.1618133344955,-0.022833104729315323
7586.4373369153045,-0.00962422494115689,8163.518450630018,-0.010642246351871942,8192.61267087761,-0.020021191144855455
7586.437336915295,-0.011592358398956448,8270.34106643498,-0.011464012486558484,6859.938037157966,-0.021143949149442287
7586.437336915332,-0.009864008789543854,6897.382049394321,-0.013328861790654845,6098.103143384522,-0.03630726737781498
7586.437336915339,-0.009865936380588969,7133.47632838854,-0.014672502535902576,7598.929176112911,-0.02464676574088942
7586.437336915324,-0.011795042588770954,6350.633803732969,-0.009880147405986528,6885.727303700289,-0.017133884244747377
7586.437336915336,-0.011546591035098475,7584.610618363765,-0.01171564911524059,7433.533082215646,-0.01474648119343136
7586.4373369153045,-0.010747052891753262,7979.419001869043,-0.01099801494751762,7678.561126859517,-0.024457968958624732
7586.437336915327,-0.008593474707188187,8643.550101186174,-0.01097411822161476,9052.460907346505,-0.014135246798214207
7586.437336915343,-0.011079965086672638,7890.202724602188,-0.014064000150086242,7533.382241334941,-0.014135246798213985
7586.437336915327,-0.010631531102928249,7094.192240421178,-0.008663589636149993,7742.691490664568,-0.013552992703336986
7586.437336915311,-0.010282851664130566,7411.073686706086,-0.012260417863485418,6941.790087667534,-0.02057385998854444
7586.437336915321,-0.00824761444924249,7475.235104435473,-0.010357638904102684,7385.8256465325985,-0.01774953053622852
7586.43733691532,-0.011253336080963239,7286.079950368113,-0.01102183878009777,6743.726682091719,-0.024457968958624288
7586.437336915312,-0.010079756415301122,9028.139481617747,-0.010185494801792871,8218.826629467056,-0.012146374058882636
7586.437336915335,-0.011087656882520447,7690.635125114245,-0.010468085127795068,7063.568068664773,-0.03310048545152511
7586.4373369153,-0.010200735938506678,7422.005932644582,-0.00941122234694669,7497.175329357952,-0.015662588285098922
7586.437336915312,-0.009857452399681166,8569.035236120802,-0.012013481073225973,7423.509884206155,-0.014135246798214318
7586.437336915324,-0.008426481545298015,9027.891114597347,-0.011257971982249537,7556.638302708816,-0.0244579689586244
7586.437336915335,-0.010462665595239673,8149.241947761901,-0.010367664520130826,8172.86076287357,-0.014318734150249535
7586.437336915324,-0.010909523979530933,7503.244123479425,-0.010933177332700938,6890.324515704452,-0.015634126604537335
7586.437336915334,-0.009672897638499656,6560.908618944968,-0.010127881797535765,7048.983769270653,-0.013790931266420503
7586.437336915316,-0.01161105647471583,7646.139891473382,-0.011437456660978729,8814.089204410973,-0.02414301775089056
7586.437336915306,-0.0114772178530258,7694.4640339464795,-0.010405961233413197,7441.912927050509,-0.012146374058882858
7586.4373369153045,-0.008401405784645877,7536.315611547985,-0.011704474817874178,7821.508473316225,-0.020501223548359593
7586.4373369153145,-0.009217087300405935,7390.34576328788,-0.010114914334937386,8088.444919335437,-0.017269439663222363
7586.437336915326,-0.009388730680946034,6928.325008224798,-0.01208832434167384,6886.949061555876,-0.010006150983927542
7586.437336915346,-0.010690013984638314,6777.863750949912,-0.010890194730266645,6466.978250226753,-0.01774376714903736
7586.437336915339,-0.010223056129336938,6768.448760268497,-0.01297593857849233,6977.362918512589,-0.016785672745143754
7586.437336915322,-0.009232903362819456,7389.798059827642,-0.014820881046009537,7520.2512965449505,-0.008850711824200164
7586.437336915314,-0.010188795283373353,8435.265742112917,-0.01006955370535001,8030.51910222157,-0.017190102490188375
7586.437336915328,-0.010898469202312522,6403.482490666401,-0.013313843198644704,6649.202156066137,-0.024457968958624843
7586.437336915305,-0.009525098518613384,6351.303682191085,-0.013321932350547794,7013.575063293102,-0.019465348364396062
7586.4373369153245,-0.01072748119722089,7319.1325723392265,-0.012127074244081326,6572.671172786491,-0.024457968958624288
7586.437336915326,-0.0147100068266246,7913.351784757162,-0.009986654988570098,7056.915523448815,-0.014135246798214318
7586.437336915322,-0.00870689632434063,7639.606479519039,-0.011391580328156459,7010.338035785066,-0.024629323371592737
7586.437336915328,-0.013521300097618982,7718.239860091485,-0.010758095090677822,7240.746208227849,-0.027185166379108505
7586.437336915319,-0.011684083034875559,7490.593623802045,-0.010967260905242138,8292.697397511001,-0.011803969618155108
7586.437336915333,-0.009930292722584944,7349.568382797027,-0.011737751816102038,7909.048555462988,-0.011803969618155108
7586.437336915327,-0.014448954320698482,7477.811193396272,-0.011137390777511857,7977.930753200604,-0.015634126604537002
7586.437336915304,-0.012400638691942745,8100.991792241433,-0.010485474276465734,7368.800340674968,-0.01722732896339263
7586.437336915322,-0.009605559141960152,7300.144563518316,-0.010001372696211486,7185.9934615370585,-0.014031336177678377
7586.437336915326,-0.010586429915398599,8329.621187072265,-0.011644402532509424,8797.727497929745,-0.012155075850939445
7586.437336915315,-0.010705598220203116,6950.954423586666,-0.01388542079841859,7511.742394495649,-0.01681824904977347
7586.4373369153345,-0.011273347018140978,6975.2944630671645,-0.009609502202795106,8015.025303132204,-0.015493962093160674
7586.437336915313,-0.017401162452916563,7640.469817290772,-0.008640952567693705,7186.156836722058,-0.020541513099299635
7586.437336915325,-0.009804219389542124,7619.802691531406,-0.00931119567084926,8619.258869399608,-0.014545571452153072
7586.43733691532,-0.010944251514214742,6511.04629985959,-0.010433757673153243,8685.593785508272,-0.012146374058882858
7586.437336915331,-0.011376700756461577,7176.599067800224,-0.012561937943392443,8233.72052825874,-0.01946534836439584
7586.43733691533,-0.012015617672268775,7423.3633635416345,-0.011807701269651139,8256.567460688222,-0.01214637405888308
7586.437336915305,-0.00989728684237412,7679.8868387121,-0.008766098365729613,6691.163971263468,-0.024457968958624732
7586.4373369153245,-0.010954041660350522,8241.440953663616,-0.009873282291830487,6753.867556415706,-0.012146374058882636
7586.437336915329,-0.01340401646872691,7156.7836972334735,-0.010197695441135135,7150.575764324279,-0.022656862998626126
7586.43733691531,-0.0081635162769923,8254.942656251184,-0.008973042414144317,6881.472205512138,-0.027900549938319474
7586.437336915323,-0.013432139282492872,7665.373031108871,-0.008382689810390587,8690.092444910544,-0.012146374058882747
7586.4373369153045,-0.010740136607244044,8303.559973744348,-0.009076370390387889,9093.202458379594,-0.01840674072094861
7586.437336915324,-0.011296059980366646,7666.030441940958,-0.012708823849941209,6904.50954209656,-0.016156075719865992
7586.437336915311,-0.008786537148153362,8347.380471031567,-0.008707252980822866,8009.946005945477,-0.013335594414705554
7586.437336915338,-0.013178707196940365,7384.095104840441,-0.01278667666587796,8097.797694546171,-0.020541513099299524
7586.437336915318,-0.009172215939593276,7425.717112896023,-0.011606572835113127,6174.4497503339235,-0.024457968958624066
7586.437336915315,-0.009888272978299528,6808.193926984116,-0.009900114705358454,7864.036472433926,-0.024457968958624177
7586.43733691532,-0.01766509333689459,7700.9976048694425,-0.011675454941134866,8511.768277336381,-0.01180396961815533
7586.43733691532,-0.01039485733798362,6912.3832178250905,-0.010303418139158582,7416.598126193262,-0.016938326465245734
7586.437336915322,-0.010157224292301925,7553.83944204387,-0.01045298384365767,8093.756334983562,-0.02249913956034688
7586.43733691533,-0.010839743607040653,7810.128370400224,-0.010652051382643468,8632.072723388319,-0.01063232882371512
7586.437336915321,-0.00955700689860417,8654.07155989949,-0.009275203831624612,9640.005561219028,-0.012146374058882858
7586.437336915341,-0.012930036419808388,7506.271900965272,-0.009686604246804897,7036.813660220943,-0.01546840216992984
7586.43733691531,-0.01211566495224714,7283.081642924728,-0.01101836935883238,7120.338206132865,-0.024457968958624732
7586.437336915339,-0.009577611591382817,8040.767105185266,-0.012374871955508016,6931.733528400552,-0.02727409416583837
7586.437336915321,-0.012858488890305941,7881.567176714994,-0.011539052807447825,6854.719268377352,-0.012146374058882858
7586.437336915327,-0.012123914051075935,8319.007415339069,-0.01263542120999761,6102.19826396743,-0.02474464223106676
7586.437336915304,-0.013525214452309586,7238.413090480653,-0.010898435491764946,6661.5162878788415,-0.02369498675809434
7586.43733691533,-0.00793763911157852,6676.828998459839,-0.010741734862637298,7277.775016079505,-0.011803969618154997
7586.43733691533,-0.013809489022407528,7232.530418703432,-0.015561843869693393,8392.005936367992,-0.011803969618155108
7586.4373369153345,-0.013468872378534447,6600.652581853998,-0.010039565272880857,8042.590587594783,-0.01774376714903747
7586.437336915328,-0.010847530452440579,7292.709317789107,-0.010087694842380257,6227.772960321791,-0.03789313203091782
7586.4373369153045,-0.012236660485144601,7067.125302995476,-0.014467283328774894,8816.448261067035,-0.023274275434710612
7586.437336915329,-0.010555217289724417,6729.143807021776,-0.012008889457752692,8511.052558044701,-0.013196187193182718
7586.437336915336,-0.009039424906272187,7537.717557241052,-0.008118418927324567,8183.1293273394695,-0.017391593435371555
7586.4373369153045,-0.009670074585761634,7106.875277458864,-0.012021370612994131,7250.454078968774,-0.012146374058882858
7586.437336915328,-0.007943772435288765,6765.548718741826,-0.01309972314615615,7752.171270668159,-0.015634126604537113
7586.4373369153345,-0.010104690175401165,6550.8763418104,-0.010646192213435435,7730.549713810369,-0.009910090667000548
7586.437336915313,-0.011986132783279535,7806.906871215893,-0.011416728911288976,7183.060915002557,-0.015634126604537224
7586.4373369153345,-0.009844775717698595,6861.962106256521,-0.014119846706099226,7695.074492230829,-0.012146374058882525
7586.437336915313,-0.013190696502398569,7300.812939774816,-0.013979700679523699,6438.583197729663,-0.016279661941827173
7586.437336915345,-0.009233617587258824,8082.733308185485,-0.010284703632763015,8071.57151667215,-0.011803969618155108
7586.437336915312,-0.011796814283911217,6694.332345517775,-0.009926631037020184,5532.341107439735,-0.02445796895862451
7586.437336915312,-0.008320948824167007,7464.101370141542,-0.018415787720496124,6506.5212785250205,-0.013552992703336764
7586.43733691533,-0.01283246003887284,7338.491304303442,-0.00927250903240695,6929.861605725245,-0.024457968958624954
7586.437336915351,-0.008059318494709089,6983.61458992013,-0.013861538886242308,7312.014436159115,-0.011803969618155219
7586.437336915338,-0.010359722870917132,7596.555400019193,-0.011559857566054488,7456.738276142441,-0.022876812795311507
7586.437336915279,-0.008078787790754549,7372.591677771787,-0.012588112547287533,6955.391848401926,-0.014545571452152628
7586.437336915321,-0.010066012373031175,7333.998333134262,-0.010677581785130008,7007.5457521411,-0.013552992703336875
7586.437336915338,-0.01067094376076172,7979.313581064481,-0.010406615685473075,8188.610063122226,-0.01180396961815533
7586.437336915306,-0.008132661475738323,8139.353927623652,-0.0101459620101636,9354.231149215535,-0.02043019474683383
7586.437336915292,-0.009990749293119716,7080.178059481265,-0.013524878711327015,8127.497532869044,-0.024457968958624732
7586.4373369153,-0.014416020509432581,6762.5174534420075,-0.012411256455861608,7350.79583494379,-0.020541513099299746
7586.437336915318,-0.011462945602571106,8117.956819243729,-0.00911718149676366,7412.877348138249,-0.01180396961815533
7586.437336915313,-0.010130606491761784,7016.6529241620465,-0.012540636113292813,7502.239071728441,-0.024105193040517836
7586.437336915338,-0.015001196192670485,7872.631597668103,-0.009375047801945535,7275.098178206174,-0.02445796895862451
7586.437336915342,-0.009409258767768991,7040.103405584541,-0.01102274843779183,6178.847400964392,-0.014400066449458793
7586.437336915317,-0.010879056382304464,8646.04375064758,-0.010798367168471268,8320.212677175048,-0.022833104729315323
7586.43733691532,-0.015428945079504985,8060.6138795502775,-0.008509548367284792,6539.273943755466,-0.0160277373517842
7586.437336915314,-0.009586634739843225,7103.5085236432105,-0.013069229364071067,8272.777571110742,-0.013913603044398926
7586.437336915332,-0.011219970318041339,7544.0258797179895,-0.01033493537911545,6971.079814387967,-0.015634126604537335
7586.43733691532,-0.010795409491074714,6989.327508916616,-0.011775448454510173,7197.336001326417,-0.011803969618155219
7586.437336915319,-0.012672465370763608,7072.685328272478,-0.011019940398940498,8046.096502599678,-0.013552992703336986
7586.437336915342,-0.009453938307208087,8560.74652160334,-0.011422234008044763,7789.9481703274805,-0.021124261973472835
7586.437336915331,-0.008035990335702348,6702.820215480098,-0.010012777760780134,6725.379293038727,-0.01646609075653993
7586.437336915319,-0.010340154663340928,7538.226280612526,-0.009056259578657633,7025.376201116996,-0.01946534836439595
7586.437336915335,-0.012781381422807603,6794.004817519683,-0.01431517080292033,5411.323141258646,-0.02588747770721722
7586.437336915325,-0.011534412185755016,7380.084342996946,-0.008220182428757772,8641.82763608357,-0.011803969618155108
7586.437336915337,-0.010401278239413392,7944.917777926338,-0.009345882977367492,8615.400242055784,-0.016889318242840123
7586.437336915329,-0.013205076254068082,7467.307286885875,-0.010545475859743969,7988.7612393047275,-0.010325927990008754
7586.43733691532,-0.01122111361204381,9205.224874953448,-0.010771752798188872,7907.530938595557,-0.013579437311457498
7586.437336915323,-0.011738576296072334,7775.340443669877,-0.013489862346671155,8038.650104877415,-0.020541513099299524
7586.437336915311,-0.011858114041585766,7094.593625404017,-0.009537069606803894,8484.209109948117,-0.01876061248316585
7586.437336915314,-0.01057566449436309,7247.976856237738,-0.010405982569282268,7927.060835662146,-0.011803969618155108
7586.437336915318,-0.008735557440345265,8385.499897907395,-0.011219529220709124,8989.05440398353,-0.02445796895862451
7586.4373369152945,-0.012892722764988762,9533.554359961014,-0.009691597948339736,7585.756350946676,-0.015484933582518123
7586.43733691533,-0.0089075888672413,8493.947154430116,-0.00978559556016978,7756.990186222096,-0.01876061248316585
7586.437336915317,-0.009858641872257157,7981.412146788059,-0.01218498561068182,7335.512276041559,-0.01445728698307902
7586.437336915322,-0.013320307073374393,8306.210896184495,-0.009329097413362852,8697.111641048723,-0.00991009066700066
7586.4373369153145,-0.012336011411851144,6700.346749970413,-0.021867863448069125,8494.783826130475,-0.01454557145215285
7586.437336915324,-0.012615836039701067,6897.577328713316,-0.011441578159582022,6647.2976069568285,-0.016156075719865992
7586.437336915313,-0.01313971954011639,8295.346831892237,-0.01183254340195028,7821.146759677619,-0.01214637405888297
7586.437336915321,-0.01039936688573484,8715.645964276426,-0.011069051418615805,9274.993907503696,-0.013552992703336875
7586.43733691534,-0.01002086150101833,7448.910700203356,-0.010933286719157609,7498.454814361538,-0.019508857271576363
7586.437336915323,-0.012271456052211582,7471.465247779773,-0.01152628052182536,6591.787764596921,-0.021124261973473057
7586.437336915348,-0.010134270556167557,8546.625159426752,-0.009259107424203883,6807.14866598991,-0.013552992703336875
7586.4373369153345,-0.009406171297840382,6949.3533075531195,-0.00977963695889672,8281.343631825888,-0.014039928336939123
7586.437336915341,-0.009852108828919848,8749.410405409479,-0.010777988409773953,7206.393254903271,-0.020541513099299857
7586.43733691532,-0.012330202465516527,7981.9893704130745,-0.008662886512127765,4707.99950536047,-0.027445830753087264
7586.437336915304,-0.014624266690425936,6812.922929368122,-0.008424387550592716,7500.574093822043,-0.012146374058882858
7586.437336915321,-0.008928349904471111,6137.335072832267,-0.013320681213090158,7812.380748661484,-0.011803969618155108
7586.437336915319,-0.009990040027317515,8783.188683417053,-0.010563583613248717,6872.044697628012,-0.02006669252895965
7586.437336915337,-0.01037351841170231,7127.743928736007,-0.0124497672585685,6703.793683644664,-0.02587898519509535
7586.437336915302,-0.010850290383732974,8106.600885003631,-0.013051069976969476,8676.067693141893,-0.024679695687242154
7586.437336915323,-0.01213747410215904,8257.813228499499,-0.013576048090544024,8718.49170640525,-0.009910090667000548
7586.437336915316,-0.01315085872634103,7157.07713321213,-0.010542427018645828,7885.446203357131,-0.02445796895862451
7586.437336915333,-0.013985417586562243,7582.274868655612,-0.011637713251093085,8792.779140831548,-0.013552992703336875
7586.437336915329,-0.011722064353122064,8561.71566643892,-0.008755339463453748,7374.112646505282,-0.022833104729315212
7586.437336915331,-0.011163888289366097,7229.909920132188,-0.009694767689711226,7989.8029200384235,-0.014135246798214096
7586.437336915333,-0.011654443019664007,7187.076623120001,-0.009774012733501647,7531.125389353495,-0.0244579689586244
7586.437336915322,-0.009551030278116768,7260.104107180455,-0.0124283643341635,6839.008996912621,-0.012146374058882636
7586.437336915307,-0.019109100408224222,6986.68299663781,-0.010541253612225576,8988.632248414795,-0.010631102178652041
7586.437336915323,-0.008865393621425244,7699.458461967286,-0.01360014190414871,8775.841367904666,-0.011925606213849083
7586.437336915327,-0.015180112294507664,7567.31002165582,-0.010174212162483931,7420.299494510363,-0.02444821658440277
7586.437336915327,-0.00958115941464166,8203.188893857883,-0.008978660653352621,6721.873285387553,-0.014135246798214096
7586.437336915289,-0.008960982371147175,7333.847498665793,-0.010282345593654818,7521.3916336102075,-0.015756307518997148
7586.437336915276,-0.009691749696068785,7402.838382878381,-0.010000066665557306,7205.600055434265,-0.013552992703336764
7586.43733691531,-0.010338355718848335,8004.2563800610305,-0.010240176906810228,7257.236149883459,-0.01180396961815533
7586.437336915314,-0.009641449199457752,8610.831456101583,-0.011998941780266503,7679.19422974043,-0.018760612483166073
7586.437336915312,-0.010591040847771072,7192.8968486946505,-0.01202184246615845,6661.6214986649775,-0.013552992703336764
7586.437336915328,-0.007795563332482325,8013.9392931786815,-0.00991048845131115,8000.487477550474,-0.021124261973472724
7586.437336915319,-0.01158879797744905,8460.453479031572,-0.011069935054130342,7972.387987762828,-0.024120768033235374
7586.437336915317,-0.014156237368245117,7723.274846677249,-0.008097579448191894,7466.946961890261,-0.013797340218607568
7586.437336915317,-0.012690261155507865,8879.652923326692,-0.01025358015990796,6459.793531331442,-0.022499139560346992
7586.437336915318,-0.013266474154444152,8457.473912320595,-0.009827424106822802,5719.929641448131,-0.027590602713597145
7586.4373369153245,-0.010956706185858756,7620.762384149719,-0.009923191219927685,9028.649071697946,-0.012146374058882747
7586.437336915317,-0.011579586654921648,8319.078264751577,-0.008153255176906682,6414.513321348454,-0.02281480023130733
7586.437336915316,-0.010429026768972505,7545.669188463415,-0.011594692532668205,8005.031548195278,-0.014545571452152961
7586.437336915315,-0.009639493361615181,8951.594712642587,-0.016117896524017628,8108.266134426102,-0.020970944049562568
7586.437336915314,-0.010834105901985969,7283.041271577075,-0.01117125049919876,9372.913776482736,-0.01180396961815533
7586.437336915324,-0.014172790234065924,7186.541641561762,-0.02318955104721776,7616.092349272868,-0.01964936293061781
7586.43733691534,-0.013580581606907005,7798.110639610487,-0.010272815889025955,8811.594586033098,-0.011067448845755168
7586.437336915332,-0.00865249445476235,7064.87119467534,-0.011750628189389434,7853.977875673973,-0.01615720340932425
7586.437336915328,-0.012757007774008233,6732.297999783453,-0.010623551812170673,10561.27268296159,-0.011803969618155108
7586.437336915326,-0.013332740320638137,7596.2775117769415,-0.015444975882440648,7922.904686683595,-0.012146374058882747
7586.437336915315,-0.00808887692874194,7103.596007082974,-0.013130286896687826,7114.91146655974,-0.015634126604537446
7586.4373369153145,-0.009883836168881,7946.0403171192265,-0.014364271824884423,7157.905427862492,-0.014135246798214318
7586.437336915308,-0.011542623880460345,8197.94333458514,-0.010483152016200203,6159.829465382275,-0.013552992703336986
7586.437336915322,-0.012622857577207935,5950.281264415866,-0.01208372418078385,7587.99948808175,-0.012146374058882858
7586.437336915346,-0.010976843987953844,7381.857376945037,-0.011387251760098915,8302.137465989863,-0.024457968958624288
7586.4373369153045,-0.010466942473336904,7959.591848306985,-0.009271994752932722,7385.596859884504,-0.014135246798214207
7586.437336915318,-0.009232705321629564,7487.555858833629,-0.009571330843575754,7862.428044835715,-0.01800859526925347
7586.437336915324,-0.01086457225501658,7698.172885239556,-0.010325226917130115,8790.624890514971,-0.013906039563280514
7586.437336915307,-0.013157455320183753,7189.61913722988,-0.011731856783930295,6995.9243758488765,-0.02445796895862451
7586.437336915324,-0.0119265910274432,7350.081979038211,-0.009444808212560662,8096.133813978534,-0.024457968958624066
7586.437336915328,-0.01067404389396287,7276.447756423421,-0.008601199435272822,6187.6249925974125,-0.022499139560346992
7586.437336915317,-0.01620625858428526,7583.091265151871,-0.009655568679932114,6933.63596474236,-0.02445796895862462
7586.437336915324,-0.013491721518797517,6676.032206056004,-0.012638756687106345,7273.845906415674,-0.020340218924512876
7586.437336915323,-0.010984247844398665,7283.091603712616,-0.013502429394177118,7783.9134298662175,-0.016766057204742335
7586.4373369153,-0.010591283605120405,8332.024635661579,-0.009569134471532292,8701.991136403089,-0.011803969618154997
7586.43733691534,-0.01081764556584186,8543.357629711903,-0.016725536440141187,8792.935111841225,-0.014004913826237808
7586.437336915324,-0.010736309592033089,7159.04405532069,-0.013521748683092416,6226.213904711927,-0.016834761492110828
7586.4373369153145,-0.014589738884078218,7884.21827241679,-0.011874961888198365,5707.927709224023,-0.01799202366856667
7586.437336915318,-0.009409616145153898,9010.691913763474,-0.010825287715105936,6788.02025506835,-0.015634126604536558
7586.437336915324,-0.01126690113105977,8426.735755108244,-0.009635658685222204,6374.553132868304,-0.020876219949622077
7586.437336915322,-0.009418063446466451,6599.2916887228,-0.011848441994903314,8212.498668159731,-0.012146374058882525
7586.4373369153045,-0.009363697988053032,6749.7702387987065,-0.009975821946230257,6215.887192825266,-0.026134951637031834
7586.437336915327,-0.01081745570539061,7610.552284306883,-0.01065607223123377,5628.461367430556,-0.018735092512184304
7586.437336915327,-0.008636750312511432,8216.55359437534,-0.01795817326678273,7031.93736108808,-0.012453102567498542
7586.437336915342,-0.009048972115559661,7011.660468007955,-0.011973384172482837,6691.979328566976,-0.022499139560347103
7586.437336915304,-0.011776239492698126,7724.36986359034,-0.00869396453572735,6876.0509690848785,-0.028239057484812258
7586.437336915306,-0.010037058396568321,7613.780108924828,-0.01554679714459617,6885.819792655944,-0.02054151309929997
7586.437336915297,-0.01253580140404753,8474.62545797735,-0.013420747817313061,7066.613826615805,-0.013552992703336542
7586.437336915317,-0.012675995543487195,8441.02723487674,-0.00860603668216231,6695.088112582253,-0.025363883606122295
7586.43733691534,-0.010102317865933186,8445.438200931676,-0.01104123356194131,7429.423106385713,-0.025770173466291846
7586.437336915333,-0.010134252556928458,8296.353298638416,-0.007938844086722852,8274.49774393011,-0.019019774988410343
7586.437336915315,-0.00854934927186779,7383.430790913673,-0.01836610345255385,7084.371243217001,-0.024223718434738473
7586.4373369153,-0.009426792301339026,7043.719541965886,-0.010897495643668265,7636.335494773618,-0.022567381556887423
7586.437336915332,-0.014390800943380522,7847.50873919148,-0.012223459388696956,8925.517876179152,-0.024588170973485313
7586.437336915326,-0.009738571721570222,7858.783962410729,-0.00901819321151287,6621.01632779809,-0.023728566223713998
7586.437336915301,-0.013403772405829684,7135.518401524237,-0.01724949576096524,8290.055301611188,-0.024457968958624732
7586.437336915308,-0.014514225203673625,8745.922404025932,-0.011302279513072833,6179.4677845759,-0.02238068802056825
7586.437336915321,-0.009764803966699431,6886.972899282148,-0.009779425608818282,6704.6883878260805,-0.01946534836439584
7586.4373369153145,-0.011324916040239996,7222.963037809234,-0.009170328481104217,8270.84115486297,-0.01214637405888297
7586.437336915323,-0.009249901687466089,7409.019185251559,-0.009639273657180536,6882.566107993386,-0.024457968958624177
7586.437336915344,-0.010429676422669565,7976.768248422234,-0.010869951182331694,9026.01314406172,-0.014994769102626204
7586.437336915325,-0.010313634507926994,6712.281918854232,-0.010106868484478282,6176.753248315798,-0.026344774709956442
7586.437336915317,-0.010411056863530721,6434.525676188862,-0.010965884925663305,7312.221993995157,-0.020765158080837676
7586.437336915304,-0.009404801220832537,7326.990966408693,-0.01056734370238166,8882.902341166367,-0.009910090667000548
7586.437336915327,-0.010008951334356864,6885.668576671957,-0.011798742416726737,6229.1595949713355,-0.022499139560346992
7586.437336915336,-0.009872194963831626,6650.373576284456,-0.010308362322856257,6961.078102592576,-0.014973619002635052
7586.437336915337,-0.010336367749407938,8198.47745473884,-0.010548970708230576,8095.4541764049845,-0.016156075719865992
7586.437336915316,-0.012363874185681745,5971.945245206814,-0.011596987014579008,6496.929785063446,-0.011803969618154997
7586.437336915327,-0.009270818044378348,7238.283635866401,-0.008648723171313377,7906.7551651722115,-0.025915877081659988
7586.437336915316,-0.015323298062066448,6962.533721702764,-0.011894110684356751,9619.91324396097,-0.011803969618155219
7586.437336915314,-0.011686783880179408,7219.716040611907,-0.010485068674631504,6697.1501905825735,-0.014840762273798713
7586.4373369153145,-0.012168872590839874,7242.91857189389,-0.008896320168326421,8481.722348978732,-0.011803969618155219
7586.437336915314,-0.01289767748599946,7647.295500433678,-0.011368672899421117,8144.457210543167,-0.01536223314055607
7586.437336915314,-0.012482060600908285,8103.39838955023,-0.009238969553215903,8931.374733554585,-0.01949247792403297
7586.43733691534,-0.00954381885566613,8445.935653098682,-0.007944905338323704,6290.828148751492,-0.01760671291060023
7586.437336915336,-0.012100835416397282,7287.8911597072165,-0.00916252662654482,6724.533575774752,-0.025547154404374384
7586.43733691533,-0.009455894419370003,7949.1682883746535,-0.008784544716080589,6648.835541525068,-0.02445796895862451
7586.43733691532,-0.016924099388848535,7990.556159100271,-0.01108322911816706,7032.299876395448,-0.012146374058882414
7586.43733691533,-0.010185833853771031,8052.5591759541885,-0.009469252593178545,6860.92134528534,-0.020620132711534622
7586.437336915325,-0.01061955706651363,7499.172638759843,-0.01019795815576685,7574.835508521535,-0.0284599636080477
7586.437336915332,-0.012750525582822969,8389.23973471815,-0.009181895474189017,7625.697121445912,-0.022499139560347103
7586.437336915347,-0.012349690249460865,6453.211023299731,-0.010598918644432742,6370.935209976471,-0.028956453207661825
7586.437336915311,-0.010792849823732742,6228.443094697625,-0.014127716415278435,6835.335937961425,-0.009979379915407982
7586.437336915351,-0.009449806716926523,6763.240793353086,-0.011501745903597316,8165.467753812694,-0.024457968958624177
7586.437336915326,-0.00920361452106111,7407.276457831831,-0.011819424408361257,7402.147073057983,-0.020622438887145655
7586.4373369153445,-0.008635623083795174,7591.863638439958,-0.01608249579407628,7933.412120108118,-0.01458771057930508
7586.437336915314,-0.010196061088208697,6379.742603962264,-0.009538669277037504,5724.038818449451,-0.024457968958624288
7586.437336915351,-0.01542186500287046,6946.913171163498,-0.01164710651982137,7499.986919859484,-0.02065845489764062
7586.437336915326,-0.010514477743676642,9756.934248860767,-0.011248554274660871,8428.81840506099,-0.018085704495683808
7586.4373369153145,-0.00996886139596187,5442.008469205722,-0.01322301969907369,7778.434866786931,-0.01774376714903758
7586.437336915313,-0.007357103374568519,7545.438057439247,-0.009726723226685552,9147.734302981245,-0.01214637405888297
7586.437336915341,-0.0091284434179153,7712.3845300958155,-0.009087637728966258,8475.554848434622,-0.009910090667000548
7586.4373369153,-0.008793032421218316,6951.025995074876,-0.008852307774023349,6316.122981849964,-0.023942938506658518
7586.437336915313,-0.016124800862533095,7750.191909830721,-0.011647478469352879,7776.119040787146,-0.012146374058882636
7586.43733691532,-0.010218103776416965,6364.786724957137,-0.011882506968896145,7370.027843393142,-0.024700237969209726
7586.437336915324,-0.010199493012600702,6496.161663291577,-0.011294633945368227,7093.573942438929,-0.024040528376320425
7586.437336915312,-0.011288013726823087,7836.239151466645,-0.010473459399417018,6182.523297854979,-0.014622343924857839
7586.437336915312,-0.01363114478360683,8272.679638169417,-0.008638539724065697,7265.334788713732,-0.012146374058882636
7586.437336915314,-0.010406633671769971,8736.492686092357,-0.015699895834933808,7346.069449569112,-0.01774376714903736
7586.437336915329,-0.009867401151418376,7178.315778893436,-0.0092827492929205,6545.652909085074,-0.028641566492260573
7586.437336915313,-0.012726628446391053,6921.5807922417725,-0.008919331933735064,7510.043229780184,-0.021124261973472946
7586.437336915338,-0.010626289326705618,8915.023705759315,-0.011111485686241873,6955.108257772885,-0.024457968958624288
7586.4373369153245,-0.012753520264838891,8235.92490689175,-0.0101341376185754,10582.59470634023,-0.011803969618155108
7586.437336915316,-0.01045949341620922,7735.3359794158405,-0.013725598947064155,8737.746644395467,-0.013245285689093889
7586.437336915309,-0.011991939627482351,7877.550764208159,-0.010948040157230388,9309.631415423002,-0.014135246798214318
7586.437336915323,-0.011946010164350707,6804.533648653996,-0.01326746719486993,7966.3883471496865,-0.012146374058882525
7586.437336915322,-0.008496268930751172,6422.488167967292,-0.01083088461121584,6752.54386214296,-0.030113618628871186
7586.437336915321,-0.010449641547576882,8155.4304921152325,-0.012760335350459617,6533.514525881756,-0.025807382015467173
7586.437336915327,-0.009737416364064,8449.549389868245,-0.00808479645523974,6257.80979357316,-0.02445796895862451
7586.437336915293,-0.011601963830689344,8293.084183076644,-0.009031973613572664,5864.3560407969735,-0.02336434569120649
7586.43733691534,-0.012032453764901585,6868.577744740081,-0.010572384884415031,8273.70768856078,-0.01005870715003876
7586.437336915329,-0.009852160059144577,7637.058118294866,-0.010715857030094922,7306.896677884115,-0.013552992703336764
7586.437336915307,-0.010800438676891955,7560.358851852642,-0.009761937935323206,7511.971101431612,-0.012495575377365786
7586.437336915335,-0.008571935061297609,7277.059277163913,-0.010417737025501195,8027.858940843124,-0.012146374058882747
7586.437336915308,-0.015704635978079917,8883.429368138324,-0.00972098867092297,7233.247401141765,-0.016156075719866103
7586.437336915289,-0.009402109430174277,7692.372463789028,-0.012002090793585607,7018.846579006371,-0.014185388196223836
7586.437336915336,-0.017463925667520863,7017.46691877187,-0.01545509445524007,7059.469311318522,-0.010252251361962839
7586.437336915295,-0.010074849681562137,7510.740081549399,-0.017075267437711705,6594.058032049395,-0.012146374058882858
7586.4373369153245,-0.012357843876878216,7855.844911477397,-0.012317464207168616,7983.601151084121,-0.022833104729315323
7586.437336915328,-0.00985761652579964,8031.805972153436,-0.019443561632829787,6969.975253159129,-0.02640773015970299
7586.437336915319,-0.011008374743774807,8081.3921043685,-0.008301749892579147,8603.514170362992,-0.012147898209756591
7586.437336915324,-0.008816324033821932,7536.526631811197,-0.008994180712459277,8396.358493373018,-0.014711445298006387
7586.4373369153245,-0.008929007870745131,7126.022930012832,-0.011667249552643755,7679.991443250941,-0.014135246798214318
7586.437336915315,-0.017132242951988896,8447.177757794976,-0.012221117447708485,7601.627100668619,-0.010897566103850176
7586.437336915296,-0.010622384188901934,7303.908953232831,-0.010678018258882926,7096.406340551989,-0.024457968958624843
7586.437336915315,-0.011246699359326318,7232.112942333918,-0.01197817852227423,7098.059339594249,-0.013228322289567718
7586.437336915348,-0.009150437696054392,7841.143555304817,-0.009654773627842839,7725.326488607844,-0.01923131470007078
7586.437336915316,-0.013093779961160124,7499.9195278485595,-0.012061350979407304,6567.233130688749,-0.014475911964069943
7586.437336915332,-0.015578208859349907,7553.549877462943,-0.01022024768292551,7625.655406183262,-0.025649756529962486
7586.437336915319,-0.011403595689574275,8449.305025458687,-0.014019974734751584,7538.666027088825,-0.016156075719865548
7586.437336915329,-0.01313417385669402,7168.24724751156,-0.008824017691931751,6756.565655568788,-0.024457968958624288
7586.437336915313,-0.009601764010811253,7129.410240624957,-0.0117267707501576,7424.954949626822,-0.03143149320529459
7586.437336915319,-0.010350368508376895,7307.767019398834,-0.01112918469941182,6869.031810153585,-0.024457968958624288
7586.437336915313,-0.01235024789412531,7189.428302320887,-0.010438934403844469,7998.907014635671,-0.01577457410265637
7586.437336915339,-0.009913679293999222,7826.883888795153,-0.011199608410312978,8392.205329344164,-0.011814233537204899
7586.437336915313,-0.01128337518707112,7844.535478542492,-0.009014450732657497,7458.364437440086,-0.014135246798213874
7586.437336915313,-0.010695051644354359,7302.381575856919,-0.010834950528896048,6489.311485315644,-0.025991366874802413
7586.437336915324,-0.011164811029410249,7656.239843867385,-0.013644499339034777,7908.912697990527,-0.01876061248316574
7586.437336915303,-0.01282335315073535,9004.011681904496,-0.010293653148319537,6074.108000871838,-0.01879037442546838
7586.437336915298,-0.009153912113227802,7495.927830721356,-0.008099182252761294,6759.468031474572,-0.025020184086490094
7586.437336915329,-0.012953337553361699,6780.252678004944,-0.012338288094865146,7222.721117508439,-0.01454557145215285
7586.437336915335,-0.009427609108990875,7749.684264292972,-0.011213430922876855,7082.051207091305,-0.011803969618155219
7586.437336915321,-0.009141681674823654,8067.27522602257,-0.009196246000075514,7125.898914229219,-0.02445796895862451
7586.437336915322,-0.009117596128880967,7274.886459108081,-0.00941310804570128,6759.503847155987,-0.022833104729315545
7586.437336915321,-0.018255242158941698,7921.673633545078,-0.015857167509819803,7113.268294376533,-0.020541513099299635
7586.437336915326,-0.010784701227556814,7920.515906972038,-0.011317793911911567,8218.217122730905,-0.013384831435727551
7586.437336915325,-0.010784429101682536,6810.293074523161,-0.010113290136922748,7948.360422733866,-0.017203802729197415
7586.437336915313,-0.008967287250669087,7946.841210647781,-0.010915322094553592,8023.381125086789,-0.014690218519417653
7586.4373369153245,-0.00975012934199515,7792.644253879252,-0.00947511288933689,7733.640945781395,-0.018867524500545962
7586.437336915322,-0.008752432427991619,7422.8322691250205,-0.015153170037010333,8031.5589563673975,-0.014545571452152517
7586.437336915325,-0.013163150904462406,8098.934636381822,-0.010747813105871029,7661.439130139449,-0.02877253862195206
7586.4373369152945,-0.008773679209628016,7623.237738098473,-0.008315207471480623,8281.782714943669,-0.02160302523147417
7586.43733691532,-0.011528853032761854,7736.210155488189,-0.010178973512596667,8313.90782254474,-0.01923789205186255
7586.437336915343,-0.0145247154078334,8314.826752599025,-0.01814453089352841,6991.781856528524,-0.01774376714903736
7586.437336915303,-0.01031911417147191,7668.112827623042,-0.01339900670778793,7523.696605218098,-0.01876061248316596
7586.437336915326,-0.012260172960308235,6763.486404724773,-0.01063802228026045,7338.176742500413,-0.023030428291328064
7586.437336915319,-0.009827488907944382,7718.776863129285,-0.013118167110619638,6811.580018520293,-0.03105242230198202
7586.437336915313,-0.01008409049843173,6435.021869635895,-0.011808714893638439,7213.4111641093195,-0.01458917060273679
7586.437336915306,-0.00976367938222722,7506.060290123859,-0.011030777125663027,8049.0903847182535,-0.01180396961815533
7586.437336915311,-0.013312683167635786,8285.82351745851,-0.008247758017496332,8487.02567593029,-0.03128085076963172
7586.43733691531,-0.012626986263989726,7897.036775849684,-0.009570295011335328,7033.767712284684,-0.024457968958624177
7586.4373369153245,-0.016077949703636962,7425.894435108504,-0.015808868635041606,6594.068078453336,-0.022499139560347325
7586.437336915318,-0.01251080663779236,8627.064846394907,-0.013260126262364058,6903.090940580295,-0.016043935567555345
7586.437336915333,-0.010308255036370562,7401.54279843453,-0.010015544758700368,7057.5475153286625,-0.014135246798214207
7586.437336915322,-0.011162187102361831,6746.8656439199885,-0.01018440667371634,7322.637560677661,-0.024457968958624732
7586.437336915311,-0.008929869282643166,8362.290571342513,-0.012182459708722781,7105.518102260013,-0.02445796895862451
7586.437336915322,-0.011666909878131126,8272.812987786889,-0.010626369550139958,7709.361043843362,-0.010631102178651708
7586.437336915317,-0.008432292220669657,6838.150624866073,-0.01043296055646925,6808.4116171894575,-0.017203802729197415
7586.437336915316,-0.009783011516956375,7450.733299556128,-0.009237589851006534,7727.941315832123,-0.022033246582401578
7586.437336915337,-0.008745395728256722,7348.115243780111,-0.010209699676849149,7295.573243771983,-0.02749987583761082
7586.437336915317,-0.011197460071156295,8104.505580786643,-0.008437413285357076,7839.566899831565,-0.025423163098621582
7586.437336915312,-0.010068701727752982,7552.396759644272,-0.009161783384573186,6491.573973129982,-0.01876061248316596
7586.437336915319,-0.010728335189662208,7511.798956929867,-0.010815714897922657,7575.742500602007,-0.019101666944284834
7586.437336915308,-0.011341653681144814,7249.839240908689,-0.010188341734007289,7749.958033279999,-0.025379360754248403
7586.437336915338,-0.009783432736585995,7671.550722061045,-0.013380147183179592,7787.1947870191725,-0.031332045870578584
7586.437336915332,-0.010811469214976,7057.570194036381,-0.013087761223473882,9180.256683905818,-0.01180757059907589
7586.437336915338,-0.012455194463788954,9617.728781228214,-0.013896087121772815,6334.493851311226,-0.0224013850211644
7586.437336915327,-0.01119156506728991,7781.219019188795,-0.007635871865907529,7899.111539821474,-0.022833104729315545
7586.437336915342,-0.009545851498237057,8329.196474401648,-0.010041906916154586,7221.085903498751,-0.014135246798214318
7586.43733691531,-0.01156624399236128,6920.20012863453,-0.015773615963807663,8883.207223788022,-0.011803969618155108
7586.437336915331,-0.009621827259111315,7628.000125163134,-0.013609465842045476,7101.153996788726,-0.02807396872385004
7586.437336915324,-0.011319236543726352,7204.8645049801935,-0.011015551575286553,7618.996227230525,-0.013819139036390538
7586.437336915318,-0.008813509108453799,7915.387280537573,-0.014566241667480662,6413.7553238950695,-0.02445796895862462
7586.437336915323,-0.01060199130583206,7351.900018200782,-0.01685102494131918,8073.117821053232,-0.024457968958624177
7586.437336915323,-0.009249563141524475,7723.758603570427,-0.012733030033986736,6512.128804776104,-0.01774376714903758
7586.4373369153245,-0.010755694249575343,8493.412152922167,-0.01291489848476246,7923.35332411244,-0.02445796895862462
7586.437336915314,-0.008353394828075067,8047.4988688422145,-0.009708767663465068,6169.212503665293,-0.014135246798214318
7586.437336915305,-0.010660547400670461,6837.392851783625,-0.009598307654268612,7518.28285011766,-0.028913493923012012
7586.43733691532,-0.011308543735360832,7104.151670674031,-0.008641594548744691,7785.201446727934,-0.012750488512080715
7586.437336915309,-0.010830639127441977,9780.611546663557,-0.011022634255712371,7898.856504718178,-0.011534495827173252
7586.437336915316,-0.009838905123029318,7455.355601767866,-0.01070123437870829,7666.782198753048,-0.025702502233677427
7586.4373369153045,-0.013262397379215973,8097.402020736487,-0.010943888376495292,7767.846455319806,-0.013830178947182081
7586.437336915331,-0.010417738346080063,8613.99198568699,-0.00911001914590781,8857.231090145708,-0.009910090667000548
7586.43733691531,-0.010351907163472673,8218.025679605913,-0.010161686349585475,8030.876872711866,-0.012568089011116057
7586.437336915337,-0.012163706644926053,8859.054795659911,-0.0076824800217362155,6756.312878054031,-0.01595688901470005
7586.437336915332,-0.010284021137512034,7237.741955325287,-0.013248106517764091,8056.522402150204,-0.015634126604537002
7586.437336915331,-0.009089187792037379,6963.472913424074,-0.020809329067423832,6822.172838448556,-0.01774376714903747
7586.43733691532,-0.014479652792172004,7202.094700781905,-0.009350522918723736,7051.7933743295225,-0.024275734775450752
7586.437336915303,-0.009900256991667966,7657.236198513577,-0.008835221615344335,8856.629310316177,-0.00991009066700066
7586.43733691532,-0.009534714009547751,8870.182723836857,-0.009745783575433764,7154.078151358792,-0.014135246798214207
7586.43733691532,-0.011857602456550098,6652.145375514675,-0.009344538564648341,6835.3080969446555,-0.02445796895862451
7586.437336915302,-0.011231342495047758,8042.07635879042,-0.008204141171112234,7411.33429933274,-0.02445796895862462
7586.437336915322,-0.010530027601031278,8911.052275394863,-0.008433373157625712,7956.46050792183,-0.0270616301935237
7586.437336915328,-0.011718483011196157,7346.875530045813,-0.01472565985709906,8128.523442434756,-0.019309184762015374
7586.437336915323,-0.011058594651862985,9303.813756503485,-0.014075577130786332,7982.258346802115,-0.013298268271327962
7586.437336915318,-0.013803214984550172,7220.856825188804,-0.011547679586797144,6624.297512923395,-0.01876061248316596
7586.437336915324,-0.007934483654375435,6535.338840045246,-0.009261397880053979,7258.0497490867665,-0.012146374058882858
7586.437336915321,-0.009885453417176837,6851.056002967747,-0.011021601119388325,6316.829501305377,-0.026013922763626907
7586.437336915309,-0.013022696633696262,8801.312518996088,-0.010510740026930754,7536.64379269238,-0.01608309338353564
7586.4373369153445,-0.008647097514804636,6892.741573332691,-0.010574227790080548,8105.117937959345,-0.012146374058882636
7586.437336915332,-0.013103921152510134,8753.657989449683,-0.009864593083365403,8493.38051026463,-0.01651095199196062
7586.437336915316,-0.010911634514179869,6066.348073906227,-0.010548921072578654,6860.019752252524,-0.01876061248316574
7586.437336915315,-0.010629006390582396,8025.499772117888,-0.009466515749126159,6393.733682223594,-0.014342655899230672
7586.437336915331,-0.011822404697597433,8068.491705879631,-0.010026726243039574,7101.685946332686,-0.0244579689586244
7586.437336915309,-0.010991973018397938,7915.635372677564,-0.007551736877176363,7766.983222755895,-0.012146374058882747
7586.437336915302,-0.011794468664980573,7240.4334909758945,-0.009967763096695004,7603.555612569891,-0.02445796895862462
7586.437336915327,-0.010090122135240631,7387.179369199241,-0.01524243253322255,8009.293475501884,-0.02445796895862451
7586.437336915322,-0.009989187338165895,7573.635892663625,-0.011335360171087827,7854.075218484952,-0.022874496639095243
7586.437336915326,-0.020392017450879374,8228.595775510228,-0.008922902915486475,8889.305546213935,-0.012146374058882858
7586.43733691532,-0.009366798947457178,6587.825085217203,-0.011277564059594902,8251.016623923411,-0.010735962418659373
7586.43733691533,-0.00963090347864648,6964.233278975818,-0.011782879164583981,7518.968223800054,-0.015189254854718226
7586.437336915335,-0.009250522113234294,8313.00429200104,-0.009350960955964327,6986.620005279609,-0.014135246798214318
7586.437336915317,-0.009370351437401503,7921.514427964413,-0.014007681102275127,6630.866065481815,-0.016188815608880636
7586.4373369153145,-0.010174249145086134,6958.0576000616,-0.009142637317254731,6831.385251873834,-0.016762949936542815
7586.437336915317,-0.011103505999974783,7100.6173114135045,-0.010997590494526754,8669.669093819648,-0.014109699070171233
7586.437336915332,-0.008569080173528087,6546.3839059439415,-0.008899172664930566,6451.506832638842,-0.01924893920293025
7586.4373369153245,-0.01315619001399404,7015.521960228705,-0.011853528353742426,6125.565867377674,-0.0149895437584594
7586.4373369153245,-0.016447819514913142,7360.010589508328,-0.010573208362586684,7643.170663337519,-0.021193896000365475
7586.437336915338,-0.01007513495439083,8546.91038828405,-0.009415764059613196,7936.153054625897,-0.01454557145215285
7586.437336915337,-0.011897914962768485,7756.925510108098,-0.010380812345748947,7386.489507634143,-0.01400576231339401
7586.437336915307,-0.010729674789693,7647.388231761569,-0.012082796084897707,9097.289349946583,-0.024457968958624288
7586.437336915307,-0.009800219920356179,7674.680634072723,-0.010933655624627336,6966.640962075054,-0.024752666916983967
7586.43733691532,-0.012054967505337189,8045.109682521257,-0.014459723013853232,8678.436553625625,-0.01447403598842567
7586.437336915313,-0.009794060762224333,7107.261063972682,-0.009831742868088522,7472.9512237330455,-0.024457968958624843
7586.4373369153245,-0.010668907214477441,8602.18208422977,-0.012448986194533385,7540.379916058539,-0.018593999993349986
7586.437336915325,-0.01233152501698287,7257.9305154076255,-0.012174489474103378,7815.246648359433,-0.012146374058882636
7586.437336915342,-0.010674897947014705,7420.065390233563,-0.011859389126149922,7253.477326376372,-0.02445796895862451
7586.437336915325,-0.009691738915881043,7920.415284538159,-0.011137810402300996,8028.09767051294,-0.017203802729197526
7586.437336915303,-0.011487852470818627,7762.609043451326,-0.01047083089472245,6750.1144071837225,-0.026063859990855143
7586.437336915325,-0.009050387599081056,7357.849760224942,-0.009537235383151321,7193.783362745345,-0.024457968958624288
7586.437336915334,-0.009501562487753024,6987.653409390802,-0.00949341141731852,8093.538178370206,-0.02445796895862451
7586.437336915316,-0.008062535789190917,6063.699829193561,-0.010234611286538464,6206.018171659297,-0.024457968958624288
7586.437336915338,-0.00879555735793991,6536.307970077618,-0.009632087328243943,6964.836109832279,-0.017878851031951193
7586.437336915329,-0.011312379397765082,6948.5376260800485,-0.0101341149535773,8001.537428755824,-0.01204357141198531
7586.437336915307,-0.010864209835011351,7644.57423747136,-0.013975076448271562,7533.5578382515305,-0.013807438054953991
7586.437336915331,-0.009660161499673858,7701.955452311387,-0.00905906305289772,6536.966751014076,-0.021124261973472835
7586.437336915324,-0.014294937043742295,7329.957780015078,-0.014628473931367902,6637.604637755386,-0.021124261973472613
7586.437336915321,-0.013396828837540675,7360.923485898667,-0.009185988084965513,6985.0628711029985,-0.01615607571986588
7586.4373369153345,-0.011236490638310004,8797.727338429826,-0.01099598311756722,9557.709141215815,-0.01274977455150128
7586.437336915294,-0.01265729079324407,8118.459904017241,-0.011347223231505166,6303.240361599075,-0.0244579689586244
7586.437336915337,-0.0108114357126039,8743.014649214789,-0.007192206741520324,6724.844349908518,-0.032057031047005635
7586.437336915341,-0.014556023999482304,8764.94270607235,-0.008711025079984891,6796.066329473464,-0.010632328823715231
7586.437336915317,-0.012394897244255021,8654.577030178652,-0.01274041444892382,8132.7131346580745,-0.017203802729197415
7586.437336915295,-0.010901193981026291,7175.250023927376,-0.010869989751084441,8100.525733104214,-0.017151370287273537
7586.437336915303,-0.011447195922992148,7372.026061216141,-0.010944134890005341,8226.960944640028,-0.02415391791630106
7586.43733691531,-0.009799503645107843,7480.222445091928,-0.01274344335685984,7164.380931349677,-0.02267072684039828
7586.437336915333,-0.010630675850487381,7071.644173026646,-0.0092089044620014,6735.160281202054,-0.0177379122805017
7586.437336915316,-0.013440531217531193,6083.468264175534,-0.014147282817284945,7111.8346389035105,-0.036672814483616256
7586.437336915315,-0.008922787712651536,7292.721838597822,-0.010509060820983351,6909.1542838391,-0.011732589012337868
7586.437336915318,-0.01229859533733757,7523.885994433612,-0.011532385842140669,6785.197672357151,-0.01615607571986566
7586.437336915316,-0.016931548136639774,7147.706941128337,-0.010847476967700165,6319.5459172512465,-0.021380559311538816
7586.437336915329,-0.019854041514395293,6977.595624867246,-0.009502110445837153,7341.782438486294,-0.022203788509722377
7586.437336915308,-0.013077185016396764,8186.889324405928,-0.011198792603659746,6766.472038300388,-0.01551758035244799
7586.4373369153145,-0.009891785471589642,8216.054159029316,-0.008981557463022205,7315.754636570853,-0.019180676352093973
7586.437336915317,-0.011144486604550141,7522.261834789339,-0.009928362603559338,6723.607213445631,-0.012146374058882747
7586.437336915299,-0.010632778697616807,7966.095226308683,-0.010300507395764158,7090.871209318152,-0.019465348364395618
7586.437336915305,-0.01206322424614703,7874.021865336285,-0.008304074151751828,8582.46670622045,-0.029872419246771198
7586.437336915292,-0.011371402310053846,7069.110690940897,-0.00994737175771998,7788.658161865683,-0.012146374058882636
7586.43733691532,-0.011751258575234291,7168.030156868431,-0.010463515334004914,6098.385895954567,-0.02445796895862451
7586.437336915341,-0.01891583629161786,6957.589285328572,-0.010969118998509275,8162.320994757807,-0.011803969618154997
7586.437336915327,-0.012738008889172314,7951.173388604456,-0.010869777103907796,8585.83359543488,-0.012146374058882858
7586.437336915328,-0.011259202939526869,6454.31420061307,-0.01622910508446973,7389.694218516791,-0.018045329876941962
7586.437336915321,-0.01005887636206293,7020.810009999014,-0.012545325839636634,7726.634460374912,-0.0244579689586244
7586.437336915313,-0.009081681817742604,7106.461145298526,-0.014799356012411558,7059.068480415159,-0.027359678601432624
7586.437336915313,-0.01270148739870125,7224.551250822624,-0.011140038009881503,7005.62988482592,-0.02445796895862451
7586.437336915316,-0.010101907603854099,7164.6550960693185,-0.0108584152251604,7896.425975527857,-0.02002817206876606
7586.437336915338,-0.00896808237283131,7351.469353669274,-0.01021645693576323,9590.824213781045,-0.01705800700395288
7586.43733691534,-0.010346561822820899,7658.532587096293,-0.010967007684321683,7317.517555963112,-0.01454557145215285
7586.437336915317,-0.010208484512699512,7304.782589136103,-0.010020104913243011,7645.832087657207,-0.013913603044398926
7586.437336915327,-0.010581429172570878,7727.819044056904,-0.016185055390412706,6866.557635254486,-0.022833104729315434
7586.437336915304,-0.010759632006417053,7542.936332199707,-0.010728225933510749,6424.383203355613,-0.018760612483166184
7586.437336915328,-0.011407124888267672,7523.546272897094,-0.009574539103549107,6912.610990369127,-0.012146374058882747
7586.437336915315,-0.01130334890631024,8260.19440296897,-0.008270082681820279,9043.177451222178,-0.012146374058882747
7586.437336915307,-0.009497084525408317,8198.990046109833,-0.00916353089699784,7700.936928438217,-0.01876061248316596
7586.4373369153,-0.015203729686485756,7800.753892582051,-0.013007503212354443,7349.598572669432,-0.024457968958624177
7586.437336915332,-0.010625492250942337,8259.221996494927,-0.013652373593996403,7119.903577472945,-0.017741493222711124
7586.437336915328,-0.01614068201744434,6732.420512778528,-0.019152079295068125,7890.9911628225855,-0.017872939352471584
7586.43733691534,-0.015052931682455917,7210.677387242668,-0.008240063992495772,7752.815854477063,-0.015634126604537002
7586.43733691533,-0.009716088003825951,7989.14240310274,-0.014631339950009425,7673.02359575774,-0.014460336599154022
7586.437336915314,-0.008379231447300128,7209.792591090465,-0.00883284505216142,7560.000515154387,-0.013552992703336875
7586.437336915333,-0.010540519113056313,7583.318420771129,-0.009895494844088915,7499.688437490047,-0.011803969618154997
7586.437336915309,-0.012973592059302486,7574.238543561489,-0.012214100220548696,6727.557702030564,-0.018934369197266876
7586.43733691533,-0.00894985631885492,7619.691254711232,-0.010652345884626602,5717.509274892663,-0.027912545195150518
7586.437336915325,-0.009054846290008411,8050.70310548324,-0.010375639897338362,7980.121614507221,-0.02054151309930008
7586.437336915337,-0.009283435113965233,7580.323646540836,-0.010636148326175543,7523.284057041699,-0.0264345398013921
7586.437336915295,-0.010343958374686824,7837.65918967781,-0.00974479576422227,6324.551601463736,-0.014135246798214318
7586.437336915323,-0.016663243054820587,8180.094323402727,-0.009571491000872956,7114.972101534032,-0.014135246798214096
7586.43733691532,-0.00755674942784168,6928.53701899489,-0.008369075001491422,6789.670752026809,-0.0244579689586244
7586.437336915316,-0.010053949695428721,7827.860600469469,-0.011401329895928791,6489.644956350256,-0.015773048933184763
7586.437336915344,-0.008217620930518144,7835.473307153722,-0.010131837153688594,7641.001464526371,-0.026342328090245948
7586.437336915333,-0.01134406122374687,6540.261312877634,-0.012315800499499874,6831.629108193273,-0.014545571452153183
7586.437336915329,-0.013072266473714733,6543.968709449459,-0.010935085139721856,7943.513717883395,-0.025305894333661705
7586.437336915306,-0.01130174562577091,7218.306312298476,-0.012097615756457514,7674.823384705519,-0.02445796895862451
7586.43733691529,-0.012276845272487624,7537.712111807199,-0.00994802552780405,7584.01820082359,-0.021084791636216238
7586.437336915309,-0.0117840993181213,6399.2723741471955,-0.008984620521332864,7443.1405071683785,-0.013552992703336875
7586.43733691532,-0.013537407519487621,7659.530675649873,-0.010530646055400328,8110.833573116745,-0.008013926255857617
7586.437336915344,-0.01564639107760879,6055.6539549622585,-0.012118721435644408,5749.170395520614,-0.022988937459163528
7586.437336915312,-0.013781113209187179,8246.971490574155,-0.010850603258975133,7941.038114856447,-0.01296067645974841
7586.437336915319,-0.011362560627437568,6384.697007625954,-0.009789707526622449,8948.339351752697,-0.015217526112475066
7586.437336915317,-0.012031054314826872,7910.339514567732,-0.009478327808160714,8842.048449561158,-0.011803969618155108
7586.437336915306,-0.017459717593791613,6920.543455927816,-0.011913548374322236,7222.084980751595,-0.012146374058882636
7586.437336915327,-0.010737984281369073,7377.967227984578,-0.00944110535700804,8117.4051019354065,-0.012146374058882858
7586.437336915324,-0.012751343419111327,7520.725679717474,-0.010478649463693368,7535.951366816087,-0.008871974429175311
7586.437336915316,-0.010424261527526402,6383.7034712878585,-0.012688154250570127,7655.316059244329,-0.02687543400698722
7586.437336915308,-0.010540803606186255,8182.319063480805,-0.01154347377961018,7004.21393304882,-0.022499139560347214
7586.437336915318,-0.013380371878921826,7677.153870523388,-0.010230225293991646,7412.8642193074365,-0.011803969618155219
7586.437336915302,-0.009017436941028967,6723.769801880107,-0.011106653272475397,6658.184990034034,-0.024457968958624066
7586.437336915317,-0.012600356602662788,7077.20102805544,-0.008907369914939345,6723.759713012876,-0.02054151309929997
7586.437336915316,-0.011112315509890336,7484.191099465404,-0.007981114895127095,7795.589303637033,-0.013913603044399037
7586.437336915345,-0.010221866578095984,8299.10161502494,-0.009270820909446309,8509.540133106115,-0.01245310256749843
7586.437336915347,-0.013374763393885658,7338.162520465906,-0.011558753080637363,9366.573618002854,-0.022833104729315545
7586.437336915321,-0.00970987499231657,8124.603362165335,-0.01106632485410075,7844.493331518955,-0.01099426290685912
7586.437336915305,-0.010981465898213916,6814.670265815204,-0.009397614904120166,7210.747466269609,-0.012146374058882858
7586.437336915339,-0.014099991045155247,6915.0155469988595,-0.015817195940455497,8167.5383971093925,-0.012146374058882636
7586.437336915349,-0.008504108206170757,7525.25767158474,-0.01102009398549919,7473.6751232565175,-0.012146374058882858
7586.437336915317,-0.011573514367597237,8355.810721740943,-0.008253654991574932,8240.679837658477,-0.014545571452152961
7586.437336915316,-0.010166752086872899,8540.51259941938,-0.008641362930082552,7686.645794535495,-0.011803969618154997
7586.437336915299,-0.010910235273490665,7854.646456956854,-0.01045673922817425,7310.131364363898,-0.027818935596318428
7586.437336915324,-0.013137274998998638,7700.906069177706,-0.009444315812372372,6974.990042173855,-0.028296714599173933
7586.437336915324,-0.0128285470385332,7352.603771181181,-0.011947230836780953,9179.331639252652,-0.012433828732808627
7586.437336915315,-0.011400137802998533,6849.4007529780265,-0.015505014477421586,7812.219896371359,-0.011803969618155108
7586.437336915331,-0.009527923647758896,8483.941091760858,-0.010089509111786077,7202.405434092188,-0.024367027499599292
7586.437336915329,-0.009923431874775623,7111.865221919543,-0.012154082293876933,6045.952164867772,-0.01214637405888297
7586.43733691532,-0.007324402876516922,7328.032343069215,-0.009962286085833383,6972.230176669891,-0.020261323253982222
7586.4373369153445,-0.01026897027130802,6685.938784157451,-0.012108335922991098,6185.393520992127,-0.018483005625233417
7586.43733691533,-0.008489048066411709,7402.006413531132,-0.012473907681416985,8269.117152950794,-0.011803969618155219
7586.437336915312,-0.0103074274301036,7243.989387772254,-0.012035629479026033,6655.673164708205,-0.0263466723660859
7586.437336915323,-0.012716152146273307,8214.600545768142,-0.009378000009739318,7997.948990007519,-0.0244579689586244
7586.437336915321,-0.009627609131667492,7795.317216707223,-0.011251862226128506,6825.471710847556,-0.012419175612593092
7586.437336915308,-0.008655751389484267,6687.38108693717,-0.0173089035563444,7588.976797180443,-0.01240414056956718
7586.43733691534,-0.014864545985463717,7756.692235182436,-0.012596929340613516,7256.25405928583,-0.018760612483165517
7586.4373369153345,-0.009282124354498933,6634.187235934138,-0.019045202058149968,7305.856974298892,-0.02445796895862462
7586.437336915313,-0.009371352599582772,7855.140194771641,-0.011024983592873738,6953.702447064926,-0.014882255251352117
7586.437336915314,-0.014435932816356578,6668.861596043956,-0.00991631426536077,7716.2591244329105,-0.03210301132091964
7586.43733691532,-0.011727494224689217,6725.893035835251,-0.010191354404851083,6746.284000826823,-0.02445796895862451
7586.437336915309,-0.011172142221392067,7859.917411625027,-0.009477834797101292,7933.999456653841,-0.01214637405888297
7586.437336915316,-0.011405599076928064,7506.134669191968,-0.01287371594184794,6891.416591730083,-0.012146374058882525
7586.437336915316,-0.013049032066776767,7547.673410974442,-0.011746303237994082,6978.06578753074,-0.01949992902447295
7586.4373369153145,-0.014050528927685213,7840.787579304723,-0.008686689624048838,7647.779285191487,-0.011803969618154997
7586.437336915335,-0.012443482393532657,6818.499571608315,-0.01567184899574081,7586.187149798801,-0.011807570599076112
7586.437336915319,-0.014018657257247824,7350.929977643921,-0.01012757019685362,7589.340889543039,-0.011803969618155108
7586.4373369153145,-0.008648605505710338,7318.9903599697,-0.01155138617290774,7739.3804851124505,-0.017730719150546803
7586.437336915304,-0.010478454413182292,8194.6879486502,-0.009518754125281248,6998.867410300026,-0.015043801033492787
7586.437336915308,-0.009450601882972753,7888.19485321457,-0.009087493071223474,6041.176477941671,-0.014135246798214207
7586.437336915317,-0.00969180539108394,7313.325908877343,-0.011572515062910349,6574.8525925896965,-0.02424926052842291
7586.437336915321,-0.017071970192629404,7697.311178209034,-0.013866804542902456,7807.531265097831,-0.01774376714903747
7586.4373369153145,-0.01000726893022652,7831.658108485516,-0.012628980279044355,7930.2961119089705,-0.021124261973472724
7586.437336915314,-0.012606913557317911,6688.2305276393045,-0.01168908606037411,7431.464879808038,-0.013552992703336764
7586.437336915345,-0.011475425742201395,7459.338447905504,-0.01361418462671693,6681.782279003744,-0.024457968958624066
7586.437336915319,-0.011938030274538547,8774.938554628148,-0.012094963424211125,9987.491774924782,-0.011803969618155219
7586.437336915309,-0.013671316878535511,6092.4799130271,-0.011458884378744427,7807.623589625746,-0.018760612483166073
7586.437336915311,-0.008576128505491276,7326.10390790167,-0.008970264187109334,7193.092040162536,-0.023831532483428397
7586.437336915329,-0.010448406261585275,7328.520752780914,-0.011043423946204056,8010.319129373955,-0.012146374058882636
7586.437336915301,-0.01002972624042231,6819.242380634484,-0.011643577748557954,5964.302339856635,-0.02619620702040404
7586.437336915315,-0.01416641232897986,6466.3915582602685,-0.01324895344580923,8262.744425422345,-0.021324213870348108
7586.437336915302,-0.009729657239159972,7955.935238657947,-0.01005773414125466,7526.089536590436,-0.029440047186152674
7586.437336915336,-0.011692402481771946,6965.946306795443,-0.01329968483250854,7528.870930300735,-0.017203802729197637
7586.437336915333,-0.01238887470397132,7084.133558654193,-0.013354735134641249,8484.069915452701,-0.011803969618154997
7586.437336915312,-0.01060378684541674,6374.04849815035,-0.011567945906035826,7590.05179766828,-0.01745005474920025
7586.437336915289,-0.012164093020306077,6511.052850195529,-0.011106877562081507,6697.8474761193775,-0.01657873488723749
7586.437336915317,-0.013530135261497267,8124.823932537962,-0.00909165445864435,6195.1534248592325,-0.0244579689586244
7586.437336915335,-0.010147697806243361,7871.928562663516,-0.010391654595738209,6878.471626856396,-0.027963666464924097
7586.437336915307,-0.011483244424112082,6565.715084452636,-0.011498088413454788,6770.492054947376,-0.022870172770476427
7586.437336915326,-0.01480284775518581,8317.859471309243,-0.00815937458991034,7681.044913577356,-0.01766877606915962
7586.437336915341,-0.008775179910803899,7578.018541431239,-0.009759702061763686,6409.084491687511,-0.01906336378774276
7586.437336915325,-0.01162256891843838,7188.134683987255,-0.010948942293011243,7032.393962745641,-0.02160212327411115
7586.437336915352,-0.012819121963286828,7664.3169201074925,-0.012919507264767649,6764.107324669591,-0.016306751558310184
7586.437336915312,-0.012757899459255317,8720.004361807269,-0.009495549474857201,7156.898252701585,-0.012146374058882747
7586.437336915338,-0.010464387975062439,8457.95264467462,-0.01444190166703041,8529.895726977942,-0.012146374058882858
7586.437336915306,-0.014158345076480283,7565.129025910444,-0.008842544633067217,7634.866182380722,-0.012146374058882747
7586.437336915335,-0.010877619366342572,7790.847032485448,-0.012708561310444177,7895.07015686476,-0.02445796895862451
7586.437336915316,-0.009974822028528618,6902.5699971232125,-0.01136795369312582,7186.2166640104215,-0.02147509336613973
7586.437336915301,-0.0094904813073996,7790.894198708228,-0.009356985287684583,7852.814542525061,-0.024457968958624288
7586.43733691532,-0.008003357102989828,7244.615099181887,-0.013676510936772912,6909.354958983872,-0.021081542704794787
7586.437336915342,-0.013139620894039528,6938.662927735367,-0.010718168539528894,7828.891522182833,-0.011319599268986291
7586.4373369152945,-0.011370247405654399,8010.22721075344,-0.008921407310093166,7474.410902900801,-0.0244579689586244
7586.437336915325,-0.011691194006778982,7400.6134824844385,-0.012606127032781411,7443.611638586425,-0.013568881143640743
7586.437336915319,-0.010384483122915178,8652.128373952482,-0.01123917196276547,7289.044945899964,-0.019064121027394743
7586.437336915326,-0.011271143112962623,7325.502917306879,-0.009529032408505667,6423.68492878818,-0.01718653399671477
7586.437336915335,-0.010424020464386508,7905.715156461032,-0.015244901578825854,7496.595886445009,-0.01733333605100762
7586.4373369153345,-0.013653232315096187,7144.2048995085715,-0.009522285070056147,7913.86546461806,-0.022499139560347103
7586.437336915314,-0.009525283179040334,9416.377209698088,-0.009088093891524207,7373.309352184326,-0.012054327422077238
7586.437336915314,-0.011579993041391123,7794.185905851122,-0.011459961875031732,6697.715665413293,-0.021124261973473057
7586.437336915338,-0.009421219059005725,8878.050122089453,-0.011864221097399263,9139.820020958176,-0.012146374058882858
7586.437336915323,-0.010927080303324233,7271.295850287188,-0.012600428120335683,8229.0105219827,-0.013552992703336764
7586.43733691532,-0.009210672566887124,6984.993383274459,-0.016334036395436957,7455.508141526782,-0.012146374058882747
7586.437336915318,-0.01346627575574555,8356.620237129539,-0.013224061736402781,6817.335742681648,-0.012146374058882636
7586.437336915329,-0.011568530683940925,7993.53228273955,-0.010604283376534851,8236.555089276397,-0.014308390124801895
7586.437336915307,-0.011807343252101976,7665.691526080039,-0.010365555585306163,6195.949432374966,-0.022798652455934154
7586.4373369153045,-0.009480883994070433,6892.660528116683,-0.014315003694106432,7977.686810822497,-0.009910090667000548
7586.4373369152945,-0.012558794403218498,7544.155240769578,-0.010563503484746883,6745.447618671174,-0.027343424690808416
7586.437336915316,-0.011641765979643282,8208.439789244885,-0.008463251946644212,9405.585256600774,-0.010074047523222496
7586.437336915315,-0.009417319962308657,7742.791895131843,-0.011107123297524057,7023.443901497566,-0.012670693227167296
7586.437336915332,-0.009348120098552015,8447.365391920102,-0.010952069762304117,6938.329449418384,-0.017609381441747396
7586.437336915326,-0.013389712473114157,7314.537342480314,-0.011270269059270976,8160.36325553363,-0.012146374058882747
7586.437336915315,-0.010454115010177678,7211.270510361034,-0.012043557574584307,7547.183883659458,-0.01774376714903758
7586.437336915328,-0.010831358056112572,7870.806767714086,-0.009755042969744387,6497.189007374676,-0.012146374058882858
7586.437336915314,-0.008184850826830514,8149.818194393036,-0.00880398571795582,7113.69418606109,-0.024457968958623955
7586.437336915316,-0.008464800178663467,6768.173646764873,-0.0135302528172625,5995.877599811348,-0.01413524679821454
7586.437336915319,-0.010321537857600704,6927.689195412369,-0.009800218293839924,8491.323792275507,-0.00991009066700066
7586.437336915326,-0.00998343457863804,8326.976270582081,-0.011751711865670367,7759.687394453141,-0.013181251985340814
7586.437336915316,-0.0108359899677275,8137.05723504048,-0.013869509284494375,8692.824584288526,-0.012074128914922322
7586.437336915314,-0.010696346584317284,7977.133004881137,-0.008515644306594683,6961.437741944899,-0.022833104729315434
7586.437336915319,-0.013419390163318612,7799.7979770255015,-0.012469611456918384,7657.314055492828,-0.021124261973472946
7586.437336915332,-0.008698142621773042,7181.6510525514395,-0.010077465354521253,7713.269962345965,-0.013305476578134634
7586.437336915329,-0.010723881486645936,7446.370265403422,-0.010783976851646004,6862.524483612616,-0.01180757059907589
7586.437336915322,-0.010349857616501534,8214.002296218367,-0.01052452048912833,6506.259627825409,-0.02482035737000743
7586.437336915317,-0.009872799321838821,7542.905328836739,-0.009424228450502836,7690.2532632333005,-0.018760612483166073
7586.437336915338,-0.014605963738509975,7576.664692303144,-0.010531735769852002,6483.797596938527,-0.018905212895332424
7586.437336915306,-0.011142278554494567,6808.6360732102685,-0.011780245310113124,7798.553491471001,-0.017203802729197193
7586.43733691532,-0.008736566890279351,7335.050760325279,-0.012425983004979213,6765.47519976439,-0.022833104729315545
7586.4373369153145,-0.013098961590275682,8910.272933872655,-0.007958249894106428,8246.673919606917,-0.01005870715003887
7586.437336915325,-0.01526949901553365,7106.710378498901,-0.010248042010029379,6581.769110551735,-0.013552992703336764
7586.437336915303,-0.01104042272401784,8106.074975015371,-0.01034477089634711,7915.090452120544,-0.015634126604537224
7586.437336915302,-0.010762381390249987,8036.190934220108,-0.010036733760334426,7786.716657147184,-0.02445796895862462
7586.437336915303,-0.012086211314012107,7069.5871137991435,-0.011882675211358662,7846.230649941581,-0.02222200676064634
7586.43733691533,-0.010444005183583571,7403.587365763167,-0.010989336894697166,8017.192606229142,-0.012941374107094505
7586.43733691532,-0.007364048740508333,8821.985250390762,-0.012321907259195575,6171.998431346309,-0.02833558711575135
7586.4373369153345,-0.009627717655360968,7216.826336890814,-0.008966664996785001,8146.72307382229,-0.012146374058882858
7586.43733691532,-0.010033904421450912,5752.741076612737,-0.01326420944218043,7251.425683810172,-0.024457968958624288
7586.437336915328,-0.011813136939551772,7997.253656878977,-0.00748540629939376,7779.314913437473,-0.013506597033549173
7586.437336915318,-0.0127264490773209,7287.082765376175,-0.015332055763952579,7957.695729423062,-0.011803969618155108
7586.437336915326,-0.014067389066289793,9019.887346063508,-0.01599942658880049,7464.51610709878,-0.01362892634686308
7586.437336915346,-0.013519458906444903,7879.066217235029,-0.010739511737106078,6128.586723902637,-0.0244579689586244
7586.437336915331,-0.00833888238246172,6339.7693431061,-0.012158307576880856,7464.996039886436,-0.014135246798214207
7586.4373369153145,-0.01891655773117029,7459.737830653951,-0.015424084531310722,6368.575302606144,-0.025670442912537283
7586.437336915336,-0.011477733522994749,8639.574049213597,-0.008843473529524526,6494.457391691642,-0.024457968958624732
7586.437336915325,-0.009011444489073761,8087.624662129422,-0.011350383773119588,7879.912112423676,-0.014835386351700675
7586.437336915314,-0.009860062170310768,7104.858822712998,-0.007755563157771483,7648.124798883464,-0.00991009066700066
7586.437336915318,-0.012081757145728012,7845.046054351767,-0.010861338697533807,8037.817279603775,-0.025861656762512175
7586.437336915338,-0.01582411872528766,6860.261720021494,-0.010523769087889545,10092.320617019981,-0.01180396961815533
7586.43733691532,-0.013324430353776617,8162.192373549865,-0.010531553813412864,7749.460959095752,-0.011803969618155219
7586.437336915331,-0.010074501749437026,8533.89718247564,-0.010715512801475424,7080.431115505798,-0.01949992902447295
7586.4373369153145,-0.009402491528972212,7107.876548230755,-0.009154309590269749,7254.031821307419,-0.012653174108522403
7586.437336915325,-0.010368307948304012,7795.9193586272695,-0.010050985142111224,6183.691322646606,-0.01217145507152706
7586.4373369153,-0.00861536118391748,6858.554998512088,-0.011998765779357434,7318.209835262399,-0.012146374058882747
7586.437336915335,-0.014702641067670497,6566.562758774211,-0.012032265327919456,5763.221711801857,-0.02463522078431546
7586.437336915319,-0.010231204151206374,8279.048619522711,-0.011387119541146906,7516.799741891494,-0.021124261973472946
7586.437336915301,-0.012875147495496786,7994.110374641931,-0.010380406161112132,7610.368492424163,-0.012146374058882858
7586.437336915308,-0.011001534195345775,7647.3931717748665,-0.010387167639530848,6882.509454782153,-0.015170264366154096
7586.437336915318,-0.014240801126773062,6482.636894983845,-0.009913110982497253,7342.409666783454,-0.027142409000364798
7586.437336915311,-0.01020477704105216,7583.769618509149,-0.009343929990848987,7707.239041708621,-0.017973983927945025
7586.437336915318,-0.010222283976899726,8287.705871212473,-0.00740295911458988,7057.620913904008,-0.020367248536898752
7586.437336915305,-0.008179308359111626,7039.0139069384895,-0.008476884729299639,6434.515540041177,-0.011803969618155108
7586.437336915354,-0.013927770537736972,7717.330548749736,-0.012589967099379318,6216.59433939997,-0.026537040916699395
7586.437336915338,-0.01450549686459146,8272.339219912945,-0.011496232001994677,6703.872506600484,-0.012146374058882525
7586.437336915337,-0.00987903666514156,8451.102897115472,-0.010573078611978759,7754.189455838615,-0.018760612483166184
7586.437336915288,-0.01152337346654786,7071.074587586415,-0.010976142891462204,7981.258684670615,-0.014135246798214207
7586.437336915313,-0.010221505770342088,8248.651625538763,-0.00911961915592463,8744.410785604337,-0.01720380272919786
7586.437336915324,-0.008840989225120888,8192.59895673345,-0.0113032285546939,7651.912782134672,-0.024457968958624066
7586.43733691533,-0.010059269645060542,7540.547676951934,-0.010826093672040682,6844.771235795664,-0.02292574939287928
7586.437336915319,-0.01090534345426597,6672.56810111981,-0.01494258583433794,9666.794870369347,-0.02445796895862462
7586.437336915325,-0.008003370721518355,7538.290386800684,-0.010552360282708673,7756.092164663058,-0.015634126604537113
7586.437336915319,-0.010254206094371221,6071.646432218927,-0.01280273702301804,7345.4565721234985,-0.025543492423130365
7586.437336915308,-0.011082160897672888,7695.156311733349,-0.009670196280833876,7775.347965585286,-0.014135246798213985
7586.437336915306,-0.009310571535638634,6663.116052375821,-0.01434798499477652,6416.900007740209,-0.02446909516690654
7586.437336915319,-0.011930580038142069,7219.294948445556,-0.011245662204124152,7278.363613997754,-0.012146374058882858
7586.437336915315,-0.009938788340589255,7342.36429032925,-0.010371237088319663,7344.716409043898,-0.01477730771734731
7586.4373369153345,-0.014537431578908522,7219.969134713179,-0.014643582998604465,6173.898654147772,-0.024457968958624732
7586.437336915329,-0.02110199756406228,8264.35783992314,-0.010276554123570203,7411.676756817163,-0.02481989038516108
7586.437336915329,-0.011132397307619835,7416.272526613235,-0.008609612431744518,8187.950522281753,-0.01584452707321493
7586.437336915314,-0.013391661490579465,6761.407198332402,-0.012205153898313559,8283.30407829877,-0.011904016121478067
7586.437336915326,-0.008384000376995493,6892.873352970747,-0.010217279843897642,7560.609264678119,-0.012146374058882858
7586.437336915327,-0.010012465208204535,6945.033779828178,-0.0098793541015183,7111.844201313666,-0.022935542457347857
7586.43733691533,-0.0120053502110129,7667.8754341430595,-0.008236000915606945,6388.306228416802,-0.030954236353288977
7586.437336915333,-0.011456952404593657,7653.892533038976,-0.00890008120104624,6976.524153328398,-0.01031751915541923
7586.437336915315,-0.011881768599758424,6213.226703317088,-0.010193020633051941,7590.012526327719,-0.012146374058882858
7586.437336915332,-0.010806389188628307,7475.4984576834895,-0.010186158856839933,8367.325102856472,-0.01774376714903747
7586.437336915315,-0.009031973507015678,7313.830140235148,-0.009544570741231273,7100.803596781035,-0.0244579689586244
7586.437336915338,-0.0085234444147263,7123.90061620565,-0.01020435745337811,8110.413884053707,-0.024468620929475993
7586.437336915328,-0.009679614045434048,8324.432114990763,-0.012056440639939714,7922.703448326897,-0.025524318113659517
7586.437336915326,-0.010361428649865223,7994.441373323092,-0.008462837496924114,6649.3997425939515,-0.026698314297859627
7586.437336915324,-0.013039199793102196,7631.392449717211,-0.013567605526011661,5485.524791973076,-0.021124261973472724
7586.437336915323,-0.010990162731290387,8357.435058827417,-0.012723380264748174,7305.683254607637,-0.015555911008047985
7586.437336915326,-0.009897588655894185,9168.86442076506,-0.008800273918459833,6660.892940473458,-0.022499139560347103
7586.437336915338,-0.01018434478141994,9441.48576324832,-0.011344883496394287,6349.274325487987,-0.025318390485388753
7586.43733691533,-0.012079861096812916,7237.9258507048235,-0.013209067280027909,7008.969265020265,-0.012516859102919331
7586.437336915305,-0.007938983236072894,7581.845858539154,-0.010536353345299454,8931.705821496516,-0.014626934665669777
7586.43733691532,-0.012501011753774605,8018.416894560876,-0.009436038571933092,8415.885369175861,-0.011803969618154886
7586.43733691533,-0.011157615319051128,7270.591564156759,-0.012154107430209615,7913.432459162691,-0.01625882099948117
7586.437336915305,-0.0077214828989808915,7620.180137807596,-0.009518425784641904,7161.788478529863,-0.02503522292945204
7586.437336915319,-0.015438537890733461,6774.567751672974,-0.012476665186740732,7506.303510022368,-0.026078610922637857
7586.437336915305,-0.01113249817654216,7610.143480842909,-0.01295289519476428,6870.619997382104,-0.023327032070527554
7586.43733691532,-0.010955262739272498,6838.374047997708,-0.011599207470118666,6283.85778077499,-0.029354233188562673
7586.437336915361,-0.010876364752473222,8313.029857301142,-0.009364614981793862,6206.744558385336,-0.021124261973472835
7586.43733691533,-0.010740588406602636,8320.115729628886,-0.015344316918009748,7442.843505896356,-0.01774376714903758
7586.437336915319,-0.011924116774260751,8711.98213442501,-0.008933185947439526,6723.459130165876,-0.01180396961815533
7586.437336915323,-0.009135390298014356,7532.887070272124,-0.013802065202686231,7463.642963859475,-0.027734573732214995
7586.437336915325,-0.0104733067649736,7985.542900545195,-0.012529937727404183,7659.520435564477,-0.011803969618155108
7586.43733691531,-0.010823984075224558,6916.059061368928,-0.009331543028519906,8510.21763992475,-0.015634126604537224
7586.437336915305,-0.017880392862230976,7502.196951570126,-0.009922726880238208,6577.805769848357,-0.013552992703336986
7586.437336915343,-0.010367138639923557,6781.455445497493,-0.013579957542832588,7741.399644820661,-0.012146374058882858
7586.437336915319,-0.009937825991924831,6987.161221137631,-0.010842841790022262,7357.9186604339875,-0.014135246798214318
7586.437336915326,-0.011344189669462157,8095.957810011847,-0.011279635389659037,7222.812926597892,-0.012146374058882747
7586.437336915322,-0.00901340241186488,7769.9564462444505,-0.017793654681768634,5944.51252146976,-0.018760612483166295
7586.437336915326,-0.010638631870005688,7489.487839320995,-0.010470884899948074,7318.623217258023,-0.026164787681781543
7586.437336915305,-0.010803648286967782,8079.7717709613335,-0.00811422579024923,7157.852403142219,-0.0244579689586244
7586.437336915318,-0.013184980859696993,7534.908831322764,-0.010814197573921658,9223.63260155236,-0.01544969412443753
7586.437336915299,-0.010570984005611739,8855.955902570764,-0.010072746512805986,6193.242478104447,-0.014135246798213985
7586.437336915331,-0.011235269854911079,7966.352910352189,-0.009107073619128436,6860.60798941613,-0.02283310472931588
7586.437336915295,-0.011442989614985022,8401.874665708046,-0.008257739948947629,8970.444315648048,-0.02600328766615445
7586.437336915328,-0.013607320967093717,7072.469314021202,-0.015029482778738168,8212.482141033124,-0.017371929737460046
7586.437336915345,-0.010543114954050692,8225.513869236796,-0.011472493249516047,7545.091618767382,-0.015695452379254404
7586.437336915335,-0.017391523439606593,8543.869491555553,-0.01012929138440688,8702.217782384918,-0.011803969618155108
7586.437336915332,-0.008800464734912472,5935.995365728697,-0.010262666148059041,6199.5326666153405,-0.015823902119189825
7586.437336915302,-0.012235081626231326,6391.639721209874,-0.013526264758707995,8538.657088623275,-0.01614291897578901
7586.437336915311,-0.012668754953422678,7538.158138709094,-0.007922873193559665,6823.299137387199,-0.025031779343756777
7586.437336915309,-0.010668145498317294,7224.2587804817795,-0.010819368306805521,7323.647702326393,-0.022499139560347103
7586.437336915309,-0.012605720753989802,6940.549904735624,-0.015111311326774124,7308.244488491425,-0.01946534836439595
7586.437336915339,-0.010909862882769628,9448.640084005601,-0.015003133292083914,6770.37158349397,-0.02445796895862451
7586.437336915315,-0.0073030467352137585,8816.46572275088,-0.009298313855402807,6976.627320468855,-0.024457968958624843
7586.437336915302,-0.010729667886866467,7340.352171438194,-0.010302872433402888,7034.327299056783,-0.02420504363943421
7586.437336915312,-0.01422925594872193,8592.070867768743,-0.00882511717358192,7141.329056716365,-0.01370507865824333
7586.4373369153245,-0.011376355797162674,7324.2139349393465,-0.009827144738045357,7963.932579953186,-0.009910090667000548
7586.437336915313,-0.01278384804351329,7449.008024303085,-0.014198048428037846,7297.948383813201,-0.02343855291463881
7586.437336915319,-0.008415003158779522,7496.517906317282,-0.01189941497494218,6663.670342659125,-0.013913603044398926
7586.437336915324,-0.009954111269334098,7465.528765153683,-0.012263577559611827,7239.221639067645,-0.01245310256749843
7586.437336915343,-0.009822448980720155,8088.182650924032,-0.010243062455238316,6893.359635572656,-0.026215904158237824
7586.437336915339,-0.0104443733170837,7646.954149476491,-0.013773824141232405,6811.702459846139,-0.012945074924005318
7586.437336915318,-0.012430055465063039,6730.261743952022,-0.010087424467928208,6789.47582067147,-0.009910090667000437
7586.437336915321,-0.011540943698214345,7526.5822905898995,-0.012573591562771713,7373.772443795637,-0.024316997997553824
7586.437336915298,-0.008579964625598291,6384.556328788195,-0.00990823865624968,8448.539622999762,-0.02524750886071736
7586.43733691532,-0.010068434230115164,7618.935540720028,-0.009722568702774326,8286.659840485585,-0.02445796895862462
7586.437336915324,-0.008931661445326977,8064.151313615321,-0.007829035356425318,7832.826354078802,-0.013552992703336875
7586.437336915326,-0.011565123779600284,7072.829534564392,-0.011458951758044122,6148.669079115296,-0.022833104729315434
7586.437336915315,-0.012744103989917877,6785.216008409534,-0.016573950852364683,6693.148867034418,-0.012146374058882636
7586.437336915316,-0.0089852168051201,9168.806035775599,-0.008544798759883232,7988.525817738393,-0.01005870715003876
7586.437336915306,-0.00860389461431954,8243.112642537671,-0.010298143853046948,6127.290139070074,-0.01615607571986588
7586.437336915337,-0.011206847472478576,6873.539707691354,-0.015945395578328636,5847.970104638639,-0.02112441538053844
7586.437336915316,-0.015937868017633194,7793.858498339922,-0.011321561657909651,6862.70523369306,-0.031746692096651374
7586.437336915295,-0.009576163581542896,7194.070814548797,-0.015683188920256552,5952.397076275208,-0.027627044086509955
7586.437336915308,-0.012655784699239336,8483.551846505383,-0.00817476985864507,6024.1789250487855,-0.022499139560347103
7586.437336915321,-0.008416054901254189,7773.32133377322,-0.0098747120946866,7593.053276787226,-0.024457968958624066
7586.437336915333,-0.011885928443038818,7680.856936751405,-0.009919319823562978,6881.522712926212,-0.01454882529495849
7586.437336915318,-0.009613100656200024,6698.880903419612,-0.015026771998458033,7037.858781288489,-0.014813283398098842
7586.437336915331,-0.009291504481133028,7209.924528199174,-0.009737116112125355,8010.754945642717,-0.009796728733855065
7586.437336915326,-0.009561766180952502,7666.557066156616,-0.009613515833189812,6976.821969086085,-0.014135246798214207
7586.437336915311,-0.010943787940883576,7333.956838824795,-0.00906322027518891,8324.671291335171,-0.012146374058882747
7586.437336915337,-0.00980613539185271,7864.427367718125,-0.014542550141091848,7592.201654144028,-0.011803969618155108
7586.437336915305,-0.010297046556273726,8239.970088845123,-0.008662416369875303,7744.873936906432,-0.013277358959695507
7586.437336915317,-0.010559057630567859,6529.467664502338,-0.010533338430262607,6846.777087153489,-0.0260439827624962
7586.437336915331,-0.009150537352088262,6817.464872048641,-0.010436144665915914,8039.93255448477,-0.017377044489120808
7586.437336915324,-0.010306837922783418,8548.5983153453,-0.011716736824442298,8376.085858416971,-0.01005870715003876
7586.43733691532,-0.015590938336978888,8326.427921220735,-0.012020830642153313,9071.20619867136,-0.014135246798214096
7586.437336915327,-0.010167169246105834,6665.945951615738,-0.013875620047330117,7851.004852147759,-0.00991009066700077
7586.437336915308,-0.012217668137375348,7073.989399151347,-0.00891770230881761,7370.782534560286,-0.007873070066250376
7586.437336915336,-0.009857165017998382,8614.512301119503,-0.009745176744720196,9025.616333193488,-0.011803969618154997
7586.43733691532,-0.016760675654767243,7494.823248632495,-0.010820871084156636,7377.6677298828035,-0.024853143431289415
7586.437336915311,-0.008341779891866352,8721.833001006013,-0.008783254693407794,8514.508495002558,-0.01876061248316585
7586.437336915328,-0.011315206754598295,8189.30140913708,-0.01004349901903856,8716.062045286797,-0.01180396961815533
7586.437336915314,-0.010317596621778224,6908.666014158384,-0.00946062692426608,5752.920583403007,-0.022833104729315545
7586.437336915311,-0.015696413346711124,6884.961149018787,-0.010472499371532051,7992.309848058256,-0.017407026609613685
7586.437336915341,-0.01672266016938384,7485.715546230563,-0.010689871471096124,7787.331126203642,-0.01245310256749832
7586.437336915327,-0.014431657832684519,7912.995346042457,-0.008422390275358405,6539.455983463278,-0.01563412660453689
7586.4373369153245,-0.011919070938018694,6393.763294858656,-0.015717650581116294,7054.75817055182,-0.011803969618155219
7586.437336915332,-0.00927813290965529,7120.647604232687,-0.009963507085158363,8368.996233780548,-0.01413524679821443
7586.437336915314,-0.012057820135571107,7535.408190091511,-0.01563270180245524,6761.214323641463,-0.02152838441296323
7586.437336915346,-0.010067920298397759,7659.775715924505,-0.017908471646668644,7142.540700349523,-0.020490800401287368
7586.437336915346,-0.009173192772633842,6671.5075523354935,-0.010049170250541084,6627.500085495221,-0.012146374058882747
7586.4373369153045,-0.013015233115085678,6915.604462180347,-0.014098022150051404,6518.16156812591,-0.023962796886918825
7586.437336915318,-0.011766113830929292,6836.734086642621,-0.009273841487360879,7192.078397164911,-0.023035982695825297
7586.437336915313,-0.011119705760016751,8168.90011151455,-0.016579956656647132,6668.689788350847,-0.01726828384130097
7586.437336915321,-0.014303197312143245,7227.179100674859,-0.012724260355874373,7452.2927504742365,-0.011803969618154997
7586.437336915338,-0.010427689635849724,8481.759930440929,-0.012473737953582531,7626.275162865062,-0.0176224746081306
7586.43733691533,-0.01088430819478714,6731.81448571966,-0.011455503924982069,6515.2652631477395,-0.018535260726301628
7586.437336915315,-0.010546894669918983,7396.370315665297,-0.010680183870614646,6988.889190724154,-0.020541513099299746
7586.437336915327,-0.01071053710694514,7983.864226411063,-0.012149771547671051,7099.601477337102,-0.017492755914529368
7586.437336915307,-0.0126987815900802,7242.957472068559,-0.011048959650435397,8699.883537298225,-0.019253352227777354
7586.437336915307,-0.008769049523029149,7316.5881054927695,-0.010346516661392302,6784.126090250903,-0.009901660396686718
7586.437336915322,-0.010262320609084163,6179.413709573149,-0.011489436436466716,7184.0690869671025,-0.012146374058882747
7586.437336915324,-0.011975844062274477,7637.06655769078,-0.009205581922375972,7117.012419044624,-0.02634364253846644
7586.43733691532,-0.01070198720636062,9219.618911134787,-0.010408137549257401,8420.373413284888,-0.012986749901752859
7586.43733691532,-0.013726238274658353,7174.597574179829,-0.011391559003472662,8973.150839820995,-0.012146374058882636
7586.437336915321,-0.009606390386252772,8960.899646289019,-0.010868695805888895,7762.975397679673,-0.02445796895862462
7586.437336915298,-0.01170506864736831,7964.495795471438,-0.011867435804131632,6795.0238212563045,-0.012146374058882636
7586.437336915328,-0.011155243734745635,8098.028034759282,-0.013743249699159743,7731.513048929415,-0.015005347075445208
7586.437336915333,-0.01252673822720296,7201.820629660049,-0.009544203445472355,6541.386200403733,-0.015890738115585057
7586.437336915346,-0.012588013637821027,6853.041109413303,-0.018519879931791827,8450.108142613199,-0.024457968958624288
7586.437336915314,-0.01363466528836832,8449.488470679511,-0.011983987239652105,7623.44794348363,-0.022833104729315212
7586.437336915305,-0.013177882338550106,8092.806666932228,-0.012355899573356366,6758.047246568225,-0.014135246798214318
7586.437336915305,-0.010961808324007727,7916.953889723717,-0.010048696610093333,7382.884745109595,-0.02190403114730277
7586.437336915318,-0.009063079935193619,6988.645812086559,-0.012897062126331016,7461.291883089112,-0.016599209871968612
7586.437336915339,-0.011134619029446569,7151.138087654906,-0.008795876496079491,8190.185963546852,-0.012146374058882747
7586.437336915307,-0.0096931698889402,8008.976738581397,-0.010705784877912072,8389.867798523072,-0.012146374058882747
7586.4373369153145,-0.010937256693502206,7187.426197023828,-0.012578992495145935,8210.62907284811,-0.022499139560347214
7586.437336915316,-0.01200673369964056,7619.047997189681,-0.010233131441945598,6650.2978533935775,-0.02068480112252602
7586.4373369153145,-0.008705587752068311,8364.992416188103,-0.008573239509854447,7928.973365672832,-0.009989215960086506
7586.437336915344,-0.008795252289051647,8340.896383452442,-0.008282012823093932,6893.0855390285205,-0.01655973761970031
7586.43733691531,-0.016286804838309688,8266.707463124649,-0.011983666050247477,8844.607582698507,-0.010577153402964057
7586.437336915319,-0.010222702386867843,7396.004662842739,-0.008806121578953774,7309.604994384804,-0.01766421571168253
7586.437336915318,-0.008962688399698271,6598.489086865197,-0.010574039469590013,6855.81799490813,-0.020541513099299746
7586.4373369153245,-0.011874732510678387,7842.276229449726,-0.010339762973346711,7435.256083639187,-0.017203802729197415
7586.437336915316,-0.01117298020063362,7823.210399459674,-0.009335050978187875,8476.613645409456,-0.01774376714903758
7586.437336915324,-0.013607358078462028,7863.491429549927,-0.01087522792365525,7969.165106214051,-0.015634126604537335
7586.437336915333,-0.013567342989605935,8863.533874760398,-0.010407723370274291,6636.903111186408,-0.014819663413039419
7586.437336915322,-0.01070053192280418,8475.19358662746,-0.009885042322061,7918.0464861901055,-0.012416740325000064
7586.437336915301,-0.010388632392651864,7042.4624511331485,-0.009006250694002627,8290.55993559519,-0.0127758138490085
7586.437336915347,-0.008592962508495505,7923.202675371991,-0.010332333153142081,5924.793487525027,-0.025770771605776788
7586.437336915338,-0.010341550321861792,7487.899660758284,-0.013273302014439992,7795.085284254318,-0.00991009066700077
7586.437336915325,-0.014721300110110858,8251.374058583691,-0.009443083594888324,7189.6403688389755,-0.017203802729197304
7586.437336915315,-0.01109714388598626,8404.254567772168,-0.009356387865313343,7192.697829107239,-0.015634126604537335
7586.437336915316,-0.01204547177198867,6185.409583380411,-0.011322436612280828,8642.119074927325,-0.016811848526557926
7586.437336915298,-0.010730819600520802,7029.5818807771775,-0.010415379525663848,7759.278523800646,-0.027283932252107124
7586.437336915334,-0.011243435369106436,7670.743861016801,-0.010052807845560285,6821.4701413748135,-0.024457968958624843
7586.437336915311,-0.01048627175414174,7331.1100332281885,-0.013331299274964126,8036.580284838727,-0.022833104729315656
7586.437336915337,-0.01600229879663373,7266.68772728744,-0.00981876510878088,7996.739742046401,-0.017778210949971895
7586.437336915324,-0.0120513001449013,7176.390359871547,-0.008975069182114437,6829.749850278698,-0.014714740084123323
7586.437336915333,-0.012107502102898793,7662.723227549789,-0.009378164710756254,6164.637144342326,-0.027562687031720157
7586.437336915336,-0.010632777705207208,7454.215134013916,-0.009332512197924636,6267.953560192346,-0.02558185459148865
7586.437336915334,-0.0095279754200851,8700.168172116419,-0.009163083987331677,6704.419796940402,-0.015210674589024142
7586.43733691531,-0.008470360434107982,8348.259261951218,-0.009250521001413325,7400.054891547872,-0.021552870639304444
7586.437336915333,-0.01032105083056023,7098.588330215676,-0.014079095125219432,6781.430007887733,-0.012146374058882525
7586.437336915303,-0.01381134351267177,7206.447577760465,-0.009055299042126874,5802.940507351263,-0.028058882893252757
7586.437336915304,-0.011736199238242095,6950.947384039564,-0.009976828034896301,8851.262808026413,-0.011803969618154886
7586.437336915322,-0.010840153896363502,8198.193009195546,-0.010535183664775238,7972.052355395613,-0.019031028043664855
7586.437336915312,-0.013769569230784207,6631.092607851502,-0.015953624034042213,7951.880597046011,-0.017203802729197415
7586.437336915344,-0.011897401881278968,7038.238634942861,-0.009156259029760583,6683.006356296419,-0.028765848801006744
7586.437336915323,-0.0116296198533955,6883.226377684063,-0.011383742121499174,9840.20208590399,-0.020541513099299413
7586.43733691531,-0.012204748303407342,8081.630869726676,-0.008479537694471295,6829.986773194846,-0.02445796895862462
7586.437336915305,-0.012713463726404806,6503.9453551589095,-0.011404352292042286,6788.745299262445,-0.013304476252729236
7586.437336915327,-0.013084000837802257,7761.968115848598,-0.012830917542745568,8050.5030629633175,-0.01876061248316596
7586.437336915321,-0.008074878784392614,6735.832323354398,-0.011512189119573413,8296.42233646826,-0.015330131538210168
7586.437336915302,-0.011759663321918357,7245.067246864166,-0.0074652257150626955,7654.860550715872,-0.0284313928445451
7586.437336915336,-0.011514012317212718,7692.637010247364,-0.00979314702833245,6763.1683699994055,-0.027636390443507963
7586.437336915309,-0.0077583056355255975,7550.644887167109,-0.011208635034101633,7785.822951986694,-0.019723423769690274
7586.437336915302,-0.01323340325844169,8646.168063723555,-0.017705325796492644,7656.170594532405,-0.01180396961815533
7586.437336915338,-0.009773317031685047,7760.650940627463,-0.00951180452817224,8182.4962190926135,-0.013760798935671281
7586.437336915308,-0.009666892391037352,7574.931144173246,-0.017370306116408663,6822.048055580111,-0.01946534836439584
7586.437336915321,-0.01195624365482817,7511.729999014882,-0.017175821490835075,7855.224304536098,-0.027571234795291333
7586.4373369153245,-0.00972197197941338,7590.410724280402,-0.012097577591835162,9231.87797141854,-0.012146374058882858
7586.437336915331,-0.014912723478813117,8291.44931075158,-0.01368250666303239,8263.361326359787,-0.012146374058882858
7586.43733691533,-0.01265709986001673,7891.563909279026,-0.01377493047583278,6501.94800819036,-0.017203802729197415
7586.43733691531,-0.010189996565822534,7413.118471646702,-0.015239533427432339,6783.558375278635,-0.01413524679821443
7586.437336915319,-0.010099271593172698,8050.838527339976,-0.013624235253409389,7248.265868270853,-0.01903490408727182
7586.4373369153,-0.009033186024455464,7204.467780747271,-0.009757514198242445,7656.697416256582,-0.011803969618155108
7586.4373369153245,-0.010323894409278611,7433.196153399072,-0.01735427890868224,7172.338984067848,-0.013094022472656341
7586.437336915316,-0.009828111489343705,8355.953601363932,-0.010901725331562861,7921.516049982618,-0.01777821094997223
7586.437336915334,-0.01137474352235246,7460.628030075687,-0.012457020534256125,6661.30421282598,-0.014545571452152961
7586.43733691532,-0.01022678464334259,6708.679022809367,-0.009715293158730098,7182.88100003906,-0.012146374058882858
7586.437336915342,-0.01044919004763134,7111.873789723915,-0.010674806178184726,7556.791011341335,-0.011803969618155108
7586.43733691534,-0.011371798253322463,8890.8366656299,-0.009478619358340157,8261.374889167862,-0.024457968958624177
7586.437336915333,-0.009463496258851234,7723.963430580505,-0.009226040629756405,6413.901495893059,-0.02646418569078235
7586.437336915314,-0.008897597707373528,7943.241310259657,-0.007232762895601597,5958.38256002037,-0.022618538375405728
7586.437336915323,-0.011208611570626803,7982.548024592546,-0.0112854369983586,7825.205135896106,-0.012453102567498542
7586.437336915318,-0.008724777240855297,7919.045069206741,-0.012175380554454218,7251.606967972938,-0.016980926086622272
7586.437336915317,-0.010476532048512066,8337.325406732694,-0.007976217198348623,7066.335145502692,-0.019465348364395618
7586.437336915326,-0.00949257230231293,7402.399714744065,-0.008921069422294314,6270.9962228204095,-0.019535895682203264
7586.437336915313,-0.008494437345714867,6910.981836997055,-0.01069979899140705,6531.574444905557,-0.013344642632723613
7586.437336915311,-0.010010310374853892,7340.7951246268485,-0.00982501655246426,7103.819206684292,-0.022499139560346992
7586.437336915316,-0.009365126765190301,8652.958340157416,-0.012302502123897385,7457.037662908308,-0.014545571452152961
7586.4373369153245,-0.017068673503053633,6088.932408532312,-0.01000229984322043,7098.615681501251,-0.017203802729197526
7586.437336915318,-0.009170506122286093,8602.9773504312,-0.012854116647702307,6905.777739849977,-0.012146374058882747
7586.437336915329,-0.01158967489650331,8532.576406939217,-0.011462310443828394,6764.61137309777,-0.019632075896903967
7586.437336915315,-0.012659413034107447,7427.130306580942,-0.011571003330676621,8029.576356014563,-0.0228331047293151
7586.437336915335,-0.01063648162230868,5933.541689731189,-0.01741001806361231,7892.191787954349,-0.01774376714903758
7586.437336915324,-0.007627675763416719,8341.233201233215,-0.009625209247911548,6733.382035495127,-0.02650967053299147
7586.437336915335,-0.011266011543183962,7872.122178540705,-0.009451176672099826,7658.565853160691,-0.020730763301539668
7586.437336915332,-0.009725110367992507,7964.949428186776,-0.010425212846190357,8265.324070720773,-0.022134045364198607
7586.437336915326,-0.010630566352046178,7721.714330226706,-0.010590728179256326,6599.114280688892,-0.014135246798214318
7586.437336915322,-0.013480685157573502,7588.9076183668285,-0.011240557709344734,6741.196280164094,-0.024457968958624177
7586.437336915322,-0.011495188458501948,7414.375203796532,-0.009753909950514061,7099.833420196254,-0.02341624740550441
7586.437336915325,-0.009251353734306966,6680.004574260308,-0.009828432353483851,7296.75827397154,-0.024457968958624732
7586.437336915311,-0.008205825268578715,7119.203785194183,-0.01041286965106425,6551.609602465377,-0.012146374058882747
7586.437336915337,-0.016383369982291618,7129.761538664062,-0.011032082743541283,6777.717167148935,-0.012146374058882636
7586.437336915304,-0.009581630016106457,7731.195373416032,-0.010478018000186107,8125.818696052797,-0.012937248894492215
7586.437336915315,-0.009956143845557985,6725.569295825998,-0.011493423574910566,8049.636712369052,-0.012146374058882747
7586.437336915333,-0.012419632183369611,6751.110718652493,-0.012959773878316594,6732.978594967871,-0.023434208997012207
7586.437336915331,-0.008821640077677606,6875.493448771775,-0.011974895868158586,8030.05688194476,-0.013975155873278466
7586.437336915314,-0.009650045967962373,7996.060598534235,-0.010042664845417049,7200.049051521614,-0.024457968958624288
7586.437336915331,-0.012168374619951128,7239.400688263009,-0.009761394530335865,5106.106389285667,-0.02983501028212776
7586.437336915341,-0.01211157629845605,8091.146020851106,-0.008802500827424398,7721.3135199148555,-0.012146374058882525
7586.437336915308,-0.009318409372994885,6958.619721465516,-0.011843215511820882,6774.533655449125,-0.02412609991333614
7586.43733691531,-0.012261339061779952,7967.620069076887,-0.011312186115211675,7083.408759266473,-0.022351469650767397
7586.437336915321,-0.011190847927632919,7832.683642540767,-0.010060290626822455,6794.416356586741,-0.009541608169047144
7586.437336915304,-0.015391273077464351,7330.924315756542,-0.008670708196005683,9267.97048204108,-0.03460475604870783
7586.437336915341,-0.011868950251293642,7369.46814070081,-0.010941395485146943,6086.067314452995,-0.02425112906776361
7586.437336915315,-0.00805356994626083,7917.695551357288,-0.01033519715507325,7761.125659795404,-0.013248302363793596
7586.437336915299,-0.00991689934912876,8177.061095765496,-0.009917061311855213,8072.23147453959,-0.02112426197347239
7586.437336915322,-0.010987244412693165,6986.932360189448,-0.013117745108552792,9730.100978444161,-0.014135246798214096
7586.437336915311,-0.008842844287155982,8158.551907642671,-0.009958614067726357,8203.605636111792,-0.02445796895862462
7586.437336915345,-0.00868675140777897,6941.151401787103,-0.01277428882842524,7225.41946384014,-0.013552992703336542
7586.437336915317,-0.011516354085237102,6497.800569979596,-0.018953759768619127,7992.233804251079,-0.022833104729315545
7586.4373369153445,-0.01241233688287402,6505.175376028229,-0.01674550531041108,6052.776308313554,-0.016156075719865992
7586.437336915311,-0.009562441969515056,7143.559340270697,-0.018303568104892642,7404.206650119124,-0.012474817646491276
7586.43733691532,-0.010484552854493567,7580.950999758234,-0.013935387792148424,6405.244709122753,-0.027382016918164553
7586.437336915334,-0.011459288481998953,7509.868930731651,-0.01091515628111972,7116.883084869621,-0.014135246798214207
7586.437336915329,-0.009764904460124346,8102.101531252646,-0.011557124897690674,7266.197008020422,-0.011803969618155108
7586.4373369153245,-0.011623013687035555,6915.143153370831,-0.009980662742092083,9321.766754734937,-0.015105075182311856
7586.437336915329,-0.011053285593411788,8364.725748793857,-0.011759558710458307,7267.4479013145765,-0.01391360304439937
7586.437336915329,-0.011334387070697338,7153.074927546186,-0.012770358661961634,7111.1657043994755,-0.011803969618155108
7586.4373369153,-0.015683790466585967,7974.1168575284455,-0.011513319035306613,8440.69177097192,-0.012942415558927722
7586.437336915321,-0.010034255740685838,8040.1339494835465,-0.015334026312201376,6904.5917150693795,-0.012957716526718066
7586.437336915321,-0.008810477481450918,8589.87191207257,-0.008099022004717571,7983.6514513989605,-0.024457968958624288
7586.437336915321,-0.009461332635045339,8101.085817073813,-0.010895376612040986,7463.88047673267,-0.021124261973472946
7586.437336915306,-0.01096108241239735,7446.357950546031,-0.015327660272211108,6990.906440455493,-0.019465348364395618
7586.43733691533,-0.010623920915790563,8177.040480434789,-0.011332096296960525,6089.343743264752,-0.012146374058882858
7586.437336915319,-0.012553459369589404,7228.198489666528,-0.0083703026709816,6869.641758976422,-0.017067646929089242
7586.437336915309,-0.009484141402596569,7705.981095507362,-0.008474028818655777,7194.152236388011,-0.01454557145215285
7586.437336915331,-0.01224874825379918,6866.900236089764,-0.01193010176766518,7299.7178465490715,-0.025180307628466903
7586.437336915318,-0.009541598045914257,7256.2371186001465,-0.008511854221809778,6270.89449913714,-0.0244579689586244
7586.437336915332,-0.008202343034964588,7391.755924137777,-0.009647536584326377,6052.502283293743,-0.01774376714903758
7586.437336915309,-0.011797279297754426,7152.71452267335,-0.010835858606502269,6742.603828545252,-0.012146374058882636
7586.437336915336,-0.013314669789176836,7040.307625767644,-0.016244343784978188,7461.540764001897,-0.028057025302272942
7586.437336915286,-0.01148656485956201,8458.861755792357,-0.008450618608730087,9321.040384570551,-0.014135246798214207
7586.437336915322,-0.008809909916530634,7605.427089071281,-0.010056679257143042,7260.335667711911,-0.026266254181755655
7586.437336915327,-0.010315437866100119,7376.445252157994,-0.00997552467949303,8723.58010227312,-0.01774376714903747
7586.43733691533,-0.012067855466976307,9151.356373015798,-0.010434916976826969,8142.1479248738715,-0.025862761105316046
7586.437336915317,-0.009051519326917612,7695.867225206755,-0.01031538968094381,7263.591127222806,-0.014030541306652933
7586.4373369153145,-0.01448377454490879,7617.856794047262,-0.009689650705581698,6847.848238622684,-0.024457968958624732
7586.437336915326,-0.011008487794233135,6524.381129214746,-0.016195864505471835,6716.00038500362,-0.021124261973472724
7586.437336915359,-0.014138478583687997,6884.647178306872,-0.010356044450628099,7337.672341621027,-0.012146374058882636
7586.43733691531,-0.012230344794805226,7269.565014743085,-0.01544774963731288,7667.133923889434,-0.024457968958624288
7586.437336915324,-0.009249158429499471,7782.346140574004,-0.012869736436386892,8614.24699690628,-0.011803969618155108
7586.437336915333,-0.010754329885477198,8603.584589101654,-0.010062835890222388,6373.678904754766,-0.012146374058882636
7586.437336915317,-0.012167397085935727,8067.9660876186235,-0.013488979516075972,7885.229202031323,-0.019105007419124576
7586.437336915334,-0.008945394239442295,7789.973695340008,-0.009738809594226683,7078.813270613784,-0.01774376714903747
7586.437336915319,-0.013053231492462292,7997.519261845857,-0.01615994604208726,7086.7134290522745,-0.01946534836439584
7586.437336915318,-0.008095513483306394,8569.18850840461,-0.011683253684142025,7248.6966075473,-0.01774376714903736
7586.437336915298,-0.014596367358474804,6631.501702578753,-0.011839644797746574,7910.30754671826,-0.022833104729315545
7586.437336915315,-0.010479274431289265,8633.879364177767,-0.014235776251649068,7335.640530901197,-0.02595723528495708
7586.437336915325,-0.010884987744968155,7550.867783329614,-0.009166687430345766,9258.50879112852,-0.011803969618155108
7586.437336915331,-0.01101424423040731,7157.814795895992,-0.01739546348653509,5655.024981782655,-0.04036928763077052
7586.437336915294,-0.011098562969989345,7666.179583468722,-0.009497183352917826,7873.779917058352,-0.018760612483166073
7586.43733691534,-0.012651650669380565,7413.488977750722,-0.01227898623377266,9036.637199250988,-0.00991009066700066
7586.437336915332,-0.008183106185436606,6930.5268096343,-0.009348645408379208,7096.000067164363,-0.016156075719866214
7586.437336915317,-0.013361850469519432,7347.731927244094,-0.012911037273052317,6540.1127678452,-0.025466483732388134
7586.437336915319,-0.008781973797469589,8340.746518064048,-0.010419798779345069,7950.515673031957,-0.011803969618154997
7586.437336915312,-0.009968623638149876,8612.640218157769,-0.011807087212936329,7560.483622187839,-0.010415263167925737
7586.437336915309,-0.009920497373177573,7227.981718963752,-0.008234951989746553,6449.485646913909,-0.026158383086793302
7586.437336915315,-0.010634965020022591,7943.3113632980685,-0.00879671629398704,8038.424475679158,-0.012146374058882525
7586.4373369153145,-0.008447621198485633,7100.580555815933,-0.011288192634457572,7775.483265385389,-0.011803969618154997
7586.437336915332,-0.010470385586856534,7598.514395765552,-0.010618565209046138,8157.643122440086,-0.0194623331111603
7586.437336915325,-0.011048002965329373,7246.9979866628055,-0.0101116540393833,7712.2863363079405,-0.02271413895758656
7586.43733691533,-0.009954123280627392,7347.517024179721,-0.015997831482253422,8488.863421341295,-0.016879490205743863
7586.437336915325,-0.019047928891541832,6812.86392718695,-0.012688604088515132,8687.205221154827,-0.014135246798213985
7586.437336915318,-0.009797825230047352,8319.57754645564,-0.008914275087085977,7624.389499772071,-0.02269428739164059
7586.437336915343,-0.00930677033115146,6834.484532776892,-0.013411797229058053,8234.298450353654,-0.015634126604537224
7586.43733691533,-0.01097942290134335,7096.663352799223,-0.007369462607301869,7366.892604474927,-0.015823902119189603
7586.43733691534,-0.010259127018499514,7747.120071166038,-0.014898222002461603,6679.101974110065,-0.022833104729315656
7586.437336915315,-0.010922915221139862,7860.71263727254,-0.008447288073471837,7300.2006748508575,-0.02148955502799199
7586.437336915326,-0.02174468376383698,7714.2741134300995,-0.01544273682203623,7676.198298921044,-0.014501122998769933
7586.437336915302,-0.008083551275900325,7240.572231787518,-0.011356310856068252,7285.650392699623,-0.012146374058882747
7586.437336915321,-0.012934648348973066,7422.880310991317,-0.017310180070812753,7625.188341229859,-0.021239779802340264
7586.4373369153245,-0.011290725797372114,7623.3483087523555,-0.013034446025023683,8270.16074814976,-0.0195937555777147
7586.437336915328,-0.013907333646970277,7551.417685893417,-0.009748312781083457,6248.916416181143,-0.027703458443541384
7586.437336915312,-0.013592597070727241,7658.153364306957,-0.014571256920506315,7319.965782865382,-0.02445796895862462
7586.4373369153145,-0.010401350436862522,8411.17717089177,-0.014344091888999877,7041.708547111945,-0.017648321660198474
7586.437336915333,-0.011774503056006691,7571.8283756664305,-0.010863719035013375,7646.06719323775,-0.020541513099299746
7586.437336915341,-0.009699935772166102,6891.0337986188915,-0.011600395455944157,9450.127667268322,-0.01192799783296139
7586.437336915338,-0.010339723427323477,8212.37941244173,-0.011400612733496018,7568.298213559611,-0.02445796895862451
7586.43733691532,-0.010998903582676967,7493.588114599085,-0.010243517412920067,7379.032676978489,-0.02445796895862451
7586.437336915315,-0.009924158464929667,7660.869185493225,-0.0160034467455501,7711.359516389962,-0.02800219144625027
7586.43733691533,-0.009490922879503816,6789.737521249525,-0.01656197350915245,7091.085832684994,-0.022833104729315212
7586.437336915323,-0.009072339632971826,7935.6204748256305,-0.009256430122460024,7868.323663180966,-0.029725320056547266
7586.437336915312,-0.009335134413748003,7195.453802559913,-0.010483757176044106,6197.3914434537455,-0.024457968958624732
7586.437336915331,-0.010511397786420185,6895.656063811178,-0.014918366943806993,7820.530509043741,-0.0244579689586244
7586.437336915325,-0.009522856112789913,7023.128225537886,-0.008996199508769731,7532.244701812712,-0.025959270246375565
7586.437336915313,-0.015312574130948886,7641.427140986654,-0.014253978712007398,7730.179547347752,-0.021233227621065498
7586.437336915307,-0.01196672926994602,7144.769020986547,-0.011264544414444466,6241.576697066791,-0.024742989351736355
7586.43733691534,-0.009010058698093015,8593.041352087377,-0.008105947092112542,8161.580553957949,-0.014135246798214207
7586.437336915302,-0.010390648292778248,8140.705977049071,-0.009691359505259456,8523.5718462179,-0.012146374058882636
7586.437336915328,-0.012147375973232566,7093.059762060774,-0.010862024232556222,7607.734540287628,-0.015333104059971014
7586.4373369153445,-0.011654592583052903,8015.1543258239635,-0.009369587055694684,7995.620961749991,-0.012146374058882858
7586.4373369153145,-0.00972819912570222,7176.93230822863,-0.015445753359014658,7194.263785766844,-0.022499139560347214
7586.437336915312,-0.011350102856943822,7549.8805543235785,-0.011420776407523037,5860.496569576166,-0.02588895181997186
7586.437336915324,-0.010282117666003288,7903.672262065479,-0.012828830188565732,6188.331100604602,-0.01994554006926652
7586.43733691533,-0.011872507176132752,8000.000832648282,-0.012268522462556164,7643.877073927599,-0.011803969618155108
7586.437336915316,-0.011849317697037787,7850.535598680988,-0.009211226324510435,8316.00586110269,-0.027993037411928268
7586.437336915336,-0.01199586550585241,6847.796232891948,-0.011416559700765272,8219.323669417596,-0.011803969618155108
7586.437336915343,-0.012670460361445035,8093.0124946024025,-0.00954694844736348,8413.490888326409,-0.012146374058882747
7586.4373369153045,-0.01033933575861623,7917.133290562094,-0.015781719904763514,7830.5768454102235,-0.017203802729197637
7586.437336915324,-0.01079011119136275,7460.920116797354,-0.013598931463978725,6718.113298697862,-0.021124261973472835
7586.4373369153245,-0.009038617358910317,7147.107757839725,-0.010217677216119436,6652.234188605237,-0.022934875637675156
7586.437336915304,-0.009544959899356109,9121.34101515519,-0.008489993750722569,7821.2681348359465,-0.022499139560347214
7586.4373369153,-0.011008142379014818,7938.718010937779,-0.014377975836717627,8731.997647622045,-0.014829931420593856
7586.437336915319,-0.00935256392137429,7272.075736732917,-0.009972985921607003,7720.450982186137,-0.014545571452152961
7586.437336915322,-0.010820579661354857,8775.829577795284,-0.01115085454300635,7469.285356045636,-0.011803969618155219
7586.437336915327,-0.00928705493100479,7629.165794613365,-0.015396855596186865,6759.747148341279,-0.022833104729315545
7586.437336915321,-0.014797038120915151,6848.098843232366,-0.013884908602559087,6923.475128746198,-0.02445796895862451
7586.437336915331,-0.013174459875912592,7660.500691775256,-0.010058130018540057,7237.767181627626,-0.01946534836439573
7586.437336915315,-0.00855281430360777,7661.597182558034,-0.007727450638926214,6857.48974187349,-0.013827132026159261
7586.437336915323,-0.009789053651376611,7471.570863611215,-0.013930788879164546,8121.007581352148,-0.012146374058882858
7586.437336915281,-0.009168669767821047,8212.354843642264,-0.011661126260219867,7020.456271266347,-0.021124261973472946
7586.437336915323,-0.013973963277347012,7501.732327517084,-0.009771849166747781,7404.791093988956,-0.012146374058882525
7586.437336915321,-0.011144675984892105,6221.949713521294,-0.01178334297043504,7670.204734090951,-0.024457968958624732
7586.437336915331,-0.01047575571711623,7531.189259769875,-0.013228852678837333,7409.326650118376,-0.014267547246473944
7586.437336915312,-0.01261145418161791,7482.112054941765,-0.010760392556786624,7811.9302118509595,-0.022912442103307895
7586.437336915328,-0.010877858666622386,7493.973272738871,-0.014790891642450177,7591.4481698317195,-0.010648420446901175
7586.437336915323,-0.012034266087498913,6672.3505939310235,-0.011983852253505622,8369.254069621526,-0.013464971572967666
7586.437336915323,-0.01415221265986355,8069.4985084193695,-0.012437226026812853,7415.427339491032,-0.022499139560346992
7586.437336915338,-0.011568724246094786,6403.07634187122,-0.01454575111479961,9128.474667380957,-0.017988267059378726
7586.437336915329,-0.010357122089619142,8734.268805299029,-0.009651864954111633,9102.797122023687,-0.012146374058882525
7586.437336915304,-0.010243196859791914,8366.75634159089,-0.0077943595059969395,8208.355141725177,-0.01603576914185756
7586.4373369153145,-0.01154375252286366,8210.605885244679,-0.010145762891396126,6498.11561122465,-0.02799303741192849
7586.437336915324,-0.012148934634404807,7568.954882709998,-0.013734287408066925,8232.432548918827,-0.019465348364395618
7586.437336915325,-0.009981349512367843,7856.186311365278,-0.011832817322943057,7687.995786423568,-0.027953502192267332
7586.437336915327,-0.011237185053752485,6831.278046690546,-0.012415098914400846,6903.834578989934,-0.01946534836439573
7586.437336915328,-0.011473799036324173,7913.792898254886,-0.01131217692257147,7533.524039579876,-0.01715546442079685
7586.437336915335,-0.014518533421929325,7501.571595772024,-0.010770911507313463,9002.227229602471,-0.013913603044398815
7586.437336915333,-0.009357064490428724,6575.7859838023605,-0.012567610392842155,8092.86691103877,-0.013552992703336875
7586.4373369153045,-0.012009448493369601,8039.498396521106,-0.010602278714700097,6955.910658548022,-0.013571082125672818
7586.43733691533,-0.011372223677079907,7989.676000882223,-0.012457397478719323,7703.068137303403,-0.013913603044398815
7586.437336915319,-0.011345648093083582,6720.44854514725,-0.012609920050257184,8091.277401512799,-0.008976924543295461
7586.437336915329,-0.013487150423144634,7474.168850406853,-0.008226140067724486,7682.200884516457,-0.024579729484519586
7586.437336915303,-0.011133166887924983,7196.8227802517495,-0.011950477304321305,7447.9204022200465,-0.012146374058882636
7586.437336915343,-0.01645890004361572,7240.654738642328,-0.010414946611165155,5581.436819471638,-0.020541513099299746
7586.437336915327,-0.010670215978499709,7773.373260378659,-0.012183202040328966,9856.450384791346,-0.013827280583130097
7586.437336915303,-0.008829422661187913,7277.112498768292,-0.011773253250414895,7684.445604282445,-0.021124261973472613
7586.43733691531,-0.009839516289340322,9203.353607882525,-0.007914444178458546,7716.5908930392225,-0.0189620376472025
7586.437336915323,-0.014193817730155822,7724.035095670951,-0.01072274851276711,7619.447549321257,-0.01946534836439573
7586.437336915309,-0.015573406018786873,7226.50230225538,-0.012578818010486104,6553.3524530809445,-0.012146374058882858
7586.437336915332,-0.009396899111250634,7932.8793964039305,-0.011724014584404197,7561.520656452352,-0.013913603044399259
7586.437336915326,-0.011081338296538124,7776.854990927187,-0.01166881726719493,6934.857622113681,-0.015005347075445097
7586.437336915323,-0.010061336338366589,6900.769752970248,-0.009162800753192424,7872.647154216106,-0.021547793187592257
7586.4373369153445,-0.012228440181105915,7235.096944058199,-0.01206344654960978,7008.543554330716,-0.017466086944475268
7586.437336915325,-0.009320820764435966,7378.081223566295,-0.010752236119653924,6960.995230484018,-0.015256665342445741
7586.437336915298,-0.010263721391900238,7537.321299272092,-0.009651138778852042,7903.726506913677,-0.014135246798214096
7586.437336915333,-0.010533401042402635,7671.53306195553,-0.009320025125250542,7603.908951059815,-0.027082712160489075
7586.437336915339,-0.011830736905848682,5173.826595476569,-0.01174773309981203,9539.451984378093,-0.022772386112040688
7586.437336915316,-0.019331976200387957,6897.689524634301,-0.01261749867196238,6429.776655358278,-0.01946534836439573
7586.4373369153145,-0.00855323877451919,7077.367150700568,-0.01746482812104111,8516.375186337411,-0.0244579689586244
7586.437336915324,-0.013165034214346782,6809.052299418142,-0.00884663838750921,5432.890572977666,-0.02249913956034677
7586.437336915308,-0.009450048779475972,8042.2781806465855,-0.012372151064049541,6806.496768542576,-0.024457968958624732
7586.43733691533,-0.011808125464804475,6900.100832345037,-0.009423770944981036,6942.0903388734705,-0.0244579689586244
7586.437336915309,-0.012838424260213421,8297.685031364927,-0.009811700754652986,6651.450086009547,-0.012146374058882636
7586.437336915325,-0.012443025964805066,6986.6835050230575,-0.00985913687557538,6623.731721989658,-0.026394477010873163
7586.437336915327,-0.012090821478887848,7954.509938625778,-0.011044497105575646,8078.847716488572,-0.01423123287991701
7586.43733691533,-0.011581796046098214,6741.867573042041,-0.014038816980386337,8457.013173343727,-0.02249913956034677
7586.437336915316,-0.009836133172319461,8022.9269691850595,-0.008009454001583816,7086.965958182787,-0.01245310256749832
7586.437336915327,-0.008481769417531648,8417.3557225225,-0.00886614265791641,6240.467854893356,-0.02650989527526071
7586.437336915314,-0.012970016579978094,7011.23044029957,-0.013550595725029257,6677.025103958528,-0.027085088730474216
7586.437336915331,-0.008497815397736863,7294.763464450905,-0.012487039904111708,8490.716192876172,-0.012146374058882747
7586.437336915309,-0.009430466883587063,7181.475033701836,-0.0108811097561331,7770.4646158553915,-0.022833104729315434
7586.437336915297,-0.010662764388940094,5959.279541312599,-0.01003621114765152,7532.187087349084,-0.017803464023926296
7586.437336915316,-0.011217341497109401,8138.005755450271,-0.008500920966542536,9392.940171382308,-0.014698219465974272
7586.43733691532,-0.013741905019174383,7322.961646200642,-0.014232964640419787,7857.218786874677,-0.014718716176180036
7586.437336915325,-0.012987238558410663,9169.528568719274,-0.008145498577665444,6764.993117335519,-0.01905605811584088
7586.43733691534,-0.011158946094887767,7444.4452167972295,-0.012380919953162706,6353.342055336006,-0.015279577511028375
7586.437336915302,-0.009082689905174579,7550.584450958566,-0.009392201585948778,7210.950475620769,-0.013552992703336653
7586.437336915324,-0.008532459734161835,7298.872022147133,-0.009471618869678955,8243.6855688045,-0.022499139560346992
7586.437336915321,-0.01255766157004512,8153.652991755468,-0.010446404697021516,8923.959318678297,-0.011803969618155108
7586.437336915316,-0.011100262433232477,6538.052612368335,-0.009958191676640471,7970.038912856092,-0.025291551873388274
7586.437336915316,-0.011741746738587078,7604.832214407139,-0.0109856670602827,7665.576053076858,-0.024457968958624843
7586.437336915335,-0.013505607403964448,7334.987358436176,-0.01004869312642065,7158.7077124899315,-0.02501413919787321
7586.437336915319,-0.017348298925919603,8474.287256072394,-0.008767491104717418,7727.527236573056,-0.022499139560347103
7586.437336915312,-0.008771198292730542,7280.889411094287,-0.01037831406485501,8039.569673572409,-0.011803969618154997
7586.437336915312,-0.013383372883727596,6996.6271688190245,-0.009915606460835447,7878.590445740829,-0.022499139560347103
7586.437336915315,-0.01321398400787932,8100.2564868133795,-0.012613396047787107,6975.320458530276,-0.024785866688913916
7586.437336915324,-0.009904876008477892,6668.016258703831,-0.008444699272190048,7827.010160646508,-0.022499139560346992
7586.437336915307,-0.010484863759926077,8797.99598136883,-0.015452314451374849,7581.8414459143905,-0.02445796895862451
7586.437336915308,-0.009851852925018667,7641.322434817723,-0.008466871379368635,9497.70143389977,-0.011803969618155219
7586.43733691532,-0.011486410911513256,7931.773610148553,-0.009742111105568108,7651.034944394242,-0.02689716760395333
7586.437336915327,-0.013625675015269123,6909.506160573199,-0.008963723025099846,6528.763875785701,-0.012146374058882858
7586.4373369153145,-0.012115954811152352,8003.262879125065,-0.008806402359388121,7179.716683847014,-0.023885828567846712
7586.437336915338,-0.010985296852538906,7394.340233082796,-0.010380750735745736,8881.539609741894,-0.012169100236130714
7586.437336915336,-0.012148469527507033,8342.166060578784,-0.01007473841983153,6849.87475045543,-0.013913603044398815
7586.437336915325,-0.0099393970859889,8322.72093479613,-0.011457890523559056,7543.049510455624,-0.009352197578284205
7586.437336915317,-0.012950576669718883,7914.50497281541,-0.011190997467905528,7556.042241671996,-0.01578747541775216
7586.437336915339,-0.011387547746401161,7371.064236588733,-0.008990702986462651,5883.092330766926,-0.02445796895862451
7586.437336915331,-0.013753171415031074,8509.242148147116,-0.014287060754433645,6919.795697583404,-0.018785657310743886
7586.437336915343,-0.012516846012703753,8827.91349800333,-0.015738678163341624,5703.810052117052,-0.02251993561645349
7586.437336915319,-0.010002610817944069,7636.969014313619,-0.009495663166063872,7654.3026179735625,-0.018035620130123053
7586.437336915308,-0.01042057708398969,8157.204360142775,-0.009471287962843467,6761.1085466216955,-0.018135014248312098
7586.437336915312,-0.00896787108879582,8306.309190085822,-0.00857683333198489,7755.924320290629,-0.014657657523249878
7586.437336915308,-0.012555009283315655,9580.149416168886,-0.012434806751749017,6537.789872519357,-0.015210674589024142
7586.437336915317,-0.008878326948277282,8076.9539950181,-0.009935396289942777,7113.163761756048,-0.0244579689586244
7586.437336915318,-0.011875244761113457,9755.553869440864,-0.008869219547751772,6924.446559026446,-0.010492409985122797
7586.4373369153145,-0.01096463690471472,7131.014183227024,-0.008763451176452386,6545.527363348619,-0.026152261141343613
7586.437336915319,-0.010782443649252849,6878.492662156928,-0.010006542171813848,7823.257621122518,-0.015107365602258893
7586.437336915316,-0.010342197718951174,7580.41513727926,-0.01052951658106005,8490.814816342276,-0.022193332983341696
7586.437336915315,-0.010278920307660977,7823.133351955654,-0.010681614653382243,6571.145414196855,-0.012565852644993991
7586.437336915299,-0.011923447303084589,7186.761406251231,-0.012626251726386761,7359.017540677852,-0.012146374058882858
7586.437336915339,-0.009387831020022719,7969.337390078245,-0.008642929388012921,8102.326769928917,-0.02445796895862451
7586.437336915317,-0.013989164198235149,7270.937205298537,-0.010047914811641134,7824.722049043578,-0.00991009066700077
7586.43733691533,-0.012639087698717688,8104.036820433456,-0.015536128572512298,7717.981557473852,-0.01214637405888297
7586.437336915324,-0.011526864499541212,7409.218634835645,-0.008930291841923621,7914.537177517755,-0.01732738538463252
7586.437336915331,-0.012137072245325897,7732.287310875324,-0.009702328781404645,7518.320520194045,-0.010164109333456683
7586.437336915327,-0.010231768597040558,8704.978579193414,-0.010925370090518194,7389.457861837965,-0.017074818690467675
7586.437336915318,-0.013205648436279138,7281.0094314884955,-0.010194791860455243,8679.685591168058,-0.012723355373546852
7586.437336915288,-0.011863244719722221,6199.413431919634,-0.014973446834412152,7638.641973903294,-0.022833104729315545
7586.437336915307,-0.00918885756380139,8973.065875256783,-0.011859784933457296,5837.82865241376,-0.0244579689586244
7586.437336915318,-0.010592955539588944,7246.800677285476,-0.009719806053855029,8662.005150505925,-0.014135246798214318
7586.4373369152945,-0.009754331113943082,8138.447004233094,-0.007564720448686724,6934.726591515968,-0.020541513099299746
7586.437336915325,-0.008811041244656592,7698.35139225756,-0.00977516582717719,8339.988979417598,-0.025082488366768074
7586.437336915308,-0.011218122235987393,7841.058888048906,-0.009065085573319642,6015.773656273398,-0.008916250375927248
7586.437336915334,-0.012123433969204789,7653.711991210257,-0.011127122679826407,6675.086176785796,-0.022621514659743713
7586.4373369153145,-0.012471336130109978,8358.965343784463,-0.012231817581583981,9328.296992934858,-0.012146374058882747
7586.43733691533,-0.013556807198525145,7332.064610999615,-0.014462382734155343,6854.737075704072,-0.018541133242701235
7586.43733691535,-0.0109382420627131,7082.3533300278195,-0.013717625667344469,7446.031614543942,-0.019465348364395618
7586.437336915334,-0.018332011689770722,7983.283178287019,-0.009306708009969356,6982.164387062677,-0.015634126604537335
7586.43733691533,-0.00971832865175748,6534.2464333421785,-0.01273691742732963,7732.5137430020695,-0.024457968958624288
7586.437336915331,-0.008175938574979447,8203.679685999872,-0.00824614328332407,8077.100295875081,-0.01650010262698176
7586.437336915326,-0.010549788609412358,8245.609943405072,-0.012674139990138333,8170.2711492190865,-0.022499139560347103
7586.437336915315,-0.00957575384917242,7632.401527635041,-0.011431432027638744,6933.135392731104,-0.024368021622573788
7586.437336915348,-0.010231290971267737,7521.825407710264,-0.023683101094753245,5955.960493915508,-0.013913603044399148
7586.4373369153345,-0.009068324209748235,7217.5424128281775,-0.011024942563741091,6896.96508682264,-0.013913603044399037
7586.43733691531,-0.009552762675806625,7517.609113443623,-0.010524980708492393,8018.5348724183405,-0.022655048313292347
7586.437336915323,-0.009932409524298191,8172.69735575409,-0.012265048914197108,8680.585147566591,-0.012293707957087396
7586.43733691531,-0.0090697520162486,7339.215788239412,-0.01486822836309798,9372.706875570348,-0.017287597461522974
7586.43733691534,-0.010586670881895688,8230.74700201869,-0.010638656588430107,6927.927905485554,-0.020541513099299302
7586.4373369153245,-0.00805467647519631,8001.63791857554,-0.009723810390790621,6743.440883828338,-0.008560387515079038
7586.4373369153145,-0.008816381268389906,7901.752398415785,-0.011436429697174177,6320.425977445552,-0.021124261973472613
7586.437336915332,-0.009880525645127647,7201.090294659599,-0.008687999832157844,7032.3111729336,-0.02445796895862451
7586.4373369153245,-0.00899828175029782,8302.847660236523,-0.015997638822533355,8645.945976856678,-0.008013926255857506
7586.437336915304,-0.00918077342778889,8164.831722060593,-0.008936024021821809,7195.403259138848,-0.012146374058882525
7586.437336915303,-0.010173511403135604,7000.640883795702,-0.009608027678551512,7854.66347216949,-0.01774376714903725
7586.437336915296,-0.013779246227261566,8091.839057637607,-0.013700630927945157,7517.101609474097,-0.01736844555850936
7586.43733691533,-0.012042837084221047,7926.036865224098,-0.011501319011268274,8973.844242249159,-0.02445796895862462
7586.437336915329,-0.012768372749037415,8223.296810065483,-0.011760864530589221,6280.390464993745,-0.026197933796612394
7586.4373369153145,-0.011610603407907427,7801.977583728789,-0.010292848045383662,6520.222474246154,-0.012146374058882858
7586.437336915311,-0.008740225678061764,6876.257388541613,-0.011811469042024236,7288.044475059535,-0.01180396961815533
7586.43733691534,-0.00926070551684377,7461.593682020398,-0.012396328999035089,7374.114851148488,-0.012542501294520614
7586.437336915299,-0.010130041572819382,7959.244882936002,-0.009309438745005783,8628.785426097988,-0.026704440163888066
7586.437336915316,-0.008034785072636441,7714.625537019015,-0.013411930894919433,7230.596579178852,-0.0244579689586244
7586.437336915312,-0.009743317095606052,6990.18309461732,-0.0098916844827448,6109.823545270437,-0.013694165999891927
7586.437336915321,-0.011011248165571863,7784.635230597714,-0.01104758261496852,8719.052855581655,-0.011803969618155219
7586.437336915326,-0.009418559138637761,7022.990759921501,-0.00984276884547508,7091.681183020784,-0.020603510287483418
7586.437336915326,-0.013842359517218572,7606.137628328041,-0.010264557222757542,7480.56587168553,-0.024457968958624066
7586.437336915302,-0.010048805433501062,8640.81839591472,-0.010102921222698846,7905.221776689906,-0.016902847350064865
7586.437336915345,-0.011233723641887905,6928.465433024913,-0.011018982172200431,7774.609959181229,-0.014135246798214207
7586.437336915338,-0.010062687297271444,7533.058578336406,-0.008204779701040499,6195.4065600398635,-0.012744493170267712
7586.437336915362,-0.010494648189809275,7119.2109679939485,-0.011289305217419554,7016.300218884138,-0.014135246798213985
7586.437336915304,-0.009891793352708511,8545.827673189318,-0.009902820722279881,6956.757709833949,-0.015017870452202597
7586.437336915334,-0.011488266928049606,7792.2598948260675,-0.009401512195267858,6229.985505691185,-0.01430283069173377
7586.437336915323,-0.01845183655990046,7239.701242420702,-0.012184751885975897,6784.111571987667,-0.024457968958624288
7586.437336915287,-0.018112612220138935,8671.445296737453,-0.017309612137458963,8092.580202904125,-0.020374510586319894
7586.437336915338,-0.00981158616251454,8658.126930754543,-0.00940273246523271,8267.521469737743,-0.012146374058882858
7586.4373369153145,-0.011768022619385143,6021.433040747674,-0.013430450119535808,7334.32369442536,-0.01606870505882174
7586.437336915322,-0.009489707113065182,8363.905493004791,-0.009503780374642612,5857.335050869021,-0.02445796895862451
7586.437336915324,-0.008937358921532801,6955.688928491851,-0.011075911490405543,6237.107970633293,-0.0257390512411958
7586.437336915317,-0.011741689877359573,8401.442285799389,-0.011193490751855384,7236.008497372582,-0.015467673867012977
7586.437336915309,-0.011981081555130557,8014.008921771095,-0.008832822790281414,6283.502741243036,-0.014885333831029746
7586.437336915316,-0.011342094356399435,7123.842804923273,-0.011536951506210036,6215.143185538916,-0.023270053155735382
7586.437336915315,-0.015436187691887926,7667.014147416896,-0.009880829648161837,8006.606238871369,-0.013443867282800892
7586.437336915317,-0.010249817746905143,6930.834210577555,-0.00846002351937436,8194.411011711214,-0.00991009066700066
7586.437336915305,-0.009042273360768904,7602.376796137814,-0.01174355666441862,7928.973875640806,-0.020394581652656063
7586.437336915345,-0.014375190864339027,8041.348935917287,-0.009753747133612878,6657.496557277753,-0.015019666728620096
7586.437336915321,-0.011221389069396182,7279.483556242935,-0.010049006082361811,5787.607640400972,-0.01774376714903725
7586.4373369153,-0.00967541648701209,7102.05476248319,-0.012028066369225598,7259.30838999478,-0.01558997908881321
7586.437336915313,-0.009470640632122329,7966.47919763922,-0.009695152083868175,7165.812581470613,-0.011803969618155108
7586.437336915314,-0.0105982065136343,8383.212363300694,-0.010346229185341005,8280.134991627965,-0.022038451201028653
7586.437336915341,-0.009400026441583775,7683.89990173508,-0.012524813428289594,7118.294764429334,-0.0244579689586244
7586.437336915312,-0.012240143255937919,7987.890056835528,-0.01980033459672259,8086.019824982133,-0.012146374058882747
7586.437336915312,-0.009524675915541736,7482.488513115402,-0.01124362942062973,8226.07617381427,-0.01180757059907589
7586.437336915323,-0.012459057364243908,7569.394360682598,-0.014491761371437262,6290.169641042082,-0.0244579689586244
7586.43733691532,-0.012651116928321104,6899.671883132123,-0.01304308401054699,6036.517148823564,-0.0244579689586244
7586.437336915323,-0.01304595539389608,7946.509462700419,-0.009166611014977954,7071.538909278429,-0.026039249231303296
7586.43733691531,-0.013717114620422577,7302.441563267289,-0.012744972028533752,8368.580072149194,-0.016743321434595226
7586.437336915313,-0.009290615667545299,7151.976610137808,-0.012312002344538997,7317.603042356825,-0.01466072949242947
7586.437336915324,-0.010925557925742568,9613.595189889269,-0.014895674805456394,8368.748786543056,-0.009910090667000437
7586.4373369153445,-0.01151682771223761,7924.8698888750505,-0.01010299162192363,7276.668864181907,-0.036750777659608214
7586.437336915327,-0.0107997644719936,8111.309030365637,-0.01374155882049366,6975.123694477465,-0.023862243606151523
7586.437336915342,-0.012791579099242556,6719.089991458577,-0.009651241221831475,6723.476621744665,-0.013552992703336875
7586.437336915313,-0.00932739133024707,6494.662416640466,-0.011022897018452382,7504.632960768223,-0.014438500031401902
7586.437336915327,-0.011157791486606006,6735.173551990004,-0.014201843665530678,6201.997710760451,-0.0244579689586244
7586.437336915318,-0.012604059589415573,6678.1060462515225,-0.01202252717816299,7349.700019053251,-0.016537119156807
7586.4373369153345,-0.012436440931233084,7206.608473972204,-0.015506312614431028,6762.273442593764,-0.025373060877769027
7586.437336915322,-0.008667609852007097,8097.561351581232,-0.014428464211431624,7571.348461505387,-0.018802624919939892
7586.4373369153545,-0.01309491314193556,8129.429850334914,-0.010734401488759815,7170.325355195821,-0.022499139560346992
7586.437336915344,-0.011552876773781251,7527.326328374587,-0.009795769710808977,6341.436197076595,-0.011803969618155108
7586.437336915351,-0.0082349648292942,7803.493843459206,-0.011761644385505088,7401.033969113739,-0.014260079943254511
7586.437336915315,-0.009270626511360014,7797.446024125658,-0.012930968017514366,7427.34340042231,-0.017743767149037026
7586.437336915338,-0.011176231863796793,8473.400829537692,-0.010660906501524514,7504.037287355494,-0.01774376714903758
7586.437336915341,-0.009554331678071404,7843.9080081094535,-0.013076749766585127,7949.281944877384,-0.01413524679821443
7586.437336915315,-0.010562109707703993,7431.868404580363,-0.009460067667681149,7725.300261195304,-0.02445796895862462
7586.437336915301,-0.008446370224897248,7488.997157157351,-0.009183625092189507,7366.61188659049,-0.019465348364395618
7586.437336915317,-0.007892011251423137,8433.26748971221,-0.008910668387659415,7047.050481289008,-0.025815038851484062
7586.437336915331,-0.011168262811321883,7708.783322534489,-0.010809272222582211,8593.898438840917,-0.017743767149037915
7586.437336915323,-0.01256553841583552,7355.952148723912,-0.01436077417745174,9329.99442236811,-0.018760612483166073
7586.437336915304,-0.008750766639901042,7585.118256127444,-0.010344440724969095,7234.840507873481,-0.01774376714903747
7586.43733691531,-0.01598818460460294,8064.225744126928,-0.009367263790742375,6811.24249606276,-0.01382725635821036
7586.437336915337,-0.01267858148742973,7840.638117777896,-0.010859419260913383,8457.150155522259,-0.016718913203223607
7586.437336915325,-0.008796341155816956,9279.110151876106,-0.011036683077498388,6121.224730060265,-0.01839686550234665
7586.437336915313,-0.012003784730278078,7945.422089553736,-0.01120432397404636,7466.855127386389,-0.01413524679821454
7586.437336915319,-0.010411362049965178,6769.0374287365985,-0.01706465037158511,7212.292023954278,-0.014214930548227978
7586.437336915331,-0.011575769910537548,8543.382129885029,-0.00911812645783372,6683.387355364427,-0.024457968958624288
7586.437336915307,-0.009892509085083212,7703.6211419684,-0.010511102150762675,6129.7235991057705,-0.022047964216467708
7586.437336915315,-0.019117757759858467,7577.818244751834,-0.010384153805339413,8016.300001527994,-0.0134008572527331
7586.437336915322,-0.011117445870965303,6896.806019011408,-0.014114062626879642,6466.818805256827,-0.01214637405888297
7586.437336915323,-0.010483499639724836,6717.507151261046,-0.013977228416406695,6416.042788283763,-0.024664819784248615
7586.437336915317,-0.013207589909887574,6799.804207836614,-0.01182461116002631,6822.434384160057,-0.014041400581646934
7586.4373369153145,-0.013389894332464625,7443.401597233569,-0.010673125416167273,6792.646306224124,-0.018399137109079033
7586.437336915298,-0.012106822668616735,7027.353442572505,-0.010679428600274377,8243.726432987896,-0.014851972391313972
7586.437336915337,-0.011633826784632095,6926.910299074377,-0.012027515863789695,6869.657167994011,-0.020203444181154162
7586.437336915331,-0.009795056287163817,8959.455077721024,-0.012417297609951694,7596.38536108953,-0.022499139560347214
7586.437336915333,-0.021846640414580065,7693.207154368369,-0.013718489333539585,5586.392046854546,-0.021124261973472724
7586.437336915326,-0.013317874239342498,8051.394212698197,-0.014060343798228514,6417.279715009543,-0.029069692525248936
7586.437336915312,-0.008938944093189849,8245.654799526083,-0.012598105084616118,8907.578775299542,-0.012146374058882636
7586.437336915321,-0.01304155720437239,8656.782248567784,-0.012203374116466326,6709.7310802236425,-0.014135246798214096
7586.437336915334,-0.011829448107580354,7508.588134499246,-0.012808283279332033,7223.795397265815,-0.016381401531241346
7586.437336915331,-0.011289878314384771,7868.7689723901,-0.009894257333665779,5974.045769956142,-0.01946534836439595
7586.437336915323,-0.009426000449616723,7538.327153506817,-0.011220301455522663,7251.1156381754845,-0.02305521412275191
7586.437336915314,-0.010055903414468492,8018.317106903753,-0.011526442683949312,6814.959236490441,-0.020541513099299857
7586.4373369153245,-0.012378746822393816,7356.53926072337,-0.011321613762312777,8516.169709650349,-0.015373186798853467
7586.437336915302,-0.011240762649431857,7658.337105897729,-0.008834165520081538,9659.364392194906,-0.013913603044399037
7586.437336915311,-0.012386054519381129,7110.035817750585,-0.00959580763217227,7378.374615620485,-0.012146374058882525
7586.437336915318,-0.012020885799437275,7272.828403511586,-0.012503310825369929,6736.183230850944,-0.02644766889947292
7586.437336915307,-0.010507478380024082,6844.828870335652,-0.0090329011467698,7901.066484482811,-0.024457968958624288
7586.437336915333,-0.009181245296442708,7553.965201484209,-0.010015803821969316,7660.28019695096,-0.026193438086101972
7586.437336915317,-0.009777762681229096,7545.411545423421,-0.011397003502617076,6643.180837964635,-0.022499139560346992
7586.437336915309,-0.010318369051052434,7529.674682117791,-0.0087497984409739,7788.849580525283,-0.013552992703336875
7586.437336915321,-0.009258475708966318,7382.771962224663,-0.013135092150719174,8045.13333431985,-0.0244579689586244
7586.437336915327,-0.009839131925624689,6450.390578818078,-0.011033511177393818,8222.874928440242,-0.01348693431784087
7586.437336915339,-0.01294862079780712,7489.304946356524,-0.009497214209743143,6929.750040897378,-0.011393711809615348
7586.437336915338,-0.011133573029265875,7196.151333307318,-0.012357944466038329,7321.174936705956,-0.022833104729315212
7586.437336915313,-0.011713128783510496,7421.825416060971,-0.013669560411028736,6701.319883375996,-0.022499139560347325
7586.437336915325,-0.011795929207967237,8371.321744435902,-0.010087677890844415,8499.334074421817,-0.017893638985451932
7586.4373369153245,-0.008939460263964416,9288.098981871062,-0.009247701126413488,7156.062357529529,-0.020678437378647052
7586.437336915309,-0.011189859850612272,8109.425470709208,-0.014927649432770695,6420.168111454668,-0.016811848526558038
7586.4373369153,-0.013171283582129267,7914.792006448619,-0.008796758290885665,6804.673952078099,-0.0244579689586244
7586.437336915329,-0.016800776577541643,7329.235662009762,-0.013263058235058689,8108.3521517985055,-0.014135246798214207
7586.4373369153145,-0.010894424769717137,7661.741246226562,-0.012302381980823673,8356.105523068138,-0.011803969618154997
7586.437336915303,-0.013132324136583495,6955.593588840277,-0.01139530259509558,8034.625493707312,-0.0244579689586244
7586.437336915327,-0.01615768203863177,8855.302357802328,-0.010222091359822216,6789.064686435058,-0.012574651233038137
7586.43733691532,-0.013790398259740266,6094.478053546001,-0.010738543390659383,7690.60115714526,-0.014135246798214096
7586.43733691535,-0.012097644149168585,7541.333976562014,-0.008662446441784377,6611.771605686173,-0.022998407956680733
7586.43733691533,-0.007532592551379058,7427.479923283149,-0.014222145409883757,7637.553148508811,-0.027144140104658487
7586.437336915315,-0.01047753603462609,7397.687265929233,-0.009492737219435554,7240.284989971142,-0.027438647078472655
7586.437336915327,-0.012231730045260347,7543.228038335908,-0.01156162536948746,6816.311333180967,-0.027795807849166132
7586.437336915353,-0.009348424055722004,7376.062592442466,-0.011082386543687095,8928.569371095915,-0.02445796895862451
7586.437336915313,-0.011021493955397643,7407.193464879904,-0.011966563331448965,6538.807670563728,-0.015012654564353634
7586.437336915336,-0.012064355203294963,8207.669288573517,-0.009287469406946691,6534.84483121606,-0.02132415271162713
7586.437336915322,-0.010571080489603646,8078.1814334599885,-0.010919492243203432,7079.284147095217,-0.02582287763842772
7586.437336915321,-0.01879221692369848,6638.217920250466,-0.009340322963750425,6513.045374611546,-0.014545571452153072
7586.4373369153145,-0.013715329809990795,7601.884132598125,-0.015131357735325923,6888.204264000082,-0.02406126726613589
7586.437336915338,-0.014249109683193262,8072.685869232215,-0.012458594029748582,8261.53580321737,-0.0137479669527526
7586.4373369153445,-0.008210595210109917,6621.890488114556,-0.00925098191659679,7284.385560488948,-0.011803969618154775
7586.437336915323,-0.011680252781805844,6963.179979266556,-0.009188410540360126,8652.216060577519,-0.028248849558775158
7586.437336915305,-0.009966821163230777,7087.353343953714,-0.012153593584029787,7938.4912616322035,-0.01946534836439573
7586.437336915329,-0.01412469690951157,7899.37440303248,-0.00997723616338253,6781.322406318961,-0.030444534161303438
7586.437336915306,-0.010503578568188177,7735.172561255302,-0.010306541051797291,7528.173759555121,-0.02445796895862462
7586.4373369153345,-0.009591732381177498,6954.914811932471,-0.012421968219209045,7021.651894931821,-0.023744186251595023
7586.437336915311,-0.011734226569421802,7914.314347462797,-0.010730690372690588,7062.8187766306355,-0.012146374058882858
7586.437336915319,-0.01238548907174486,7141.582932696609,-0.009778851951720458,6662.510000373831,-0.012146374058882747
7586.437336915336,-0.01083289462100634,6991.0814856156185,-0.01505732695724693,8598.419505592698,-0.02445796895862462
7586.437336915324,-0.009788467104495102,7280.495208749623,-0.009654417190531839,7524.890845678674,-0.01205605046387248
7586.437336915309,-0.011499406837862658,8389.822727523353,-0.012635739914974131,7413.583521302613,-0.013552992703336875
7586.437336915296,-0.009886170198306399,6826.444852041833,-0.010090314763529618,8291.568211068845,-0.015766777504715224
7586.437336915326,-0.01263695295744438,8419.793950973082,-0.010637351876705448,7451.941064480347,-0.01338557860009193
7586.437336915317,-0.010839050582161947,7082.148917035951,-0.008825352096546446,6728.330645914528,-0.022325748323344663
7586.4373369153145,-0.012455996301106276,8340.291643263143,-0.00898356012635304,8252.239504045076,-0.01245310256749832
7586.437336915339,-0.013010059292381526,8364.752937395724,-0.009633287124220402,6661.03227190532,-0.028855941257369122
7586.437336915321,-0.009531200409040874,6341.541181695685,-0.011649844222171968,7061.761829111574,-0.026953391484453193
7586.43733691531,-0.014083480576486562,7713.468675152684,-0.010178817887088076,7680.993655258742,-0.026313836717687167
7586.437336915331,-0.009690169587830644,7516.6471051150975,-0.012015093960990764,9231.092939315466,-0.013056219030455507
7586.437336915324,-0.014910162385432968,7310.0994352229345,-0.009829047372853728,5961.427166310398,-0.01564507898928036
7586.437336915335,-0.010543035281373236,7489.875938569689,-0.009337882772561978,8262.358377729639,-0.01615607571986588
7586.437336915314,-0.009815443978059002,7120.80571215435,-0.011633061014474366,7071.257843818527,-0.02445796895862451
7586.437336915331,-0.009806404047172368,8163.9613555407095,-0.010691175013518017,6985.093899469687,-0.02410975855594255
7586.43733691532,-0.01329702234134511,6773.980030247616,-0.012578575582345652,7418.133868061823,-0.02445796895862462
7586.437336915326,-0.008955396124026516,6695.119933171156,-0.012849743761939147,8019.5533039814645,-0.015716155417325184
7586.437336915304,-0.008573982329280305,8307.824512486026,-0.011079973254160658,8013.782985219278,-0.02283310472931499
7586.437336915316,-0.012462833029308729,6912.8402361580565,-0.013003189056578601,6960.342956349559,-0.01774376714903758
7586.437336915337,-0.009935561338621057,7773.435399997318,-0.011293212769760919,7132.162917001554,-0.019351353639950775
7586.437336915319,-0.01804757704052251,7700.584144711428,-0.00889235468019356,8765.47746809458,-0.01245310256749832
7586.437336915329,-0.010570820280156212,6096.303930164199,-0.009454493877579462,7045.99815927058,-0.013552992703336986
7586.437336915313,-0.009078596474564105,7998.58075398039,-0.007707833398330477,6777.456280589753,-0.024457968958624177
7586.437336915316,-0.01163702768879915,6648.3873908612195,-0.012755429631023718,6869.332212244678,-0.029069318178762127
7586.437336915351,-0.010938926599535104,7410.421721918563,-0.008461467407636647,7010.271414025757,-0.01180396961815533
7586.437336915312,-0.014605200242079674,7355.847884706545,-0.010119011781910547,6674.02910103031,-0.021124261973472613
7586.4373369153345,-0.007564231674822008,8456.305122709216,-0.009238571862229095,7359.490730803937,-0.01876061248316596
7586.437336915313,-0.012564447342510054,7643.30640649013,-0.014428939108521055,8376.6570871564,-0.012146374058882636
7586.437336915328,-0.015794785021872593,7544.043475255046,-0.008630535889435964,6551.15958348813,-0.0244579689586244
7586.437336915327,-0.013025025861583495,7960.355639092239,-0.007706128844862548,7829.1411882184275,-0.024457968958624288
7586.43733691534,-0.010634786869336166,8043.35855981603,-0.012287059721477922,8491.408396505369,-0.012146374058882858
7586.437336915312,-0.012236665759155718,8157.543989076122,-0.010965458748800616,6594.349559424275,-0.014135246798214318
7586.437336915318,-0.013223686690351788,7824.902581571392,-0.009233021579784784,8023.771325072272,-0.022499139560347103
7586.437336915312,-0.009817445725261331,7773.561041551456,-0.011526652192266562,6918.359606030529,-0.02051024249096356
7586.437336915337,-0.01571640054977319,7490.957753592942,-0.0176395502476433,8243.777099884128,-0.017203802729197526
7586.437336915321,-0.008023582322007283,7666.840387250562,-0.011021586306761089,6372.61040345589,-0.023666809420750168
7586.437336915324,-0.009428955677398543,6928.9848834683935,-0.010370713549202826,6652.077861682844,-0.019360391972191193
7586.437336915314,-0.009670914053364399,7723.206509183642,-0.011716271733399952,7468.733215944525,-0.01245310256749843
7586.437336915333,-0.010549426347676083,7781.843788724525,-0.011672462951359042,6980.812852911582,-0.026846377759787154
7586.437336915328,-0.010495428782305805,7979.399017506004,-0.010318231869254069,8360.966501092322,-0.012936240189697856
7586.437336915326,-0.011201453539705808,7115.861551767202,-0.01132119016275801,7799.2867495935325,-0.023954407875813266
7586.437336915324,-0.009793906568259736,7170.165207427906,-0.011948566563762864,6750.6360922037165,-0.012146374058882858
7586.43733691529,-0.014312028876925509,7651.763712567213,-0.012381179248536878,7134.376134749729,-0.026104578045398896
7586.4373369153245,-0.010373264435875162,7339.142159943116,-0.008835459838579807,6881.771770423861,-0.013552992703336875
7586.437336915314,-0.011480313029047395,7823.372619660958,-0.009097090594078816,7398.062832075127,-0.01214637405888297
7586.437336915309,-0.011742368041365303,8004.496841995473,-0.012110494181266085,6369.340974446822,-0.02106286168716831
7586.4373369153245,-0.010733972376460232,7176.317263610792,-0.011120068120735627,8390.474656249135,-0.020541513099299857
7586.437336915313,-0.008311031810447012,6897.899754247335,-0.010627359164407935,7216.757469688943,-0.016156075719865992
7586.437336915313,-0.009288035614242074,6880.985496474214,-0.010059560326340367,7227.954268240766,-0.02445796895862451
7586.437336915319,-0.014723211899427713,7339.23257284622,-0.014556743694364216,6911.710795410177,-0.013552992703337208
7586.437336915318,-0.009366843226864985,7499.115810644517,-0.013900456725451926,6895.620314213988,-0.030079804265012
7586.43733691531,-0.01113767439756419,7530.692234026881,-0.011997369117270229,8680.337133451587,-0.02679401107335322
7586.4373369153345,-0.008948555353020304,7901.598501526711,-0.013390637553288953,8574.601961435388,-0.019112629356678346
7586.437336915327,-0.008062403219415759,7269.6246244547465,-0.014001240995916042,6562.241080470032,-0.012545082559246468
7586.437336915314,-0.00958503097411234,7504.547015673473,-0.013371203551431732,7664.1630912631845,-0.015634126604537224
7586.437336915328,-0.011622506283862966,7453.713220581792,-0.010613280171818062,7704.525334548197,-0.013552992703336764
7586.437336915331,-0.01080655338353198,7672.298341135066,-0.01180644956466792,6069.698520659494,-0.02445796895862451
7586.437336915338,-0.011638972132992698,9102.266900981163,-0.012985370801448792,6332.297772226876,-0.021354287769433933
7586.437336915338,-0.011986663985738333,8050.535157919729,-0.00789618596522712,7180.072506580445,-0.01615607571986566
7586.437336915317,-0.012701047076888128,7898.019495434253,-0.009187762415009848,7668.748764242133,-0.02574258868347279
7586.437336915325,-0.011977851007664908,8458.390886314439,-0.011596874954523884,7750.730102970683,-0.0277099494188493
7586.437336915319,-0.008495786180757192,7945.8560482697085,-0.013114656486932441,7317.640124479568,-0.014135246798214207
7586.4373369153045,-0.012168335982584488,8364.608501328174,-0.011859258701920838,7529.209656961708,-0.013552992703336986
7586.43733691532,-0.007445157650612821,8047.4456119665065,-0.012128317529755073,8434.101654553431,-0.017790585859395414
7586.437336915328,-0.010208686602358963,7697.303877140901,-0.012744331746660564,7374.930724524754,-0.014135246798214318
7586.437336915307,-0.008701022134265712,7852.819134364855,-0.009172487342862579,6969.106517648858,-0.014135246798214318
7586.437336915338,-0.01145906374051453,7443.221288620477,-0.008570203795157716,7519.1095399979995,-0.02445796895862451
7586.437336915314,-0.017115961381824696,6983.284736963961,-0.013040044819736751,7473.468373916149,-0.02510567352378712
7586.437336915317,-0.010141588538789326,6920.052289599522,-0.011329857696659507,8260.862348135817,-0.012146374058882858
7586.437336915316,-0.008501595555393648,8327.69810432103,-0.012797376937728089,7983.86723578725,-0.011803969618154775
7586.437336915311,-0.01517894180492918,7489.890075127583,-0.01158981400950132,8366.364793117953,-0.022499139560347214
7586.437336915344,-0.01169508436458655,7126.85986233564,-0.010372624261792751,8258.608547996644,-0.014320012321228037
7586.437336915312,-0.011101391036889563,7734.671206790664,-0.01847765077304986,9705.482257603626,-0.012708650743748495
7586.437336915317,-0.013557024165745113,7077.954846556317,-0.009722585396153782,6471.164252802747,-0.026269704621780132
7586.437336915317,-0.011436953280228201,8351.179813767096,-0.009986497778001313,6569.785128638648,-0.015634126604537113
7586.437336915306,-0.009113360756753508,7791.9586625618895,-0.011651275343771084,9762.15197019691,-0.00909640320096139
7586.4373369153245,-0.009857631431210545,7710.928088904745,-0.008766554791168724,5878.803526485462,-0.024360647931281343
7586.437336915322,-0.010711972773489342,7817.209992952775,-0.0108617345899229,6433.260770310583,-0.026218604796079736
7586.437336915319,-0.01225161992112822,7470.1338487898,-0.010039414988115891,6989.24326246647,-0.020541513099299635
7586.437336915326,-0.008828175643852743,7167.129569439074,-0.01170157395882132,6763.938000317601,-0.022499139560347214
7586.437336915341,-0.008810650164342237,7481.798159416256,-0.011938464477562527,8374.069055753776,-0.0244579689586244
7586.437336915333,-0.010491141563038764,7081.999183281046,-0.01432578459484335,7847.000662844553,-0.012263570112786226
7586.437336915321,-0.011303282346328825,7671.468371033752,-0.009504441611246528,7568.77883641931,-0.02445796895862451
7586.437336915334,-0.013556410968426968,7479.21592230451,-0.009659589085863507,7497.106112914584,-0.011803969618155108
7586.437336915334,-0.011378444878676341,7200.520631537555,-0.008823549676216125,8194.42989217755,-0.012146374058882525
7586.437336915308,-0.008959104484958513,7834.507699949884,-0.009092482060112483,6699.402108657824,-0.01774376714903747
7586.437336915301,-0.009321584809332983,8283.488820132548,-0.008716286633760673,6286.185786756456,-0.014548825294958045
7586.437336915321,-0.009795961139054787,7084.3193616395665,-0.009200377781312108,8714.375070346772,-0.013552992703336764
7586.437336915317,-0.009837576560090433,6986.71339612187,-0.012489625516767466,7499.22453102778,-0.01876061248316596
7586.437336915313,-0.010749030875664367,7665.701294586225,-0.010673442309056536,8636.419634239797,-0.01563412660453689
7586.437336915316,-0.01259290558877546,7486.524794217395,-0.009872951803475583,9346.98795937892,-0.011803969618155219
7586.437336915336,-0.011497231204102065,7901.073627109257,-0.00847866993725055,7677.082867529484,-0.013913603044398815
7586.437336915321,-0.00797222106675799,7813.986072755225,-0.009007620270763184,6773.020741707307,-0.019429795851839127
7586.4373369153245,-0.011899832959925138,7096.959812423996,-0.009854590834452392,7964.4389305731565,-0.011803969618155108
7586.4373369153145,-0.007770270233834142,8024.481857767299,-0.007963224167648053,9712.485096818875,-0.02445796895862451
7586.437336915344,-0.01103742977288047,7342.709140308382,-0.010490883481497626,6752.641205404569,-0.02249913956034677
7586.437336915329,-0.01081358786104969,8781.498861780614,-0.012127680847437317,8821.919414639686,-0.014653695519360133
7586.437336915334,-0.009333552279494506,7468.1759194555725,-0.009835461425115044,8397.659889623706,-0.022634406758167858
7586.437336915326,-0.011873991732875733,7592.61438789248,-0.008966879875093148,7279.984435276964,-0.013335929360959287
7586.437336915307,-0.01023284742413988,6323.929195293732,-0.009332204300576907,7984.303673883088,-0.01959923621854276
7586.437336915316,-0.014496479639285242,8181.195946222121,-0.009370220442933452,7074.595554261597,-0.01667916646973544
7586.437336915313,-0.009689198829893608,7447.316828736938,-0.01271652726491801,8919.910491034638,-0.021124261973472724
7586.437336915305,-0.012421187550840096,7152.7545769462495,-0.009880272278572577,8664.791284823692,-0.013246396360532708
7586.437336915337,-0.009972770837475053,8449.11559897578,-0.00795004202467664,8016.99409906417,-0.02643580673551904
7586.437336915318,-0.008914134402630891,8242.960672105582,-0.008244472774661449,8308.56130495173,-0.024341619481233923
7586.437336915331,-0.008805371164061992,7327.6964095536805,-0.012345663497998371,6867.047551966464,-0.024457968958624732
7586.437336915314,-0.01137625422881039,6718.690130060976,-0.010741817640631979,7397.439091622758,-0.016794260002597317
7586.437336915336,-0.009437761160631775,8417.614310977293,-0.009079755980117787,8634.996089537537,-0.00789903240826817
7586.4373369153245,-0.009992525376584238,8485.270231092836,-0.009870083172756061,6600.638159267347,-0.015013415359166449
7586.437336915316,-0.014621224706483305,7757.2889932213375,-0.008920335721487205,5883.376293818597,-0.021124261973473613
7586.437336915334,-0.013491900287314396,7932.993379702928,-0.009912915910983644,8141.450094100045,-0.013552992703336764
7586.437336915325,-0.010658010191533007,8189.412720156602,-0.009680413010102806,8090.646821837457,-0.02842797959378418
7586.437336915338,-0.008399946881859854,6478.995787169802,-0.016161398767728596,8266.517678394273,-0.025287010817812927
7586.437336915322,-0.012843449439595478,8100.901752284578,-0.011154086775606586,6779.883616430292,-0.016804793552590125
7586.437336915344,-0.009874895185136068,9056.298595651018,-0.008537631684062408,8198.777398497896,-0.024457968958624288
7586.437336915312,-0.012384376110298079,8240.187930353195,-0.011407931627242185,8829.358525404825,-0.012042246366748666
7586.437336915312,-0.009105015845309206,7524.001195306349,-0.01563963894356346,6786.1101121787715,-0.02430210416934875
7586.437336915309,-0.010683409684309697,7162.425393571559,-0.010028509582127865,6659.135117872515,-0.02065480439476619
7586.437336915299,-0.012075309445190086,8219.397915040809,-0.01185670767963698,7444.682398716004,-0.02445796895862451
7586.437336915323,-0.009023449550573104,7457.430549836403,-0.011378601035249125,7742.221776982254,-0.02655315739220221
7586.437336915314,-0.008330514005783662,8508.765669783623,-0.007535679007613871,7182.684203926584,-0.01492700981605466
7586.437336915324,-0.01619515971704355,7506.676841276287,-0.010958550837841807,7455.293435626525,-0.014302830691733437
7586.437336915321,-0.015669884675886703,7303.376368198589,-0.012522722197158886,7851.398561646588,-0.011230950178999333
7586.43733691532,-0.013521420584369448,7527.939906466066,-0.009301132646731824,7457.649167610384,-0.013286133207028317
7586.437336915322,-0.009053979025676173,7490.660280417448,-0.017015133324719933,7840.45456163241,-0.02178142995434429
7586.437336915314,-0.009376499958903772,7921.980962489363,-0.010008864969647036,7633.889638230272,-0.014135246798214207
7586.437336915347,-0.00903267391163276,6941.577870690286,-0.013140389091109483,6750.842798431565,-0.014135246798214096
7586.437336915353,-0.01119207718848525,7027.07500087185,-0.01409661329443701,7963.049566343192,-0.02445796895862451
7586.437336915317,-0.009817680841548992,8084.7697541570315,-0.016587753729340293,6590.495767488384,-0.02209569195231953
7586.437336915322,-0.012584659416937982,7138.269156359915,-0.012317999559184334,7476.462730785045,-0.01739053081364028
7586.437336915354,-0.009894297978389699,7317.394418014226,-0.009633705849006913,7689.906340411606,-0.019106550604288453
7586.437336915318,-0.012350720782539959,7740.112374870993,-0.0154719874130258,7190.856004641879,-0.016278872431649938
7586.437336915296,-0.009542803320542692,7929.6545328217135,-0.010734873813381896,7028.725594083529,-0.011803969618155108
7586.437336915307,-0.011003205280772033,6954.5318834152085,-0.010516250633379132,7156.522237280556,-0.022833104729315767
7586.4373369153345,-0.008743984948332173,8715.482428481439,-0.01222724712492429,8311.705316523057,-0.012643451990781762
7586.4373369153245,-0.011083485176915597,7803.939148496809,-0.009808215065261194,6981.020646883093,-0.012146374058882747
7586.437336915341,-0.00977498694423351,7332.2618429530685,-0.0108509991339798,6866.171151488401,-0.024457968958624732
7586.437336915316,-0.009255197328691511,7930.944084621861,-0.013330237872140605,8702.643461973199,-0.01454557145215285
7586.437336915344,-0.010119210499770381,7957.132899750457,-0.009587241571308747,7889.673385047483,-0.01495727707201111
7586.43733691534,-0.01041733617295848,7819.487449486941,-0.007541814734132624,7166.672351711861,-0.026875472238550024
7586.437336915303,-0.010375933870214515,7578.40854862166,-0.00924790512894913,6758.235113108167,-0.025943616762180155
7586.43733691533,-0.015833047584058235,8824.663477291111,-0.008743864860684347,7816.399146611045,-0.0244579689586244
7586.437336915325,-0.010730409298831622,8859.77314189891,-0.00962626616571094,8829.82393399207,-0.012146374058882858
7586.437336915319,-0.009162907197000858,7437.332532403227,-0.012660446059548636,7388.149802419852,-0.02445796895862462
7586.437336915304,-0.008542102544710772,8450.051002622855,-0.007871741258313247,8460.675224466755,-0.021124261973472835
7586.437336915315,-0.012921529693025402,8127.882696543923,-0.009582794187565025,7870.134169459628,-0.00991009066700077
7586.437336915326,-0.010646655496427293,7250.622624258829,-0.011929342503485096,7826.4419126256325,-0.015634126604537002
7586.43733691532,-0.012116795450107132,7959.6047852258425,-0.008521324171046785,5210.024252091644,-0.02547588376776022
7586.437336915317,-0.01042497112330476,7928.366521038683,-0.011229767512122235,6736.464979162888,-0.02445796895862462
7586.437336915328,-0.014662353305255782,8158.269178130645,-0.009056382866459156,7033.621827258542,-0.01671506925834665
7586.437336915341,-0.010896863608614415,6458.490629698481,-0.010466708798162694,7290.429593427142,-0.022833104729315656
7586.437336915354,-0.008732541606024213,7049.6027438340825,-0.00940229168693818,8213.167098185908,-0.020150625098572794
7586.437336915314,-0.013904468399692949,6954.855617002348,-0.011643588711731767,6977.992084651117,-0.013432769080468643
7586.437336915325,-0.009190305921864317,7130.766842695767,-0.010049721021948677,6374.09894575726,-0.0283725439145458
7586.437336915315,-0.011624758241217559,7123.137584205453,-0.009351735216443613,8486.687436209315,-0.014394388217959797
7586.437336915339,-0.011919122466690357,7857.6349575089935,-0.012811144234636362,6770.907430592153,-0.022833104729315323
7586.437336915317,-0.008705097604966294,7904.650265543364,-0.011337615182532512,8152.876299015248,-0.019465348364395174
7586.437336915313,-0.010147248084644511,7426.20948727367,-0.00919524197658883,8666.188848179336,-0.02445796895862462
7586.437336915326,-0.010073605301059052,7314.479672718637,-0.010593238956537743,8065.401026970216,-0.017659049473115918
7586.437336915314,-0.009315603949017537,6737.247853747647,-0.010466146287064215,6904.465224381658,-0.014296110268760764
7586.4373369153345,-0.010073428445817267,7682.616649369479,-0.017789471377999466,8660.112927746419,-0.011803969618154997
7586.43733691533,-0.010284023669883235,7132.982536423584,-0.01318695408570314,6513.564326466259,-0.02433486823582709
7586.437336915323,-0.015260174737186438,8142.323340895532,-0.009974698097107604,6247.752322929102,-0.01085747047654051
7586.43733691532,-0.0099222713284155,7065.734381857963,-0.009990349136655197,9547.30632662528,-0.015126664936758738
7586.437336915318,-0.010741986599294373,7583.1882904919885,-0.009178998579444153,8652.155083872487,-0.01454557145215285
7586.437336915333,-0.012953702389092325,7273.867113028631,-0.011381412581324302,6295.657959055905,-0.016535561505529928
7586.4373369153145,-0.008495252171864531,7856.220797085631,-0.012149456200363007,6779.987616879187,-0.02445796895862451
7586.437336915316,-0.012810292846659466,8266.261492256977,-0.010282953513969018,7407.78722609899,-0.02445796895862451
7586.437336915321,-0.008919986320458206,7717.11124395431,-0.009904947594099878,7305.924943889328,-0.017187612762285198
7586.437336915319,-0.012761073970767867,8053.202893561914,-0.011202155470138031,6355.276790630041,-0.013552992703336875
7586.437336915297,-0.00915496622694334,7482.607864261898,-0.011913361606099349,8350.37709602734,-0.0244579689586244
7586.437336915323,-0.012622796244644241,6605.0232153184115,-0.010769957182966139,8758.326822941584,-0.012497469480927337
7586.4373369153245,-0.009863379328532207,6139.212701964203,-0.010260611501033523,8042.166817152034,-0.012146374058882414
7586.437336915303,-0.009689969981914626,7951.447580852897,-0.010445850202724483,8163.161950897498,-0.015039745930141901
7586.437336915311,-0.009410433515323002,6935.161268943511,-0.009290389891311812,7877.058139203241,-0.011803969618155108
7586.437336915316,-0.013863915082223843,7029.091191527506,-0.010724407433947203,7360.584623502659,-0.014414729278482419
7586.43733691533,-0.010626241585635854,7974.875811285464,-0.012418313334919384,7238.930160982993,-0.014135246798214318
7586.43733691534,-0.012634228275335557,7961.400688150687,-0.012273646930282656,7259.690727436343,-0.014135246798214318
7586.437336915351,-0.009624101760377313,9428.821917743988,-0.009589251344033989,6699.880112103974,-0.011803969618155108
7586.437336915315,-0.012698647488295856,8694.855495153915,-0.011312413625122919,7203.24542977094,-0.016004377849089257
7586.437336915328,-0.010073732100342347,8841.84300982587,-0.011395974176182322,7334.375215167341,-0.01180396961815533
7586.437336915332,-0.010839471323083494,7437.811189789533,-0.009152749198590215,6585.170839163767,-0.014952549285419003
7586.437336915338,-0.009076745142032716,6868.985652549396,-0.008520688818309807,7103.922538468303,-0.018105366691294034
7586.437336915334,-0.009359045516308617,7580.74878760532,-0.010125196859611885,8309.665133761897,-0.014135246798213985
7586.437336915328,-0.012352886564150567,7613.509671660131,-0.013378029314650819,7301.557694349444,-0.021411535287018224
7586.437336915324,-0.010172187990335924,8369.395196636775,-0.010505634021898191,8908.882702737994,-0.013091106610717662
7586.4373369153145,-0.013164741006347458,7915.618976774259,-0.016505362593086326,6817.492890959642,-0.00991009066700066
7586.437336915344,-0.009793348344237285,8256.35344910058,-0.012612283961697779,7751.147619024219,-0.012146374058882636
7586.437336915327,-0.010868255220079948,6899.959598519241,-0.01611528268186102,8872.509791762333,-0.025103410987640462
7586.437336915327,-0.017341267558434348,7520.181499153237,-0.011029092264348672,7264.82944430315,-0.023468605537563803
7586.437336915325,-0.011512889998617326,7934.883525823978,-0.011345517847648368,7418.403755432311,-0.0244579689586244
7586.437336915328,-0.013725555146533841,7158.59056356962,-0.009825366251047463,7295.491893061167,-0.024457968958624288
7586.437336915313,-0.00802764437046366,6808.8691738097405,-0.013842638292898557,6647.474281435588,-0.02445796895862451
7586.437336915314,-0.010413929506860709,8400.115975404395,-0.012991385047458448,6549.314129066577,-0.01774376714903725
7586.437336915338,-0.011794153754578818,7564.509573849212,-0.011940870405249604,7714.725809768848,-0.012540363357576467
7586.437336915322,-0.01316674778258442,8491.239127275798,-0.009559085777695375,6916.296447105415,-0.018306627365149986
7586.43733691531,-0.009645166669892569,7396.0472950552985,-0.008824748044573782,9350.514355374326,-0.012146374058882858
7586.4373369153145,-0.0086915763770955,7274.770702407888,-0.010640649168768612,6866.911179197283,-0.015031542110281237
7586.437336915325,-0.00876828327956869,6489.427367068906,-0.012612031689155256,5341.858180587149,-0.022499139560346992
7586.43733691532,-0.008721441626675097,8641.021829351443,-0.007341272751205108,8469.903577087245,-0.02581835243242181
7586.4373369153145,-0.010997932373898012,7533.157945899565,-0.00947327339473103,6673.786463931344,-0.015634126604537002
7586.43733691533,-0.009458441165598686,6897.873742086568,-0.01305122742201914,6346.2465038328655,-0.023187456333134016
7586.437336915329,-0.010066674506859163,7891.066850260098,-0.01119687955330384,9385.46884638189,-0.012146374058882414
7586.437336915333,-0.009890136273751682,6126.895167162291,-0.012580981244517453,7222.934753930102,-0.01214637405888297
7586.437336915318,-0.013605583390237874,8381.429049167016,-0.015480185215180797,7498.752260885142,-0.026220764718206002
7586.437336915314,-0.011286818140181287,7191.145561153979,-0.011957628143898336,8112.360169927531,-0.01599220852331329
7586.437336915343,-0.009910368662332525,7856.247384545828,-0.008780558681668382,8133.946099273933,-0.022087870810380994
7586.437336915339,-0.009147005259046548,7702.70199992845,-0.010299602058743806,7715.2666458950425,-0.011803969618154997
7586.4373369153345,-0.012332302223546532,6207.0370465866345,-0.010189375607030926,8405.969630507712,-0.012146374058882747
7586.437336915288,-0.014357433396978703,6988.715951638736,-0.01240510047808241,7158.406370138858,-0.014782894177725603
7586.437336915332,-0.010478225221593696,8431.647637590242,-0.008575942456285013,7304.1725511940285,-0.016017398042021624
7586.437336915315,-0.014764180003688954,7279.296742966258,-0.009125604295413647,6257.798194832087,-0.022833104729315434
7586.43733691531,-0.019812030650627643,6695.546661357921,-0.011075746610746506,8054.12548822178,-0.012146374058882636
7586.437336915339,-0.013061224402095117,8600.606615070441,-0.010552636223817857,7108.381612016889,-0.020541513099299524
7586.437336915332,-0.01264423260656855,6990.7663455539805,-0.01313907775855594,7368.4207098615825,-0.013552992703336653
7586.437336915357,-0.013163651961103806,7452.9067910861595,-0.01168173324815669,8090.800386383533,-0.019869115117189584
7586.437336915299,-0.013008519845371325,6937.745102906441,-0.012026202191103286,7245.097810293004,-0.023228283043839393
7586.437336915341,-0.01084200808318736,8059.824364033717,-0.012627860836052718,7341.22881339596,-0.010404408693008405
7586.437336915317,-0.012412351395186816,7355.73010003213,-0.009443079332435045,7478.450577626532,-0.02445796895862462
7586.437336915323,-0.01194922236485163,7167.58430300283,-0.01647837736082769,6624.852607700468,-0.02249913956034677
7586.437336915305,-0.010941867751406598,7064.788312996718,-0.008732944553345168,8133.0378247756735,-0.023011343019401886
7586.437336915311,-0.011025429809163767,7678.669262573045,-0.009932113251926888,7048.037326188267,-0.017665856140908542
7586.4373369153145,-0.009108094040443881,7739.595713471939,-0.009781356629034899,6152.377658980993,-0.014135246798214096
7586.437336915315,-0.011497955722251096,7649.017456480042,-0.01611199939583563,8348.953151899135,-0.011088711392470807
7586.43733691532,-0.010010873180635649,7399.717079303706,-0.009968769066702188,8350.36517863791,-0.029272039131370997
7586.43733691534,-0.007253210071077265,7495.727678150934,-0.009666793243123362,6917.333314764268,-0.01679960953978732
7586.437336915335,-0.009325345374768146,7967.988017922577,-0.009395784186186362,8789.202957558158,-0.014576832380907012
7586.437336915327,-0.01024898219980741,6742.397798511941,-0.008509199139032697,6452.120299427738,-0.0244579689586244
7586.437336915316,-0.008182070714647938,8618.860639496703,-0.01085574734352801,8141.607767410715,-0.012146374058882525
7586.437336915344,-0.009150416615080093,8105.345448064202,-0.013378175377331547,7043.704202368735,-0.01774376714903747
7586.4373369153045,-0.009577372555334085,8003.584463850917,-0.008559496847459602,8908.905176984856,-0.009910090667000548
7586.4373369153445,-0.010152508786359093,7812.010405298467,-0.010613666329601368,7972.523832702689,-0.010023216031374238
7586.43733691532,-0.00920078748418418,7748.337704501646,-0.011948107206241843,7908.834726615478,-0.011803969618154997
7586.437336915329,-0.012698765175222726,7030.238205891716,-0.014415421608175882,7058.947345374857,-0.0244579689586244
7586.437336915322,-0.010995808356683678,8146.691739181075,-0.008161420280362375,7938.18316714146,-0.015327875045659134
7586.437336915313,-0.009102830020975783,6445.646834883345,-0.013616134464228047,7649.844299728776,-0.024457968958624177
7586.437336915329,-0.01054746691516617,8970.461346396985,-0.009043657850313691,7521.283063591221,-0.026949094136057505
7586.437336915305,-0.008493314439478206,7581.828827875794,-0.013266679201858755,7949.978827843013,-0.014135246798214207
7586.437336915312,-0.009576242367361987,7977.883762955167,-0.0139379038405959,8445.89645548208,-0.021124261973472835
7586.437336915315,-0.011399213683104814,8396.319337814983,-0.01011335310108219,6218.6012155783355,-0.01615607571986577
7586.437336915304,-0.010643059840632074,8977.283704960126,-0.011715718711493905,7894.727410446719,-0.022994315115377972
7586.437336915334,-0.01225980315079278,8916.262195870471,-0.007987547600247558,7855.293667148377,-0.021124261973472724
7586.437336915334,-0.01355507963119762,7551.923141284735,-0.009817478002219437,8324.724869852764,-0.01615607571986577
7586.4373369152945,-0.011272161630403787,8405.48786248027,-0.008058395660420659,6675.513328099799,-0.02022308704485598
7586.437336915303,-0.009103579138379114,7415.566482205236,-0.01246811944322801,6825.232454972534,-0.012599678023048178
7586.437336915307,-0.009845609684980827,6920.2688053493075,-0.010618550087635681,6967.796702679569,-0.013102268479444623
7586.437336915342,-0.011534493273927082,7348.459277565188,-0.009067204189567524,6811.498930937243,-0.024469431027311028
7586.437336915334,-0.018237917319532504,7836.750750735551,-0.010241584510428559,7172.17653360239,-0.013478697323538902
7586.437336915325,-0.00942597348780183,6848.061913965575,-0.014827816752771117,7561.421604223719,-0.02500459393852772
7586.437336915301,-0.009219198100338333,8576.411958296212,-0.010666641392190757,5829.710043155159,-0.022499139560347325
7586.437336915328,-0.008109568163386038,6946.000489545365,-0.01793569215916635,7020.04585828326,-0.01454557145215285
7586.437336915326,-0.011852607412048854,7740.875670665813,-0.015363354379383298,9018.681484995637,-0.011810782061313252
7586.43733691531,-0.009819883421372078,7812.20433713091,-0.009364186510351535,6500.551242070804,-0.009469355416723224
7586.43733691534,-0.013158577171970887,7432.218223156292,-0.010926665754962706,7745.281593787668,-0.02445796895862462
7586.437336915318,-0.009660733526998033,7433.106387968039,-0.015865474975456983,7187.773710858712,-0.026166207110533968
7586.437336915353,-0.00903963950535569,7820.5137274527415,-0.011090929083587886,7956.983551557391,-0.02445796895862451
7586.437336915315,-0.013230664824989913,6431.429991313606,-0.013189093593161672,7655.761399642565,-0.02445796895862451
7586.437336915307,-0.014344010207217206,7326.339820238791,-0.010014002679508915,9185.866535268282,-0.024457968958624288
7586.437336915329,-0.008730678991612062,7930.959290164187,-0.009616664886161974,8063.1590012122215,-0.024457968958624732
7586.437336915325,-0.009999931115516891,7142.711711207993,-0.010784072067829054,9496.466805780881,-0.012146374058882747
7586.43733691532,-0.012410582861464459,6166.09218370975,-0.01077978669123425,7265.035488244598,-0.015472531631657627
7586.437336915323,-0.009670338307812165,7642.865288249047,-0.009704039898264849,6899.290337496697,-0.014135246798214207
7586.437336915322,-0.014770497050419884,8504.92877484978,-0.008301313712671066,7625.022413129605,-0.013797538082261473
7586.437336915335,-0.015952770333418242,7586.508578695813,-0.010771934963767604,7053.924185342649,-0.01450411522594186
7586.437336915314,-0.018030998182576474,6760.391354109665,-0.010824547602965695,6424.154377572663,-0.03379767799636857
7586.437336915324,-0.011143785646817839,7085.009252580148,-0.012645524133924613,6619.515074494993,-0.0244579689586244
7586.437336915337,-0.012736861756049489,7652.992218946204,-0.01872718481376845,6666.589081883801,-0.019052479174295756
7586.437336915309,-0.010601596632442978,8491.442914235864,-0.009509428058035119,7404.130694392928,-0.024457968958624732
7586.437336915303,-0.013601950410260133,7379.893760751027,-0.012675753077550977,7068.915214856557,-0.012146374058882747
7586.437336915312,-0.010106909146953003,7321.339275789732,-0.011355420584640452,9086.488948970296,-0.012001508273748351
7586.437336915347,-0.010772956630147545,6892.982886549414,-0.010689025787175566,8317.255780718586,-0.012146374058882747
7586.437336915318,-0.013104512030529314,7410.24594593982,-0.009538333132019128,7398.348475057018,-0.024311514187259298
7586.437336915307,-0.009680382182737257,7564.625722494668,-0.009515665655505434,7867.786955247488,-0.008697559419335588
7586.43733691532,-0.00930551563099058,6785.051685495368,-0.015522861379188124,8144.481571024319,-0.022499139560347103
7586.437336915308,-0.010196423173421065,8340.590361557439,-0.011629398563764548,7784.560426742085,-0.012146374058882636
7586.437336915325,-0.016845996801766683,6675.468282294966,-0.009581797134679548,6830.730614890502,-0.012146374058882747
7586.43733691531,-0.011448880911280157,7813.428844473208,-0.008466759311912986,5881.839687991008,-0.025354150810834697
7586.437336915321,-0.015492469684719734,7687.868403699677,-0.009553232920606836,6197.974502420981,-0.0271034598822546
7586.437336915329,-0.01274542698272596,7801.631388296901,-0.011273808989818446,8008.175446848944,-0.011587527421474841
7586.437336915324,-0.011526454759062332,8508.315699704968,-0.01329107723823586,7127.601346391795,-0.025671972386789754
7586.437336915321,-0.009837582754912089,6254.413849360635,-0.01246612668070013,9162.29802965583,-0.009085156957505003
7586.437336915309,-0.011368444847170589,7921.332746986934,-0.012266589099872105,7640.181176015288,-0.013530591578805762
7586.437336915312,-0.012150691980115647,7214.810255057137,-0.010550963733388707,7387.009358287278,-0.019614803288336757
7586.43733691533,-0.01223213616993113,9082.278441431377,-0.008765757537513519,6963.551632153816,-0.02622744403220656
7586.437336915323,-0.011538430736830474,7242.215536494339,-0.01253875902171786,5204.401497142976,-0.025873353274246558
7586.437336915317,-0.010753591713843047,7034.016833051255,-0.014037470973114696,8955.266254525273,-0.024457968958624177
7586.437336915312,-0.011816452836790892,7889.128647662283,-0.01391530956424214,7727.9927456350115,-0.029844889539943353
7586.43733691531,-0.009560763676042527,8692.776979509254,-0.01026721580313339,8504.343196196465,-0.014367452040962791
7586.437336915339,-0.010858428539593179,7068.024929595652,-0.015923197065366268,6906.729078240455,-0.014510165698882749
7586.437336915318,-0.012573685334604345,7163.190092650008,-0.013129889965301622,6356.997957839559,-0.02332678069770666
7586.43733691533,-0.011809845349124548,7799.89019485866,-0.013199497632813584,8204.656303238953,-0.02445796895862451
7586.437336915349,-0.009278442615213045,7312.6477658912845,-0.012882830768942699,7717.990396577842,-0.017203802729197637
7586.437336915341,-0.011932507273617832,6686.818023398063,-0.013775587684367485,6225.950869965185,-0.021124261973472724
7586.437336915334,-0.01325247922464412,6390.352831508847,-0.01859319726805353,7194.1919576246455,-0.02989071520363218
7586.437336915316,-0.008642887510020625,7494.137745880673,-0.00894682057821794,7540.239919095144,-0.011803969618155219
7586.437336915325,-0.01618744238095815,8161.140591326284,-0.014556267370009257,7750.878971145714,-0.010662567148956081
7586.437336915314,-0.009763471238116828,9399.055105652453,-0.009976363581964298,6630.211093643505,-0.017756437218150234
7586.437336915315,-0.013102848592649208,6903.643050422258,-0.01208970480787841,7253.344422300751,-0.013094022472655897
7586.437336915311,-0.011277940822273846,7169.101572925427,-0.009205098956082791,7793.123935973376,-0.0244579689586244
7586.437336915322,-0.014775058921373319,8310.564391938002,-0.01147538779153301,7212.0894177840255,-0.01615607571986577
7586.437336915298,-0.01108158539403481,6936.0323688246035,-0.012416574033866756,7900.080724867549,-0.016061316749554133
7586.437336915321,-0.016948006446459773,7144.6818940674075,-0.012521613546254029,8402.676223936181,-0.024457968958624732
7586.437336915347,-0.010047665796713678,7020.310554346719,-0.010644022827096755,6149.730501174768,-0.02445796895862451
7586.437336915289,-0.010368725697846304,6823.944436892317,-0.010857088549437455,7043.879152806036,-0.025282389853741538
7586.437336915314,-0.01210491194716734,7223.474485645477,-0.012241780303798633,8316.198098045814,-0.011803969618154997
7586.4373369153145,-0.012674327851179168,7857.635903420603,-0.009896178761008234,7484.3705816992515,-0.01568486854385931
7586.437336915328,-0.01131835075046006,7262.4041604678405,-0.011286301329104131,6760.126038556114,-0.02628567114325764
7586.437336915314,-0.012872751251897574,7253.243493782183,-0.009495565538438555,7891.2724045066,-0.018287783898276233
7586.437336915318,-0.01760335396087498,8415.800491027308,-0.01001509280407653,7634.858252050226,-0.011803969618155108
7586.4373369153145,-0.011191406590148723,6851.731663745657,-0.01277127549854773,7449.466716199133,-0.014135246798214318
7586.437336915332,-0.011061664658184145,6881.331716635757,-0.014109774229948635,7829.5719252312265,-0.013747334683116064
7586.437336915332,-0.011895684584093735,7088.109133309637,-0.012182540874970949,6941.958071893315,-0.017203802729197415
7586.43733691532,-0.010137562315109538,7467.069408117297,-0.013510815370058604,8783.10496098878,-0.012146374058882636
7586.437336915346,-0.012434349067383499,7306.312487266173,-0.01514903295869885,7763.470250859887,-0.020541513099299524
7586.437336915329,-0.010690677928577919,6546.109012457226,-0.009542555293580057,6843.7937795465905,-0.01595521734543459
7586.437336915308,-0.013070082459765153,7805.2883076204,-0.014286994851553159,8379.172338957424,-0.021124261973472613
7586.437336915326,-0.014068712031349961,7061.379045725554,-0.012620656661286422,9422.737906630167,-0.014135246798214096
7586.437336915322,-0.010836646580866693,7700.066849766128,-0.009320378232819504,8892.338195311333,-0.0244579689586244
7586.437336915328,-0.016366452743744264,8113.608877414304,-0.01262745285566147,8112.167616370487,-0.02445796895862451
7586.437336915318,-0.01050376073578696,7817.975986053771,-0.008860059049271674,7892.539567022396,-0.013971691236394634
7586.437336915308,-0.010243314823504046,7152.960639200222,-0.014669797317892419,7462.91308785582,-0.022499139560346992
7586.437336915325,-0.012585560440902865,8162.995476698471,-0.010583648084772634,6767.404647627404,-0.013552992703337208
7586.437336915318,-0.009760128438278226,6934.37699606256,-0.010694542517817318,7136.282141003657,-0.033898211439269965
7586.4373369153,-0.010280766474576875,8078.6945211116135,-0.010099424263482093,6717.505977731276,-0.02362869127302114
7586.437336915332,-0.01592042538717464,7085.650155209677,-0.012415363909175747,7050.558475867025,-0.013552992703336875
7586.437336915302,-0.01171557944273216,7819.852457821046,-0.010830238795652924,8416.009886224077,-0.017203802729197082
7586.437336915312,-0.013627570720482263,7678.2104304174345,-0.009703563370819124,5711.005931340547,-0.015694740056084844
7586.4373369153245,-0.008521379978207122,7126.567234131367,-0.013866961086237639,6926.838675669625,-0.0244579689586244
7586.4373369153145,-0.014139217798910919,6602.665255652183,-0.011573907012872642,8151.158150513395,-0.013097793352389253
7586.437336915298,-0.010941401669139816,7592.618425926682,-0.008901046966923953,7448.61482654714,-0.018160541695701027
7586.437336915329,-0.012703923383211357,8408.50519294653,-0.011884265057624521,10332.832968371122,-0.012146374058882858
7586.4373369153145,-0.010517091998943351,7684.758858883753,-0.012335995557186119,8240.25946772456,-0.020612426870163514
7586.437336915341,-0.014622677818303065,7663.023683701641,-0.010252726893002384,6803.475741283174,-0.012146374058882858
7586.437336915334,-0.011160247216481012,7385.999798100663,-0.012166382632474049,5882.719951789689,-0.02445796895862451
7586.437336915312,-0.009044610063967395,8141.8770483277185,-0.012248460580961962,6356.177634404906,-0.024922529790304404
7586.437336915333,-0.009091886939680105,6831.026239784284,-0.01159634281507449,7805.42532472727,-0.01774376714903747
7586.437336915298,-0.010492252661163382,7954.230734025048,-0.010922663596613646,9276.489538998383,-0.011803969618155108
7586.43733691534,-0.010391055297483298,7526.176965576518,-0.010374634409296868,6659.776346107153,-0.016395703491477565
7586.437336915322,-0.0116651866625469,6840.996557404553,-0.014874776027650971,6110.7942771404605,-0.01797413618918431
7586.437336915323,-0.010263749079644002,8162.304402214958,-0.009750405153947095,7810.127421500472,-0.011803969618155108
7586.437336915309,-0.011112534381385264,6747.319872416438,-0.012429523709193702,7744.562853235075,-0.017743767149037026
7586.437336915321,-0.010221885962732657,7817.508734326484,-0.009292827668678116,8130.38832839598,-0.010604627003383715
7586.437336915302,-0.011353070211146399,7609.8784354002655,-0.010529334145940927,7066.379502062598,-0.017743767149037137
7586.437336915321,-0.011674558917993627,7245.92686040582,-0.012470666418198606,6150.554666538113,-0.016289687830828514
7586.437336915325,-0.010715976461494137,8025.131561932204,-0.012729260085030503,8142.547039432758,-0.014135246798214207
7586.437336915325,-0.01179604973128956,7099.590145236177,-0.010793606845928894,6384.4211765898735,-0.024699893282427277
7586.437336915311,-0.00937821264216021,7063.215681819636,-0.020252959806554394,7188.54625382173,-0.012191153781775377
7586.437336915336,-0.011227223488289084,7909.527708523908,-0.010513065609914274,6901.180583626044,-0.030954236353288977
7586.437336915303,-0.013089140951120903,7800.664715023597,-0.012184626353186068,6958.334272427358,-0.025622449501602973
7586.437336915323,-0.01340548945968223,6527.9392215843445,-0.012895685869407147,8334.12546638283,-0.03669363907839607
7586.437336915314,-0.013874026435615971,6790.515851715248,-0.011689549653424058,7141.833645690567,-0.02445796895862462
7586.43733691532,-0.012452913136480448,8313.578557799678,-0.010036645881685846,7611.559257442271,-0.01454557145215285
7586.4373369153245,-0.0094024679965794,7455.102205738089,-0.009439889196041773,8227.225449585705,-0.012146374058882858
7586.437336915324,-0.010694343097776504,7494.803792544282,-0.01259853235358177,7259.025883190709,-0.024457968958624288
7586.437336915308,-0.01126846785271507,7904.692207745441,-0.009386124611735935,7942.819436739805,-0.010490594647332485
7586.437336915335,-0.009207009238909936,8962.822497766781,-0.011178474962244223,7799.217340796019,-0.013552992703336986
7586.437336915335,-0.009982110566632785,7505.917207662501,-0.016403348530512063,7434.731930527727,-0.02445796895862451
7586.437336915312,-0.012518725448058099,7297.346584471129,-0.013205777074646319,8278.034434779995,-0.011646844860389804
7586.43733691532,-0.01298168739843919,6347.473597132159,-0.013345886529623097,6160.053317925155,-0.019878570198406997
7586.437336915323,-0.01354768089239855,6440.619163449588,-0.009758179049197624,7451.9258087411345,-0.012146374058882525
7586.437336915313,-0.00979935616901928,6531.9978309202825,-0.009827942568482961,6738.350884053406,-0.027103862207379148
7586.437336915342,-0.010512297186411113,7633.428795230086,-0.010323658770982735,7746.408766801109,-0.008054482570961863
7586.437336915342,-0.007240632995557106,7004.721092552382,-0.012971297012642324,6563.7375540155035,-0.02226135105093774
7586.4373369153145,-0.011348416073101553,7279.203783546432,-0.010050151874633984,8432.488408051997,-0.013913603044398593
7586.437336915328,-0.00934681519141356,9236.066014838447,-0.00922556107878203,7260.015750724371,-0.014475810794221888
7586.437336915305,-0.011283232650360464,6600.429858395358,-0.012528057289034722,7865.162846904632,-0.02445796895862451
7586.43733691532,-0.009424720045042245,7112.597348842786,-0.01137445528776626,7190.526184324733,-0.01214637405888297
7586.437336915327,-0.009706140324448498,8741.444639470594,-0.009200873684900412,6760.0837858052,-0.012146374058882858
7586.437336915343,-0.010878294250394771,7319.20229879158,-0.01338916965071868,7568.208423596237,-0.01774376714903758
7586.437336915313,-0.010832970645085704,7037.931764208076,-0.008535717593576853,9223.926684259266,-0.013913603044398815
7586.437336915314,-0.00945530343176948,8121.687920739544,-0.008827333827684525,8000.753648162745,-0.013940542663253175
7586.437336915317,-0.012006018227938453,6787.91982733902,-0.018454752754751835,6527.859073837497,-0.012146374058882636
7586.437336915312,-0.01373155150384553,7699.276929166768,-0.01096682755921341,5963.852334344297,-0.028388751076903862
7586.437336915322,-0.009512827439283167,6643.173644054269,-0.010403222573232007,7960.580789342269,-0.01245310256749843
7586.437336915319,-0.008209046822339139,7695.902652417672,-0.00924256140459212,6715.194587679403,-0.027826985362632062
7586.437336915335,-0.010323050667742306,7474.414210011512,-0.0091604493134817,6501.95054053031,-0.012453102567498653
7586.437336915344,-0.01009280612738106,7161.811559632923,-0.009196684263685473,7177.338127996535,-0.02445796895862462
7586.437336915318,-0.014610863875679558,8450.779110113059,-0.00882475352166956,6091.482731800071,-0.02169312138100421
7586.437336915319,-0.010464514909211076,7881.8264577963155,-0.01154021078529932,6550.907874719838,-0.022268560812524818
7586.437336915319,-0.009682043430319642,7340.575238583918,-0.010920469632244134,7252.817907226836,-0.02639084151168203
7586.437336915317,-0.015522631216410843,7332.028233845683,-0.011128111868009105,7507.469581699894,-0.020541513099299524
7586.437336915316,-0.010582843195965252,6715.811909023241,-0.011233245106786027,7054.340964373749,-0.016156075719865992
7586.437336915318,-0.013013229591918307,7255.125633780966,-0.011217990381382603,7996.115016829025,-0.015313322325813172
7586.437336915338,-0.010374534938271451,7155.332800239199,-0.012288209039976294,7604.082751878468,-0.020799329067620054
7586.437336915337,-0.010709037909441887,6769.204859324007,-0.01195706737437674,7576.083530999934,-0.02445796895862451
7586.4373369153045,-0.009322179231502581,7300.877085910211,-0.010815374017508428,5923.029587609671,-0.024457968958624288
7586.437336915309,-0.00940773884863444,8519.014507947139,-0.00909209890159468,6527.458432661535,-0.020391195048981126
7586.437336915325,-0.01121660992174478,7494.350379861401,-0.008696772175619483,7581.347398454996,-0.011803969618155108
7586.437336915317,-0.013154100622650544,7308.245235197108,-0.014299492599558428,7961.919318508316,-0.01180396961815533
7586.437336915321,-0.016261900068551216,7063.500648972931,-0.012051606416752292,8373.232510941943,-0.015424700166037919
7586.437336915314,-0.014226634127537108,8229.935444828301,-0.01730834894411204,5607.473375499738,-0.026194726440113447
7586.437336915328,-0.010431740730411865,7813.070099715656,-0.008286166450945598,9217.498554158099,-0.014602382173082962
7586.437336915324,-0.008323805188165112,7967.68236101714,-0.015285417141330027,7608.704927979485,-0.024457968958624177
7586.437336915295,-0.01109911577749123,7671.460730872531,-0.01074480013114787,7021.7778886755905,-0.02466273669093899
7586.437336915316,-0.010260354675932892,7351.6037190984725,-0.011901442231472381,6818.447397787176,-0.027857216957941078
7586.437336915321,-0.010745910573836892,7184.869000694866,-0.008734011401577813,5511.68094013785,-0.035012669226689
7586.437336915314,-0.015001192571433064,7031.446017053443,-0.0113097592052388,8092.460174644816,-0.016156075719865992
7586.437336915318,-0.011984044404605432,7122.407953792227,-0.009294612380218004,7622.927345442677,-0.013580411227471556
7586.437336915312,-0.012261649512736783,7131.077556116025,-0.011072598386075883,7491.3367252345915,-0.022499139560347214
7586.437336915339,-0.008865931601595545,6812.188185492135,-0.01170642995581872,7884.399351642498,-0.02445796895862462
7586.437336915333,-0.010553153711913121,8863.080130662103,-0.010538565140214229,7619.712292574556,-0.01774376714903736
7586.4373369153145,-0.010986671014648453,7277.477626331705,-0.011069727115867511,5993.563000361523,-0.025646860643071867
7586.437336915309,-0.009909727720220363,8403.06906340488,-0.015023390166398976,7792.45974389724,-0.011803969618155108
7586.437336915357,-0.012655125289173452,7383.170644448639,-0.01259535331461914,8950.389804318114,-0.019988564938919207
7586.437336915321,-0.010374583818932637,7231.818906803913,-0.009959370580482907,8550.178705125727,-0.016156075719865992
7586.437336915296,-0.008771448631897272,7505.442027251191,-0.010980325334875696,6089.215484269771,-0.028002191446250047
7586.4373369153245,-0.013332748564401697,7929.168830971993,-0.0116539754272591,7881.223036250276,-0.014199405426803646
7586.43733691533,-0.01323472956290761,7081.374052588111,-0.011601783103638352,7518.613575562575,-0.012146374058882858
7586.437336915326,-0.010027602608723152,7152.318620451442,-0.009864328218492036,8017.254327918314,-0.019465348364395507
7586.437336915314,-0.011974082736682656,8049.1456959992465,-0.010000620872597565,7386.8555453589315,-0.021237159943752526
7586.437336915329,-0.012858071773408253,9224.014335421216,-0.008470323731408103,7483.701849179118,-0.01615607571986566
7586.437336915338,-0.011923062330450707,7206.102793088499,-0.008372036189399967,8959.389817312967,-0.018760612483166073
7586.437336915317,-0.011491519799894934,7199.416536528668,-0.013111033909070313,8419.740203332241,-0.017953561176860644
7586.437336915341,-0.010866324076700407,7346.52486992108,-0.011078059591167366,6188.914814670963,-0.01774376714903736
7586.437336915311,-0.009261956115877878,7378.862207437283,-0.012871747255947308,6678.36633744369,-0.01520686093518564
7586.437336915326,-0.011051734980104144,7090.445570931133,-0.014510624358999524,7460.562745077679,-0.02049471559627858
7586.437336915304,-0.011821104071396915,7326.640254338276,-0.011462104880610502,5930.835447442652,-0.021743538716085142
7586.437336915321,-0.010452527195878303,6977.819450450704,-0.009341911643655165,7398.912181892832,-0.022499139560346992
7586.437336915313,-0.011859271149043171,7916.119773033373,-0.009304162469106592,8211.981533047896,-0.013552992703336764
7586.437336915344,-0.01123922884845907,8141.348739274005,-0.02023565063036581,7384.640275634036,-0.014907662078063932
7586.437336915305,-0.012579698592326327,6678.291911340872,-0.011764941223192271,6301.693096706977,-0.016632945930655785
7586.437336915333,-0.013167856323339833,8665.78914364489,-0.009466029966333056,7574.158929895337,-0.01364541594011126
7586.437336915337,-0.01086506299442691,7003.51500928948,-0.010694226509405214,9069.819547341653,-0.01413524679821443
7586.437336915312,-0.015357381358553357,7415.105042499753,-0.01485046253897393,6785.585486771013,-0.031986239462920674
7586.437336915358,-0.014177674080268599,8680.046344815297,-0.012430153920321207,7715.102306927261,-0.011803969618155108
7586.437336915297,-0.012667704646512568,7366.5449014696005,-0.013896681406997402,7720.254005269057,-0.011432935798786348
7586.437336915327,-0.01582422144445883,9091.240848641966,-0.008928709153134262,6286.901091751519,-0.013368455485383124
7586.437336915337,-0.010010653787437929,6194.102992401353,-0.011504075441289618,6582.316596450075,-0.020541513099299746
7586.437336915338,-0.009337242144159874,7879.695261398866,-0.01017233973748255,6388.478543593586,-0.012908749027582878
7586.437336915308,-0.008356152945179773,8291.423940245217,-0.009470188708864402,7948.316739999922,-0.00908515695750467
7586.43733691533,-0.009833338753862275,9025.494278290225,-0.010814240649222762,8281.165591266907,-0.014545571452152961
7586.437336915331,-0.011450617596511559,6920.749176436611,-0.012725627983562693,7831.0989413364205,-0.014904654840661724
7586.437336915314,-0.010963479650465624,7870.263588870012,-0.009723442575472308,7080.170180675789,-0.011803969618154997
7586.437336915332,-0.01243139682587946,9034.140643004768,-0.009753789220731779,6511.450298927806,-0.030721982064411346
7586.437336915334,-0.009684850380884624,8419.280251008673,-0.00864021694523509,7712.315400896921,-0.02445796895862451
7586.437336915318,-0.010645475347299094,8080.400386117232,-0.010610461582709285,9060.921658536547,-0.012146374058882636
7586.437336915318,-0.012552035132009531,7968.018872913717,-0.015564057929364883,7044.451072848473,-0.014668724319127802
7586.437336915318,-0.011767737314180793,6613.858331786869,-0.00878787596175945,9533.589195146284,-0.012146374058882747
7586.437336915317,-0.008974153143908481,8518.062295531998,-0.0084164393415187,6742.169972079193,-0.031326008087306234
7586.437336915313,-0.010643397789395825,7226.454033627164,-0.01534074264852281,8534.121614791291,-0.009910090667000548
7586.437336915321,-0.011345210513588389,8324.849406992433,-0.011623463029190595,7044.203496391268,-0.01876061248316585
7586.437336915333,-0.009893538373532906,8561.800732641546,-0.015348084117996263,7067.180912330592,-0.009265316598876083
7586.437336915318,-0.012653837438250548,7847.5527125306235,-0.00948943096401722,6136.407322164343,-0.026402848279732605
7586.437336915317,-0.008450281309986818,8147.719654367119,-0.013917688656624017,9857.075116805281,-0.012583989693656816
7586.437336915312,-0.009080720314643353,7593.5326530814955,-0.009786418400789199,7204.551562578109,-0.02054151309929897
7586.437336915317,-0.009780613489735801,8116.6238502312035,-0.009788865705350758,7365.502517505412,-0.0260887422891265
7586.437336915328,-0.01096259061754723,7489.393266559581,-0.010334197053141314,7133.043661474699,-0.01214637405888297
7586.437336915352,-0.011679474856917782,7646.274746959095,-0.01545400373361272,5724.76908474219,-0.024457968958624732
7586.437336915323,-0.01020571139116766,8359.99473575227,-0.012462905623350284,8212.491712961635,-0.018396988056020525
7586.437336915317,-0.009413529226946604,8000.162765521434,-0.009611608265998162,7439.835502611939,-0.013078443273412343
7586.437336915315,-0.010380433508235365,8012.890329118583,-0.008741135533809175,7957.407128653534,-0.014135246798214318
7586.437336915305,-0.010372722019510672,7942.3655902243445,-0.008982260629878946,7462.85183522449,-0.012146374058882636
7586.437336915322,-0.013639440828574378,8216.054881951533,-0.010237921078508294,7013.972221882113,-0.029287690634861696
7586.437336915326,-0.00929701585264664,8584.985250613217,-0.009400013258591522,8102.932155288574,-0.012146374058882747
7586.437336915319,-0.011175877874613716,8101.83136089572,-0.008921436035660757,7541.392798379628,-0.01245310256749843
7586.437336915315,-0.00897161160947968,7074.176079560173,-0.012539564549266302,7001.885035100369,-0.013249261689011638
7586.437336915331,-0.010526530273553325,7339.19531994795,-0.012373933285835803,6307.417759675594,-0.021124261973473057
7586.437336915313,-0.012163422240632382,7245.325048189714,-0.012787134299661607,7632.093620833397,-0.021124261973472613
7586.43733691532,-0.011508444322812283,6525.266697760144,-0.010693429510968633,6644.557036750482,-0.02445796895862451
7586.437336915326,-0.009897266867803678,7420.623761592523,-0.016008332261547964,7715.631830915531,-0.017203802729197526
7586.437336915315,-0.009023570593476804,6773.470864510434,-0.013862130037265219,6034.528833536826,-0.02445796895862462
7586.437336915317,-0.008944553374349962,7373.181450242486,-0.01006014584296866,6267.358537744275,-0.025079858978662828
7586.437336915349,-0.015660900161099334,6948.349007597628,-0.009865334657694569,7901.230681101638,-0.012744859184144586
7586.437336915347,-0.010551845679903082,6620.098429129425,-0.013059008200530187,6575.4702572036795,-0.01774376714903736
7586.4373369153145,-0.009743497437213255,7795.967930341138,-0.013884247715216236,7366.771498460282,-0.016646587413794767
7586.437336915331,-0.008427596143648963,6555.591465151947,-0.010694835086174526,8012.89776511357,-0.012146374058882525
7586.43733691534,-0.01457686955404347,6457.862262839348,-0.01024804635710308,6914.654208472724,-0.01960187584666706
7586.437336915333,-0.01358324264034183,7286.6131330210455,-0.010140452718488846,8650.125045825835,-0.01367134154199412
7586.43733691531,-0.011585538845086285,8582.156883525244,-0.007559687251865843,7050.770311727351,-0.022833104729315434
7586.437336915314,-0.012779311072046107,8758.53806716257,-0.021692692915950107,7432.7520634256525,-0.018272934797852858
7586.437336915308,-0.011800469201044272,7213.556202466522,-0.012419000252708479,6349.563709651864,-0.02485715849463832
7586.437336915322,-0.011785107624031621,7657.050590628319,-0.012231756989209308,6744.194868097663,-0.012146374058882747
7586.437336915304,-0.012025446355181657,7795.163515424346,-0.01006231645658695,8557.265167983283,-0.011803969618154997
7586.437336915301,-0.009123215225887327,7504.080402858501,-0.01923258597172639,7128.781235676873,-0.02020064985861647
7586.437336915334,-0.010803043961698844,7266.093205090658,-0.012815497307291923,7368.586375357648,-0.012146374058882747
7586.437336915339,-0.011895679295927719,7578.132762656763,-0.01366575038783202,6732.525045895367,-0.022833104729315323
7586.437336915306,-0.009997735157039833,8105.663940627286,-0.018308095857231144,7534.047199270018,-0.012146374058882747
7586.437336915314,-0.018263828408967564,7193.284217394359,-0.00963961348296194,8574.80681460719,-0.011803969618154997
7586.437336915324,-0.008393819331886543,8420.670814970681,-0.011149626236872545,7837.490787560058,-0.02451390627776706
7586.437336915325,-0.009805225789745853,7553.194236116582,-0.011611471014241759,7808.794990529247,-0.02019649718359584
7586.437336915341,-0.009521518575366983,6435.502733227196,-0.011176173454370497,8702.170219057307,-0.017795772452720793
7586.4373369153245,-0.011260202107132633,9346.07137345767,-0.007686218830629699,7752.759101094887,-0.010599744832412883
7586.437336915342,-0.014355909491488683,7175.4572084219235,-0.020948503965627863,6180.342943870807,-0.014545571452152628
7586.4373369153045,-0.010192184326206388,6798.854163248639,-0.01219725582847253,8263.972443492712,-0.012146374058882525
7586.437336915314,-0.008338735419879284,6426.087976389321,-0.010942950619303504,7758.1330360756365,-0.02761340486767727
7586.437336915327,-0.010871596022761665,7720.999424036614,-0.009620006118780777,6403.105011029761,-0.014135246798213985
7586.437336915314,-0.012770782697757443,7849.226739597512,-0.010768221778736597,7582.809146422709,-0.013552992703336875
7586.437336915312,-0.01034521168352498,8542.801075265148,-0.009582720377452003,7822.742588392743,-0.017256918571711855
7586.437336915326,-0.009151537084816419,7005.644937432291,-0.011893813464072367,7707.731530714959,-0.02216377166024941
7586.437336915317,-0.008522515334048686,8234.00551698857,-0.010120616213525113,7777.752591116252,-0.012146374058882858
7586.4373369153145,-0.01144503831387289,6764.923469293914,-0.009374030636105979,7011.668740529323,-0.01615607571986566
7586.43733691531,-0.010289273581874259,6793.606730271113,-0.01310075598248761,6131.972605164022,-0.023050217328351996
7586.4373369153045,-0.009802938254815485,8245.050340669497,-0.011336833958008996,7990.074644795508,-0.015185400678792593
7586.437336915327,-0.010098423480621177,7205.649756220739,-0.013801249447426445,6289.149166326938,-0.02800897266642355
7586.437336915311,-0.01200142025141182,8069.057360208529,-0.010890348798415328,7497.818923206966,-0.02917575135218131
7586.437336915322,-0.008691098095261252,7432.756101519871,-0.009302772151586036,7919.880477847447,-0.018559764449561644
7586.4373369153345,-0.01280916494584472,7416.606497958517,-0.009855966154984741,8021.48102131571,-0.014545571452152961
7586.437336915305,-0.0105482203144458,8203.7331606562,-0.013058529108628258,7609.5377101996,-0.021124261973472613
7586.437336915318,-0.013406921705806263,7708.428812486792,-0.010746336506462506,7856.871286700197,-0.009427145718484908
7586.437336915311,-0.011223748409518786,7404.276875643656,-0.011266613463022712,9736.700798442018,-0.011889001222121776
7586.437336915345,-0.011653105081622206,8221.51683581311,-0.015516179585220335,7708.455946739554,-0.014545571452152961
7586.43733691532,-0.013461281818079485,7733.881677638888,-0.013443586297140486,7356.1577936454505,-0.0136000672705755
7586.437336915338,-0.010446665318050496,8362.224816402746,-0.011111821551561873,6774.155217519175,-0.022861874202789623
7586.4373369153045,-0.008694747702663763,7652.703594598369,-0.00867003077321793,7528.591809771123,-0.00991009066700077
7586.437336915329,-0.017096902736644992,7810.2427449329025,-0.010973081072066515,8284.17535594965,-0.013140727438971544
7586.437336915305,-0.01195198813321896,6702.561336924747,-0.019557095512552802,9428.920958208297,-0.008013926255857395
7586.437336915302,-0.010565307814368041,8446.164882412193,-0.010562523778462563,6668.684893503703,-0.017203802729197637
7586.437336915325,-0.010236699092755264,8008.554822963973,-0.009851666924519109,7479.4527565912285,-0.017504012497966848
7586.437336915312,-0.015499460478041405,7585.947899545104,-0.013440420669396325,6824.289173343586,-0.014135246798214096
7586.437336915301,-0.011446158762864589,8251.061275082393,-0.010197943512193275,7188.261727389091,-0.01774376714903747
7586.437336915341,-0.01122936251902551,7759.272244786944,-0.009854188958692722,6725.7964583411185,-0.022499139560347436
7586.437336915311,-0.013074221530995578,8536.24203397297,-0.010008388742045904,7076.938105172985,-0.031431493205295036
7586.437336915326,-0.01222143288836508,7362.023413857926,-0.012351275871926193,6404.39255238918,-0.025944924359175947
7586.43733691534,-0.011527543686555841,8241.55475229358,-0.010753384915480835,6810.006838348547,-0.019148556355843005
7586.437336915308,-0.009332433920526628,7617.1457815716985,-0.00997753369373433,7194.60928142478,-0.027074929255748392
7586.437336915332,-0.013621508014733386,8867.531629950337,-0.009059228076615522,7357.0421522160495,-0.013552992703336764
7586.437336915334,-0.013431280246050448,7433.716960769385,-0.011289494851839721,9060.092369143345,-0.012146374058882747
7586.437336915328,-0.017410123841681613,7407.2456584317315,-0.009192150147892542,7411.182130935412,-0.01484271949071947
7586.437336915327,-0.015942388819939368,7183.837646199299,-0.013583437479479432,6953.293615137254,-0.023609292475964994
7586.437336915307,-0.016005741525670247,8129.215546591396,-0.01330688899299759,7093.950450191515,-0.020710918535328582
7586.437336915325,-0.01259912613675751,8202.82905120169,-0.009365101253612229,7067.003020905821,-0.013552992703336653
7586.437336915317,-0.009978248326007244,7677.192404059326,-0.011002241375612565,6599.430561007289,-0.012146374058882636
7586.437336915331,-0.01372258770868895,8506.684982610539,-0.009470561449012815,8415.467440477925,-0.019465348364395507
7586.437336915305,-0.008078366820697402,9005.857463867776,-0.010829302271778474,8164.497428094674,-0.020376515681987284
7586.437336915324,-0.012985396955150219,7208.995210688264,-0.013084284816802572,8118.962271139316,-0.012146374058882747
7586.437336915303,-0.012703241182819847,7879.038268622402,-0.015672090918373183,8918.005257799236,-0.01063232882371501
7586.437336915333,-0.011485752482678802,7919.253109457228,-0.00963120290563424,8290.185985032009,-0.011803969618154997
7586.4373369153145,-0.010409760917863164,7594.072283814806,-0.009840781450512925,7102.426966277472,-0.011803969618155219
7586.437336915349,-0.013006900788908538,7038.258161401613,-0.013745538908000787,7862.916689250862,-0.009208540756071804
7586.437336915323,-0.010263347686471747,7880.743343342652,-0.008681058298552813,8285.466525099419,-0.02445796895862451
7586.437336915313,-0.01050641800628771,9107.843490109333,-0.007114414301719996,8093.9226379828515,-0.009910090667000437
7586.437336915326,-0.011091126559500175,8376.030892972227,-0.012956453666920442,8140.433314290032,-0.01019998566620417
7586.437336915322,-0.009537134373988398,8085.775656897069,-0.008842916491445973,8752.364336368762,-0.009910090667000437
7586.437336915319,-0.013246957672215176,6770.914014406243,-0.01862265249250883,7814.809558122556,-0.014141809897223467
7586.437336915316,-0.011704519954273351,8074.229152131408,-0.011798609911435665,8639.021221745006,-0.016948858260029898
7586.437336915321,-0.01164476626086286,7529.72635530482,-0.013876605322475033,5959.339191534997,-0.027563043559750366
7586.4373369153345,-0.009387383242462244,7612.667604390841,-0.011027400213302063,7061.5729229062545,-0.01787741952381583
7586.437336915315,-0.010406714556973395,8142.65414146974,-0.012471307929927677,6044.779287502819,-0.024457968958624732
7586.437336915326,-0.011205182834414962,7254.797060340494,-0.012084836980883473,6844.381567420418,-0.01540466163580001
7586.4373369153245,-0.009330231518414611,9157.71747787463,-0.010761932610760638,6968.445048770027,-0.015171831194314644
7586.437336915319,-0.012968190442103733,7254.54856645347,-0.008916482426247652,6816.269562907397,-0.01358945102437259
7586.437336915315,-0.012665939054629982,7730.045355152193,-0.013256677152910012,7489.0073498486245,-0.012146374058882636
7586.437336915328,-0.009460987630998563,7663.83751871793,-0.012595232871014606,8786.510844398592,-0.011803969618155219
7586.437336915307,-0.009225784288330985,7989.609351405276,-0.011848320265695378,7417.249368232492,-0.026380468906957333
7586.437336915335,-0.01417134638654527,7442.272203292619,-0.008836334057761408,8248.388832950795,-0.01876061248316596
7586.43733691531,-0.008691096791329733,7380.507517248075,-0.015485079847588956,8591.875399475904,-0.013552992703337097
7586.437336915323,-0.013455162053853442,7763.478045194557,-0.0093759218425431,6053.771812441679,-0.016156075719866103
7586.437336915309,-0.010825878415647527,7230.300047420689,-0.011187834393232676,5947.636235119523,-0.02445796895862451
7586.437336915311,-0.01178399151968712,8142.8618461573815,-0.010957529965583745,10076.145714950238,-0.009422396077189532
7586.43733691533,-0.01006133847835855,7922.924816619868,-0.010247360258673788,6511.662371815963,-0.022499139560346992
7586.43733691533,-0.012408682281877303,6754.604264621228,-0.015511707761406313,7187.534978466744,-0.020541513099299857
7586.437336915344,-0.01037444803757448,7222.136965633201,-0.010618711126975322,7119.735786010484,-0.016156075719866103
7586.437336915303,-0.008535104140057315,7781.92446308489,-0.014675974473902453,5764.063404971146,-0.01946699172213251
7586.437336915341,-0.012275753346321472,7723.306504909864,-0.01043712149718301,6815.465498795242,-0.015634126604537335
7586.437336915309,-0.01212822210529474,8326.323636851124,-0.008505137561894305,7032.193811444151,-0.02445796895862451
7586.437336915314,-0.010456530486530613,8091.327458843527,-0.008648398121540501,7348.500138259789,-0.02445796895862451
7586.437336915332,-0.00947903377443371,7151.056420743424,-0.011167314231133818,7703.227070527881,-0.027598064898051278
7586.437336915325,-0.00762594053590393,7980.869174000504,-0.009962748187968384,7278.344490094704,-0.012146374058882747
7586.437336915333,-0.012007078882068756,7603.383094096734,-0.012103043107945188,7597.120185386776,-0.015634126604537557
7586.437336915325,-0.010396127853140813,7608.991719987432,-0.00888131505544798,9601.988055464857,-0.011807570599075667
7586.437336915303,-0.009245171938903618,7076.959634919996,-0.010373877302273238,6968.411343264065,-0.02249913956034688
7586.437336915334,-0.009945153024775277,8116.752860512018,-0.009825571656910892,7754.648900689155,-0.013552992703336875
7586.43733691529,-0.008152980920256403,7867.832974932853,-0.01112450046202218,8150.108398305204,-0.013629878948598684
7586.437336915309,-0.011239719868487597,8293.35396651798,-0.008967032853876455,6134.764931987301,-0.02283310472931588
7586.437336915325,-0.013252382582573108,6303.734511828106,-0.008712571356036314,6905.413221170651,-0.010816473647475733
7586.437336915319,-0.019698302994635486,8596.730537551412,-0.009948841871975866,6834.132744692141,-0.0244579689586244
7586.437336915304,-0.01031944320261513,7583.822521012933,-0.010421650720735087,7335.2573383970275,-0.00993957718067462
7586.4373369153345,-0.010365846155329095,7172.102414341227,-0.013778424696106795,6987.3788503069945,-0.014135246798214096
7586.437336915334,-0.01515223700605639,7796.69820571945,-0.013873023296322118,7786.977430418428,-0.008721430885541337
7586.437336915331,-0.008995996478093238,7723.633289363905,-0.0134177595965419,7118.695663151301,-0.011803969618154997
7586.437336915319,-0.00951729819294389,8013.157100772269,-0.010584888554195038,7806.707156737137,-0.026790874402712217
7586.437336915336,-0.017250586564031445,7641.869380415585,-0.010785990110757093,7400.556883952834,-0.013552992703336653
7586.4373369153545,-0.009853116768467118,7262.29203404128,-0.011917160874184374,6963.118873824273,-0.017203802729197526
7586.437336915316,-0.007701118165519882,7292.186491509796,-0.008627867455867633,9457.771073956072,-0.009910090667000881
7586.437336915322,-0.014024330793852458,7424.491904619535,-0.0121194442327488,7633.893805450032,-0.01214637405888297
7586.437336915324,-0.011638773875358166,7161.546843412463,-0.01250508659259908,8139.687786110774,-0.010532186304831326
7586.437336915317,-0.010915716808900466,7804.772896017271,-0.011116648092868275,7238.832281133118,-0.017203802729197304
7586.43733691529,-0.008595791821415566,7338.831517547541,-0.013658220032118917,9344.622987786328,-0.011803969618154886
7586.437336915333,-0.017037648444656717,7840.958250043948,-0.010902655329761313,6186.168911591923,-0.023050135670220073
7586.437336915303,-0.011818046569954332,7238.691116907006,-0.013216859426793182,7436.963949268049,-0.014039560910671267
7586.437336915354,-0.014971641852141615,8339.620854890316,-0.011001536484094299,6727.883390200537,-0.024457968958624288
7586.437336915333,-0.011723394455638192,7706.702580290667,-0.008397256991247937,8404.15002769913,-0.014135246798214318
7586.437336915339,-0.009739944024117486,7711.18422003902,-0.01625004648694972,6069.619114096452,-0.019024428759042422
7586.437336915325,-0.014417773626170138,7514.759557585313,-0.010460039578604863,6779.764726329303,-0.018295606877690385
7586.437336915316,-0.00958250073704281,9269.365644459032,-0.009405532169930009,6351.6452188081,-0.020830724334840345
7586.43733691531,-0.011061478521627865,6991.770027924697,-0.01100203404498279,9015.386369277267,-0.017015635605958535
7586.437336915343,-0.015604518812839085,7396.501432079272,-0.00866127428824015,7267.735328389473,-0.013552992703336764
7586.437336915329,-0.009731485564514641,7475.186819687062,-0.010862971865544968,8005.302013123415,-0.016156075719866103
7586.437336915348,-0.008651303826149648,8128.816326137393,-0.01403751491174976,8219.608944112973,-0.011803969618155108
7586.4373369153045,-0.012630594708037735,7654.400633994488,-0.011783454504948665,7876.566742767219,-0.026268359037708078
7586.437336915316,-0.011245222372451513,7763.288576331247,-0.012811974282995964,7839.104629790495,-0.012146374058882747
7586.437336915333,-0.011276486174005784,7582.215054464107,-0.013780711194381734,8175.51426317774,-0.00991009066700066
7586.437336915315,-0.01556943883257178,6917.17528243734,-0.011487809570698726,6722.558889267086,-0.014135246798214207
7586.437336915296,-0.012747806718522603,8128.968632014792,-0.011186111233576823,5846.324206230196,-0.013913603044398815
7586.4373369153145,-0.01186627035483978,6648.069952969607,-0.013280259881110479,7523.271837132494,-0.014289977035030321
7586.437336915322,-0.011301470496562827,8665.128540894964,-0.010552629353475007,9346.768086999948,-0.013552992703336764
7586.437336915322,-0.014222324904766381,8112.4913747716555,-0.010495541764417249,7891.496982285927,-0.01876061248316596
7586.437336915323,-0.010088871376050856,7974.740679627845,-0.012233977562396303,8461.327529932445,-0.020541513099299746
7586.437336915314,-0.016541472361746745,6401.087361396886,-0.012756188788404454,7145.03671074398,-0.01159525653464899
7586.437336915304,-0.011210868616432945,7337.564048188319,-0.010411926949910555,6802.36950117206,-0.013775160337274217
7586.437336915321,-0.013683833453388639,7759.883101250713,-0.013869636270487762,8293.12762794128,-0.008876894307909722
7586.437336915332,-0.009212026905156545,8662.772006880326,-0.011530572899739133,8045.6617103205135,-0.011803969618154997
7586.437336915322,-0.010853792203297297,7735.732732881215,-0.008928118761691195,8599.704176357605,-0.012146374058882747
7586.4373369153145,-0.010344198909300384,7332.905948462451,-0.010372467634549465,7519.497530011529,-0.02577976292286599
7586.437336915313,-0.010334523374418314,6635.71343856942,-0.010582714691475426,8891.490222797356,-0.010641356567601679
7586.437336915315,-0.011180993145370022,7097.121564124762,-0.01047900332843188,8068.081900024325,-0.012146374058882858
7586.4373369153245,-0.015964987244566742,7450.093713953238,-0.011061423705299944,8395.484345028552,-0.0135981795330965
7586.437336915333,-0.014657190983681234,8640.606012900047,-0.011074017076716736,8826.119133129938,-0.014726853317325705
7586.437336915321,-0.011136412043508015,7642.640902122393,-0.010475409466504715,7454.759838644592,-0.009910090667000548
7586.437336915324,-0.010753144628651734,7928.815169807931,-0.010050386312811743,6965.112140299407,-0.01876061248316585
7586.437336915327,-0.0105427635777392,7162.3538380371665,-0.009491230017625418,7220.049185124371,-0.012236048952688261
7586.437336915321,-0.008629122684195245,8178.315854669283,-0.011820411051666868,8574.280302914163,-0.02445796895862451
7586.437336915336,-0.010668043761279167,7696.310619498156,-0.008602140122159874,6156.738972266152,-0.031366154872218166
7586.437336915328,-0.01040845527199119,7176.5115953867335,-0.014122013884939721,7916.496547888294,-0.011803969618155219
7586.437336915327,-0.01002839403164657,8396.304673396015,-0.011985381668413786,7101.647014422895,-0.018760612483166184
7586.437336915322,-0.01555382029060881,7635.690608459848,-0.013502728234521477,7899.738694854525,-0.012146374058882747
7586.437336915342,-0.011999357514883902,8934.148006781274,-0.009195857037602506,7378.775275155805,-0.016156075719866103
7586.437336915354,-0.012081339446152972,7560.660374518887,-0.008732726092267495,7512.935820409969,-0.0244579689586244
7586.437336915323,-0.007922438807212107,8196.762355677542,-0.008353396156096538,8317.978332526263,-0.016237866767267572
7586.437336915321,-0.009151024018926424,9555.65204633029,-0.009299912749802242,8320.930197611018,-0.02445796895862462
7586.437336915316,-0.008131156001390916,8246.504831134514,-0.008212280994080334,8805.466474226561,-0.014135246798214318
7586.437336915321,-0.008787964996454178,8147.985230579152,-0.011446966497170474,8345.501951681108,-0.02445796895862462
7586.437336915314,-0.01308464756451877,7048.0412021895745,-0.010062504627174174,7125.491534557181,-0.02445796895862462
7586.437336915327,-0.0178205029248083,8126.590080181242,-0.010504757709739132,8129.592997325011,-0.013262510583457843
7586.437336915329,-0.015067716048319357,6911.774555832091,-0.010349943038006182,8676.187447480032,-0.013913603044399148
7586.4373369153045,-0.011733344092388687,6324.489128383193,-0.011479256016687311,5505.324076093042,-0.0244579689586244
7586.437336915332,-0.00992370798840192,7496.325402056184,-0.009942880880286276,7488.863733180932,-0.02445796895862462
7586.4373369153145,-0.014095033958362868,7375.949516042726,-0.011602361569074016,7208.6925125725675,-0.015634126604537335
7586.43733691531,-0.009531508707588787,7164.549984869182,-0.011685788757180071,6837.851795120063,-0.011803969618155219
7586.437336915323,-0.008540650258159421,8116.049573868327,-0.011198087123228673,7986.469023739323,-0.024671878913864465
7586.437336915305,-0.010941885601578272,7623.482265500609,-0.02004292129283025,7748.97203720077,-0.020541513099299857
