open_time,hour_utc,session,vol_regime,vol_bucket,rel_volume,win,ret,p_up
2022-06-30 15:00:00+00:00,15,Europa (08-16),HIGH_VOL,Q4_alto,1.1669129001822096,True,0.02556980165678,0.43381035
2022-06-30 16:00:00+00:00,16,USA    (16-24),HIGH_VOL,Q3,0.9607043415885613,True,0.0265110818188268,0.42919344
2022-07-01 00:00:00+00:00,0,Asia   (00-08),HIGH_VOL,Q4_alto,2.7664669845756586,True,0.0381205855700126,0.4322529
2022-07-01 01:00:00+00:00,1,Asia   (00-08),HIGH_VOL,Q3,0.8744399572296904,True,0.0383155392093393,0.46746
2022-07-02 00:00:00+00:00,0,Asia   (00-08),MIDHIGH_VOL,Q3,0.7019708694079714,True,0.0243586458948172,0.43895632
2022-07-02 01:00:00+00:00,1,Asia   (00-08),MIDHIGH_VOL,Q2,0.4980984718507061,True,0.0234483034501827,0.45674953
2022-07-03 00:00:00+00:00,0,Asia   (00-08),LOW_VOL,Q3,0.7641420413602724,True,0.0132288892651439,0.47070876
2022-07-03 01:00:00+00:00,1,Asia   (00-08),LOW_VOL,Q2,0.49505155875224466,True,0.01304877412282,0.47070876
2022-07-04 00:00:00+00:00,0,Asia   (00-08),MIDLOW_VOL,Q3,0.801142242275632,True,0.0159836628704974,0.47070876
2022-07-04 01:00:00+00:00,1,Asia   (00-08),MIDLOW_VOL,Q3,1.0454750795152778,True,0.0164071573544433,0.47070876
2022-07-05 00:00:00+00:00,0,Asia   (00-08),HIGH_VOL,Q4_alto,1.3304196693942114,True,0.0255140985936517,0.49442697
2022-07-05 02:00:00+00:00,2,Asia   (00-08),HIGH_VOL,Q2,0.45682356825858633,True,0.0234829363662637,0.4801261
2022-07-06 00:00:00+00:00,0,Asia   (00-08),HIGH_VOL,Q3,0.7647983460819838,True,0.0285353379301005,0.46746
2022-07-06 09:00:00+00:00,9,Europa (08-16),HIGH_VOL,Q2,0.5534291181875658,True,0.0269557114062574,0.46746
2022-07-07 02:00:00+00:00,2,Asia   (00-08),MIDLOW_VOL,Q2,0.646573499613989,True,0.0175569546017593,0.47070876
2022-07-07 06:00:00+00:00,6,Asia   (00-08),LOW_VOL,Q2,0.6024805809214506,False,-0.0077351973339834,0.47070876
2022-07-08 00:00:00+00:00,0,Asia   (00-08),MIDHIGH_VOL,Q2,0.5908327187414006,False,-0.0110305791840137,0.49442697
2022-07-08 01:00:00+00:00,1,Asia   (00-08),HIGH_VOL,Q4_alto,2.195202492000274,True,0.0285074181409788,0.48379886
2022-07-09 02:00:00+00:00,2,Asia   (00-08),MIDHIGH_VOL,Q1_bajo,0.3271555528232066,True,0.0270518263927319,0.4644644
2022-07-09 03:00:00+00:00,3,Asia   (00-08),MIDHIGH_VOL,Q1_bajo,0.33984172654633465,True,0.0262323217269356,0.4644644
2022-07-10 00:00:00+00:00,0,Asia   (00-08),MIDLOW_VOL,Q4_alto,1.2027112939854931,True,0.0176083938750868,0.452825
2022-07-10 01:00:00+00:00,1,Asia   (00-08),LOW_VOL,Q3,0.9649691521916819,True,0.0154517075123872,0.452825
2022-07-11 00:00:00+00:00,0,Asia   (00-08),MIDHIGH_VOL,Q3,1.0937525039130815,True,0.0191263505064592,0.40525505
2022-07-11 02:00:00+00:00,2,Asia   (00-08),MIDHIGH_VOL,Q4_alto,1.1660672507199197,True,0.0209584476778308,0.41677123
2022-07-12 00:00:00+00:00,0,Asia   (00-08),MIDHIGH_VOL,Q4_alto,1.3986966281467095,True,0.0209775487843318,0.41489246
2022-07-12 01:00:00+00:00,1,Asia   (00-08),MIDHIGH_VOL,Q3,0.8035269509758967,True,0.0208324613273362,0.41489246
2022-07-13 00:00:00+00:00,0,Asia   (00-08),MIDHIGH_VOL,Q3,0.7507628183602825,False,-0.009851239990465,0.40525505
2022-07-13 01:00:00+00:00,1,Asia   (00-08),MIDHIGH_VOL,Q1_bajo,0.44097736924942504,False,-0.009403036483118,0.40525505
2022-07-14 00:00:00+00:00,0,Asia   (00-08),HIGH_VOL,Q3,0.7982269262772478,True,0.0376088046586896,0.46746
2022-07-14 01:00:00+00:00,1,Asia   (00-08),HIGH_VOL,Q2,0.5224538232490814,True,0.0383051147028411,0.46746
2022-07-14 15:00:00+00:00,15,Europa (08-16),MIDHIGH_VOL,Q4_alto,3.1852218360560536,True,0.0210172218168155,0.46746
2022-07-14 16:00:00+00:00,16,USA    (16-24),MIDHIGH_VOL,Q4_alto,1.7092318187302564,False,-0.0107586286539767,0.46746
2022-07-15 00:00:00+00:00,0,Asia   (00-08),HIGH_VOL,Q2,0.5651051938386008,False,-0.012046957893837,0.4597862
2022-07-15 02:00:00+00:00,2,Asia   (00-08),HIGH_VOL,Q4_alto,1.3800363389263621,False,-0.0126074228043828,0.4597862
2022-07-16 00:00:00+00:00,0,Asia   (00-08),MIDHIGH_VOL,Q3,0.703906836823391,True,0.0200074674492524,0.46570167
2022-07-16 01:00:00+00:00,1,Asia   (00-08),MIDLOW_VOL,Q2,0.48878912956459164,True,0.0195083325860306,0.47070876
2022-07-17 00:00:00+00:00,0,Asia   (00-08),MIDHIGH_VOL,Q3,0.6918001332812477,True,0.0194094164233699,0.4610217
2022-07-17 01:00:00+00:00,1,Asia   (00-08),MIDHIGH_VOL,Q2,0.6696982826538318,False,-0.0100288453797087,0.4597862
2022-07-18 00:00:00+00:00,0,Asia   (00-08),MIDHIGH_VOL,Q3,0.834583864708498,False,-0.009313772907147,0.44217145
2022-07-18 01:00:00+00:00,1,Asia   (00-08),MIDHIGH_VOL,Q3,0.6934520013968698,False,-0.0092137777680887,0.47979954
2022-07-19 00:00:00+00:00,0,Asia   (00-08),HIGH_VOL,Q4_alto,1.9849427394600183,True,0.0379608624164056,0.4597542
2022-07-19 01:00:00+00:00,1,Asia   (00-08),HIGH_VOL,Q3,0.7895791788444829,True,0.0383969245937278,0.4597542
2022-07-20 00:00:00+00:00,0,Asia   (00-08),HIGH_VOL,Q3,0.9381393640942399,False,-0.0160783888381693,0.47312072
2022-07-20 04:00:00+00:00,4,Asia   (00-08),HIGH_VOL,Q1_bajo,0.36392706704766176,False,-0.0149312448071941,0.4801261
2022-07-21 00:00:00+00:00,0,Asia   (00-08),HIGH_VOL,Q2,0.49531822298613126,True,0.033911547318421,0.46207651
2022-07-21 01:00:00+00:00,1,Asia   (00-08),HIGH_VOL,Q2,0.5174955803150837,True,0.0341754206600672,0.46207651
2022-07-22 00:00:00+00:00,0,Asia   (00-08),MIDLOW_VOL,Q3,0.6902723800491919,True,0.0244489779775236,0.46746
2022-07-22 01:00:00+00:00,1,Asia   (00-08),MIDLOW_VOL,Q2,0.4695736456492509,True,0.0232315578102012,0.46746
2022-07-23 00:00:00+00:00,0,Asia   (00-08),MIDLOW_VOL,Q2,0.6509929317711836,True,0.022529694541624002,0.42135316
2022-07-23 01:00:00+00:00,1,Asia   (00-08),MIDLOW_VOL,Q1_bajo,0.35268241018997204,True,0.021852866099811002,0.42135316
2022-07-24 00:00:00+00:00,0,Asia   (00-08),LOW_VOL,Q3,0.9640769807828288,True,0.0188019139981075,0.4322529
2022-07-24 02:00:00+00:00,2,Asia   (00-08),LOW_VOL,Q2,0.5095044258599418,True,0.017192842832083,0.42061746
2022-07-25 00:00:00+00:00,0,Asia   (00-08),MIDLOW_VOL,Q4_alto,1.752129934962148,True,0.0203059063939627,0.44959486
2022-07-25 01:00:00+00:00,1,Asia   (00-08),MIDLOW_VOL,Q4_alto,1.1840852104775075,True,0.0198018546189793,0.45425656
2022-07-26 01:00:00+00:00,1,Asia   (00-08),MIDHIGH_VOL,Q3,0.7312055209189355,True,0.0252649232271716,0.42135316
2022-07-26 02:00:00+00:00,2,Asia   (00-08),MIDHIGH_VOL,Q1_bajo,0.35151272622420865,True,0.024659191620422502,0.43381035
2022-07-27 03:00:00+00:00,3,Asia   (00-08),LOW_VOL,Q2,0.6251197607250693,False,-0.0083739512273855,0.4449715
2022-07-27 04:00:00+00:00,4,Asia   (00-08),LOW_VOL,Q1_bajo,0.44244209616369096,False,-0.0080171062706788,0.4449715
2022-07-28 00:00:00+00:00,0,Asia   (00-08),HIGH_VOL,Q3,0.7127288546502413,False,-0.0123142956232051,0.4995067
2022-07-28 01:00:00+00:00,1,Asia   (00-08),HIGH_VOL,Q1_bajo,0.2860064442454272,False,-0.0118742944499216,0.4995067
2022-07-28 17:00:00+00:00,17,USA    (16-24),HIGH_VOL,Q4_alto,1.1993299839272247,True,0.0261255834725743,0.4995067
2022-07-28 18:00:00+00:00,18,USA    (16-24),HIGH_VOL,Q3,0.7994285288194954,False,-0.0125661929052233,0.4995067
2022-07-29 00:00:00+00:00,0,Asia   (00-08),HIGH_VOL,Q2,0.6014403487811609,True,0.029723153414955,0.498339
2022-07-29 01:00:00+00:00,1,Asia   (00-08),HIGH_VOL,Q1_bajo,0.36728888596956477,True,0.0295419944283018,0.4826325
2022-07-30 00:00:00+00:00,0,Asia   (00-08),HIGH_VOL,Q2,0.5680043820169398,True,0.0247513803639752,0.4597862
2022-07-30 01:00:00+00:00,1,Asia   (00-08),HIGH_VOL,Q3,0.6794756584296253,True,0.0237337221870693,0.4597862
2022-07-31 02:00:00+00:00,2,Asia   (00-08),MIDHIGH_VOL,Q2,0.5470417349653282,True,0.0196495507183701,0.4721481
2022-07-31 04:00:00+00:00,4,Asia   (00-08),MIDLOW_VOL,Q1_bajo,0.3320301136313949,True,0.0171543859164554,0.45499706
2022-08-01 00:00:00+00:00,0,Asia   (00-08),MIDLOW_VOL,Q3,0.855384772683546,True,0.0183963226019847,0.41677123
2022-08-01 01:00:00+00:00,1,Asia   (00-08),MIDLOW_VOL,Q2,0.5273754111368347,True,0.018357583369646,0.41677123
2022-08-02 00:00:00+00:00,0,Asia   (00-08),MIDHIGH_VOL,Q3,0.9166634439898232,True,0.0202000671775861,0.4343614
2022-08-02 01:00:00+00:00,1,Asia   (00-08),MIDHIGH_VOL,Q3,0.7950929989301655,True,0.0201786066028144,0.41677123
2022-08-03 00:00:00+00:00,0,Asia   (00-08),MIDHIGH_VOL,Q3,1.0229586611595751,False,-0.0105433941252967,0.44959486
2022-08-03 01:00:00+00:00,1,Asia   (00-08),MIDHIGH_VOL,Q3,0.7809128031792095,False,-0.010588826133453,0.44959486
2022-08-04 00:00:00+00:00,0,Asia   (00-08),MIDLOW_VOL,Q3,1.0413170794158026,True,0.0180760827689057,0.46570167
2022-08-04 01:00:00+00:00,1,Asia   (00-08),MIDLOW_VOL,Q3,1.0470430054568032,True,0.018194328702988802,0.4721481
2022-08-05 00:00:00+00:00,0,Asia   (00-08),MIDLOW_VOL,Q2,0.4484902690847409,False,-0.0085900184352577,0.40525505
2022-08-05 01:00:00+00:00,1,Asia   (00-08),MIDLOW_VOL,Q3,0.9250625438611485,False,-0.0088994653114395,0.42784876
2022-08-06 02:00:00+00:00,2,Asia   (00-08),MIDLOW_VOL,Q1_bajo,0.31266688917097774,True,0.015356950454468301,0.47070876
2022-08-06 05:00:00+00:00,5,Asia   (00-08),LOW_VOL,Q1_bajo,0.40326666023564534,True,0.0122856906287695,0.47070876
2022-08-07 02:00:00+00:00,2,Asia   (00-08),LOW_VOL,Q3,0.7338683775664973,True,0.008797246639564,0.452825
2022-08-07 03:00:00+00:00,3,Asia   (00-08),LOW_VOL,Q3,0.7336730700039197,True,0.008813807217426,0.452825
2022-08-08 00:00:00+00:00,0,Asia   (00-08),LOW_VOL,Q4_alto,1.5365138074958535,False,-0.0057359509811571,0.47070876
2022-08-08 01:00:00+00:00,1,Asia   (00-08),LOW_VOL,Q2,0.5972392533674032,False,-0.0057629304673156995,0.47070876
2022-08-09 00:00:00+00:00,0,Asia   (00-08),MIDLOW_VOL,Q1_bajo,0.44065761656317265,True,0.014013812084673,0.47070876
2022-08-09 01:00:00+00:00,1,Asia   (00-08),MIDLOW_VOL,Q2,0.46171477859467924,True,0.0138810109082325,0.47070876
2022-08-10 00:00:00+00:00,0,Asia   (00-08),MIDHIGH_VOL,Q4_alto,1.9792195275252735,False,-0.0074672519516123,0.40525505
2022-08-10 01:00:00+00:00,1,Asia   (00-08),MIDLOW_VOL,Q3,0.912696772920315,False,-0.0073001051871506,0.40525505
2022-08-11 00:00:00+00:00,0,Asia   (00-08),HIGH_VOL,Q3,0.792418890070873,False,-0.0112942120915916,0.4597862
2022-08-11 02:00:00+00:00,2,Asia   (00-08),HIGH_VOL,Q3,0.7481840027646299,False,-0.010088627141502599,0.4801261
2022-08-11 15:00:00+00:00,15,Europa (08-16),HIGH_VOL,Q4_alto,1.3505178465567156,True,0.0204199938716642,0.4801261
2022-08-11 16:00:00+00:00,16,USA    (16-24),HIGH_VOL,Q3,0.8893633008129814,True,0.0198899033761109,0.4848256
2022-08-12 00:00:00+00:00,0,Asia   (00-08),HIGH_VOL,Q3,0.8765898446710977,True,0.020880844797052902,0.45425656
2022-08-12 01:00:00+00:00,1,Asia   (00-08),HIGH_VOL,Q1_bajo,0.4189087366918604,True,0.0205975945337705,0.45425656
2022-08-13 00:00:00+00:00,0,Asia   (00-08),MIDHIGH_VOL,Q3,0.9656996641095908,False,-0.0072420787628124,0.47070876
2022-08-13 01:00:00+00:00,1,Asia   (00-08),MIDLOW_VOL,Q4_alto,1.2167240229608014,True,0.0134949184996272,0.47070876
2022-08-14 00:00:00+00:00,0,Asia   (00-08),MIDLOW_VOL,Q3,0.7431197809084578,False,-0.0061532361516035,0.47070876
2022-08-14 01:00:00+00:00,1,Asia   (00-08),MIDLOW_VOL,Q4_alto,1.418539714192544,False,-0.0061711683629245,0.47070876
2022-08-15 00:00:00+00:00,0,Asia   (00-08),LOW_VOL,Q3,0.8935802786961459,False,-0.0059459910668521,0.47979954
2022-08-15 01:00:00+00:00,1,Asia   (00-08),MIDLOW_VOL,Q4_alto,1.4696964739878373,False,-0.0062991452128964,0.49056244
2022-08-16 00:00:00+00:00,0,Asia   (00-08),MIDHIGH_VOL,Q3,0.8112076395884753,True,0.0162027460496507,0.42271143
2022-08-16 01:00:00+00:00,1,Asia   (00-08),MIDHIGH_VOL,Q2,0.6054910264323443,True,0.015209670935208402,0.4449715
2022-08-17 00:00:00+00:00,0,Asia   (00-08),MIDLOW_VOL,Q4_alto,1.1918406969175481,False,-0.0072401182160896,0.45563745
2022-08-17 01:00:00+00:00,1,Asia   (00-08),MIDLOW_VOL,Q3,0.7469200654005802,False,-0.007203965152979499,0.45563745
2022-08-18 04:00:00+00:00,4,Asia   (00-08),LOW_VOL,Q2,0.46564785641298767,True,0.0114761338280872,0.40525505
2022-08-18 05:00:00+00:00,5,Asia   (00-08),LOW_VOL,Q1_bajo,0.35712562621677985,True,0.0112564683456138,0.40525505
2022-08-19 00:00:00+00:00,0,Asia   (00-08),LOW_VOL,Q4_alto,2.821776241702282,True,0.012253677731196901,0.40525505
2022-08-19 01:00:00+00:00,1,Asia   (00-08),MIDLOW_VOL,Q4_alto,2.260115810465331,True,0.013480544322936801,0.40525505
2022-08-20 06:00:00+00:00,6,Asia   (00-08),HIGH_VOL,Q2,0.6032439517077594,True,0.0212076748130626,0.4270911
2022-08-20 07:00:00+00:00,7,Asia   (00-08),HIGH_VOL,Q2,0.6685104469365649,True,0.0207795700821852,0.4270911
2022-08-21 00:00:00+00:00,0,Asia   (00-08),MIDHIGH_VOL,Q3,0.8685178583556992,False,-0.0080621128581895,0.42271143
2022-08-21 01:00:00+00:00,1,Asia   (00-08),MIDHIGH_VOL,Q2,0.46150029563650896,True,0.0161032642784872,0.42061746
2022-08-22 00:00:00+00:00,0,Asia   (00-08),MIDHIGH_VOL,Q3,0.9955963903477806,True,0.0147378662407863,0.47070876
2022-08-22 01:00:00+00:00,1,Asia   (00-08),MIDLOW_VOL,Q2,0.5905836206976393,True,0.0140067713019427,0.47070876
2022-08-23 00:00:00+00:00,0,Asia   (00-08),MIDHIGH_VOL,Q3,1.030283091095693,True,0.017282374750662,0.49056244
2022-08-23 01:00:00+00:00,1,Asia   (00-08),MIDHIGH_VOL,Q2,0.4730084147090061,True,0.0171335770565656,0.49056244
2022-08-24 00:00:00+00:00,0,Asia   (00-08),MIDLOW_VOL,Q3,0.8903356869245734,True,0.0145562091533844,0.47070876
2022-08-24 02:00:00+00:00,2,Asia   (00-08),MIDHIGH_VOL,Q3,0.9347546506599188,False,-0.0079748479522346,0.452825
2022-08-25 00:00:00+00:00,0,Asia   (00-08),MIDLOW_VOL,Q4_alto,1.2699258864185168,False,-0.0074509233441361,0.47070876
2022-08-25 15:00:00+00:00,15,Europa (08-16),LOW_VOL,Q4_alto,1.6429754333214341,True,0.01082459923525,0.47070876
2022-08-25 17:00:00+00:00,17,USA    (16-24),LOW_VOL,Q4_alto,1.2252664549436412,True,0.0115905659139568,0.47070876
2022-08-26 00:00:00+00:00,0,Asia   (00-08),LOW_VOL,Q4_alto,1.3152128631465987,True,0.0115672088522153,0.47070876
2022-08-26 02:00:00+00:00,2,Asia   (00-08),LOW_VOL,Q2,0.45956103416301636,True,0.0106803874675246,0.47070876
2022-08-27 00:00:00+00:00,0,Asia   (00-08),HIGH_VOL,Q3,0.7550123239736661,True,0.030331870828584503,0.43381035
2022-08-27 01:00:00+00:00,1,Asia   (00-08),HIGH_VOL,Q1_bajo,0.2557169214344851,True,0.0281363129751888,0.43381035
2022-08-28 01:00:00+00:00,1,Asia   (00-08),MIDLOW_VOL,Q2,0.6027995418271784,True,0.0135050634592237,0.40318713
2022-08-28 02:00:00+00:00,2,Asia   (00-08),MIDLOW_VOL,Q3,1.052656209496391,True,0.014372268171993,0.40318713
2022-08-29 00:00:00+00:00,0,Asia   (00-08),MIDLOW_VOL,Q4_alto,2.066770959018619,False,-0.0072641565758707,0.40525505
2022-08-29 01:00:00+00:00,1,Asia   (00-08),MIDLOW_VOL,Q3,0.9513719142547399,False,-0.0072420658991709,0.40525505
2022-08-30 00:00:00+00:00,0,Asia   (00-08),MIDHIGH_VOL,Q2,0.6234355593205154,True,0.0149844082721249,0.47070876
2022-08-30 01:00:00+00:00,1,Asia   (00-08),HIGH_VOL,Q3,0.7157078560317515,False,-0.0079595033805315,0.47070876
2022-08-31 00:00:00+00:00,0,Asia   (00-08),HIGH_VOL,Q2,0.6031986464520763,False,-0.0101678481919083,0.45674953
2022-08-31 02:00:00+00:00,2,Asia   (00-08),HIGH_VOL,Q4_alto,1.1648069019238543,True,0.0227917855702098,0.46746
2022-09-01 01:00:00+00:00,1,Asia   (00-08),HIGH_VOL,Q2,0.5486093052979026,True,0.0192087719584794,0.47070876
2022-09-01 02:00:00+00:00,2,Asia   (00-08),HIGH_VOL,Q2,0.49027598618233326,True,0.0185777937208009,0.47070876
2022-09-02 02:00:00+00:00,2,Asia   (00-08),MIDHIGH_VOL,Q2,0.5254969299621918,False,-0.0082204326237086,0.49056244
2022-09-02 03:00:00+00:00,3,Asia   (00-08),MIDHIGH_VOL,Q4_alto,1.1655322259330412,True,0.0170376855910369,0.47070876
2022-09-03 00:00:00+00:00,0,Asia   (00-08),HIGH_VOL,Q2,0.5148121877957342,True,0.0185573862426452,0.47070876
2022-09-03 02:00:00+00:00,2,Asia   (00-08),MIDHIGH_VOL,Q1_bajo,0.30178959503700853,True,0.0163932018251173,0.47070876
2022-09-04 00:00:00+00:00,0,Asia   (00-08),LOW_VOL,Q3,0.7725032878925884,True,0.007263940567664301,0.49056244
2022-09-04 01:00:00+00:00,1,Asia   (00-08),LOW_VOL,Q2,0.593975221681113,True,0.007107639169395101,0.49056244
2022-09-05 00:00:00+00:00,0,Asia   (00-08),MIDLOW_VOL,Q4_alto,1.2634196116526262,True,0.012290277355165,0.47070876
2022-09-05 02:00:00+00:00,2,Asia   (00-08),MIDLOW_VOL,Q2,0.5587716817961652,True,0.0115866650059361,0.47070876
2022-09-06 00:00:00+00:00,0,Asia   (00-08),MIDLOW_VOL,Q4_alto,2.631090978397336,True,0.0114017381511667,0.47070876
2022-09-06 03:00:00+00:00,3,Asia   (00-08),MIDHIGH_VOL,Q2,0.6673227114143044,True,0.0146982936760713,0.47070876
2022-09-07 00:00:00+00:00,0,Asia   (00-08),HIGH_VOL,Q3,1.0029326383227948,True,0.0242602449326567,0.42135316
2022-09-07 07:00:00+00:00,7,Asia   (00-08),MIDHIGH_VOL,Q1_bajo,0.4241521558241092,False,-0.0085942245924258,0.40525505
2022-09-08 00:00:00+00:00,0,Asia   (00-08),MIDHIGH_VOL,Q3,0.9054741935158448,True,0.016226514630439,0.49056244
2022-09-08 01:00:00+00:00,1,Asia   (00-08),MIDHIGH_VOL,Q3,0.778705915046396,True,0.0169574194394439,0.47070876
2022-09-08 15:00:00+00:00,15,Europa (08-16),MIDHIGH_VOL,Q3,0.9335634861240135,True,0.015116857089398101,0.47070876
2022-09-08 16:00:00+00:00,16,USA    (16-24),MIDHIGH_VOL,Q4_alto,1.501914837899173,False,-0.0080447958263221,0.47070876
2022-09-09 00:00:00+00:00,0,Asia   (00-08),MIDHIGH_VOL,Q1_bajo,0.43075077339636747,False,-0.0074282965769757,0.47070876
2022-09-09 01:00:00+00:00,1,Asia   (00-08),MIDLOW_VOL,Q1_bajo,0.2974031053819383,False,-0.007238366290888899,0.47070876
2022-09-10 02:00:00+00:00,2,Asia   (00-08),HIGH_VOL,Q1_bajo,0.3062755688561495,True,0.0174632622872626,0.48499078
2022-09-10 03:00:00+00:00,3,Asia   (00-08),MIDHIGH_VOL,Q1_bajo,0.2987545024112226,True,0.0169334549833458,0.48499078
2022-09-11 00:00:00+00:00,0,Asia   (00-08),HIGH_VOL,Q3,0.7393911021583244,True,0.0170381544844637,0.47070876
2022-09-11 01:00:00+00:00,1,Asia   (00-08),HIGH_VOL,Q3,0.7402969098645295,True,0.017284189335134,0.47070876
2022-09-12 00:00:00+00:00,0,Asia   (00-08),MIDHIGH_VOL,Q4_alto,1.3691940428261962,False,-0.0080890004226542,0.47070876
2022-09-12 01:00:00+00:00,1,Asia   (00-08),HIGH_VOL,Q4_alto,4.441862860982017,True,0.0203836712467302,0.46746
2022-09-13 00:00:00+00:00,0,Asia   (00-08),MIDHIGH_VOL,Q4_alto,1.2198832013805214,False,-0.0086479001473907,0.47070876
2022-09-13 01:00:00+00:00,1,Asia   (00-08),MIDHIGH_VOL,Q1_bajo,0.41793938671452374,True,0.0159901799410199,0.47070876
2022-09-14 02:00:00+00:00,2,Asia   (00-08),HIGH_VOL,Q3,0.6949919880243828,True,0.0260109509361148,0.42919344
2022-09-14 03:00:00+00:00,3,Asia   (00-08),HIGH_VOL,Q1_bajo,0.3910966662542242,True,0.0248274107476911,0.42919344
2022-09-15 00:00:00+00:00,0,Asia   (00-08),MIDHIGH_VOL,Q2,0.6322854657433045,True,0.0218629503900899,0.41468552
2022-09-15 01:00:00+00:00,1,Asia   (00-08),MIDHIGH_VOL,Q3,0.949672065118332,True,0.021366485672387102,0.4322529
2022-09-16 00:00:00+00:00,0,Asia   (00-08),MIDHIGH_VOL,Q3,0.8079285789622354,True,0.0193950334426419,0.40525505
2022-09-16 01:00:00+00:00,1,Asia   (00-08),MIDHIGH_VOL,Q1_bajo,0.39263189978924756,True,0.0193411380530794,0.40525505
2022-09-17 00:00:00+00:00,0,Asia   (00-08),MIDHIGH_VOL,Q4_alto,1.432143257145749,True,0.0179625484813766,0.49056244
2022-09-17 01:00:00+00:00,1,Asia   (00-08),MIDHIGH_VOL,Q2,0.6502237022502267,True,0.0179096958427604,0.49056244
2022-09-18 00:00:00+00:00,0,Asia   (00-08),LOW_VOL,Q4_alto,1.362567482586824,True,0.0104837603169834,0.47070876
2022-09-18 01:00:00+00:00,1,Asia   (00-08),LOW_VOL,Q3,0.7411365542876552,True,0.0106241190874043,0.47070876
2022-09-19 00:00:00+00:00,0,Asia   (00-08),MIDLOW_VOL,Q3,0.6978473363475682,True,0.014964621023482599,0.40525505
2022-09-19 01:00:00+00:00,1,Asia   (00-08),MIDLOW_VOL,Q1_bajo,0.4371342390862077,True,0.015221611499243701,0.40525505
2022-09-20 00:00:00+00:00,0,Asia   (00-08),HIGH_VOL,Q2,0.6657103565532567,True,0.025884417947518102,0.46746
2022-09-20 01:00:00+00:00,1,Asia   (00-08),HIGH_VOL,Q1_bajo,0.4329099189328544,True,0.0257191683334654,0.46746
2022-09-21 01:00:00+00:00,1,Asia   (00-08),HIGH_VOL,Q1_bajo,0.2931371736779548,False,-0.0106614595345543,0.41677123
2022-09-21 02:00:00+00:00,2,Asia   (00-08),HIGH_VOL,Q2,0.4515174137779093,True,0.0223108303927568,0.45674953
2022-09-22 00:00:00+00:00,0,Asia   (00-08),HIGH_VOL,Q2,0.555718398523802,False,-0.0198429834619196,0.42135316
2022-09-22 15:00:00+00:00,15,Europa (08-16),MIDHIGH_VOL,Q3,1.0395324155807428,True,0.0218688444121555,0.4610217
2022-09-22 16:00:00+00:00,16,USA    (16-24),MIDHIGH_VOL,Q4_alto,1.0938909728778454,False,-0.0104538626574002,0.4610217
2022-09-23 01:00:00+00:00,1,Asia   (00-08),MIDHIGH_VOL,Q2,0.4756966716500804,True,0.0209347311557214,0.47070876
2022-09-23 02:00:00+00:00,2,Asia   (00-08),MIDHIGH_VOL,Q1_bajo,0.3161465932874296,True,0.0206515281255092,0.47070876
2022-09-24 00:00:00+00:00,0,Asia   (00-08),HIGH_VOL,Q3,0.8015680638816786,True,0.0228019825615202,0.46746
2022-09-24 01:00:00+00:00,1,Asia   (00-08),HIGH_VOL,Q1_bajo,0.4136374999919609,True,0.0227753548422786,0.46746
2022-09-25 00:00:00+00:00,0,Asia   (00-08),LOW_VOL,Q3,0.7468698264487027,False,-0.006110726063527,0.47070876
2022-09-25 01:00:00+00:00,1,Asia   (00-08),LOW_VOL,Q2,0.48847873935036507,True,0.010945267216966901,0.47070876
2022-09-26 00:00:00+00:00,0,Asia   (00-08),MIDLOW_VOL,Q4_alto,1.5348614876521594,False,-0.0078867940385221,0.4618718
2022-09-26 01:00:00+00:00,1,Asia   (00-08),MIDLOW_VOL,Q4_alto,1.290205914828881,True,0.0158360910781752,0.47979954
2022-09-27 00:00:00+00:00,0,Asia   (00-08),MIDLOW_VOL,Q3,1.020472230151213,False,-0.0083257166499202,0.47070876
2022-09-27 01:00:00+00:00,1,Asia   (00-08),MIDLOW_VOL,Q4_alto,2.403333030996917,False,-0.0088656286670103,0.48499078
2022-09-28 00:00:00+00:00,0,Asia   (00-08),HIGH_VOL,Q2,0.5864367967729668,True,0.0267908922564718,0.42135316
2022-09-28 02:00:00+00:00,2,Asia   (00-08),HIGH_VOL,Q4_alto,1.9420883527345003,False,-0.013955721173981599,0.42135316
2022-09-29 00:00:00+00:00,0,Asia   (00-08),MIDHIGH_VOL,Q2,0.5170696359270646,True,0.0224570840379384,0.46746
2022-09-29 01:00:00+00:00,1,Asia   (00-08),MIDHIGH_VOL,Q1_bajo,0.40286498535080867,True,0.022410751724992302,0.46746
2022-09-30 00:00:00+00:00,0,Asia   (00-08),HIGH_VOL,Q3,1.0066504049804783,True,0.0259530624777032,0.46746
2022-09-30 01:00:00+00:00,1,Asia   (00-08),HIGH_VOL,Q1_bajo,0.37081397805082245,True,0.0255602115381938,0.46746
2022-10-01 00:00:00+00:00,0,Asia   (00-08),HIGH_VOL,Q1_bajo,0.37907363104961705,True,0.0263024180176012,0.46746
2022-10-01 01:00:00+00:00,1,Asia   (00-08),HIGH_VOL,Q1_bajo,0.1839214755507848,True,0.0258140199157568,0.46746
2022-10-02 00:00:00+00:00,0,Asia   (00-08),LOW_VOL,Q3,0.7780069325023043,True,0.0082828858042882,0.49056244
2022-10-02 01:00:00+00:00,1,Asia   (00-08),LOW_VOL,Q2,0.5104768161237087,True,0.0071808063102541,0.49056244
2022-10-03 01:00:00+00:00,1,Asia   (00-08),MIDLOW_VOL,Q4_alto,1.1996964239501333,True,0.0114156058725589,0.49056244
2022-10-03 02:00:00+00:00,2,Asia   (00-08),MIDLOW_VOL,Q3,0.8944464543329633,False,-0.0062611963248598995,0.49056244
2022-10-04 00:00:00+00:00,0,Asia   (00-08),MIDLOW_VOL,Q3,0.8494956646813998,False,-0.0074823216742143,0.47070876
2022-10-04 01:00:00+00:00,1,Asia   (00-08),MIDLOW_VOL,Q1_bajo,0.3649195348563828,False,-0.0075035574176541995,0.47070876
2022-10-05 00:00:00+00:00,0,Asia   (00-08),MIDLOW_VOL,Q3,0.6934878629463579,True,0.0156846291334709,0.47070876
2022-10-05 01:00:00+00:00,1,Asia   (00-08),MIDLOW_VOL,Q1_bajo,0.3738863014220093,True,0.0156418597088991,0.47070876
2022-10-06 00:00:00+00:00,0,Asia   (00-08),MIDHIGH_VOL,Q4_alto,1.2988045770591423,True,0.0179648893980787,0.47070876
2022-10-06 01:00:00+00:00,1,Asia   (00-08),MIDHIGH_VOL,Q3,0.8891990802202263,True,0.0179473286410896,0.47070876
2022-10-06 15:00:00+00:00,15,Europa (08-16),MIDLOW_VOL,Q4_alto,1.1430100085790704,True,0.0131418447941453,0.452825
2022-10-06 16:00:00+00:00,16,USA    (16-24),MIDLOW_VOL,Q3,1.005404539931251,True,0.0131760950109554,0.47070876
2022-10-07 00:00:00+00:00,0,Asia   (00-08),MIDHIGH_VOL,Q2,0.47714940431028363,True,0.0139050986857391,0.47979954
2022-10-07 01:00:00+00:00,1,Asia   (00-08),MIDLOW_VOL,Q1_bajo,0.2553103729869001,True,0.0133917157310189,0.47979954
2022-10-08 00:00:00+00:00,0,Asia   (00-08),MIDHIGH_VOL,Q1_bajo,0.38388560121491866,True,0.014970122632620701,0.40525505
2022-10-08 01:00:00+00:00,1,Asia   (00-08),MIDHIGH_VOL,Q1_bajo,0.19371886827306353,True,0.0149275145216199,0.40525505
2022-10-09 00:00:00+00:00,0,Asia   (00-08),LOW_VOL,Q3,0.9186705360948596,True,0.006860796043216901,0.4618718
2022-10-09 01:00:00+00:00,1,Asia   (00-08),LOW_VOL,Q3,0.7308647075901992,True,0.0068750241411033,0.4618718
2022-10-10 00:00:00+00:00,0,Asia   (00-08),MIDLOW_VOL,Q4_alto,1.4752368756962113,True,0.007271376294370401,0.47070876
2022-10-10 01:00:00+00:00,1,Asia   (00-08),LOW_VOL,Q3,0.882693252879317,True,0.006986550750384901,0.47070876
2022-10-11 02:00:00+00:00,2,Asia   (00-08),MIDHIGH_VOL,Q2,0.6591118628316253,True,0.013016357058503701,0.42727622
2022-10-11 03:00:00+00:00,3,Asia   (00-08),MIDHIGH_VOL,Q1_bajo,0.4121895571070472,True,0.012417411438805601,0.40525505
2022-10-12 00:00:00+00:00,0,Asia   (00-08),MIDLOW_VOL,Q3,0.8229041812812363,True,0.0112157858490283,0.49056244
2022-10-12 01:00:00+00:00,1,Asia   (00-08),MIDLOW_VOL,Q1_bajo,0.39976194349872324,True,0.0110429060934919,0.49056244
2022-10-13 00:00:00+00:00,0,Asia   (00-08),MIDLOW_VOL,Q2,0.5119082393751871,True,0.00741926778391,0.47070876
2022-10-13 01:00:00+00:00,1,Asia   (00-08),MIDLOW_VOL,Q2,0.6069656692830421,True,0.007493727113898001,0.47070876
2022-10-14 00:00:00+00:00,0,Asia   (00-08),HIGH_VOL,Q1_bajo,0.3643181436918206,False,-0.01223101081759,0.46746
2022-10-14 01:00:00+00:00,1,Asia   (00-08),HIGH_VOL,Q4_alto,1.6417339741366777,True,0.0285641233161173,0.48173314
2022-10-15 00:00:00+00:00,0,Asia   (00-08),HIGH_VOL,Q1_bajo,0.2806020871892792,True,0.015499183203453202,0.44217145
2022-10-15 01:00:00+00:00,1,Asia   (00-08),HIGH_VOL,Q1_bajo,0.19976815933045244,True,0.014588375247834701,0.4618718
2022-10-16 00:00:00+00:00,0,Asia   (00-08),LOW_VOL,Q3,0.8802869714533179,True,0.0049755637348794,0.49056244
2022-10-16 01:00:00+00:00,1,Asia   (00-08),LOW_VOL,Q3,0.7804981222672825,True,0.0052124339550659,0.49056244
2022-10-17 00:00:00+00:00,0,Asia   (00-08),MIDHIGH_VOL,Q3,1.055675046280925,False,-0.0053727367325700996,0.47070876
2022-10-17 01:00:00+00:00,1,Asia   (00-08),MIDHIGH_VOL,Q3,0.8749672109146176,False,-0.0054817863832216,0.47070876
2022-10-18 00:00:00+00:00,0,Asia   (00-08),MIDHIGH_VOL,Q2,0.6053310109269727,True,0.0109343132385663,0.47070876
2022-10-18 02:00:00+00:00,2,Asia   (00-08),MIDHIGH_VOL,Q2,0.46839910731124873,False,-0.0055561490574848995,0.47070876
2022-10-19 00:00:00+00:00,0,Asia   (00-08),HIGH_VOL,Q2,0.5218301753509325,True,0.0128649578289037,0.4618718
2022-10-19 01:00:00+00:00,1,Asia   (00-08),HIGH_VOL,Q1_bajo,0.3662868256215035,True,0.0130692125256498,0.47979954
2022-10-20 00:00:00+00:00,0,Asia   (00-08),MIDHIGH_VOL,Q4_alto,2.03771213606251,False,-0.006100869193137399,0.4618718
2022-10-20 02:00:00+00:00,2,Asia   (00-08),MIDHIGH_VOL,Q2,0.608785461644498,False,-0.0061128605318641,0.4618718
2022-10-20 15:00:00+00:00,15,Europa (08-16),MIDLOW_VOL,Q3,0.92449476602096,True,0.0085980775012415,0.47070876
2022-10-20 16:00:00+00:00,16,USA    (16-24),MIDLOW_VOL,Q4_alto,1.7503043641056268,True,0.0089487328426733,0.47070876
2022-10-21 00:00:00+00:00,0,Asia   (00-08),MIDHIGH_VOL,Q2,0.5959394760831457,True,0.010232563109068801,0.4725979
2022-10-21 01:00:00+00:00,1,Asia   (00-08),MIDHIGH_VOL,Q1_bajo,0.36626091594918986,True,0.0103115970513759,0.49056244
2022-10-22 05:00:00+00:00,5,Asia   (00-08),LOW_VOL,Q1_bajo,0.16134413731070327,False,-0.0036232993935031,0.47070876
2022-10-22 06:00:00+00:00,6,Asia   (00-08),LOW_VOL,Q1_bajo,0.1713305786521503,False,-0.0033117239948072,0.47070876
2022-10-23 00:00:00+00:00,0,Asia   (00-08),LOW_VOL,Q3,0.6730006223753972,True,0.0033813223812451006,0.47070876
2022-10-23 01:00:00+00:00,1,Asia   (00-08),LOW_VOL,Q3,0.6803440952176038,True,0.0034634151430582,0.47070876
2022-10-24 00:00:00+00:00,0,Asia   (00-08),MIDHIGH_VOL,Q4_alto,1.197903864051619,True,0.009433156821856201,0.48499078
2022-10-24 02:00:00+00:00,2,Asia   (00-08),MIDHIGH_VOL,Q3,0.6729075198958661,True,0.0101711818167095,0.47070876
2022-10-25 00:00:00+00:00,0,Asia   (00-08),MIDLOW_VOL,Q2,0.6486642359513453,True,0.007883581831060001,0.47070876
2022-10-25 01:00:00+00:00,1,Asia   (00-08),MIDLOW_VOL,Q3,0.6836518385673531,False,-0.0047884814869401,0.47070876
2022-10-26 00:00:00+00:00,0,Asia   (00-08),HIGH_VOL,Q2,0.4926759828789821,False,-0.0090132907310199,0.48499078
2022-10-26 01:00:00+00:00,1,Asia   (00-08),HIGH_VOL,Q3,0.7432235091820134,False,-0.0094383587717494,0.48499078
2022-10-27 00:00:00+00:00,0,Asia   (00-08),HIGH_VOL,Q1_bajo,0.3375038304374343,True,0.0183569048353683,0.47070876
2022-10-27 01:00:00+00:00,1,Asia   (00-08),HIGH_VOL,Q1_bajo,0.2643127222174012,True,0.0178344241640156,0.47070876
2022-10-28 00:00:00+00:00,0,Asia   (00-08),HIGH_VOL,Q3,0.8962437224708941,True,0.0156974147941869,0.4618718
2022-10-28 01:00:00+00:00,1,Asia   (00-08),HIGH_VOL,Q2,0.5129487208717722,True,0.015710232434816,0.4618718
2022-10-29 00:00:00+00:00,0,Asia   (00-08),MIDHIGH_VOL,Q1_bajo,0.35163956856262246,False,-0.0072925103537747,0.47070876
2022-10-29 01:00:00+00:00,1,Asia   (00-08),MIDHIGH_VOL,Q1_bajo,0.19977909018330417,False,-0.0071143785551467,0.47070876
2022-10-30 01:00:00+00:00,1,Asia   (00-08),MIDLOW_VOL,Q1_bajo,0.25556462220652665,True,0.009841606191884001,0.47070876
2022-10-30 03:00:00+00:00,3,Asia   (00-08),MIDLOW_VOL,Q1_bajo,0.24976551830069252,True,0.0092441031024138,0.47070876
2022-10-31 00:00:00+00:00,0,Asia   (00-08),MIDLOW_VOL,Q3,1.0538083543443209,True,0.0094408144181852,0.4725979
2022-10-31 01:00:00+00:00,1,Asia   (00-08),MIDLOW_VOL,Q4_alto,1.1582341767733646,True,0.0093478326275907,0.4725979
2022-11-01 01:00:00+00:00,1,Asia   (00-08),MIDHIGH_VOL,Q2,0.5192380144457719,True,0.0121192580514792,0.49056244
2022-11-01 02:00:00+00:00,2,Asia   (00-08),MIDHIGH_VOL,Q2,0.4714870666412393,True,0.0120333912362208,0.49056244
2022-11-02 00:00:00+00:00,0,Asia   (00-08),LOW_VOL,Q4_alto,1.1641022127995015,True,0.0081080020814481,0.47070876
2022-11-02 02:00:00+00:00,2,Asia   (00-08),LOW_VOL,Q2,0.5526069131633603,True,0.0072389332096022,0.47070876
2022-11-03 00:00:00+00:00,0,Asia   (00-08),HIGH_VOL,Q1_bajo,0.3934347525245751,True,0.0158265965839263,0.4618718
2022-11-03 01:00:00+00:00,1,Asia   (00-08),HIGH_VOL,Q3,0.6727518672938098,True,0.0164087444680104,0.47979954
2022-11-03 15:00:00+00:00,15,Europa (08-16),MIDLOW_VOL,Q3,0.93959101074102,True,0.0095257546563905,0.49056244
2022-11-03 16:00:00+00:00,16,USA    (16-24),MIDLOW_VOL,Q2,0.5767729631627293,True,0.0095503408335493,0.49056244
2022-11-04 00:00:00+00:00,0,Asia   (00-08),MIDLOW_VOL,Q3,0.9157540809256373,False,-0.0055195350925226995,0.49056244
2022-11-04 01:00:00+00:00,1,Asia   (00-08),LOW_VOL,Q2,0.47172876560105564,False,-0.0050760885999341,0.49056244
2022-11-05 00:00:00+00:00,0,Asia   (00-08),HIGH_VOL,Q4_alto,1.1400608759561566,True,0.0212808398145154,0.49442697
2022-11-05 03:00:00+00:00,3,Asia   (00-08),HIGH_VOL,Q2,0.47209380172842397,True,0.0185973416502561,0.48499078
2022-11-06 00:00:00+00:00,0,Asia   (00-08),LOW_VOL,Q3,0.8303744794599692,True,0.006065274334480101,0.47070876
2022-11-06 02:00:00+00:00,2,Asia   (00-08),LOW_VOL,Q3,1.0169309008027578,True,0.0062181090954604,0.47070876
2022-11-07 00:00:00+00:00,0,Asia   (00-08),MIDLOW_VOL,Q4_alto,2.0652091805903803,True,0.0077579709669302,0.44217145
2022-11-07 01:00:00+00:00,1,Asia   (00-08),MIDLOW_VOL,Q4_alto,2.3534152844604,True,0.0082801381504401,0.4618718
2022-11-08 00:00:00+00:00,0,Asia   (00-08),HIGH_VOL,Q3,0.7799671628419044,True,0.011635643293961601,0.40525505
2022-11-08 01:00:00+00:00,1,Asia   (00-08),HIGH_VOL,Q2,0.6104596337876486,True,0.0121210372754855,0.42271143
2022-11-09 00:00:00+00:00,0,Asia   (00-08),HIGH_VOL,Q1_bajo,0.38326212145032623,True,0.0666810012412597,0.48831505
2022-11-09 01:00:00+00:00,1,Asia   (00-08),HIGH_VOL,Q1_bajo,0.37646493054856883,True,0.0670848201949055,0.47345716
2022-11-10 01:00:00+00:00,1,Asia   (00-08),HIGH_VOL,Q2,0.5001443321788378,False,-0.0290631222391345,0.46829325
2022-11-10 02:00:00+00:00,2,Asia   (00-08),HIGH_VOL,Q1_bajo,0.30328653265170097,False,-0.0275533778872414,0.47199944
2022-11-11 00:00:00+00:00,0,Asia   (00-08),HIGH_VOL,Q2,0.4608777780401495,True,0.0554658306352318,0.4837861
2022-11-11 02:00:00+00:00,2,Asia   (00-08),HIGH_VOL,Q3,0.7173604320192983,True,0.0567439345512612,0.4837861
2022-11-12 00:00:00+00:00,0,Asia   (00-08),MIDHIGH_VOL,Q2,0.5012497841062659,True,0.0363466384391204,0.4343614
2022-11-12 01:00:00+00:00,1,Asia   (00-08),MIDHIGH_VOL,Q1_bajo,0.29161076521202106,True,0.0359564282583791,0.4343614
2022-11-13 00:00:00+00:00,0,Asia   (00-08),LOW_VOL,Q3,0.6948086644401261,True,0.010210851765856,0.49056244
2022-11-13 01:00:00+00:00,1,Asia   (00-08),LOW_VOL,Q2,0.48536292276890874,True,0.0099102360671119,0.49056244
2022-11-14 00:00:00+00:00,0,Asia   (00-08),MIDLOW_VOL,Q4_alto,1.838403452662082,True,0.0174494752939935,0.40525505
2022-11-14 01:00:00+00:00,1,Asia   (00-08),MIDLOW_VOL,Q4_alto,1.8843524350600291,True,0.019076686829347902,0.40525505
2022-11-15 03:00:00+00:00,3,Asia   (00-08),MIDLOW_VOL,Q2,0.6206154801637941,True,0.0252793271551635,0.46746
2022-11-15 05:00:00+00:00,5,Asia   (00-08),MIDLOW_VOL,Q2,0.569344612214204,False,-0.010652986494997999,0.47070876
2022-11-16 00:00:00+00:00,0,Asia   (00-08),MIDLOW_VOL,Q2,0.5485294431123232,True,0.021770252854145602,0.47070876
2022-11-16 01:00:00+00:00,1,Asia   (00-08),MIDLOW_VOL,Q1_bajo,0.33383046869338356,True,0.0200834148426,0.47070876
2022-11-17 00:00:00+00:00,0,Asia   (00-08),MIDLOW_VOL,Q2,0.5694635775955691,True,0.0167879851864657,0.49056244
2022-11-17 01:00:00+00:00,1,Asia   (00-08),LOW_VOL,Q1_bajo,0.4157333920053441,True,0.0162069411976262,0.49056244
2022-11-17 15:00:00+00:00,15,Europa (08-16),LOW_VOL,Q4_alto,3.2684790907353833,False,-0.0063410868580556,0.49056244
2022-11-17 16:00:00+00:00,16,USA    (16-24),LOW_VOL,Q4_alto,1.5757639212234407,False,-0.0064279211571672,0.49056244
2022-11-18 00:00:00+00:00,0,Asia   (00-08),LOW_VOL,Q4_alto,2.5807142840460386,True,0.0128052053551398,0.47070876
2022-11-18 01:00:00+00:00,1,Asia   (00-08),LOW_VOL,Q4_alto,1.0982423307912457,True,0.0132471787719898,0.47070876
2022-11-19 00:00:00+00:00,0,Asia   (00-08),LOW_VOL,Q1_bajo,0.3840078729208042,True,0.0086122625408451,0.47070876
2022-11-19 01:00:00+00:00,1,Asia   (00-08),LOW_VOL,Q1_bajo,0.32153093704792735,True,0.0082070609988174,0.47070876
2022-11-20 00:00:00+00:00,0,Asia   (00-08),LOW_VOL,Q3,0.9452336372674465,True,0.0043265240676448,0.47070876
2022-11-20 01:00:00+00:00,1,Asia   (00-08),LOW_VOL,Q4_alto,1.2502086664821028,True,0.004671170096013801,0.47070876
2022-11-21 00:00:00+00:00,0,Asia   (00-08),MIDHIGH_VOL,Q4_alto,2.0628834274153407,True,0.0133286193067763,0.4618718
2022-11-21 01:00:00+00:00,1,Asia   (00-08),MIDHIGH_VOL,Q3,0.7131461493077834,True,0.0127151777173783,0.43943572
2022-11-22 00:00:00+00:00,0,Asia   (00-08),HIGH_VOL,Q3,1.0698339901135137,True,0.0224364242341807,0.40525505
2022-11-22 01:00:00+00:00,1,Asia   (00-08),HIGH_VOL,Q1_bajo,0.4387140105568439,True,0.0225644879239059,0.40525505
2022-11-23 00:00:00+00:00,0,Asia   (00-08),MIDHIGH_VOL,Q2,0.6526423872415236,False,-0.0086444764365998,0.47070876
2022-11-23 01:00:00+00:00,1,Asia   (00-08),MIDHIGH_VOL,Q1_bajo,0.4456447469211972,False,-0.0084722723692765,0.47070876
2022-11-24 01:00:00+00:00,1,Asia   (00-08),HIGH_VOL,Q4_alto,1.5906706920468205,True,0.0178291262135922,0.47070876
2022-11-24 02:00:00+00:00,2,Asia   (00-08),HIGH_VOL,Q3,0.9673942374660219,True,0.0179778288303639,0.47070876
2022-11-25 00:00:00+00:00,0,Asia   (00-08),LOW_VOL,Q3,1.0921746293951726,True,0.0086256768232675,0.47070876
2022-11-25 01:00:00+00:00,1,Asia   (00-08),LOW_VOL,Q1_bajo,0.4433568729167245,True,0.0085161607932067,0.47070876
2022-11-26 01:00:00+00:00,1,Asia   (00-08),LOW_VOL,Q4_alto,2.0544204566868505,True,0.0081823044135844,0.47070876
2022-11-26 02:00:00+00:00,2,Asia   (00-08),LOW_VOL,Q3,0.6932499879702095,True,0.0078435933692349,0.47070876
2022-11-27 00:00:00+00:00,0,Asia   (00-08),LOW_VOL,Q3,0.7344743986579756,False,-0.004368526548346,0.452825
2022-11-27 04:00:00+00:00,4,Asia   (00-08),LOW_VOL,Q4_alto,1.1257572355005843,True,0.0064301034891566,0.47070876
2022-11-28 01:00:00+00:00,1,Asia   (00-08),MIDLOW_VOL,Q4_alto,7.082868517343374,True,0.0080841073188267,0.452825
2022-11-28 02:00:00+00:00,2,Asia   (00-08),MIDLOW_VOL,Q4_alto,2.7319521509268228,False,-0.0052718271876670995,0.44217145
2022-11-29 00:00:00+00:00,0,Asia   (00-08),MIDHIGH_VOL,Q4_alto,1.2229065814999516,False,-0.006833250312982799,0.4725979
2022-11-29 01:00:00+00:00,1,Asia   (00-08),MIDHIGH_VOL,Q3,0.7847671855793414,False,-0.0071662111709467,0.49056244
2022-11-30 00:00:00+00:00,0,Asia   (00-08),MIDHIGH_VOL,Q4_alto,4.255793479905008,False,-0.006337271602822599,0.48499078
2022-11-30 01:00:00+00:00,1,Asia   (00-08),MIDHIGH_VOL,Q4_alto,2.0177501761196495,True,0.0121816666003523,0.48499078
2022-12-01 00:00:00+00:00,0,Asia   (00-08),HIGH_VOL,Q4_alto,1.1410598350337213,True,0.0133691183659668,0.48499078
2022-12-01 01:00:00+00:00,1,Asia   (00-08),HIGH_VOL,Q2,0.57514862539862,True,0.0136235610448973,0.47070876
2022-12-01 15:00:00+00:00,15,Europa (08-16),MIDHIGH_VOL,Q4_alto,2.5347983326295602,True,0.0101549983795409,0.47070876
2022-12-01 16:00:00+00:00,16,USA    (16-24),MIDHIGH_VOL,Q3,0.8370824688252043,True,0.0103829888369713,0.47070876
2022-12-02 00:00:00+00:00,0,Asia   (00-08),MIDHIGH_VOL,Q3,0.7241024000853457,True,0.0112926487922206,0.47070876
2022-12-02 03:00:00+00:00,3,Asia   (00-08),MIDHIGH_VOL,Q1_bajo,0.30255376283099894,False,-0.0055085712256240996,0.452825
2022-12-03 00:00:00+00:00,0,Asia   (00-08),MIDHIGH_VOL,Q4_alto,1.3846889061775676,True,0.009620834213553,0.47070876
2022-12-03 01:00:00+00:00,1,Asia   (00-08),MIDHIGH_VOL,Q1_bajo,0.4250912356298948,True,0.0091218007698808,0.47070876
2022-12-04 00:00:00+00:00,0,Asia   (00-08),LOW_VOL,Q4_alto,1.3811384338637742,False,-0.0034910573877493002,0.47070876
2022-12-04 04:00:00+00:00,4,Asia   (00-08),LOW_VOL,Q3,0.9607543688568612,True,0.005170850564435001,0.47070876
2022-12-05 00:00:00+00:00,0,Asia   (00-08),MIDHIGH_VOL,Q4_alto,2.439204577779537,False,-0.0051455133900029995,0.48499078
2022-12-05 02:00:00+00:00,2,Asia   (00-08),MIDHIGH_VOL,Q4_alto,1.3724463460220688,False,-0.005350358489783999,0.48499078
2022-12-06 00:00:00+00:00,0,Asia   (00-08),MIDHIGH_VOL,Q3,0.6919895159168152,True,0.0091920499811312,0.49056244
2022-12-06 01:00:00+00:00,1,Asia   (00-08),MIDHIGH_VOL,Q3,1.0127405627115103,True,0.0095841096773326,0.49056244
2022-12-07 00:00:00+00:00,0,Asia   (00-08),MIDLOW_VOL,Q4_alto,1.3525595899996774,True,0.006624415493046201,0.47070876
2022-12-07 01:00:00+00:00,1,Asia   (00-08),MIDLOW_VOL,Q3,0.8437968917365626,True,0.006380147544104301,0.47070876
2022-12-08 00:00:00+00:00,0,Asia   (00-08),LOW_VOL,Q3,0.7512187159951028,True,0.0053356254494943,0.4725979
2022-12-08 01:00:00+00:00,1,Asia   (00-08),LOW_VOL,Q3,0.7355246703138899,True,0.0054022663279321,0.49056244
2022-12-09 01:00:00+00:00,1,Asia   (00-08),HIGH_VOL,Q3,0.8946514144116284,True,0.009694154954572501,0.48499078
2022-12-09 02:00:00+00:00,2,Asia   (00-08),HIGH_VOL,Q1_bajo,0.38002333624757606,True,0.0096425742894835,0.48499078
2022-12-10 03:00:00+00:00,3,Asia   (00-08),LOW_VOL,Q1_bajo,0.32418256534987067,True,0.0038800133355560004,0.47070876
2022-12-10 04:00:00+00:00,4,Asia   (00-08),LOW_VOL,Q1_bajo,0.2819583001635307,True,0.0032741293822552003,0.47070876
2022-12-11 20:00:00+00:00,20,USA    (16-24),LOW_VOL,Q4_alto,3.210633580136417,True,0.0034407532177309005,0.452825
2022-12-11 22:00:00+00:00,22,USA    (16-24),LOW_VOL,Q4_alto,1.115596108459023,True,0.0036753537619543,0.452825
2022-12-12 00:00:00+00:00,0,Asia   (00-08),MIDLOW_VOL,Q4_alto,4.227202482989989,True,0.0052474788056102,0.452825
2022-12-12 01:00:00+00:00,1,Asia   (00-08),MIDLOW_VOL,Q4_alto,1.2961471568068055,True,0.0054547127994894005,0.452825
2022-12-13 00:00:00+00:00,0,Asia   (00-08),MIDLOW_VOL,Q4_alto,1.2261377062985241,True,0.0056210880585141005,0.47070876
2022-12-13 01:00:00+00:00,1,Asia   (00-08),MIDLOW_VOL,Q2,0.5168001010351929,True,0.005729600197417,0.47070876
2022-12-14 02:00:00+00:00,2,Asia   (00-08),HIGH_VOL,Q1_bajo,0.20810358571237023,False,-0.007510565428524799,0.47070876
2022-12-14 03:00:00+00:00,3,Asia   (00-08),HIGH_VOL,Q1_bajo,0.2673091892731065,False,-0.0054182961001568,0.47070876
2022-12-15 00:00:00+00:00,0,Asia   (00-08),HIGH_VOL,Q1_bajo,0.37352540906559,True,0.019994032487718902,0.47070876
2022-12-15 01:00:00+00:00,1,Asia   (00-08),HIGH_VOL,Q3,0.876398570474053,True,0.021480868440754,0.452825
2022-12-15 15:00:00+00:00,15,Europa (08-16),HIGH_VOL,Q4_alto,1.5424846251208166,True,0.0092371638462547,0.4618718
2022-12-15 16:00:00+00:00,16,USA    (16-24),HIGH_VOL,Q4_alto,1.4789326041473123,True,0.0088064152111967,0.4618718
2022-12-16 00:00:00+00:00,0,Asia   (00-08),HIGH_VOL,Q3,0.7687671369750316,True,0.0106299906337706,0.40525505
2022-12-16 01:00:00+00:00,1,Asia   (00-08),HIGH_VOL,Q1_bajo,0.3765056938305809,True,0.0104711014879462,0.40525505
2022-12-17 00:00:00+00:00,0,Asia   (00-08),HIGH_VOL,Q3,0.7483000040684082,True,0.0138174660496441,0.40525505
2022-12-17 07:00:00+00:00,7,Asia   (00-08),MIDHIGH_VOL,Q1_bajo,0.4222268858426644,True,0.0104962258675724,0.40525505
2022-12-18 00:00:00+00:00,0,Asia   (00-08),MIDLOW_VOL,Q3,0.8660860644437228,True,0.0052008041751572,0.45563745
2022-12-18 01:00:00+00:00,1,Asia   (00-08),MIDLOW_VOL,Q2,0.6142831363401674,True,0.0050562363569671,0.49056244
2022-12-19 00:00:00+00:00,0,Asia   (00-08),MIDLOW_VOL,Q4_alto,1.4136495783290723,True,0.0054176301437441005,0.47070876
2022-12-19 01:00:00+00:00,1,Asia   (00-08),MIDLOW_VOL,Q3,0.8157865278802708,True,0.0056337789281883,0.47070876
2022-12-20 00:00:00+00:00,0,Asia   (00-08),HIGH_VOL,Q3,0.9346949006988676,False,-0.0061500102445139,0.4618718
2022-12-20 01:00:00+00:00,1,Asia   (00-08),HIGH_VOL,Q4_alto,1.58406037064373,False,-0.006522952019468399,0.47979954
2022-12-21 01:00:00+00:00,1,Asia   (00-08),MIDHIGH_VOL,Q1_bajo,0.3828097407811077,True,0.0107154950582301,0.47070876
2022-12-21 02:00:00+00:00,2,Asia   (00-08),MIDHIGH_VOL,Q1_bajo,0.27310369831883813,True,0.0105864310568004,0.47070876
2022-12-22 00:00:00+00:00,0,Asia   (00-08),MIDLOW_VOL,Q3,0.7914428854185765,True,0.007437223065379101,0.47070876
2022-12-22 02:00:00+00:00,2,Asia   (00-08),MIDLOW_VOL,Q1_bajo,0.3843233124428572,True,0.007382063918947501,0.47070876
2022-12-23 01:00:00+00:00,1,Asia   (00-08),MIDHIGH_VOL,Q1_bajo,0.37723584980537983,False,-0.0048775914634146,0.47070876
2022-12-23 02:00:00+00:00,2,Asia   (00-08),MIDHIGH_VOL,Q3,0.749971293738693,True,0.0085884650123012,0.47070876
2022-12-24 03:00:00+00:00,3,Asia   (00-08),LOW_VOL,Q1_bajo,0.32639853052731005,True,0.0038681854249782007,0.47070876
2022-12-24 07:00:00+00:00,7,Asia   (00-08),LOW_VOL,Q2,0.6387499151796064,True,0.0025435709068637,0.47070876
2022-12-25 15:00:00+00:00,15,Europa (08-16),LOW_VOL,Q4_alto,3.8109196616162015,True,0.0020981895280140998,0.452825
2022-12-25 16:00:00+00:00,16,USA    (16-24),LOW_VOL,Q4_alto,1.4595959044499736,True,0.0023089926436961,0.47070876
2022-12-26 00:00:00+00:00,0,Asia   (00-08),MIDLOW_VOL,Q2,0.5800530917937223,False,-0.0032836535611742,0.47070876
2022-12-26 02:00:00+00:00,2,Asia   (00-08),MIDLOW_VOL,Q4_alto,1.5498662481097394,True,0.0047186719969128,0.47070876
2022-12-27 00:00:00+00:00,0,Asia   (00-08),MIDLOW_VOL,Q4_alto,4.081584195182474,True,0.0038719665201074,0.47070876
2022-12-27 01:00:00+00:00,1,Asia   (00-08),MIDLOW_VOL,Q3,0.9781896327898524,True,0.0039813866627803,0.47070876
2022-12-28 00:00:00+00:00,0,Asia   (00-08),MIDHIGH_VOL,Q3,0.6863638488819822,True,0.006682505787270001,0.4725979
2022-12-28 01:00:00+00:00,1,Asia   (00-08),MIDHIGH_VOL,Q3,1.091436358981196,True,0.0070901208465938,0.4725979
2022-12-29 00:00:00+00:00,0,Asia   (00-08),HIGH_VOL,Q3,0.7342252511001328,True,0.0075279227164722,0.49056244
2022-12-29 15:00:00+00:00,15,Europa (08-16),MIDLOW_VOL,Q3,0.9329791330304126,True,0.0043422389303582,0.47070876
2022-12-29 16:00:00+00:00,16,USA    (16-24),MIDLOW_VOL,Q3,0.7848717505152439,True,0.0042169709989258,0.47070876
2022-12-30 00:00:00+00:00,0,Asia   (00-08),MIDLOW_VOL,Q2,0.5828708756412784,True,0.004086708551285401,0.47070876
2022-12-30 01:00:00+00:00,1,Asia   (00-08),MIDLOW_VOL,Q2,0.553542630801336,True,0.0041018400706223,0.47070876
2022-12-31 13:00:00+00:00,13,Europa (08-16),LOW_VOL,Q4_alto,1.5929279450298712,True,0.0017857837445636002,0.47070876
2022-12-31 14:00:00+00:00,14,Europa (08-16),LOW_VOL,Q4_alto,2.5881049706985246,True,0.0020077564999276005,0.47070876
2023-01-01 00:00:00+00:00,0,Asia   (00-08),MIDLOW_VOL,Q3,0.8926607436772402,True,0.0033648246592156003,0.452825
2023-01-01 01:00:00+00:00,1,Asia   (00-08),MIDLOW_VOL,Q2,0.5370246549488149,True,0.0034947505800464003,0.47070876
2023-01-02 00:00:00+00:00,0,Asia   (00-08),LOW_VOL,Q4_alto,1.229602179901499,True,0.0019470279027282002,0.47070876
2023-01-02 01:00:00+00:00,1,Asia   (00-08),LOW_VOL,Q4_alto,1.9029486371126594,False,-0.0025412082436332,0.47070876
2023-01-03 00:00:00+00:00,0,Asia   (00-08),MIDLOW_VOL,Q3,0.9989896541844707,True,0.0038880086831696,0.47070876
2023-01-03 01:00:00+00:00,1,Asia   (00-08),MIDLOW_VOL,Q3,0.7074940298219992,False,-0.0032566698230835,0.47070876
2023-01-04 00:00:00+00:00,0,Asia   (00-08),MIDLOW_VOL,Q2,0.46995625431886323,False,-0.0031686214503573,0.47070876
2023-01-04 01:00:00+00:00,1,Asia   (00-08),MIDHIGH_VOL,Q4_alto,1.491076228699251,False,-0.0033380527702363003,0.47070876
2023-01-05 02:00:00+00:00,2,Asia   (00-08),HIGH_VOL,Q1_bajo,0.18247297319296982,True,0.0071067830380329,0.47070876
2023-01-05 03:00:00+00:00,3,Asia   (00-08),HIGH_VOL,Q1_bajo,0.22398710439289177,True,0.0070474752193522006,0.47070876
2023-01-06 00:00:00+00:00,0,Asia   (00-08),MIDLOW_VOL,Q3,0.87129385551963,True,0.0035073404162430004,0.47070876
2023-01-06 01:00:00+00:00,1,Asia   (00-08),MIDLOW_VOL,Q2,0.5873096005671653,True,0.0036892901950024,0.47070876
2023-01-07 00:00:00+00:00,0,Asia   (00-08),HIGH_VOL,Q1_bajo,0.4326727665452525,True,0.007219058843336901,0.47070876
2023-01-07 07:00:00+00:00,7,Asia   (00-08),MIDHIGH_VOL,Q1_bajo,0.1953992233093793,True,0.0041019684833519,0.47070876
2023-01-08 16:00:00+00:00,16,USA    (16-24),LOW_VOL,Q4_alto,4.405346760240032,False,-0.0024707713311962,0.47070876
2023-01-08 17:00:00+00:00,17,USA    (16-24),LOW_VOL,Q4_alto,1.1207999233292243,False,-0.0025245603444127,0.47070876
2023-01-09 01:00:00+00:00,1,Asia   (00-08),HIGH_VOL,Q4_alto,1.970148444152208,False,-0.0040113739816424,0.48499078
2023-01-09 03:00:00+00:00,3,Asia   (00-08),HIGH_VOL,Q3,0.7780009241670146,False,-0.0043466953465312,0.48499078
2023-01-10 00:00:00+00:00,0,Asia   (00-08),HIGH_VOL,Q2,0.4495835717470719,True,0.007100339483884801,0.47070876
2023-01-10 03:00:00+00:00,3,Asia   (00-08),HIGH_VOL,Q1_bajo,0.23413594401561078,False,-0.0044368958955741,0.47070876
2023-01-11 00:00:00+00:00,0,Asia   (00-08),HIGH_VOL,Q3,0.7928603860344029,True,0.0062175367787562,0.47070876
2023-01-11 01:00:00+00:00,1,Asia   (00-08),HIGH_VOL,Q3,0.7918178395414927,True,0.006525702758969,0.47070876
2023-01-12 00:00:00+00:00,0,Asia   (00-08),HIGH_VOL,Q4_alto,3.498080511012987,True,0.0122253175646079,0.48499078
2023-01-12 01:00:00+00:00,1,Asia   (00-08),HIGH_VOL,Q4_alto,2.051119558369762,True,0.0132362256242612,0.48499078
2023-01-12 15:00:00+00:00,15,Europa (08-16),HIGH_VOL,Q3,1.0619824434449918,False,-0.0076521482268208,0.47070876
2023-01-12 16:00:00+00:00,16,USA    (16-24),HIGH_VOL,Q2,0.47329963438708456,False,-0.0072004050494057,0.47070876
2023-01-13 04:00:00+00:00,4,Asia   (00-08),HIGH_VOL,Q1_bajo,0.15578411692214894,False,-0.0104559844923688,0.4610217
2023-01-13 05:00:00+00:00,5,Asia   (00-08),HIGH_VOL,Q1_bajo,0.22492543261006454,False,-0.0101854512427221,0.47070876
2023-01-14 00:00:00+00:00,0,Asia   (00-08),HIGH_VOL,Q4_alto,4.895419993327776,True,0.030206577529178803,0.4995067
2023-01-14 01:00:00+00:00,1,Asia   (00-08),HIGH_VOL,Q4_alto,1.4366772323298311,True,0.0318489743080562,0.4995067
2023-01-15 00:00:00+00:00,0,Asia   (00-08),HIGH_VOL,Q4_alto,1.4367208930740973,True,0.022609179984720302,0.4848256
2023-01-15 01:00:00+00:00,1,Asia   (00-08),HIGH_VOL,Q2,0.5238651591642314,True,0.0216657478396476,0.4848256
2023-01-16 00:00:00+00:00,0,Asia   (00-08),MIDHIGH_VOL,Q4_alto,1.5151108638296011,False,-0.0071375038299228,0.47070876
2023-01-16 01:00:00+00:00,1,Asia   (00-08),HIGH_VOL,Q4_alto,3.578430344329121,True,0.0156821793076857,0.47070876
2023-01-17 00:00:00+00:00,0,Asia   (00-08),MIDHIGH_VOL,Q4_alto,1.3036811450512495,True,0.016850091999775302,0.47070876
2023-01-17 02:00:00+00:00,2,Asia   (00-08),HIGH_VOL,Q1_bajo,0.3412861508909732,False,-0.0091640980765183,0.47070876
2023-01-18 02:00:00+00:00,2,Asia   (00-08),MIDHIGH_VOL,Q3,0.8530829500736248,True,0.0169609832385442,0.47070876
2023-01-18 03:00:00+00:00,3,Asia   (00-08),MIDHIGH_VOL,Q2,0.6177246134630736,False,-0.0085553539585975,0.47070876
2023-01-19 06:00:00+00:00,6,Asia   (00-08),MIDLOW_VOL,Q1_bajo,0.18617861427558377,True,0.0134509418756579,0.40525505
2023-01-19 07:00:00+00:00,7,Asia   (00-08),LOW_VOL,Q1_bajo,0.16559702011301944,True,0.0110653667052317,0.40525505
2023-01-20 00:00:00+00:00,0,Asia   (00-08),MIDLOW_VOL,Q3,0.759907789621193,True,0.012676127957049,0.47070876
2023-01-20 01:00:00+00:00,1,Asia   (00-08),MIDLOW_VOL,Q2,0.6392339742224021,True,0.0129301781392897,0.47070876
2023-01-21 00:00:00+00:00,0,Asia   (00-08),HIGH_VOL,Q4_alto,1.6901065190285431,False,-0.0102331359710887,0.4995067
2023-01-21 01:00:00+00:00,1,Asia   (00-08),HIGH_VOL,Q1_bajo,0.2856723167146288,False,-0.010283632034248199,0.4995067
2023-01-22 00:00:00+00:00,0,Asia   (00-08),HIGH_VOL,Q3,0.692810831331595,True,0.0212926005020419,0.4848256
2023-01-22 04:00:00+00:00,4,Asia   (00-08),MIDHIGH_VOL,Q1_bajo,0.3296271183808191,True,0.0204376707665433,0.4644644
2023-01-23 02:00:00+00:00,2,Asia   (00-08),MIDHIGH_VOL,Q1_bajo,0.3448857302915502,False,-0.0082505004589581,0.47070876
2023-01-23 03:00:00+00:00,3,Asia   (00-08),MIDHIGH_VOL,Q2,0.5457058049353269,False,-0.0084086817920445,0.47070876
2023-01-24 01:00:00+00:00,1,Asia   (00-08),HIGH_VOL,Q2,0.6243600590725107,True,0.020251125181683,0.46746
2023-01-24 02:00:00+00:00,2,Asia   (00-08),HIGH_VOL,Q2,0.6081317665563876,True,0.019850079282740702,0.46746
2023-01-25 00:00:00+00:00,0,Asia   (00-08),MIDHIGH_VOL,Q4_alto,1.2896093751737665,True,0.0161626946175394,0.452825
2023-01-25 03:00:00+00:00,3,Asia   (00-08),MIDHIGH_VOL,Q2,0.46703390100514725,True,0.0168387034898761,0.4618718
2023-01-26 00:00:00+00:00,0,Asia   (00-08),HIGH_VOL,Q3,0.7817741707436484,True,0.0245899192574116,0.46746
2023-01-26 01:00:00+00:00,1,Asia   (00-08),HIGH_VOL,Q2,0.4907064317177417,True,0.0249593656660716,0.46746
2023-01-26 15:00:00+00:00,15,Europa (08-16),MIDLOW_VOL,Q4_alto,1.202049222706131,True,0.013810791808062,0.47070876
2023-01-26 16:00:00+00:00,16,USA    (16-24),MIDLOW_VOL,Q3,0.9675222828170468,True,0.014061158918905501,0.47070876
2023-01-27 00:00:00+00:00,0,Asia   (00-08),MIDLOW_VOL,Q3,0.8240096506699407,True,0.0139099320642095,0.47070876
2023-01-27 03:00:00+00:00,3,Asia   (00-08),MIDHIGH_VOL,Q1_bajo,0.41959323061495224,False,-0.007691463918250399,0.452825
2023-01-28 00:00:00+00:00,0,Asia   (00-08),MIDHIGH_VOL,Q2,0.6025035001877843,True,0.0139704242460152,0.47070876
2023-01-28 01:00:00+00:00,1,Asia   (00-08),MIDHIGH_VOL,Q1_bajo,0.35650931436656513,True,0.014261512086617101,0.47070876
2023-01-29 00:00:00+00:00,0,Asia   (00-08),LOW_VOL,Q4_alto,2.069679051289297,False,-0.0037844634177858997,0.47070876
2023-01-29 02:00:00+00:00,2,Asia   (00-08),LOW_VOL,Q4_alto,2.407640599983792,False,-0.0050406360729409,0.47070876
2023-01-30 00:00:00+00:00,0,Asia   (00-08),MIDHIGH_VOL,Q3,0.7259383785355971,True,0.0153130099495455,0.47070876
2023-01-30 01:00:00+00:00,1,Asia   (00-08),MIDHIGH_VOL,Q2,0.6399044488804511,True,0.013777406257694101,0.47070876
2023-01-31 04:00:00+00:00,4,Asia   (00-08),MIDHIGH_VOL,Q1_bajo,0.2541993296693509,False,-0.0073910657800739,0.40525505
2023-01-31 05:00:00+00:00,5,Asia   (00-08),MIDHIGH_VOL,Q1_bajo,0.37445084305446186,False,-0.0070941186296876995,0.40525505
2023-02-01 00:00:00+00:00,0,Asia   (00-08),MIDLOW_VOL,Q3,0.9291509206990483,True,0.0127989624436804,0.47070876
2023-02-01 01:00:00+00:00,1,Asia   (00-08),MIDHIGH_VOL,Q2,0.5973233273086657,True,0.0131458387736829,0.47070876
2023-02-02 00:00:00+00:00,0,Asia   (00-08),HIGH_VOL,Q4_alto,2.5060904068844785,True,0.0181563091341089,0.47403356
2023-02-02 01:00:00+00:00,1,Asia   (00-08),HIGH_VOL,Q3,1.0271934032552539,True,0.019245387340781902,0.49442697
2023-02-03 00:00:00+00:00,0,Asia   (00-08),HIGH_VOL,Q3,0.7767749793339468,True,0.0181250484551362,0.4721481
2023-02-03 01:00:00+00:00,1,Asia   (00-08),HIGH_VOL,Q1_bajo,0.3689818154967516,True,0.0180461412499621,0.4721481
2023-02-04 00:00:00+00:00,0,Asia   (00-08),MIDHIGH_VOL,Q2,0.4620335087036763,True,0.0133801738684665,0.49056244
2023-02-04 02:00:00+00:00,2,Asia   (00-08),MIDHIGH_VOL,Q1_bajo,0.24974011509510935,True,0.0129890802294784,0.49056244
2023-02-05 00:00:00+00:00,0,Asia   (00-08),LOW_VOL,Q4_alto,1.9357873205980693,True,0.0067816307776492005,0.452825
2023-02-05 01:00:00+00:00,1,Asia   (00-08),LOW_VOL,Q3,0.7689076278575202,True,0.006901315766901601,0.452825
2023-02-06 00:00:00+00:00,0,Asia   (00-08),MIDHIGH_VOL,Q3,0.8536024603999167,True,0.012376696622249701,0.42271143
2023-02-06 01:00:00+00:00,1,Asia   (00-08),MIDHIGH_VOL,Q2,0.49243155975100134,True,0.0126916178968758,0.40525505
2023-02-07 05:00:00+00:00,5,Asia   (00-08),LOW_VOL,Q2,0.48705735665825156,False,-0.005157464546,0.49056244
2023-02-07 06:00:00+00:00,6,Asia   (00-08),LOW_VOL,Q1_bajo,0.4156901053891345,False,-0.0047290854063354,0.49056244
2023-02-08 00:00:00+00:00,0,Asia   (00-08),HIGH_VOL,Q3,0.7309019683859188,True,0.0144536388140162,0.47070876
2023-02-08 01:00:00+00:00,1,Asia   (00-08),HIGH_VOL,Q3,0.9212907393518543,True,0.015223119146928102,0.47070876
2023-02-09 00:00:00+00:00,0,Asia   (00-08),MIDHIGH_VOL,Q3,0.680203279240516,True,0.0105085110577272,0.49056244
2023-02-09 01:00:00+00:00,1,Asia   (00-08),MIDHIGH_VOL,Q1_bajo,0.3874800183396745,True,0.0106055261446781,0.49056244
2023-02-09 15:00:00+00:00,15,Europa (08-16),MIDHIGH_VOL,Q4_alto,1.6569826204216973,True,0.0124677398111316,0.42727622
2023-02-09 16:00:00+00:00,16,USA    (16-24),MIDHIGH_VOL,Q4_alto,1.865497348536628,True,0.012608317621142501,0.40525505
2023-02-10 00:00:00+00:00,0,Asia   (00-08),HIGH_VOL,Q2,0.5573975980705594,True,0.0179116081249541,0.40525505
2023-02-10 01:00:00+00:00,1,Asia   (00-08),HIGH_VOL,Q1_bajo,0.37098791116488805,True,0.017971482867897702,0.40525505
2023-02-11 07:00:00+00:00,7,Asia   (00-08),MIDLOW_VOL,Q1_bajo,0.3777464222722258,True,0.0074279997865237,0.4449715
2023-02-11 08:00:00+00:00,8,Europa (08-16),LOW_VOL,Q1_bajo,0.32497249377967036,True,0.007163860898423101,0.4449715
2023-02-12 02:00:00+00:00,2,Asia   (00-08),LOW_VOL,Q3,0.7741882645445364,False,-0.0040133545243358,0.47070876
2023-02-12 03:00:00+00:00,3,Asia   (00-08),LOW_VOL,Q2,0.46362308445293465,False,-0.0039476842905763,0.47070876
2023-02-13 00:00:00+00:00,0,Asia   (00-08),MIDHIGH_VOL,Q4_alto,1.5308353202596168,True,0.0103019659239843,0.47070876
2023-02-13 01:00:00+00:00,1,Asia   (00-08),MIDHIGH_VOL,Q4_alto,1.4518185941483432,True,0.0113376121781155,0.452825
2023-02-14 01:00:00+00:00,1,Asia   (00-08),MIDHIGH_VOL,Q1_bajo,0.35657744876945296,True,0.0116315784553255,0.49056244
2023-02-14 02:00:00+00:00,2,Asia   (00-08),MIDHIGH_VOL,Q1_bajo,0.2501700487912829,True,0.0111897101893766,0.49056244
2023-02-15 00:00:00+00:00,0,Asia   (00-08),HIGH_VOL,Q1_bajo,0.40454680509255314,False,-0.008623865688950001,0.47070876
2023-02-15 01:00:00+00:00,1,Asia   (00-08),HIGH_VOL,Q1_bajo,0.24165621266452642,False,-0.0087198992658247,0.47070876
2023-02-16 01:00:00+00:00,1,Asia   (00-08),HIGH_VOL,Q2,0.4854625795939917,True,0.0258359397349319,0.44264892
2023-02-16 02:00:00+00:00,2,Asia   (00-08),HIGH_VOL,Q1_bajo,0.343903740060433,True,0.0237490122312802,0.44264892
2023-02-17 01:00:00+00:00,1,Asia   (00-08),HIGH_VOL,Q2,0.4574455440757774,True,0.0293745980903827,0.4053276
2023-02-17 03:00:00+00:00,3,Asia   (00-08),HIGH_VOL,Q1_bajo,0.325722378757778,True,0.0280149092397423,0.41829616
2023-02-18 10:00:00+00:00,10,Europa (08-16),MIDHIGH_VOL,Q1_bajo,0.30167494940744344,False,-0.0075868404270974,0.47070876
2023-02-18 12:00:00+00:00,12,Europa (08-16),MIDLOW_VOL,Q2,0.596308905050623,True,0.0096892711382102,0.47070876
2023-02-19 00:00:00+00:00,0,Asia   (00-08),MIDLOW_VOL,Q3,0.8930204808147618,True,0.00888791199909,0.47070876
2023-02-19 01:00:00+00:00,1,Asia   (00-08),MIDLOW_VOL,Q3,0.9949381869426398,True,0.0089677064625341,0.47070876
2023-02-20 00:00:00+00:00,0,Asia   (00-08),MIDHIGH_VOL,Q3,0.9990403308757028,True,0.0174938610276253,0.44359666
2023-02-20 01:00:00+00:00,1,Asia   (00-08),HIGH_VOL,Q4_alto,2.2264449622960796,False,-0.0096130718029442,0.44359666
2023-02-21 00:00:00+00:00,0,Asia   (00-08),MIDLOW_VOL,Q2,0.5057279518296974,False,-0.0071450784163082995,0.47070876
2023-02-21 01:00:00+00:00,1,Asia   (00-08),MIDLOW_VOL,Q1_bajo,0.41592796420384787,False,-0.006846734447699399,0.47070876
2023-02-22 00:00:00+00:00,0,Asia   (00-08),MIDHIGH_VOL,Q2,0.5309147335808823,True,0.0181111722362029,0.41677123
2023-02-22 01:00:00+00:00,1,Asia   (00-08),HIGH_VOL,Q3,0.7981795722718706,True,0.0191579303322405,0.41677123
2023-02-23 00:00:00+00:00,0,Asia   (00-08),MIDLOW_VOL,Q2,0.5864473607453967,False,-0.0077587054126734,0.42061746
2023-02-23 01:00:00+00:00,1,Asia   (00-08),MIDLOW_VOL,Q1_bajo,0.3145747258053316,False,-0.007518091669753499,0.4449715
2023-02-23 15:00:00+00:00,15,Europa (08-16),MIDHIGH_VOL,Q4_alto,1.2036233375618548,True,0.0188668337510443,0.44959486
2023-02-23 19:00:00+00:00,19,USA    (16-24),MIDHIGH_VOL,Q3,0.7729980579300275,True,0.0190253072398551,0.45674953
2023-02-24 00:00:00+00:00,0,Asia   (00-08),HIGH_VOL,Q2,0.4911395595249094,True,0.0198400218585233,0.45674953
2023-02-24 01:00:00+00:00,1,Asia   (00-08),MIDHIGH_VOL,Q3,0.7224872342508409,True,0.017199048758283,0.45016834
2023-02-25 00:00:00+00:00,0,Asia   (00-08),MIDHIGH_VOL,Q1_bajo,0.25194264086588086,True,0.0187499231698793,0.41677123
2023-02-25 01:00:00+00:00,1,Asia   (00-08),MIDHIGH_VOL,Q1_bajo,0.15582157249924486,True,0.0187895437602265,0.41677123
2023-02-26 02:00:00+00:00,2,Asia   (00-08),LOW_VOL,Q3,0.9732348501244393,True,0.0089540857447929,0.45563745
2023-02-26 03:00:00+00:00,3,Asia   (00-08),LOW_VOL,Q3,0.7495637444315364,True,0.0088275471238069,0.45563745
2023-02-27 00:00:00+00:00,0,Asia   (00-08),MIDLOW_VOL,Q3,0.7083706456434761,True,0.0117471376921584,0.47070876
2023-02-27 01:00:00+00:00,1,Asia   (00-08),MIDLOW_VOL,Q2,0.623856991780341,True,0.0121367312266394,0.47070876
2023-02-28 00:00:00+00:00,0,Asia   (00-08),MIDHIGH_VOL,Q2,0.5680971766713596,True,0.0170948186749818,0.47070876
2023-02-28 01:00:00+00:00,1,Asia   (00-08),HIGH_VOL,Q2,0.5094854124992089,True,0.017288980843117502,0.4610217
2023-03-01 00:00:00+00:00,0,Asia   (00-08),MIDLOW_VOL,Q4_alto,1.110903104944572,False,-0.0069246054465666,0.4618718
2023-03-01 01:00:00+00:00,1,Asia   (00-08),MIDHIGH_VOL,Q3,0.9456653929381581,False,-0.0072066115763451,0.47979954
2023-03-02 00:00:00+00:00,0,Asia   (00-08),MIDHIGH_VOL,Q3,1.0038937907048853,True,0.013910978723301201,0.47070876
2023-03-02 01:00:00+00:00,1,Asia   (00-08),MIDHIGH_VOL,Q3,0.849572330178506,True,0.0146102742773505,0.47070876
2023-03-03 00:00:00+00:00,0,Asia   (00-08),MIDLOW_VOL,Q2,0.48622219658143634,True,0.009400704557161601,0.49056244
2023-03-03 02:00:00+00:00,2,Asia   (00-08),HIGH_VOL,Q4_alto,2.1921070594508447,True,0.0208244171380473,0.42135316
2023-03-04 06:00:00+00:00,6,Asia   (00-08),LOW_VOL,Q3,0.8092320313106897,True,0.0064927501038438,0.40318713
2023-03-04 07:00:00+00:00,7,Asia   (00-08),LOW_VOL,Q1_bajo,0.28252752789819224,True,0.0061702487179257,0.40318713
2023-03-05 00:00:00+00:00,0,Asia   (00-08),LOW_VOL,Q4_alto,1.2048346676333668,False,-0.0037204449286485997,0.49056244
2023-03-05 01:00:00+00:00,1,Asia   (00-08),LOW_VOL,Q4_alto,4.926955071508626,True,0.0068523080562932995,0.49056244
2023-03-06 00:00:00+00:00,0,Asia   (00-08),LOW_VOL,Q4_alto,1.219446431069601,True,0.005430583590690601,0.47070876
2023-03-06 01:00:00+00:00,1,Asia   (00-08),LOW_VOL,Q4_alto,2.7429429747806955,True,0.0064343239306103,0.47070876
2023-03-07 00:00:00+00:00,0,Asia   (00-08),LOW_VOL,Q2,0.5547528615033492,True,0.0065962541504882,0.47070876
2023-03-07 01:00:00+00:00,1,Asia   (00-08),LOW_VOL,Q4_alto,1.211702923696228,True,0.0069266343847212,0.47070876
2023-03-08 00:00:00+00:00,0,Asia   (00-08),HIGH_VOL,Q2,0.6697882156426493,True,0.014454063445089,0.47979954
2023-03-08 01:00:00+00:00,1,Asia   (00-08),HIGH_VOL,Q2,0.46450250303070634,True,0.0147394085891548,0.42727622
2023-03-09 00:00:00+00:00,0,Asia   (00-08),HIGH_VOL,Q3,0.7049077273905906,True,0.0144988691208199,0.40525505
2023-03-09 01:00:00+00:00,1,Asia   (00-08),HIGH_VOL,Q2,0.6563372616974269,True,0.0149228083345515,0.40525505
2023-03-09 15:00:00+00:00,15,Europa (08-16),MIDLOW_VOL,Q4_alto,1.4246762669575572,True,0.008129745189876301,0.40525505
2023-03-09 16:00:00+00:00,16,USA    (16-24),MIDHIGH_VOL,Q4_alto,2.9251097154616668,True,0.00935891942245,0.40525505
2023-03-10 00:00:00+00:00,0,Asia   (00-08),HIGH_VOL,Q4_alto,1.4131899476463148,True,0.0254684948167682,0.4229532
2023-03-10 01:00:00+00:00,1,Asia   (00-08),HIGH_VOL,Q4_alto,2.2016744482155177,True,0.0279394343254008,0.4229532
2023-03-11 00:00:00+00:00,0,Asia   (00-08),HIGH_VOL,Q2,0.6379230108971108,True,0.0246688156732884,0.4322529
2023-03-11 01:00:00+00:00,1,Asia   (00-08),HIGH_VOL,Q4_alto,1.726699843071519,True,0.0258392265657606,0.45674953
2023-03-12 00:00:00+00:00,0,Asia   (00-08),MIDHIGH_VOL,Q3,0.941222597504782,True,0.0135199190565165,0.47070876
2023-03-12 01:00:00+00:00,1,Asia   (00-08),MIDHIGH_VOL,Q2,0.5131827646371193,True,0.0133443600180597,0.47070876
2023-03-13 00:00:00+00:00,0,Asia   (00-08),HIGH_VOL,Q4_alto,2.4772406493665855,False,-0.0146473557035698,0.5126473
2023-03-13 01:00:00+00:00,1,Asia   (00-08),HIGH_VOL,Q3,0.9251017042068834,False,-0.0151312146277753,0.5126473
2023-03-14 00:00:00+00:00,0,Asia   (00-08),HIGH_VOL,Q2,0.4477710958018464,False,-0.0148414192692789,0.42806804
2023-03-14 01:00:00+00:00,1,Asia   (00-08),HIGH_VOL,Q2,0.46985079389269924,False,-0.014966373175238499,0.42806804
2023-03-15 01:00:00+00:00,1,Asia   (00-08),HIGH_VOL,Q3,0.6861720772807266,True,0.0471738560352952,0.4663089
2023-03-15 02:00:00+00:00,2,Asia   (00-08),HIGH_VOL,Q1_bajo,0.17690864933327055,True,0.0386234974104289,0.45287988
2023-03-16 00:00:00+00:00,0,Asia   (00-08),HIGH_VOL,Q2,0.5042998837680419,False,-0.0145054459483226,0.42135316
2023-03-16 02:00:00+00:00,2,Asia   (00-08),MIDHIGH_VOL,Q1_bajo,0.23530456394271673,False,-0.0120452666288303,0.4343614
2023-03-17 00:00:00+00:00,0,Asia   (00-08),MIDLOW_VOL,Q2,0.45079558616401966,False,-0.0096581046989598,0.46746
2023-03-17 01:00:00+00:00,1,Asia   (00-08),MIDLOW_VOL,Q4_alto,2.3435754250825696,False,-0.0107845435592223,0.47403356
2023-03-18 00:00:00+00:00,0,Asia   (00-08),MIDHIGH_VOL,Q3,0.9569103625289213,False,-0.0136308177499743,0.5126473
2023-03-18 04:00:00+00:00,4,Asia   (00-08),MIDHIGH_VOL,Q1_bajo,0.24586667033652457,True,0.0264695076356816,0.498339
2023-03-19 01:00:00+00:00,1,Asia   (00-08),MIDLOW_VOL,Q2,0.4547702558854177,True,0.0230545230460404,0.4644644
2023-03-19 02:00:00+00:00,2,Asia   (00-08),MIDLOW_VOL,Q1_bajo,0.3239359597751428,True,0.0217218343158783,0.4644644
2023-03-20 00:00:00+00:00,0,Asia   (00-08),MIDHIGH_VOL,Q3,0.8519028089442928,True,0.0257376749441462,0.4801261
2023-03-20 01:00:00+00:00,1,Asia   (00-08),MIDHIGH_VOL,Q3,0.9390613659696212,True,0.0261787923693589,0.4801261
2023-03-21 00:00:00+00:00,0,Asia   (00-08),MIDLOW_VOL,Q2,0.5197649948656349,True,0.0233959064306475,0.46746
2023-03-21 01:00:00+00:00,1,Asia   (00-08),MIDLOW_VOL,Q1_bajo,0.3827447923187394,True,0.023337653472488902,0.46746
2023-03-22 02:00:00+00:00,2,Asia   (00-08),LOW_VOL,Q1_bajo,0.32635966767438723,False,-0.008040063081034601,0.46746
2023-03-22 03:00:00+00:00,3,Asia   (00-08),LOW_VOL,Q3,0.8844966787196015,False,-0.0079228563203714,0.46746
2023-03-23 15:00:00+00:00,15,Europa (08-16),MIDLOW_VOL,Q4_alto,4.659160345553715,True,0.0181929152616093,0.46746
2023-03-23 16:00:00+00:00,16,USA    (16-24),MIDLOW_VOL,Q4_alto,1.528642424408935,True,0.0186935150815151,0.46746
2023-03-24 00:00:00+00:00,0,Asia   (00-08),HIGH_VOL,Q1_bajo,0.4059364944856574,True,0.0270021705438928,0.4597862
2023-03-24 01:00:00+00:00,1,Asia   (00-08),HIGH_VOL,Q1_bajo,0.33791481964278514,True,0.0268719004828366,0.4597862
2023-03-25 02:00:00+00:00,2,Asia   (00-08),MIDLOW_VOL,Q1_bajo,0.3743370089545209,True,0.0201870123279052,0.4343614
2023-03-25 03:00:00+00:00,3,Asia   (00-08),MIDLOW_VOL,Q1_bajo,0.2207416053846205,True,0.0188657891327711,0.4343614
2023-03-26 00:00:00+00:00,0,Asia   (00-08),LOW_VOL,Q3,0.94439244945176,False,-0.0066291445349324,0.4449715
2023-03-26 01:00:00+00:00,1,Asia   (00-08),LOW_VOL,Q2,0.6359904096744742,False,-0.006673954637509199,0.45563745
2023-03-27 00:00:00+00:00,0,Asia   (00-08),MIDLOW_VOL,Q2,0.6460143012327044,True,0.015035541449334201,0.46746
2023-03-27 01:00:00+00:00,1,Asia   (00-08),MIDLOW_VOL,Q3,0.8058906124151882,True,0.0144068467554133,0.4610217
2023-03-28 00:00:00+00:00,0,Asia   (00-08),MIDHIGH_VOL,Q2,0.5241172502118543,True,0.0203712027782106,0.41677123
2023-03-28 01:00:00+00:00,1,Asia   (00-08),MIDHIGH_VOL,Q3,0.9368652030416906,True,0.0213195164214597,0.41677123
2023-03-29 00:00:00+00:00,0,Asia   (00-08),MIDLOW_VOL,Q1_bajo,0.37416636803048714,False,-0.0084024213519214,0.46746
2023-03-29 01:00:00+00:00,1,Asia   (00-08),MIDLOW_VOL,Q3,0.7883918613713556,False,-0.007929125650934,0.46746
2023-03-30 00:00:00+00:00,0,Asia   (00-08),MIDLOW_VOL,Q2,0.6051825948694329,False,-0.007066627113196999,0.47070876
2023-03-30 01:00:00+00:00,1,Asia   (00-08),MIDLOW_VOL,Q1_bajo,0.4122140004414002,False,-0.0070992368321145995,0.47070876
2023-03-31 00:00:00+00:00,0,Asia   (00-08),MIDHIGH_VOL,Q4_alto,1.2022612603989002,True,0.018596849507507802,0.46142325
2023-03-31 01:00:00+00:00,1,Asia   (00-08),HIGH_VOL,Q3,1.0277725376206037,True,0.0194304475514606,0.45674953
2023-04-01 01:00:00+00:00,1,Asia   (00-08),MIDLOW_VOL,Q1_bajo,0.4286476604391124,True,0.015431170320525999,0.46746
2023-04-01 02:00:00+00:00,2,Asia   (00-08),MIDLOW_VOL,Q4_alto,1.3061234205625365,True,0.0157809084786036,0.46746
2023-04-02 01:00:00+00:00,1,Asia   (00-08),LOW_VOL,Q2,0.642963009115871,True,0.007020389203482601,0.47070876
2023-04-02 02:00:00+00:00,2,Asia   (00-08),LOW_VOL,Q2,0.5157564155081209,True,0.006752050203983801,0.47070876
2023-04-03 00:00:00+00:00,0,Asia   (00-08),MIDLOW_VOL,Q2,0.649715262951744,True,0.0115266783898113,0.42727622
2023-04-03 01:00:00+00:00,1,Asia   (00-08),MIDLOW_VOL,Q4_alto,2.846359212112587,False,-0.0073709037041927,0.40525505
2023-04-04 00:00:00+00:00,0,Asia   (00-08),HIGH_VOL,Q2,0.5508476041731464,False,-0.009593428579665499,0.41677123
2023-04-04 01:00:00+00:00,1,Asia   (00-08),HIGH_VOL,Q2,0.48907740771809055,False,-0.0097848201920561,0.4343614
2023-04-05 00:00:00+00:00,0,Asia   (00-08),MIDLOW_VOL,Q4_alto,2.5903457688883686,True,0.0136940699407098,0.47070876
2023-04-05 01:00:00+00:00,1,Asia   (00-08),MIDLOW_VOL,Q4_alto,1.449493428202497,True,0.013242276910764201,0.47070876
2023-04-06 00:00:00+00:00,0,Asia   (00-08),MIDHIGH_VOL,Q3,1.0858038316883696,True,0.015141394182465701,0.43895632
2023-04-06 01:00:00+00:00,1,Asia   (00-08),MIDHIGH_VOL,Q3,0.7583417482705733,True,0.0157766055957092,0.43895632
2023-04-06 15:00:00+00:00,15,Europa (08-16),LOW_VOL,Q4_alto,1.9358284393371323,True,0.009890020050357301,0.4449715
2023-04-06 16:00:00+00:00,16,USA    (16-24),LOW_VOL,Q3,0.9273982745798776,True,0.0099239673293617,0.4449715
2023-04-07 00:00:00+00:00,0,Asia   (00-08),LOW_VOL,Q2,0.51646100648838,True,0.0088603908288136,0.49056244
2023-04-07 01:00:00+00:00,1,Asia   (00-08),LOW_VOL,Q1_bajo,0.3357379805943187,True,0.008670644880434,0.49056244
2023-04-08 01:00:00+00:00,1,Asia   (00-08),LOW_VOL,Q1_bajo,0.36821401540043175,False,-0.0036545696666733995,0.49056244
2023-04-08 02:00:00+00:00,2,Asia   (00-08),LOW_VOL,Q1_bajo,0.37667098712693403,False,-0.003354775283484,0.49056244
2023-04-09 00:00:00+00:00,0,Asia   (00-08),LOW_VOL,Q4_alto,1.8923637028765035,True,0.0041984828779536,0.47070876
2023-04-09 01:00:00+00:00,1,Asia   (00-08),LOW_VOL,Q3,1.0697597131458096,True,0.0042628286376014,0.47070876
2023-04-10 00:00:00+00:00,0,Asia   (00-08),MIDLOW_VOL,Q3,0.9040714150831377,True,0.0086576867295141,0.48499078
2023-04-10 01:00:00+00:00,1,Asia   (00-08),MIDHIGH_VOL,Q3,0.9230339513385973,True,0.0090368295618875,0.47070876
2023-04-11 01:00:00+00:00,1,Asia   (00-08),HIGH_VOL,Q4_alto,1.8843660553175368,True,0.020548027971551402,0.4995067
2023-04-11 02:00:00+00:00,2,Asia   (00-08),HIGH_VOL,Q4_alto,1.8622024023144825,False,-0.0107748890255864,0.5126473
2023-04-12 00:00:00+00:00,0,Asia   (00-08),MIDHIGH_VOL,Q3,0.7459745407042433,True,0.0123400560780364,0.47070876
2023-04-12 01:00:00+00:00,1,Asia   (00-08),MIDHIGH_VOL,Q3,0.7197797075164934,True,0.0128203429268727,0.47070876
2023-04-13 02:00:00+00:00,2,Asia   (00-08),HIGH_VOL,Q3,0.7739845740399847,False,-0.0069377461471078995,0.4610217
2023-04-13 03:00:00+00:00,3,Asia   (00-08),MIDHIGH_VOL,Q1_bajo,0.39047878348119613,False,-0.006372596531101699,0.47070876
2023-04-14 00:00:00+00:00,0,Asia   (00-08),HIGH_VOL,Q4_alto,2.8098519157696966,True,0.0121831128063642,0.48499078
2023-04-14 01:00:00+00:00,1,Asia   (00-08),HIGH_VOL,Q4_alto,1.7956390614114153,True,0.0129964065229944,0.47527364
2023-04-15 05:00:00+00:00,5,Asia   (00-08),MIDLOW_VOL,Q1_bajo,0.21623008132682922,True,0.0080042091417296,0.47070876
2023-04-15 06:00:00+00:00,6,Asia   (00-08),MIDLOW_VOL,Q1_bajo,0.1902912367635028,True,0.0067841117258322006,0.49056244
2023-04-16 00:00:00+00:00,0,Asia   (00-08),LOW_VOL,Q2,0.6291115598223092,True,0.0049885475295363005,0.49056244
2023-04-16 01:00:00+00:00,1,Asia   (00-08),MIDLOW_VOL,Q4_alto,2.020589726618489,True,0.0053743208756309,0.4725979
2023-04-17 00:00:00+00:00,0,Asia   (00-08),MIDHIGH_VOL,Q4_alto,5.125141655452387,True,0.009390860552312601,0.452825
2023-04-17 01:00:00+00:00,1,Asia   (00-08),MIDHIGH_VOL,Q4_alto,2.056530003221096,True,0.0101435804822453,0.44217145
2023-04-18 00:00:00+00:00,0,Asia   (00-08),MIDHIGH_VOL,Q3,0.788981327495019,True,0.0108150662799525,0.40525505
2023-04-18 01:00:00+00:00,1,Asia   (00-08),MIDLOW_VOL,Q4_alto,1.8066317217532493,False,-0.005484278926740699,0.40525505
2023-04-19 00:00:00+00:00,0,Asia   (00-08),HIGH_VOL,Q2,0.5072422202915529,True,0.0131317205983837,0.4610217
2023-04-19 01:00:00+00:00,1,Asia   (00-08),MIDHIGH_VOL,Q1_bajo,0.42516551111773393,True,0.011397006402966101,0.47070876
2023-04-20 00:00:00+00:00,0,Asia   (00-08),HIGH_VOL,Q3,0.876642890459541,True,0.0151037301669656,0.41677123
2023-04-20 01:00:00+00:00,1,Asia   (00-08),HIGH_VOL,Q2,0.4989492763597524,True,0.0153746374900092,0.41677123
2023-04-20 15:00:00+00:00,15,Europa (08-16),HIGH_VOL,Q4_alto,1.4567122189234538,True,0.014799811477888,0.41677123
2023-04-20 17:00:00+00:00,17,USA    (16-24),HIGH_VOL,Q4_alto,1.168254064498326,True,0.0154097070447098,0.41677123
2023-04-21 01:00:00+00:00,1,Asia   (00-08),HIGH_VOL,Q1_bajo,0.3699057648440059,True,0.0184698462255831,0.41677123
2023-04-21 02:00:00+00:00,2,Asia   (00-08),HIGH_VOL,Q1_bajo,0.3690876281309154,True,0.0158003470181228,0.41677123
2023-04-22 04:00:00+00:00,4,Asia   (00-08),MIDHIGH_VOL,Q1_bajo,0.2956885836774469,True,0.0137075957974001,0.41757977
2023-04-22 05:00:00+00:00,5,Asia   (00-08),MIDHIGH_VOL,Q1_bajo,0.2753468006348423,True,0.0132944396420628,0.40525505
2023-04-23 03:00:00+00:00,3,Asia   (00-08),MIDHIGH_VOL,Q2,0.5493149539009212,True,0.0116619764708811,0.47070876
2023-04-23 04:00:00+00:00,4,Asia   (00-08),MIDLOW_VOL,Q1_bajo,0.31405306641008846,True,0.0108236714575653,0.47070876
2023-04-24 00:00:00+00:00,0,Asia   (00-08),MIDHIGH_VOL,Q4_alto,2.2680940020468503,True,0.0126171086047763,0.47070876
2023-04-24 01:00:00+00:00,1,Asia   (00-08),MIDHIGH_VOL,Q4_alto,2.615820956616615,True,0.0136044120206861,0.47070876
2023-04-25 00:00:00+00:00,0,Asia   (00-08),HIGH_VOL,Q2,0.6241867508394396,True,0.0159208100987536,0.46746
2023-04-25 01:00:00+00:00,1,Asia   (00-08),HIGH_VOL,Q1_bajo,0.4084490809064679,True,0.0158605433855575,0.46746
2023-04-26 00:00:00+00:00,0,Asia   (00-08),MIDHIGH_VOL,Q4_alto,1.3329125957808947,False,-0.007420525329656699,0.47527364
2023-04-26 01:00:00+00:00,1,Asia   (00-08),MIDHIGH_VOL,Q2,0.6081870224859852,False,-0.0074265665361827994,0.47527364
2023-04-27 00:00:00+00:00,0,Asia   (00-08),HIGH_VOL,Q4_alto,1.6057305718297927,True,0.0408702210256242,0.4663089
2023-04-27 04:00:00+00:00,4,Asia   (00-08),HIGH_VOL,Q1_bajo,0.3005086929241014,True,0.0388392817473008,0.4773583
2023-04-28 00:00:00+00:00,0,Asia   (00-08),HIGH_VOL,Q3,0.6749235862452102,True,0.021541385413865702,0.4597862
2023-04-28 01:00:00+00:00,1,Asia   (00-08),HIGH_VOL,Q3,0.7014028648512858,True,0.0212105871756878,0.4597862
2023-04-29 03:00:00+00:00,3,Asia   (00-08),LOW_VOL,Q1_bajo,0.3616106905952607,True,0.0092383015037389,0.47070876
2023-04-29 04:00:00+00:00,4,Asia   (00-08),LOW_VOL,Q2,0.4969722160118447,True,0.008306619117353701,0.47070876
2023-04-30 00:00:00+00:00,0,Asia   (00-08),LOW_VOL,Q2,0.6308422316793708,False,-0.004173069616388,0.452825
2023-04-30 01:00:00+00:00,1,Asia   (00-08),LOW_VOL,Q3,1.0172995765121238,False,-0.0041541508363560995,0.4725979
2023-05-01 00:00:00+00:00,0,Asia   (00-08),MIDHIGH_VOL,Q3,0.8282897747704484,True,0.0128169488468144,0.47070876
2023-05-01 01:00:00+00:00,1,Asia   (00-08),HIGH_VOL,Q4_alto,3.1815032563505414,True,0.017608222523431902,0.45425656
2023-05-02 02:00:00+00:00,2,Asia   (00-08),HIGH_VOL,Q1_bajo,0.37287144388241744,False,-0.0087055102040816,0.41677123
2023-05-02 03:00:00+00:00,3,Asia   (00-08),MIDHIGH_VOL,Q1_bajo,0.36231705672261644,False,-0.0085522359475149,0.41677123
2023-05-03 00:00:00+00:00,0,Asia   (00-08),MIDHIGH_VOL,Q3,0.7970956027607056,True,0.016181320069794,0.46746
2023-05-03 01:00:00+00:00,1,Asia   (00-08),MIDHIGH_VOL,Q2,0.5146173262965209,True,0.016285639371582502,0.46746
2023-05-04 01:00:00+00:00,1,Asia   (00-08),HIGH_VOL,Q1_bajo,0.2676957647217118,True,0.0198199713080218,0.46746
2023-05-04 02:00:00+00:00,2,Asia   (00-08),HIGH_VOL,Q2,0.47887764875658617,True,0.0190855136629971,0.46746
2023-05-04 15:00:00+00:00,15,Europa (08-16),MIDLOW_VOL,Q3,0.7885208386842882,True,0.011580391185937,0.47070876
2023-05-04 16:00:00+00:00,16,USA    (16-24),MIDLOW_VOL,Q3,0.8142171563748292,True,0.0114483822859395,0.47070876
2023-05-05 00:00:00+00:00,0,Asia   (00-08),MIDLOW_VOL,Q2,0.570357403313115,False,-0.0061296372907541,0.47070876
2023-05-05 01:00:00+00:00,1,Asia   (00-08),MIDLOW_VOL,Q4_alto,2.1647885965175986,True,0.012526320549813,0.47070876
2023-05-06 00:00:00+00:00,0,Asia   (00-08),HIGH_VOL,Q4_alto,1.3536366533937358,True,0.0162787127813869,0.4597862
2023-05-06 01:00:00+00:00,1,Asia   (00-08),HIGH_VOL,Q3,0.718965542272273,True,0.0166286054799503,0.4597862
2023-05-07 00:00:00+00:00,0,Asia   (00-08),MIDLOW_VOL,Q2,0.635114223786018,True,0.0117166224294035,0.42271143
2023-05-07 01:00:00+00:00,1,Asia   (00-08),MIDHIGH_VOL,Q4_alto,1.311286149359686,True,0.0130996161405977,0.42271143
2023-05-08 00:00:00+00:00,0,Asia   (00-08),MIDLOW_VOL,Q4_alto,2.549370934480274,True,0.0115220303634258,0.4618718
2023-05-08 01:00:00+00:00,1,Asia   (00-08),MIDHIGH_VOL,Q4_alto,3.509819967418939,True,0.0132204789640997,0.43943572
2023-05-09 01:00:00+00:00,1,Asia   (00-08),MIDHIGH_VOL,Q3,0.735111471002513,True,0.0150266247908401,0.41677123
2023-05-09 02:00:00+00:00,2,Asia   (00-08),MIDHIGH_VOL,Q1_bajo,0.37310454127537224,True,0.0147396025208015,0.40825498
2023-05-10 00:00:00+00:00,0,Asia   (00-08),MIDHIGH_VOL,Q3,1.0869254165562718,True,0.0128822654415097,0.45563745
2023-05-10 01:00:00+00:00,1,Asia   (00-08),MIDHIGH_VOL,Q3,0.8700677213848463,True,0.012778071832087701,0.49056244
2023-05-11 01:00:00+00:00,1,Asia   (00-08),HIGH_VOL,Q1_bajo,0.3555948914232332,True,0.0255862005295519,0.46746
2023-05-11 02:00:00+00:00,2,Asia   (00-08),HIGH_VOL,Q1_bajo,0.2544490415052471,True,0.0232394878613071,0.46746
2023-05-12 00:00:00+00:00,0,Asia   (00-08),HIGH_VOL,Q1_bajo,0.4343405535428532,True,0.0172229295550951,0.41677123
2023-05-12 01:00:00+00:00,1,Asia   (00-08),HIGH_VOL,Q3,0.7215041473092975,True,0.0181182126359371,0.41677123
2023-05-13 11:00:00+00:00,11,Europa (08-16),LOW_VOL,Q1_bajo,0.3295570288498037,False,-0.004738197369101,0.47070876
2023-05-13 12:00:00+00:00,12,Europa (08-16),LOW_VOL,Q3,0.7355199572162563,False,-0.0044877594106118,0.47070876
2023-05-14 00:00:00+00:00,0,Asia   (00-08),LOW_VOL,Q4_alto,2.150191110892614,True,0.008260249529980201,0.47070876
2023-05-14 03:00:00+00:00,3,Asia   (00-08),LOW_VOL,Q3,0.7086683585507446,True,0.0082592265362664,0.47070876
2023-05-15 00:00:00+00:00,0,Asia   (00-08),MIDLOW_VOL,Q4_alto,2.1989817720061278,False,-0.0050478070507576,0.47070876
2023-05-15 01:00:00+00:00,1,Asia   (00-08),MIDLOW_VOL,Q4_alto,3.5180313965029075,False,-0.0059895219356889,0.47070876
2023-05-16 00:00:00+00:00,0,Asia   (00-08),MIDLOW_VOL,Q4_alto,1.1666928230508773,True,0.0107090958280341,0.47070876
2023-05-16 02:00:00+00:00,2,Asia   (00-08),MIDHIGH_VOL,Q3,0.7201115113743692,True,0.0123146118890161,0.452825
2023-05-17 00:00:00+00:00,0,Asia   (00-08),MIDLOW_VOL,Q3,0.882173823879273,True,0.008982383163917,0.49056244
2023-05-17 01:00:00+00:00,1,Asia   (00-08),MIDLOW_VOL,Q4_alto,1.221180976535522,True,0.009254411329224001,0.49056244
2023-05-18 00:00:00+00:00,0,Asia   (00-08),HIGH_VOL,Q2,0.6550734550543421,True,0.013826899230920701,0.47070876
2023-05-18 01:00:00+00:00,1,Asia   (00-08),MIDHIGH_VOL,Q1_bajo,0.3735205251775579,True,0.012716704805491901,0.47070876
2023-05-18 15:00:00+00:00,15,Europa (08-16),MIDLOW_VOL,Q4_alto,1.8212892782500503,True,0.009600078511489701,0.452825
2023-05-18 16:00:00+00:00,16,USA    (16-24),MIDLOW_VOL,Q4_alto,1.642860825182071,True,0.0098251941841625,0.452825
2023-05-19 03:00:00+00:00,3,Asia   (00-08),HIGH_VOL,Q1_bajo,0.28307412829001105,True,0.0158022633470909,0.4343614
2023-05-19 04:00:00+00:00,4,Asia   (00-08),MIDHIGH_VOL,Q1_bajo,0.18962857513110298,True,0.0140527158364052,0.42271143
2023-05-20 05:00:00+00:00,5,Asia   (00-08),LOW_VOL,Q1_bajo,0.2098180427869905,False,-0.0034332650089718003,0.49056244
2023-05-20 06:00:00+00:00,6,Asia   (00-08),LOW_VOL,Q1_bajo,0.18982263516249823,False,-0.0031348087811534,0.49056244
2023-05-21 00:00:00+00:00,0,Asia   (00-08),LOW_VOL,Q4_alto,2.6985520534839162,True,0.0060695869881948,0.47070876
2023-05-21 01:00:00+00:00,1,Asia   (00-08),LOW_VOL,Q4_alto,1.4107576323543933,True,0.0064960962806586,0.47070876
2023-05-22 00:00:00+00:00,0,Asia   (00-08),MIDLOW_VOL,Q4_alto,2.3870690431370947,True,0.0079081361941438,0.4618718
2023-05-22 01:00:00+00:00,1,Asia   (00-08),MIDLOW_VOL,Q4_alto,1.4411826497725364,False,-0.0047139725081809,0.4618718
2023-05-23 00:00:00+00:00,0,Asia   (00-08),MIDHIGH_VOL,Q3,0.7348658365617812,False,-0.0052565025025503994,0.47070876
2023-05-23 01:00:00+00:00,1,Asia   (00-08),MIDHIGH_VOL,Q4_alto,2.2163938554624836,False,-0.0057460658190530995,0.47070876
2023-05-24 00:00:00+00:00,0,Asia   (00-08),LOW_VOL,Q3,0.7085026395572495,True,0.0062818203921048005,0.47070876
2023-05-24 01:00:00+00:00,1,Asia   (00-08),LOW_VOL,Q2,0.6020323316286911,True,0.0062073410884393,0.47070876
2023-05-25 00:00:00+00:00,0,Asia   (00-08),HIGH_VOL,Q3,0.7910641084536916,True,0.0136863196296693,0.40525505
2023-05-25 05:00:00+00:00,5,Asia   (00-08),HIGH_VOL,Q1_bajo,0.3278744370641188,True,0.011426953863702,0.40525505
2023-05-26 00:00:00+00:00,0,Asia   (00-08),MIDHIGH_VOL,Q3,0.7241688749299394,True,0.0093621750608712,0.47070876
2023-05-26 02:00:00+00:00,2,Asia   (00-08),MIDHIGH_VOL,Q1_bajo,0.35088721846633814,False,-0.0052381907926608,0.47070876
2023-05-27 01:00:00+00:00,1,Asia   (00-08),MIDLOW_VOL,Q1_bajo,0.3173751516881418,True,0.008125957015223,0.47070876
2023-05-27 02:00:00+00:00,2,Asia   (00-08),MIDLOW_VOL,Q1_bajo,0.3581931491635346,True,0.0074820704664796,0.47070876
2023-05-28 00:00:00+00:00,0,Asia   (00-08),MIDLOW_VOL,Q4_alto,3.9874059339835375,False,-0.0046019713570987,0.48499078
2023-05-28 01:00:00+00:00,1,Asia   (00-08),MIDLOW_VOL,Q4_alto,2.846327546794303,False,-0.0047114873494347,0.48499078
2023-05-29 00:00:00+00:00,0,Asia   (00-08),HIGH_VOL,Q4_alto,2.943309682550269,True,0.014384821016804201,0.47527364
2023-05-29 01:00:00+00:00,1,Asia   (00-08),HIGH_VOL,Q3,0.720701438521005,True,0.0135899756493506,0.48499078
2023-05-30 02:00:00+00:00,2,Asia   (00-08),MIDHIGH_VOL,Q1_bajo,0.4336519002890779,True,0.0091004269766963,0.47070876
2023-05-30 04:00:00+00:00,4,Asia   (00-08),MIDHIGH_VOL,Q2,0.48864932201501743,False,-0.0051092653663907,0.47070876
2023-05-31 00:00:00+00:00,0,Asia   (00-08),HIGH_VOL,Q1_bajo,0.3947550648257078,True,0.010230589802987,0.47070876
2023-05-31 01:00:00+00:00,1,Asia   (00-08),MIDHIGH_VOL,Q2,0.5716767530396438,True,0.0097858006903093,0.47070876
2023-06-01 00:00:00+00:00,0,Asia   (00-08),MIDHIGH_VOL,Q4_alto,1.619159201825149,True,0.0103279069742887,0.40318713
2023-06-01 01:00:00+00:00,1,Asia   (00-08),MIDHIGH_VOL,Q3,0.9563350295781112,True,0.010150770749267,0.40525505
2023-06-01 15:00:00+00:00,15,Europa (08-16),MIDHIGH_VOL,Q2,0.6416763108823623,False,-0.005403849951166199,0.4449715
2023-06-01 16:00:00+00:00,16,USA    (16-24),MIDLOW_VOL,Q4_alto,2.3258618425843745,True,0.0087838420647552,0.4449715
2023-06-02 00:00:00+00:00,0,Asia   (00-08),HIGH_VOL,Q4_alto,2.701770516069302,False,-0.0064318556614689,0.4618718
2023-06-02 03:00:00+00:00,3,Asia   (00-08),HIGH_VOL,Q2,0.5480838830501973,True,0.0121041673262017,0.49056244
2023-06-03 03:00:00+00:00,3,Asia   (00-08),LOW_VOL,Q1_bajo,0.2364165532749905,False,-0.0042198566421102,0.47070876
2023-06-03 05:00:00+00:00,5,Asia   (00-08),LOW_VOL,Q1_bajo,0.27648379754395924,False,-0.0038995995643090996,0.47070876
2023-06-04 00:00:00+00:00,0,Asia   (00-08),LOW_VOL,Q3,0.7925710215259404,False,-0.0039627615552015,0.452825
2023-06-04 01:00:00+00:00,1,Asia   (00-08),LOW_VOL,Q3,1.080513935106502,False,-0.0041377752314428,0.47070876
2023-06-05 00:00:00+00:00,0,Asia   (00-08),MIDLOW_VOL,Q4_alto,1.9688058988976815,True,0.0065464866925499,0.452825
2023-06-05 01:00:00+00:00,1,Asia   (00-08),MIDLOW_VOL,Q4_alto,1.1107424866052358,True,0.0067839422953979,0.452825
2023-06-06 00:00:00+00:00,0,Asia   (00-08),HIGH_VOL,Q2,0.4783593895561195,True,0.0179505743392095,0.43381035
2023-06-06 01:00:00+00:00,1,Asia   (00-08),HIGH_VOL,Q1_bajo,0.3581169317031725,True,0.017708940109427,0.42919344
2023-06-07 00:00:00+00:00,0,Asia   (00-08),HIGH_VOL,Q3,0.8623471753411965,True,0.021129085331934,0.49442697
2023-06-07 02:00:00+00:00,2,Asia   (00-08),HIGH_VOL,Q3,0.7917680726267963,True,0.0203795967777015,0.4801261
2023-06-08 01:00:00+00:00,1,Asia   (00-08),HIGH_VOL,Q1_bajo,0.35451438692627596,True,0.0156253535864541,0.45674953
2023-06-08 02:00:00+00:00,2,Asia   (00-08),HIGH_VOL,Q1_bajo,0.25536148934025926,True,0.0152017272160016,0.47009155
2023-06-09 01:00:00+00:00,1,Asia   (00-08),MIDHIGH_VOL,Q3,0.77813407611343,True,0.0109091517014507,0.47070876
2023-06-09 04:00:00+00:00,4,Asia   (00-08),MIDLOW_VOL,Q2,0.5264058883100274,False,-0.0053492719297772,0.47070876
2023-06-10 00:00:00+00:00,0,Asia   (00-08),LOW_VOL,Q1_bajo,0.38419186456930593,True,0.0064232602602115,0.47070876
2023-06-10 01:00:00+00:00,1,Asia   (00-08),MIDLOW_VOL,Q4_alto,1.6572721221386388,True,0.0071618595675419,0.452825
2023-06-11 01:00:00+00:00,1,Asia   (00-08),HIGH_VOL,Q1_bajo,0.4348489701559193,True,0.01585464536819,0.4257481
2023-06-11 07:00:00+00:00,7,Asia   (00-08),MIDHIGH_VOL,Q1_bajo,0.26168511969089936,False,-0.0064265458422174,0.4449715
2023-06-12 00:00:00+00:00,0,Asia   (00-08),MIDHIGH_VOL,Q4_alto,1.2698623520294858,True,0.0108102087600054,0.47070876
2023-06-12 01:00:00+00:00,1,Asia   (00-08),MIDHIGH_VOL,Q3,0.823822842309271,True,0.010914569609044,0.47070876
2023-06-13 00:00:00+00:00,0,Asia   (00-08),MIDLOW_VOL,Q4_alto,1.5247338188961215,False,-0.005118041553780799,0.47070876
2023-06-13 01:00:00+00:00,1,Asia   (00-08),MIDLOW_VOL,Q4_alto,1.2829801225186543,False,-0.0054311652986763995,0.47070876
2023-06-14 00:00:00+00:00,0,Asia   (00-08),MIDLOW_VOL,Q3,0.7028069701248058,True,0.0111240695220278,0.47070876
2023-06-14 01:00:00+00:00,1,Asia   (00-08),MIDLOW_VOL,Q2,0.48373590456255633,True,0.0109627946662803,0.47070876
2023-06-15 00:00:00+00:00,0,Asia   (00-08),HIGH_VOL,Q2,0.6363021538208554,True,0.0165171549350881,0.42135316
2023-06-15 01:00:00+00:00,1,Asia   (00-08),HIGH_VOL,Q3,0.6732339606120618,True,0.0171491574383937,0.42135316
2023-06-15 15:00:00+00:00,15,Europa (08-16),MIDLOW_VOL,Q2,0.523341252907144,False,-0.0051244429073035,0.40525505
2023-06-15 16:00:00+00:00,16,USA    (16-24),MIDLOW_VOL,Q2,0.6204108161658467,False,-0.0051289415603383,0.40525505
2023-06-16 02:00:00+00:00,2,Asia   (00-08),MIDHIGH_VOL,Q1_bajo,0.32743355315721817,True,0.0119365719051665,0.47070876
2023-06-16 04:00:00+00:00,4,Asia   (00-08),MIDHIGH_VOL,Q2,0.5280375422910031,True,0.0115247277511828,0.47070876
2023-06-17 00:00:00+00:00,0,Asia   (00-08),HIGH_VOL,Q1_bajo,0.3530571239163337,False,-0.0072597008277991,0.48499078
2023-06-17 01:00:00+00:00,1,Asia   (00-08),HIGH_VOL,Q2,0.5191788584493312,False,-0.0073813449061725,0.47070876
2023-06-18 03:00:00+00:00,3,Asia   (00-08),LOW_VOL,Q2,0.5128372460198654,True,0.006658154867771101,0.47070876
2023-06-18 04:00:00+00:00,4,Asia   (00-08),LOW_VOL,Q2,0.5694315476297765,True,0.0065203484711976005,0.47070876
2023-06-19 04:00:00+00:00,4,Asia   (00-08),MIDLOW_VOL,Q2,0.5465292531587872,True,0.0076862235685814,0.47070876
2023-06-19 05:00:00+00:00,5,Asia   (00-08),MIDLOW_VOL,Q2,0.4525601186580939,True,0.0077085199672047005,0.47070876
2023-06-20 00:00:00+00:00,0,Asia   (00-08),HIGH_VOL,Q4_alto,1.2231306654191623,True,0.0138227913377027,0.48499078
2023-06-20 01:00:00+00:00,1,Asia   (00-08),HIGH_VOL,Q4_alto,1.8013392783333322,True,0.015069417776146302,0.4610217
2023-06-21 00:00:00+00:00,0,Asia   (00-08),HIGH_VOL,Q4_alto,1.2734076393682612,False,-0.0096682987093928,0.4995067
2023-06-21 02:00:00+00:00,2,Asia   (00-08),HIGH_VOL,Q2,0.5360470021048602,False,-0.0106181769444982,0.4995067
2023-06-22 00:00:00+00:00,0,Asia   (00-08),HIGH_VOL,Q2,0.5703050103732561,False,-0.0121965603153794,0.5126473
2023-06-22 01:00:00+00:00,1,Asia   (00-08),HIGH_VOL,Q1_bajo,0.2621394539765862,False,-0.0120257788408505,0.5126473
2023-06-23 03:00:00+00:00,3,Asia   (00-08),MIDHIGH_VOL,Q1_bajo,0.2779300446077594,False,-0.007761189390562999,0.4644644
2023-06-23 04:00:00+00:00,4,Asia   (00-08),MIDLOW_VOL,Q1_bajo,0.37644196417883213,False,-0.0064479067242019,0.47070876
2023-06-24 03:00:00+00:00,3,Asia   (00-08),HIGH_VOL,Q1_bajo,0.21479081130105065,True,0.0228791679552076,0.4597862
2023-06-24 04:00:00+00:00,4,Asia   (00-08),HIGH_VOL,Q1_bajo,0.20742820052610003,True,0.021729786894379,0.4597862
2023-06-25 00:00:00+00:00,0,Asia   (00-08),MIDLOW_VOL,Q2,0.665930363558495,False,-0.0053164433914113995,0.47070876
2023-06-25 01:00:00+00:00,1,Asia   (00-08),MIDLOW_VOL,Q3,0.7655968301204716,False,-0.0054664136207682994,0.47070876
2023-06-26 00:00:00+00:00,0,Asia   (00-08),MIDLOW_VOL,Q4_alto,1.1428496858349122,True,0.0097347512347621,0.4618718
2023-06-26 01:00:00+00:00,1,Asia   (00-08),MIDHIGH_VOL,Q4_alto,3.788211823000299,False,-0.0062348073990585,0.4618718
2023-06-27 00:00:00+00:00,0,Asia   (00-08),MIDHIGH_VOL,Q3,0.7400213205024434,False,-0.0068713840312704,0.4449715
2023-06-27 01:00:00+00:00,1,Asia   (00-08),MIDHIGH_VOL,Q2,0.45367100614012784,False,-0.0069206279573412995,0.4808379
2023-06-28 00:00:00+00:00,0,Asia   (00-08),MIDHIGH_VOL,Q3,1.0248569190343988,True,0.0133664268184341,0.46746
2023-06-28 01:00:00+00:00,1,Asia   (00-08),MIDHIGH_VOL,Q2,0.589337747556038,True,0.0130774219028535,0.4610217
2023-06-29 00:00:00+00:00,0,Asia   (00-08),MIDHIGH_VOL,Q2,0.5693075437424063,False,-0.006821303602367899,0.40525505
2023-06-29 01:00:00+00:00,1,Asia   (00-08),MIDHIGH_VOL,Q2,0.6163970892723685,False,-0.0069994660830057995,0.42784876
2023-06-29 15:00:00+00:00,15,Europa (08-16),MIDLOW_VOL,Q3,0.8822259321761754,True,0.0099160030026524,0.47070876
2023-06-29 16:00:00+00:00,16,USA    (16-24),MIDLOW_VOL,Q3,0.696737589536842,True,0.009888263363472701,0.47070876
2023-06-30 00:00:00+00:00,0,Asia   (00-08),MIDLOW_VOL,Q2,0.49618365652037727,False,-0.0059325333737679,0.47070876
2023-06-30 01:00:00+00:00,1,Asia   (00-08),MIDLOW_VOL,Q2,0.4730526535724108,False,-0.0058181594993920996,0.47070876
2023-07-01 08:00:00+00:00,8,Europa (08-16),LOW_VOL,Q1_bajo,0.14273980283241783,False,-0.0038203636848465,0.49056244
2023-07-01 09:00:00+00:00,9,Europa (08-16),LOW_VOL,Q1_bajo,0.18545621597685952,False,-0.0035966004814606996,0.49056244
2023-07-02 00:00:00+00:00,0,Asia   (00-08),LOW_VOL,Q4_alto,1.6284132348610556,True,0.0039319007380759,0.47070876
2023-07-02 01:00:00+00:00,1,Asia   (00-08),LOW_VOL,Q3,0.7403856597982683,True,0.0035308023852220006,0.47070876
2023-07-03 02:00:00+00:00,2,Asia   (00-08),MIDLOW_VOL,Q3,1.0229984314959781,True,0.0094998706946018,0.47070876
2023-07-03 03:00:00+00:00,3,Asia   (00-08),MIDLOW_VOL,Q2,0.6617946921185212,True,0.0095789010445777,0.47070876
2023-07-04 00:00:00+00:00,0,Asia   (00-08),MIDHIGH_VOL,Q2,0.4861369966943264,True,0.0108118189096123,0.47070876
2023-07-04 01:00:00+00:00,1,Asia   (00-08),MIDHIGH_VOL,Q3,1.023893963900542,True,0.0114783767402623,0.47070876
2023-07-05 00:00:00+00:00,0,Asia   (00-08),MIDLOW_VOL,Q2,0.4709623132192076,True,0.0074982981085707,0.4725979
2023-07-05 01:00:00+00:00,1,Asia   (00-08),MIDLOW_VOL,Q1_bajo,0.3880629205495875,True,0.0075036256754173,0.4725979
2023-07-06 00:00:00+00:00,0,Asia   (00-08),MIDLOW_VOL,Q2,0.6403962771748339,False,-0.0049568735760074,0.40525505
2023-07-06 01:00:00+00:00,1,Asia   (00-08),MIDLOW_VOL,Q2,0.5311035919369358,False,-0.0049698601565507,0.4449715
2023-07-07 03:00:00+00:00,3,Asia   (00-08),HIGH_VOL,Q1_bajo,0.20321353621324525,True,0.0145601419366037,0.41677123
2023-07-07 04:00:00+00:00,4,Asia   (00-08),HIGH_VOL,Q1_bajo,0.21768506026236398,True,0.0124060528766981,0.40525505
2023-07-08 00:00:00+00:00,0,Asia   (00-08),MIDLOW_VOL,Q1_bajo,0.3368619475687552,True,0.008356745921643401,0.47070876
2023-07-08 01:00:00+00:00,1,Asia   (00-08),MIDLOW_VOL,Q1_bajo,0.3175538107647333,True,0.008074630948450701,0.47070876
2023-07-09 00:00:00+00:00,0,Asia   (00-08),LOW_VOL,Q4_alto,1.3912347845330637,True,0.004099921372722,0.47070876
2023-07-09 01:00:00+00:00,1,Asia   (00-08),LOW_VOL,Q4_alto,1.7973968700129068,True,0.00430266016091,0.47070876
2023-07-10 00:00:00+00:00,0,Asia   (00-08),MIDLOW_VOL,Q4_alto,4.062042633371604,True,0.0065689261004474005,0.452825
2023-07-10 01:00:00+00:00,1,Asia   (00-08),MIDLOW_VOL,Q3,1.0600217142237955,False,-0.0044171158401429995,0.452825
2023-07-11 01:00:00+00:00,1,Asia   (00-08),HIGH_VOL,Q2,0.6529700236276491,True,0.013615095182489,0.46746
2023-07-11 02:00:00+00:00,2,Asia   (00-08),HIGH_VOL,Q1_bajo,0.4162039658059559,True,0.0136977415233876,0.46746
2023-07-12 00:00:00+00:00,0,Asia   (00-08),MIDHIGH_VOL,Q3,0.6825500262664174,False,-0.005015456674473,0.47070876
2023-07-12 01:00:00+00:00,1,Asia   (00-08),MIDHIGH_VOL,Q2,0.5059038892984391,False,-0.0050393070710749,0.47070876
2023-07-13 01:00:00+00:00,1,Asia   (00-08),MIDHIGH_VOL,Q1_bajo,0.3899980255580221,True,0.010323392486748,0.4618718
2023-07-13 02:00:00+00:00,2,Asia   (00-08),MIDHIGH_VOL,Q1_bajo,0.2152567697207517,False,-0.005246977649676099,0.4618718
2023-07-13 15:00:00+00:00,15,Europa (08-16),MIDHIGH_VOL,Q4_alto,7.262500829508151,True,0.0089031478532659,0.47070876
2023-07-13 16:00:00+00:00,16,USA    (16-24),MIDHIGH_VOL,Q4_alto,3.384603521573413,False,-0.005609740556864099,0.47070876
2023-07-14 00:00:00+00:00,0,Asia   (00-08),HIGH_VOL,Q2,0.6595809491539231,True,0.0187280910967289,0.4801261
2023-07-14 01:00:00+00:00,1,Asia   (00-08),HIGH_VOL,Q1_bajo,0.4091109568661875,True,0.019277489724642702,0.4801261
2023-07-15 09:00:00+00:00,9,Europa (08-16),LOW_VOL,Q1_bajo,0.1361471135522489,True,0.004516734599689601,0.40525505
2023-07-15 10:00:00+00:00,10,Europa (08-16),LOW_VOL,Q1_bajo,0.2528314088266189,True,0.0036650470267455,0.40525505
2023-07-16 00:00:00+00:00,0,Asia   (00-08),LOW_VOL,Q2,0.5431299372139877,True,0.0022231118057740003,0.42727622
2023-07-16 01:00:00+00:00,1,Asia   (00-08),LOW_VOL,Q4_alto,1.138159225104952,True,0.0023305668411012998,0.42727622
2023-07-17 00:00:00+00:00,0,Asia   (00-08),MIDLOW_VOL,Q4_alto,1.3992732518327793,True,0.0051466309687398,0.452825
2023-07-17 01:00:00+00:00,1,Asia   (00-08),MIDLOW_VOL,Q4_alto,1.1941488196376089,True,0.0056411419738668,0.47070876
2023-07-18 00:00:00+00:00,0,Asia   (00-08),HIGH_VOL,Q1_bajo,0.37228204019889016,True,0.0111978454680535,0.49056244
2023-07-18 01:00:00+00:00,1,Asia   (00-08),HIGH_VOL,Q1_bajo,0.38929402063870205,True,0.011058495156539101,0.49056244
2023-07-19 00:00:00+00:00,0,Asia   (00-08),HIGH_VOL,Q4_alto,1.1456496310765623,True,0.011787142671693701,0.4449715
2023-07-19 02:00:00+00:00,2,Asia   (00-08),MIDHIGH_VOL,Q1_bajo,0.39079801777703926,True,0.010418984148141101,0.49056244
2023-07-20 00:00:00+00:00,0,Asia   (00-08),MIDHIGH_VOL,Q2,0.6226642137015816,False,-0.0054693727816288,0.47070876
2023-07-20 01:00:00+00:00,1,Asia   (00-08),MIDHIGH_VOL,Q1_bajo,0.41090882072597185,False,-0.0054413901571838,0.47070876
2023-07-21 01:00:00+00:00,1,Asia   (00-08),MIDHIGH_VOL,Q2,0.6187369536142049,True,0.010436299975174701,0.47979954
2023-07-21 02:00:00+00:00,2,Asia   (00-08),MIDHIGH_VOL,Q2,0.6034977032911744,True,0.010483801826051001,0.47979954
2023-07-22 00:00:00+00:00,0,Asia   (00-08),MIDLOW_VOL,Q2,0.5591816730193876,True,0.0054903135604814,0.47070876
2023-07-22 01:00:00+00:00,1,Asia   (00-08),MIDLOW_VOL,Q1_bajo,0.3891405570479592,True,0.0054253349445699,0.47070876
2023-07-23 01:00:00+00:00,1,Asia   (00-08),LOW_VOL,Q4_alto,1.2923195362446314,False,-0.0030215756581531,0.47070876
2023-07-23 05:00:00+00:00,5,Asia   (00-08),LOW_VOL,Q4_alto,2.3275332726120537,True,0.003800616121757,0.47070876
2023-07-24 00:00:00+00:00,0,Asia   (00-08),MIDHIGH_VOL,Q3,0.7141943769190764,True,0.0066778851611575,0.47070876
2023-07-24 02:00:00+00:00,2,Asia   (00-08),MIDHIGH_VOL,Q4_alto,2.3311835286591123,True,0.007853934147101801,0.452825
2023-07-25 01:00:00+00:00,1,Asia   (00-08),MIDLOW_VOL,Q1_bajo,0.4313288950258858,False,-0.0043437417072091,0.40525505
2023-07-25 03:00:00+00:00,3,Asia   (00-08),MIDLOW_VOL,Q1_bajo,0.2846247884677667,False,-0.0041748077047696,0.40525505
2023-07-26 00:00:00+00:00,0,Asia   (00-08),MIDLOW_VOL,Q3,0.9580874219321969,False,-0.0039605860438998,0.49056244
2023-07-26 01:00:00+00:00,1,Asia   (00-08),MIDLOW_VOL,Q3,0.9235930996120346,False,-0.0040295731602623,0.4725979
2023-07-27 15:00:00+00:00,15,Europa (08-16),MIDLOW_VOL,Q4_alto,1.8964333113224845,True,0.004647393947674001,0.452825
2023-07-27 16:00:00+00:00,16,USA    (16-24),LOW_VOL,Q3,0.9999567821670795,True,0.004548711592470301,0.452825
2023-07-28 00:00:00+00:00,0,Asia   (00-08),MIDLOW_VOL,Q3,0.7024140213699881,True,0.0050053417308254,0.49056244
2023-07-28 01:00:00+00:00,1,Asia   (00-08),MIDLOW_VOL,Q1_bajo,0.4074343040001547,True,0.004928421869092901,0.49056244
2023-07-29 01:00:00+00:00,1,Asia   (00-08),MIDLOW_VOL,Q1_bajo,0.3462608082395714,True,0.0052916049368303,0.47070876
2023-07-29 02:00:00+00:00,2,Asia   (00-08),MIDLOW_VOL,Q1_bajo,0.37615921754490883,True,0.0048277952933667,0.47070876
2023-07-30 15:00:00+00:00,15,Europa (08-16),LOW_VOL,Q4_alto,4.316247174474099,True,0.0022943564876653005,0.47070876
2023-07-30 16:00:00+00:00,16,USA    (16-24),LOW_VOL,Q4_alto,1.7349637404248939,True,0.0025855386779704004,0.47070876
2023-07-31 00:00:00+00:00,0,Asia   (00-08),HIGH_VOL,Q4_alto,2.7130199090773957,True,0.0071338224643569,0.47070876
2023-07-31 01:00:00+00:00,1,Asia   (00-08),HIGH_VOL,Q4_alto,1.1212228193041405,True,0.007305226670186,0.47070876
2023-08-01 00:00:00+00:00,0,Asia   (00-08),MIDHIGH_VOL,Q2,0.5494566996897507,True,0.005658263370392501,0.49056244
2023-08-01 01:00:00+00:00,1,Asia   (00-08),MIDHIGH_VOL,Q4_alto,1.3170676265865793,True,0.0064446439768203,0.4725979
2023-08-02 00:00:00+00:00,0,Asia   (00-08),HIGH_VOL,Q4_alto,2.5787426589960685,True,0.011070647036953301,0.48499078
2023-08-02 01:00:00+00:00,1,Asia   (00-08),HIGH_VOL,Q4_alto,1.959344138153277,True,0.0120803956155925,0.48499078
2023-08-03 00:00:00+00:00,0,Asia   (00-08),HIGH_VOL,Q1_bajo,0.32393882810703184,True,0.0090617895443902,0.4618718
2023-08-03 01:00:00+00:00,1,Asia   (00-08),HIGH_VOL,Q1_bajo,0.4322839052637703,True,0.0093024127164348,0.49056244
2023-08-04 00:00:00+00:00,0,Asia   (00-08),MIDHIGH_VOL,Q2,0.6710393619128251,True,0.0074661416237319,0.47070876
2023-08-04 01:00:00+00:00,1,Asia   (00-08),MIDHIGH_VOL,Q1_bajo,0.32140361895385916,True,0.007413731159757601,0.47070876
2023-08-05 00:00:00+00:00,0,Asia   (00-08),MIDHIGH_VOL,Q2,0.5499000648484998,True,0.0068099423612028,0.49056244
2023-08-05 01:00:00+00:00,1,Asia   (00-08),MIDHIGH_VOL,Q2,0.5150013949146448,True,0.006888775527755801,0.49056244
2023-08-07 00:00:00+00:00,0,Asia   (00-08),MIDLOW_VOL,Q4_alto,1.2684199783396812,False,-0.0030828986921418,0.47070876
2023-08-07 01:00:00+00:00,1,Asia   (00-08),MIDLOW_VOL,Q4_alto,1.9893988979820008,True,0.0041350463016311,0.47070876
2023-08-08 00:00:00+00:00,0,Asia   (00-08),MIDHIGH_VOL,Q2,0.4650195961232904,True,0.007459651240640401,0.47070876
2023-08-08 01:00:00+00:00,1,Asia   (00-08),HIGH_VOL,Q2,0.5482970418642463,False,-0.0047977049360347,0.47070876
2023-08-09 01:00:00+00:00,1,Asia   (00-08),HIGH_VOL,Q1_bajo,0.33948039753095705,True,0.0124782087923135,0.47070876
2023-08-09 02:00:00+00:00,2,Asia   (00-08),HIGH_VOL,Q3,0.9210181341131524,False,-0.006677455553432399,0.47070876
2023-08-10 00:00:00+00:00,0,Asia   (00-08),HIGH_VOL,Q2,0.5164497394629571,True,0.0096105161443762,0.47070876
2023-08-10 01:00:00+00:00,1,Asia   (00-08),HIGH_VOL,Q2,0.5493225546824113,True,0.0094383286846762,0.47070876
2023-08-10 15:00:00+00:00,15,Europa (08-16),MIDHIGH_VOL,Q4_alto,1.188761704277358,True,0.0062016731855715004,0.4725979
2023-08-10 16:00:00+00:00,16,USA    (16-24),MIDHIGH_VOL,Q4_alto,1.3997989127904136,True,0.0063503856771383,0.4725979
2023-08-11 00:00:00+00:00,0,Asia   (00-08),MIDHIGH_VOL,Q1_bajo,0.37346504241433326,True,0.0059899483233067,0.49056244
2023-08-11 01:00:00+00:00,1,Asia   (00-08),MIDLOW_VOL,Q1_bajo,0.27813534409141644,True,0.0058476222827734,0.49056244
2023-08-12 00:00:00+00:00,0,Asia   (00-08),MIDLOW_VOL,Q1_bajo,0.418559081037819,True,0.004047088629949401,0.49056244
2023-08-14 03:00:00+00:00,3,Asia   (00-08),MIDLOW_VOL,Q4_alto,1.8836084906901809,True,0.0039922422592718,0.47070876
2023-08-14 04:00:00+00:00,4,Asia   (00-08),MIDHIGH_VOL,Q4_alto,1.1392964192238695,True,0.004224936342263601,0.47070876
2023-08-15 03:00:00+00:00,3,Asia   (00-08),MIDHIGH_VOL,Q1_bajo,0.19956902949295507,True,0.0059304852550917005,0.47070876
2023-08-15 04:00:00+00:00,4,Asia   (00-08),MIDHIGH_VOL,Q1_bajo,0.22922098807985006,True,0.005062766699049,0.47070876
2023-08-16 00:00:00+00:00,0,Asia   (00-08),MIDHIGH_VOL,Q2,0.6591884569909605,True,0.005302063770786201,0.4618718
2023-08-16 01:00:00+00:00,1,Asia   (00-08),MIDHIGH_VOL,Q2,0.6429463530819065,True,0.005348229798794101,0.49056244
2023-08-17 00:00:00+00:00,0,Asia   (00-08),HIGH_VOL,Q4_alto,4.043475001546506,True,0.0099844293140567,0.40525505
2023-08-17 01:00:00+00:00,1,Asia   (00-08),HIGH_VOL,Q3,0.9862004312752439,True,0.0101638859219182,0.40525505
2023-08-18 00:00:00+00:00,0,Asia   (00-08),HIGH_VOL,Q3,0.7452878607672822,True,0.0376840598768976,0.4772436
2023-08-18 01:00:00+00:00,1,Asia   (00-08),HIGH_VOL,Q1_bajo,0.4023611122949677,True,0.0384409816619043,0.4684447
2023-08-19 00:00:00+00:00,0,Asia   (00-08),HIGH_VOL,Q1_bajo,0.37335264895293646,True,0.0168898787801789,0.4270911
2023-08-19 01:00:00+00:00,1,Asia   (00-08),HIGH_VOL,Q1_bajo,0.2860642151842591,True,0.016680493427775802,0.4270911
2023-08-20 00:00:00+00:00,0,Asia   (00-08),MIDHIGH_VOL,Q2,0.5296887397881525,True,0.0071244942333402,0.45563745
2023-08-20 03:00:00+00:00,3,Asia   (00-08),MIDHIGH_VOL,Q2,0.5193472483051235,True,0.0076366879968549,0.49056244
2023-08-21 02:00:00+00:00,2,Asia   (00-08),MIDHIGH_VOL,Q3,0.6989360953787226,True,0.0061082568405371,0.47070876
2023-08-21 03:00:00+00:00,3,Asia   (00-08),MIDHIGH_VOL,Q2,0.4652721470848937,True,0.0058402203609243,0.47070876
2023-08-22 00:00:00+00:00,0,Asia   (00-08),MIDHIGH_VOL,Q1_bajo,0.38872564660849185,True,0.0082160710657619,0.47070876
2023-08-22 02:00:00+00:00,2,Asia   (00-08),MIDHIGH_VOL,Q1_bajo,0.28904964734111493,True,0.0076076255985945,0.47070876
2023-08-23 00:00:00+00:00,0,Asia   (00-08),HIGH_VOL,Q4_alto,1.1970921873591605,True,0.0146827736371315,0.49056244
2023-08-23 01:00:00+00:00,1,Asia   (00-08),HIGH_VOL,Q2,0.4974878948898058,True,0.014955571027507702,0.49056244
2023-08-24 02:00:00+00:00,2,Asia   (00-08),HIGH_VOL,Q1_bajo,0.26615622358893276,True,0.0152580488544985,0.4610217
2023-08-24 15:00:00+00:00,15,Europa (08-16),MIDLOW_VOL,Q4_alto,2.231149909783337,True,0.0076268390439065,0.452825
2023-08-24 16:00:00+00:00,16,USA    (16-24),MIDHIGH_VOL,Q4_alto,1.4989984693774083,True,0.008104028462085201,0.452825
2023-08-25 00:00:00+00:00,0,Asia   (00-08),MIDHIGH_VOL,Q1_bajo,0.4388479624031061,True,0.0096882433761591,0.47979954
2023-08-25 01:00:00+00:00,1,Asia   (00-08),MIDHIGH_VOL,Q1_bajo,0.30026891544973316,True,0.0094622126004091,0.49056244
2023-08-26 04:00:00+00:00,4,Asia   (00-08),MIDLOW_VOL,Q1_bajo,0.18110711705987276,True,0.0064275756838345,0.49056244
2023-08-26 05:00:00+00:00,5,Asia   (00-08),LOW_VOL,Q1_bajo,0.1455233873511888,True,0.0052274774248633,0.49056244
2023-08-27 19:00:00+00:00,19,USA    (16-24),LOW_VOL,Q4_alto,1.3161449761983461,True,0.002631830563499,0.47070876
2023-08-27 22:00:00+00:00,22,USA    (16-24),LOW_VOL,Q3,0.8447036098250129,True,0.0032845727083126,0.47070876
2023-08-28 01:00:00+00:00,1,Asia   (00-08),MIDLOW_VOL,Q4_alto,1.5686226689183667,True,0.0040876091495953,0.47070876
2023-08-28 02:00:00+00:00,2,Asia   (00-08),MIDLOW_VOL,Q3,0.6856167327803916,True,0.004203049008471,0.47070876
2023-08-29 00:00:00+00:00,0,Asia   (00-08),MIDHIGH_VOL,Q2,0.6589456384430171,True,0.007022705800017501,0.47070876
2023-08-29 01:00:00+00:00,1,Asia   (00-08),MIDHIGH_VOL,Q3,0.9669659645014655,True,0.007338501001679201,0.47070876
2023-08-30 00:00:00+00:00,0,Asia   (00-08),HIGH_VOL,Q1_bajo,0.32635430120448705,True,0.0234260282186821,0.4852
2023-08-30 01:00:00+00:00,1,Asia   (00-08),HIGH_VOL,Q2,0.486649891641389,True,0.0240848034954429,0.498339
2023-08-31 00:00:00+00:00,0,Asia   (00-08),HIGH_VOL,Q1_bajo,0.4038505949389279,False,-0.0062882740683144,0.47070876
2023-08-31 01:00:00+00:00,1,Asia   (00-08),HIGH_VOL,Q1_bajo,0.4195970925720853,False,-0.0062027114397534,0.47070876
2023-09-01 02:00:00+00:00,2,Asia   (00-08),HIGH_VOL,Q1_bajo,0.3299037138648556,True,0.0186148507715648,0.43381035
2023-09-01 03:00:00+00:00,3,Asia   (00-08),HIGH_VOL,Q1_bajo,0.170196218320925,True,0.0181330977175404,0.42919344
2023-09-02 09:00:00+00:00,9,Europa (08-16),MIDLOW_VOL,Q1_bajo,0.25618652540851455,False,-0.0037970602828082,0.4449715
2023-09-02 10:00:00+00:00,10,Europa (08-16),LOW_VOL,Q1_bajo,0.3273077391679844,True,0.0034979085979860002,0.4449715
2023-09-03 00:00:00+00:00,0,Asia   (00-08),LOW_VOL,Q3,0.7010069302221071,False,-0.0031887305270134995,0.49056244
2023-09-03 01:00:00+00:00,1,Asia   (00-08),LOW_VOL,Q3,0.7881318301273964,False,-0.0031351316464201,0.49056244
2023-09-04 00:00:00+00:00,0,Asia   (00-08),MIDHIGH_VOL,Q3,0.708799461423725,True,0.0071082645804169,0.47070876
2023-09-04 01:00:00+00:00,1,Asia   (00-08),MIDHIGH_VOL,Q2,0.5956363103526828,True,0.007196222720274601,0.47070876
2023-09-05 00:00:00+00:00,0,Asia   (00-08),MIDHIGH_VOL,Q3,0.8730045010819418,True,0.0076429510964394,0.4725979
2023-09-05 01:00:00+00:00,1,Asia   (00-08),MIDHIGH_VOL,Q2,0.4586188658887935,True,0.007545189119293201,0.4725979
2023-09-06 00:00:00+00:00,0,Asia   (00-08),MIDLOW_VOL,Q2,0.618815445407991,True,0.0059547651356126,0.49056244
2023-09-06 01:00:00+00:00,1,Asia   (00-08),MIDLOW_VOL,Q1_bajo,0.42056454826372086,True,0.0060104831378461005,0.47070876
2023-09-07 02:00:00+00:00,2,Asia   (00-08),MIDHIGH_VOL,Q1_bajo,0.2593449944944557,True,0.0109171586203834,0.47070876
2023-09-07 15:00:00+00:00,15,Europa (08-16),LOW_VOL,Q4_alto,2.800262214809481,False,-0.0033864322112316,0.47070876
2023-09-07 16:00:00+00:00,16,USA    (16-24),MIDLOW_VOL,Q4_alto,3.0258325519852765,False,-0.0037178281601648,0.47070876
2023-09-08 00:00:00+00:00,0,Asia   (00-08),HIGH_VOL,Q4_alto,1.197759678771426,True,0.012529933684837801,0.48499078
2023-09-08 02:00:00+00:00,2,Asia   (00-08),HIGH_VOL,Q2,0.5578466285423076,True,0.0130808679605084,0.47070876
2023-09-09 01:00:00+00:00,1,Asia   (00-08),MIDLOW_VOL,Q1_bajo,0.19119651468797116,True,0.0053900743876678005,0.49056244
2023-09-09 02:00:00+00:00,2,Asia   (00-08),MIDLOW_VOL,Q1_bajo,0.2873151999115228,True,0.004976857183708601,0.49056244
2023-09-10 01:00:00+00:00,1,Asia   (00-08),LOW_VOL,Q3,1.0056140501464967,True,0.0023194195556110004,0.47070876
2023-09-10 02:00:00+00:00,2,Asia   (00-08),LOW_VOL,Q2,0.5892256422772512,True,0.0023356902390404997,0.47070876
2023-09-11 00:00:00+00:00,0,Asia   (00-08),HIGH_VOL,Q4_alto,2.2812337257529642,True,0.008342845587892101,0.452825
2023-09-11 01:00:00+00:00,1,Asia   (00-08),HIGH_VOL,Q3,0.8305675549984329,True,0.0086786354964326,0.452825
2023-09-12 00:00:00+00:00,0,Asia   (00-08),HIGH_VOL,Q1_bajo,0.39869563491534177,False,-0.007138861459266,0.40525505
2023-09-12 01:00:00+00:00,1,Asia   (00-08),HIGH_VOL,Q1_bajo,0.2675543207037975,False,-0.0070527423289202,0.40525505
2023-09-13 02:00:00+00:00,2,Asia   (00-08),HIGH_VOL,Q1_bajo,0.2602417928118536,False,-0.007698215257931199,0.47070876
2023-09-13 03:00:00+00:00,3,Asia   (00-08),HIGH_VOL,Q1_bajo,0.32174426351618823,False,-0.007252171761686,0.47070876
2023-09-14 01:00:00+00:00,1,Asia   (00-08),HIGH_VOL,Q4_alto,2.375121349485252,False,-0.00725560563974,0.47070876
2023-09-14 02:00:00+00:00,2,Asia   (00-08),HIGH_VOL,Q1_bajo,0.3764780737517987,False,-0.0069265086457665995,0.47070876
2023-09-15 01:00:00+00:00,1,Asia   (00-08),HIGH_VOL,Q1_bajo,0.42928621902382325,True,0.0126176131154613,0.47070876
2023-09-15 02:00:00+00:00,2,Asia   (00-08),MIDHIGH_VOL,Q2,0.5155652914708084,True,0.0117170388569323,0.47070876
2023-09-16 00:00:00+00:00,0,Asia   (00-08),MIDHIGH_VOL,Q3,0.8003497535454085,True,0.0106416137868263,0.47070876
2023-09-16 01:00:00+00:00,1,Asia   (00-08),MIDHIGH_VOL,Q2,0.6003237843884365,True,0.0097350977922278,0.47070876
2023-09-17 09:00:00+00:00,9,Europa (08-16),LOW_VOL,Q3,1.0126970055241606,True,0.0031010891467677,0.47070876
2023-09-17 10:00:00+00:00,10,Europa (08-16),LOW_VOL,Q4_alto,1.148390323631773,True,0.0030906207696354,0.47070876
2023-09-18 00:00:00+00:00,0,Asia   (00-08),MIDLOW_VOL,Q4_alto,3.0946239867982968,False,-0.0034209019713744996,0.47070876
2023-09-18 01:00:00+00:00,1,Asia   (00-08),MIDLOW_VOL,Q3,0.9345852616104229,False,-0.0033861441582647995,0.47070876
2023-09-19 00:00:00+00:00,0,Asia   (00-08),HIGH_VOL,Q2,0.5468728632633642,False,-0.0070506355438484,0.47070876
2023-09-19 01:00:00+00:00,1,Asia   (00-08),HIGH_VOL,Q1_bajo,0.24712570848626045,False,-0.006874416413647199,0.47070876
2023-09-20 00:00:00+00:00,0,Asia   (00-08),MIDHIGH_VOL,Q1_bajo,0.4171635804366506,True,0.0129344092800403,0.47070876
2023-09-20 01:00:00+00:00,1,Asia   (00-08),MIDHIGH_VOL,Q2,0.5905905341671982,True,0.012932088717067,0.47070876
2023-09-21 01:00:00+00:00,1,Asia   (00-08),MIDHIGH_VOL,Q2,0.640782487071778,True,0.0109086526711321,0.47070876
2023-09-21 02:00:00+00:00,2,Asia   (00-08),MIDHIGH_VOL,Q2,0.5792430808495064,True,0.010888519483602801,0.452825
2023-09-21 17:00:00+00:00,17,USA    (16-24),MIDHIGH_VOL,Q3,0.7989729335044295,True,0.010104786218436801,0.40525505
2023-09-21 18:00:00+00:00,18,USA    (16-24),MIDHIGH_VOL,Q2,0.48907735435607985,True,0.0099879764841379,0.40525505
2023-09-22 04:00:00+00:00,4,Asia   (00-08),LOW_VOL,Q1_bajo,0.31763454559486903,True,0.0057837264529225,0.4449715
2023-09-22 05:00:00+00:00,5,Asia   (00-08),LOW_VOL,Q1_bajo,0.28079714314869975,True,0.0054658948657013,0.4449715
2023-09-23 00:00:00+00:00,0,Asia   (00-08),LOW_VOL,Q2,0.5847816107674245,True,0.0044160399343739,0.49056244
2023-09-23 01:00:00+00:00,1,Asia   (00-08),LOW_VOL,Q1_bajo,0.3228898892231794,True,0.004356777370247301,0.49056244
2023-09-24 19:00:00+00:00,19,USA    (16-24),MIDLOW_VOL,Q4_alto,4.711434715732718,True,0.0046585885881828,0.452825
2023-09-24 20:00:00+00:00,20,USA    (16-24),MIDLOW_VOL,Q4_alto,1.3781718458206897,True,0.0051707664172757,0.452825
2023-09-25 00:00:00+00:00,0,Asia   (00-08),MIDHIGH_VOL,Q4_alto,4.20107334303987,True,0.009023953526989,0.4618718
2023-09-25 01:00:00+00:00,1,Asia   (00-08),MIDHIGH_VOL,Q4_alto,1.936579117996968,True,0.009876623555401101,0.4618718
2023-09-26 01:00:00+00:00,1,Asia   (00-08),MIDLOW_VOL,Q2,0.47116752173670323,True,0.0066063864011825,0.49056244
2023-09-26 02:00:00+00:00,2,Asia   (00-08),MIDLOW_VOL,Q2,0.5535511803668913,True,0.0062831481391099,0.49056244
2023-09-27 00:00:00+00:00,0,Asia   (00-08),MIDLOW_VOL,Q3,1.0242507176386761,False,-0.0045030087620847,0.49056244
2023-09-27 01:00:00+00:00,1,Asia   (00-08),MIDLOW_VOL,Q1_bajo,0.4180198388272117,False,-0.0043733935715646,0.49056244
2023-09-28 02:00:00+00:00,2,Asia   (00-08),HIGH_VOL,Q2,0.5599635200658238,False,-0.00595982823709,0.47070876
2023-09-28 03:00:00+00:00,3,Asia   (00-08),MIDHIGH_VOL,Q1_bajo,0.24884976894121283,False,-0.0055479533082701,0.47070876
2023-09-29 01:00:00+00:00,1,Asia   (00-08),HIGH_VOL,Q2,0.48840543454953955,True,0.013273571539573101,0.47070876
2023-09-29 02:00:00+00:00,2,Asia   (00-08),HIGH_VOL,Q3,0.7517972772387349,True,0.0139368674481083,0.47070876
2023-09-30 18:00:00+00:00,18,USA    (16-24),LOW_VOL,Q2,0.6608367384407793,True,0.0026931737675453,0.47070876
2023-09-30 21:00:00+00:00,21,USA    (16-24),MIDLOW_VOL,Q4_alto,1.3851029501383658,False,-0.0030523145991274998,0.47070876
2023-10-01 00:00:00+00:00,0,Asia   (00-08),MIDLOW_VOL,Q2,0.664616616975043,False,-0.0031843432185101996,0.47070876
2023-10-01 01:00:00+00:00,1,Asia   (00-08),MIDLOW_VOL,Q3,0.7606453339588202,False,-0.0031534934406569,0.47070876
2023-10-02 00:00:00+00:00,0,Asia   (00-08),HIGH_VOL,Q4_alto,1.5638352803150697,False,-0.006285150792712599,0.48499078
2023-10-02 01:00:00+00:00,1,Asia   (00-08),HIGH_VOL,Q3,0.9070275958051006,False,-0.0064272873861413,0.48499078
2023-10-03 02:00:00+00:00,2,Asia   (00-08),HIGH_VOL,Q1_bajo,0.22950601498568135,True,0.0199275378254591,0.46142325
2023-10-03 03:00:00+00:00,3,Asia   (00-08),HIGH_VOL,Q1_bajo,0.3210697583925745,True,0.0190490308160617,0.46142325
2023-10-04 07:00:00+00:00,7,Asia   (00-08),MIDLOW_VOL,Q1_bajo,0.4105855646226237,True,0.008126163232584001,0.45563745
2023-10-04 09:00:00+00:00,9,Europa (08-16),MIDLOW_VOL,Q3,0.8994236644416359,True,0.0077266311940047995,0.49056244
2023-10-05 00:00:00+00:00,0,Asia   (00-08),MIDHIGH_VOL,Q4_alto,1.2332259047509264,True,0.0093426989329828,0.47070876
2023-10-05 01:00:00+00:00,1,Asia   (00-08),MIDHIGH_VOL,Q3,0.8352551841362308,True,0.0095961705472303,0.47070876
2023-10-05 15:00:00+00:00,15,Europa (08-16),MIDHIGH_VOL,Q4_alto,5.04537217665237,True,0.0094821247017325,0.47070876
2023-10-05 22:00:00+00:00,22,USA    (16-24),HIGH_VOL,Q1_bajo,0.4074627364575347,False,-0.0063193141740216,0.452825
2023-10-06 00:00:00+00:00,0,Asia   (00-08),MIDHIGH_VOL,Q1_bajo,0.33397037570943533,True,0.0113428353835494,0.4618718
2023-10-06 01:00:00+00:00,1,Asia   (00-08),MIDHIGH_VOL,Q1_bajo,0.43852632898043775,True,0.011333670182320201,0.49056244
2023-10-07 08:00:00+00:00,8,Europa (08-16),MIDLOW_VOL,Q3,0.7222684215788924,True,0.0079032637124352,0.47070876
2023-10-07 09:00:00+00:00,9,Europa (08-16),MIDLOW_VOL,Q2,0.4844854690376106,True,0.0075606287039421995,0.47070876
2023-10-08 01:00:00+00:00,1,Asia   (00-08),LOW_VOL,Q4_alto,1.3358929893272486,True,0.0029666432833985006,0.47070876
2023-10-08 02:00:00+00:00,2,Asia   (00-08),LOW_VOL,Q4_alto,1.7753322966278497,True,0.0032996344270249,0.47070876
2023-10-09 00:00:00+00:00,0,Asia   (00-08),MIDLOW_VOL,Q3,1.0444159561002397,True,0.0058640537219461,0.452825
2023-10-09 01:00:00+00:00,1,Asia   (00-08),MIDLOW_VOL,Q4_alto,1.3734376446027077,True,0.0065290394338954,0.47070876
2023-10-10 01:00:00+00:00,1,Asia   (00-08),MIDHIGH_VOL,Q2,0.5022896180095863,True,0.0087501791819524,0.4449715
2023-10-10 02:00:00+00:00,2,Asia   (00-08),MIDLOW_VOL,Q2,0.47989120930380946,True,0.0085275159621102,0.45563745
2023-10-11 00:00:00+00:00,0,Asia   (00-08),MIDLOW_VOL,Q1_bajo,0.4133293668603222,True,0.007802070996680101,0.47979954
2023-10-11 01:00:00+00:00,1,Asia   (00-08),MIDLOW_VOL,Q1_bajo,0.30006757224905356,True,0.0075191028089562,0.49056244
2023-10-12 00:00:00+00:00,0,Asia   (00-08),HIGH_VOL,Q2,0.5092593446144018,True,0.0100909073459943,0.40525505
2023-10-12 02:00:00+00:00,2,Asia   (00-08),MIDHIGH_VOL,Q2,0.6662734095486905,True,0.0096367825837953,0.42271143
2023-10-13 03:00:00+00:00,3,Asia   (00-08),MIDLOW_VOL,Q2,0.44708428401348543,True,0.0065620319500071,0.49056244
2023-10-13 04:00:00+00:00,4,Asia   (00-08),MIDLOW_VOL,Q1_bajo,0.26666816596421944,True,0.0059410975951782,0.49056244
2023-10-14 10:00:00+00:00,10,Europa (08-16),MIDLOW_VOL,Q1_bajo,0.30610923906056664,True,0.0055745359557206,0.47070876
2023-10-14 11:00:00+00:00,11,Europa (08-16),LOW_VOL,Q1_bajo,0.26140970008665626,True,0.0041956824966612,0.47070876
2023-10-15 01:00:00+00:00,1,Asia   (00-08),LOW_VOL,Q4_alto,1.1766710745949063,True,0.0022863170427697005,0.47070876
2023-10-15 04:00:00+00:00,4,Asia   (00-08),LOW_VOL,Q2,0.6341265281000776,True,0.0021065460574754002,0.47070876
2023-10-16 00:00:00+00:00,0,Asia   (00-08),HIGH_VOL,Q3,1.0243644248017978,False,-0.0049164236478623,0.47070876
2023-10-16 01:00:00+00:00,1,Asia   (00-08),HIGH_VOL,Q4_alto,1.2425268685534463,False,-0.0050911348389958,0.47070876
2023-10-17 03:00:00+00:00,3,Asia   (00-08),HIGH_VOL,Q1_bajo,0.1526318404289935,True,0.015478352415563099,0.4801261
2023-10-17 04:00:00+00:00,4,Asia   (00-08),HIGH_VOL,Q2,0.5237401035015704,False,-0.0072789453669666,0.47070876
2023-10-18 00:00:00+00:00,0,Asia   (00-08),HIGH_VOL,Q2,0.5152903403579088,False,-0.0060554927270364,0.47070876
2023-10-18 01:00:00+00:00,1,Asia   (00-08),HIGH_VOL,Q1_bajo,0.40160145710530715,False,-0.0060323419699565995,0.47070876
2023-10-19 00:00:00+00:00,0,Asia   (00-08),MIDLOW_VOL,Q1_bajo,0.43308208755126176,True,0.007066248117358901,0.47070876
2023-10-19 01:00:00+00:00,1,Asia   (00-08),MIDHIGH_VOL,Q4_alto,1.772263334486075,False,-0.0050359525901689,0.49056244
2023-10-19 15:00:00+00:00,15,Europa (08-16),MIDLOW_VOL,Q4_alto,3.7808294940640654,False,-0.0047909309553302,0.47070876
2023-10-19 16:00:00+00:00,16,USA    (16-24),MIDHIGH_VOL,Q4_alto,3.279199217088559,True,0.008986742799603601,0.47070876
2023-10-20 00:00:00+00:00,0,Asia   (00-08),HIGH_VOL,Q2,0.5286485937895902,False,-0.0062934519961965,0.47070876
2023-10-20 01:00:00+00:00,1,Asia   (00-08),HIGH_VOL,Q1_bajo,0.4410618668488294,False,-0.0062839536652576,0.47070876
2023-10-21 00:00:00+00:00,0,Asia   (00-08),MIDHIGH_VOL,Q1_bajo,0.30259298302171955,True,0.0113934790987415,0.47070876
2023-10-21 02:00:00+00:00,2,Asia   (00-08),MIDLOW_VOL,Q1_bajo,0.3423632327389375,False,-0.0051570730572359,0.47070876
2023-10-22 02:00:00+00:00,2,Asia   (00-08),MIDHIGH_VOL,Q1_bajo,0.42997876943251345,True,0.0115772348915179,0.47070876
2023-10-22 03:00:00+00:00,3,Asia   (00-08),MIDHIGH_VOL,Q1_bajo,0.29595455180513,True,0.011248412340040601,0.47070876
2023-10-23 01:00:00+00:00,1,Asia   (00-08),MIDLOW_VOL,Q4_alto,5.28050314476502,True,0.0097547072324707,0.47070876
2023-10-23 02:00:00+00:00,2,Asia   (00-08),MIDLOW_VOL,Q4_alto,1.5427572831879,False,-0.0058767119820751,0.47070876
2023-10-24 00:00:00+00:00,0,Asia   (00-08),HIGH_VOL,Q4_alto,1.345891331788666,False,-0.0193415831097664,0.36478743
2023-10-24 02:00:00+00:00,2,Asia   (00-08),HIGH_VOL,Q4_alto,2.329835715988359,True,0.0490374952833639,0.36478743
2023-10-25 01:00:00+00:00,1,Asia   (00-08),HIGH_VOL,Q3,0.7316756158328144,True,0.0290768375696313,0.4663089
2023-10-25 03:00:00+00:00,3,Asia   (00-08),HIGH_VOL,Q1_bajo,0.27780977710273874,False,-0.012627529522084199,0.45287988
2023-10-26 00:00:00+00:00,0,Asia   (00-08),MIDHIGH_VOL,Q2,0.5570554091330733,True,0.018984233646821,0.4597862
2023-10-26 01:00:00+00:00,1,Asia   (00-08),MIDHIGH_VOL,Q2,0.5320970297940081,True,0.0183375794462175,0.4597862
2023-10-27 00:00:00+00:00,0,Asia   (00-08),MIDHIGH_VOL,Q2,0.6229205441037564,True,0.0134938775510204,0.45674953
2023-10-27 02:00:00+00:00,2,Asia   (00-08),MIDHIGH_VOL,Q3,0.7135716179839993,True,0.0135495715500878,0.4343614
2023-10-28 00:00:00+00:00,0,Asia   (00-08),MIDLOW_VOL,Q1_bajo,0.3070285326547881,False,-0.0061202111407288,0.4449715
2023-10-28 01:00:00+00:00,1,Asia   (00-08),MIDLOW_VOL,Q1_bajo,0.27531700402095777,False,-0.0059830722766757,0.4449715
2023-10-29 00:00:00+00:00,0,Asia   (00-08),LOW_VOL,Q2,0.5648049882403937,True,0.0069859580077244,0.47070876
2023-10-29 01:00:00+00:00,1,Asia   (00-08),LOW_VOL,Q4_alto,1.2132038033714592,False,-0.0040016557911737,0.47070876
2023-10-30 00:00:00+00:00,0,Asia   (00-08),MIDLOW_VOL,Q2,0.6561073489711053,True,0.0106535742262785,0.47070876
2023-10-30 01:00:00+00:00,1,Asia   (00-08),MIDLOW_VOL,Q2,0.6077634645612497,True,0.0104115278830599,0.47070876
2023-10-31 00:00:00+00:00,0,Asia   (00-08),MIDLOW_VOL,Q3,0.7106976365226594,True,0.011168911591225501,0.47070876
2023-10-31 01:00:00+00:00,1,Asia   (00-08),MIDLOW_VOL,Q2,0.5100321137475761,True,0.0109958954829417,0.47070876
2023-11-01 00:00:00+00:00,0,Asia   (00-08),MIDLOW_VOL,Q3,0.9545899208879067,True,0.0107082448156698,0.47070876
2023-11-01 01:00:00+00:00,1,Asia   (00-08),MIDLOW_VOL,Q1_bajo,0.4332156329311166,True,0.0104655419811301,0.47070876
2023-11-02 00:00:00+00:00,0,Asia   (00-08),HIGH_VOL,Q3,0.9029683112094528,True,0.0226252455207232,0.4801261
2023-11-02 01:00:00+00:00,1,Asia   (00-08),HIGH_VOL,Q2,0.48011296370642054,True,0.022869608115112,0.48411405
2023-11-02 15:00:00+00:00,15,Europa (08-16),HIGH_VOL,Q4_alto,1.4095829829956863,True,0.0153061002060067,0.42912266
2023-11-02 16:00:00+00:00,16,USA    (16-24),HIGH_VOL,Q4_alto,1.666138308885029,True,0.015195930065472402,0.41829616
2023-11-03 00:00:00+00:00,0,Asia   (00-08),HIGH_VOL,Q4_alto,1.1604364646989345,True,0.016441227298597802,0.44359666
2023-11-03 01:00:00+00:00,1,Asia   (00-08),HIGH_VOL,Q3,0.9375088176523448,True,0.0169010668020182,0.44359666
2023-11-04 00:00:00+00:00,0,Asia   (00-08),MIDLOW_VOL,Q1_bajo,0.31913103721676156,False,-0.005819034300032899,0.49056244
2023-11-04 01:00:00+00:00,1,Asia   (00-08),MIDLOW_VOL,Q2,0.47127794177150445,True,0.0104435456357769,0.49056244
2023-11-05 00:00:00+00:00,0,Asia   (00-08),LOW_VOL,Q4_alto,1.3218425795167075,False,-0.0042392165270262,0.47070876
2023-11-05 01:00:00+00:00,1,Asia   (00-08),LOW_VOL,Q3,0.6930114974340864,True,0.0064531703285580005,0.47070876
2023-11-06 00:00:00+00:00,0,Asia   (00-08),HIGH_VOL,Q3,0.9308669088890015,True,0.0130367988361299,0.46746
2023-11-06 03:00:00+00:00,3,Asia   (00-08),HIGH_VOL,Q2,0.5632405325796397,True,0.0127750798427272,0.46746
2023-11-07 00:00:00+00:00,0,Asia   (00-08),MIDLOW_VOL,Q4_alto,1.117949367356007,True,0.0093575236001805,0.47070876
2023-11-07 01:00:00+00:00,1,Asia   (00-08),MIDLOW_VOL,Q2,0.5216811226974295,True,0.0091849586890348,0.47070876
2023-11-08 01:00:00+00:00,1,Asia   (00-08),HIGH_VOL,Q1_bajo,0.2779614183560571,True,0.0137042168796301,0.46746
2023-11-08 03:00:00+00:00,3,Asia   (00-08),MIDHIGH_VOL,Q1_bajo,0.3286856972147057,True,0.0129829673225793,0.4597862
2023-11-09 00:00:00+00:00,0,Asia   (00-08),HIGH_VOL,Q4_alto,1.2541438023596296,False,-0.0078466079882611,0.4597862
2023-11-09 01:00:00+00:00,1,Asia   (00-08),HIGH_VOL,Q4_alto,1.2317494438361019,False,-0.0081446659827596,0.4597862
2023-11-10 02:00:00+00:00,2,Asia   (00-08),HIGH_VOL,Q1_bajo,0.28016414778262017,True,0.030251844701263,0.4773583
2023-11-10 04:00:00+00:00,4,Asia   (00-08),HIGH_VOL,Q1_bajo,0.2535929615148323,True,0.0251810827632985,0.46388772
2023-11-11 00:00:00+00:00,0,Asia   (00-08),HIGH_VOL,Q2,0.6423576754577847,True,0.0139549898638753,0.4597862
2023-11-11 06:00:00+00:00,6,Asia   (00-08),MIDLOW_VOL,Q1_bajo,0.3080413115930435,True,0.0098126384951588,0.47070876
2023-11-12 05:00:00+00:00,5,Asia   (00-08),MIDLOW_VOL,Q3,0.8151677219558566,True,0.0095525309972393,0.47070876
2023-11-12 06:00:00+00:00,6,Asia   (00-08),MIDLOW_VOL,Q3,0.7842409401619977,True,0.0093757611165606,0.47070876
2023-11-13 00:00:00+00:00,0,Asia   (00-08),LOW_VOL,Q4_alto,2.001254672897869,False,-0.0039171149839677,0.47070876
2023-11-13 01:00:00+00:00,1,Asia   (00-08),LOW_VOL,Q4_alto,3.276935104909067,True,0.006667323466996701,0.47070876
2023-11-14 00:00:00+00:00,0,Asia   (00-08),MIDHIGH_VOL,Q4_alto,1.9896596534825517,False,-0.006550461869431899,0.42135316
2023-11-14 02:00:00+00:00,2,Asia   (00-08),MIDHIGH_VOL,Q1_bajo,0.40140710759982384,True,0.0111474641459187,0.42135316
2023-11-15 00:00:00+00:00,0,Asia   (00-08),HIGH_VOL,Q1_bajo,0.31680132777349573,False,-0.010673819714865,0.43381035
2023-11-15 01:00:00+00:00,1,Asia   (00-08),HIGH_VOL,Q2,0.4527538444737848,False,-0.0106741542891321,0.43381035
2023-11-16 00:00:00+00:00,0,Asia   (00-08),HIGH_VOL,Q3,0.8153274621725025,False,-0.0098408553769488,0.5126473
2023-11-16 01:00:00+00:00,1,Asia   (00-08),HIGH_VOL,Q3,1.0588470858512191,True,0.0205144474265439,0.498339
2023-11-16 15:00:00+00:00,15,Europa (08-16),MIDHIGH_VOL,Q4_alto,2.2270667550258354,True,0.0144807865651978,0.41829616
2023-11-16 16:00:00+00:00,16,USA    (16-24),MIDHIGH_VOL,Q3,0.9958311102997188,True,0.014723218649711,0.41829616
2023-11-17 01:00:00+00:00,1,Asia   (00-08),HIGH_VOL,Q2,0.5642159740491456,True,0.0198445930532336,0.4343614
2023-11-17 02:00:00+00:00,2,Asia   (00-08),HIGH_VOL,Q2,0.6291061129511238,True,0.0199054496851047,0.4343614
2023-11-18 04:00:00+00:00,4,Asia   (00-08),MIDHIGH_VOL,Q1_bajo,0.17607316062805348,False,-0.006658915402596099,0.46746
2023-11-18 05:00:00+00:00,5,Asia   (00-08),MIDLOW_VOL,Q1_bajo,0.30473436557338907,False,-0.0064060549930735,0.46746
2023-11-19 01:00:00+00:00,1,Asia   (00-08),LOW_VOL,Q3,0.9081548367657167,True,0.0062372507655878,0.47070876
2023-11-19 03:00:00+00:00,3,Asia   (00-08),LOW_VOL,Q2,0.5080975142904005,True,0.006095050840086501,0.47070876
2023-11-20 00:00:00+00:00,0,Asia   (00-08),MIDLOW_VOL,Q4_alto,1.6113720217762995,True,0.009367590196639101,0.48499078
2023-11-20 01:00:00+00:00,1,Asia   (00-08),MIDLOW_VOL,Q3,0.8207347247663394,True,0.009266158158342001,0.48499078
2023-11-21 01:00:00+00:00,1,Asia   (00-08),HIGH_VOL,Q2,0.4620932974210628,True,0.0176992703446259,0.4597862
2023-11-21 02:00:00+00:00,2,Asia   (00-08),HIGH_VOL,Q2,0.6470409557624166,True,0.0183713359355254,0.4597862
2023-11-22 06:00:00+00:00,6,Asia   (00-08),HIGH_VOL,Q1_bajo,0.3712967279837263,False,-0.009158062413383199,0.4343614
2023-11-22 07:00:00+00:00,7,Asia   (00-08),MIDHIGH_VOL,Q1_bajo,0.2778466897897621,False,-0.0079163134389402,0.4343614
2023-11-23 01:00:00+00:00,1,Asia   (00-08),MIDHIGH_VOL,Q1_bajo,0.37000766498621207,True,0.0156607625869614,0.4597862
2023-11-23 03:00:00+00:00,3,Asia   (00-08),MIDHIGH_VOL,Q1_bajo,0.3651503883455794,True,0.0153420385409129,0.4597862
2023-11-24 00:00:00+00:00,0,Asia   (00-08),MIDLOW_VOL,Q1_bajo,0.359199406184672,False,-0.005368304066957499,0.47070876
2023-11-24 01:00:00+00:00,1,Asia   (00-08),LOW_VOL,Q3,1.0332591091541483,False,-0.0051341947629641995,0.47070876
2023-11-25 02:00:00+00:00,2,Asia   (00-08),MIDHIGH_VOL,Q1_bajo,0.22649972353238534,True,0.012638470100814,0.4597862
2023-11-25 03:00:00+00:00,3,Asia   (00-08),MIDHIGH_VOL,Q1_bajo,0.2792118050606746,True,0.0121172649651484,0.4597862
2023-11-26 00:00:00+00:00,0,Asia   (00-08),LOW_VOL,Q2,0.580353515490768,True,0.0032613631863136006,0.47070876
2023-11-26 01:00:00+00:00,1,Asia   (00-08),LOW_VOL,Q3,0.8195311472082558,True,0.0030088298588398007,0.47070876
2023-11-27 00:00:00+00:00,0,Asia   (00-08),MIDHIGH_VOL,Q3,0.8211060348433769,True,0.0112972175042614,0.45674953
2023-11-27 01:00:00+00:00,1,Asia   (00-08),MIDHIGH_VOL,Q2,0.4662624057270031,True,0.011513365063692601,0.45674953
2023-11-28 00:00:00+00:00,0,Asia   (00-08),MIDHIGH_VOL,Q3,0.7767588503141515,True,0.012344625814179,0.45674953
2023-11-28 01:00:00+00:00,1,Asia   (00-08),MIDHIGH_VOL,Q1_bajo,0.40187064302543773,True,0.0115962442122471,0.45674953
2023-11-29 00:00:00+00:00,0,Asia   (00-08),HIGH_VOL,Q2,0.6172860092831867,False,-0.007230073482051199,0.4801261
2023-11-29 01:00:00+00:00,1,Asia   (00-08),HIGH_VOL,Q3,0.704391623694418,False,-0.0072295510384904,0.4801261
2023-11-30 00:00:00+00:00,0,Asia   (00-08),MIDLOW_VOL,Q1_bajo,0.44670477650207563,True,0.010229857765217001,0.4610217
2023-11-30 01:00:00+00:00,1,Asia   (00-08),MIDLOW_VOL,Q1_bajo,0.32570031102478,False,-0.0055714836130015995,0.47070876
2023-11-30 15:00:00+00:00,15,Europa (08-16),MIDLOW_VOL,Q4_alto,1.3780406650285055,False,-0.005472725201102899,0.452825
2023-11-30 16:00:00+00:00,16,USA    (16-24),MIDLOW_VOL,Q3,0.9346031188427293,False,-0.0054117196932157,0.49056244
2023-12-01 00:00:00+00:00,0,Asia   (00-08),MIDLOW_VOL,Q3,0.745516699366484,False,-0.0048216449113096995,0.49056244
2023-12-01 01:00:00+00:00,1,Asia   (00-08),MIDLOW_VOL,Q4_alto,1.7969177044039026,False,-0.0049123654992578,0.49056244
2023-12-02 03:00:00+00:00,3,Asia   (00-08),MIDLOW_VOL,Q1_bajo,0.1808969146836894,True,0.0080109554210541,0.47070876
2023-12-02 04:00:00+00:00,4,Asia   (00-08),MIDLOW_VOL,Q1_bajo,0.3394746250305028,True,0.007725442148821201,0.47070876
2023-12-03 00:00:00+00:00,0,Asia   (00-08),MIDHIGH_VOL,Q2,0.5445726502623772,True,0.0102345482910225,0.49442697
2023-12-03 01:00:00+00:00,1,Asia   (00-08),MIDHIGH_VOL,Q1_bajo,0.4470763948797829,True,0.010380722682263,0.49442697
2023-12-04 00:00:00+00:00,0,Asia   (00-08),HIGH_VOL,Q4_alto,1.6185878277928485,False,-0.0063461478130399,0.49442697
2023-12-04 01:00:00+00:00,1,Asia   (00-08),HIGH_VOL,Q4_alto,4.139217632802385,False,-0.0072134528848288,0.49442697
2023-12-05 00:00:00+00:00,0,Asia   (00-08),HIGH_VOL,Q1_bajo,0.4055245851258405,True,0.016714599669553,0.498339
2023-12-05 01:00:00+00:00,1,Asia   (00-08),HIGH_VOL,Q2,0.5260988473007234,True,0.0149259845533063,0.47421032
2023-12-06 00:00:00+00:00,0,Asia   (00-08),HIGH_VOL,Q2,0.6373395740004824,True,0.0233677765346933,0.3844113
2023-12-06 01:00:00+00:00,1,Asia   (00-08),HIGH_VOL,Q2,0.4847797991293854,True,0.024266444268227102,0.3844113
2023-12-07 00:00:00+00:00,0,Asia   (00-08),MIDHIGH_VOL,Q1_bajo,0.36545107246527647,True,0.0138260002724179,0.4644644
2023-12-07 01:00:00+00:00,1,Asia   (00-08),MIDHIGH_VOL,Q1_bajo,0.33020728929054954,True,0.0116881121723227,0.4644644
2023-12-08 00:00:00+00:00,0,Asia   (00-08),MIDHIGH_VOL,Q1_bajo,0.38836279766955323,True,0.0128879682158804,0.4343614
2023-12-08 01:00:00+00:00,1,Asia   (00-08),MIDHIGH_VOL,Q1_bajo,0.2783652142553308,True,0.0123532038000153,0.45674953
2023-12-09 00:00:00+00:00,0,Asia   (00-08),MIDHIGH_VOL,Q2,0.5951002396995427,True,0.0124977713492052,0.4801261
2023-12-09 01:00:00+00:00,1,Asia   (00-08),MIDHIGH_VOL,Q2,0.5993053328153081,True,0.0117839242030055,0.4597862
2023-12-10 00:00:00+00:00,0,Asia   (00-08),LOW_VOL,Q3,0.6813096754446321,True,0.007853816046966701,0.47070876
2023-12-10 01:00:00+00:00,1,Asia   (00-08),LOW_VOL,Q2,0.4860403808771884,True,0.0078778699212434,0.47070876
2023-12-11 00:00:00+00:00,0,Asia   (00-08),LOW_VOL,Q4_alto,1.1143425399936902,True,0.006985374543242901,0.452825
2023-12-11 01:00:00+00:00,1,Asia   (00-08),MIDLOW_VOL,Q4_alto,4.1340716252184215,True,0.0082293900827871,0.4618718
2023-12-12 02:00:00+00:00,2,Asia   (00-08),HIGH_VOL,Q2,0.48041660289619414,True,0.019913094484807402,0.47622606
2023-12-12 03:00:00+00:00,3,Asia   (00-08),HIGH_VOL,Q1_bajo,0.37356776039431666,True,0.0193129889255721,0.44627187
2023-12-13 00:00:00+00:00,0,Asia   (00-08),MIDHIGH_VOL,Q2,0.5490452700520362,True,0.0171802816415782,0.4343614
2023-12-13 01:00:00+00:00,1,Asia   (00-08),HIGH_VOL,Q4_alto,1.105404865504429,True,0.0183247420571128,0.41677123
2023-12-14 01:00:00+00:00,1,Asia   (00-08),MIDHIGH_VOL,Q1_bajo,0.3704187004778953,True,0.0159663288168141,0.498339
2023-12-14 02:00:00+00:00,2,Asia   (00-08),MIDHIGH_VOL,Q2,0.4629049126828888,True,0.0157170910912581,0.498339
2023-12-14 15:00:00+00:00,15,Europa (08-16),HIGH_VOL,Q4_alto,1.1355223250280218,False,-0.008673617725631,0.4644644
2023-12-14 16:00:00+00:00,16,USA    (16-24),HIGH_VOL,Q3,0.8735414874269755,False,-0.0087053825464642,0.4644644
2023-12-15 00:00:00+00:00,0,Asia   (00-08),HIGH_VOL,Q1_bajo,0.4311976064808813,True,0.0207459786683768,0.46388772
2023-12-15 01:00:00+00:00,1,Asia   (00-08),HIGH_VOL,Q1_bajo,0.27676940406024503,True,0.0197779916655535,0.45629025
2023-12-16 06:00:00+00:00,6,Asia   (00-08),MIDLOW_VOL,Q1_bajo,0.4270465987246368,False,-0.0056943576976158,0.4322529
2023-12-16 07:00:00+00:00,7,Asia   (00-08),MIDLOW_VOL,Q1_bajo,0.2941573205173175,False,-0.005443871442064699,0.45674953
2023-12-17 00:00:00+00:00,0,Asia   (00-08),LOW_VOL,Q2,0.6524145243541867,True,0.0081945550479045,0.452825
2023-12-17 01:00:00+00:00,1,Asia   (00-08),MIDLOW_VOL,Q4_alto,1.7223219377600232,True,0.0091044496487119,0.44319782
2023-12-18 00:00:00+00:00,0,Asia   (00-08),MIDHIGH_VOL,Q4_alto,1.2957585205584654,True,0.013553867510290401,0.42135316
2023-12-18 01:00:00+00:00,1,Asia   (00-08),MIDHIGH_VOL,Q4_alto,1.9923547733093294,True,0.0150474892033566,0.42135316
2023-12-19 00:00:00+00:00,0,Asia   (00-08),MIDHIGH_VOL,Q4_alto,1.1939407437632956,False,-0.0083938872216871,0.4801261
2023-12-19 01:00:00+00:00,1,Asia   (00-08),HIGH_VOL,Q4_alto,1.696514051547003,True,0.0178104431870127,0.49442697
2023-12-20 01:00:00+00:00,1,Asia   (00-08),MIDHIGH_VOL,Q2,0.5163671568921728,False,-0.0076458037072686,0.4721481
2023-12-20 02:00:00+00:00,2,Asia   (00-08),MIDHIGH_VOL,Q2,0.46681780321039246,False,-0.0077446997704287,0.4721481
2023-12-21 05:00:00+00:00,5,Asia   (00-08),MIDHIGH_VOL,Q1_bajo,0.3221868280339288,False,-0.0076393231007074,0.4644644
2023-12-21 06:00:00+00:00,6,Asia   (00-08),MIDHIGH_VOL,Q1_bajo,0.4457468317304613,True,0.0138207726811875,0.4597862
2023-12-22 00:00:00+00:00,0,Asia   (00-08),MIDHIGH_VOL,Q2,0.4706184809930539,True,0.0145659095261108,0.4597862
2023-12-22 01:00:00+00:00,1,Asia   (00-08),MIDHIGH_VOL,Q4_alto,1.2023926207645264,True,0.0151207075649471,0.4597862
2023-12-23 00:00:00+00:00,0,Asia   (00-08),LOW_VOL,Q2,0.6324352366881288,True,0.0097145946086848,0.46746
2023-12-23 01:00:00+00:00,1,Asia   (00-08),LOW_VOL,Q3,0.7294720597940912,True,0.009965310801794301,0.46746
2023-12-24 00:00:00+00:00,0,Asia   (00-08),LOW_VOL,Q4_alto,1.15506689819068,True,0.0050240995855933,0.47070876
2023-12-24 01:00:00+00:00,1,Asia   (00-08),LOW_VOL,Q4_alto,1.8984365775372294,True,0.005220270956368901,0.47070876
2023-12-25 00:00:00+00:00,0,Asia   (00-08),MIDLOW_VOL,Q4_alto,1.5921095238771386,False,-0.0055507547359978995,0.42135316
2023-12-25 01:00:00+00:00,1,Asia   (00-08),MIDLOW_VOL,Q3,0.7437799323664743,False,-0.005650793223316,0.42135316
2023-12-26 00:00:00+00:00,0,Asia   (00-08),MIDLOW_VOL,Q2,0.6458763529223667,True,0.0100879978347015,0.46746
2023-12-26 01:00:00+00:00,1,Asia   (00-08),MIDLOW_VOL,Q2,0.540727364834079,True,0.009937485221968901,0.46746
2023-12-27 00:00:00+00:00,0,Asia   (00-08),MIDHIGH_VOL,Q1_bajo,0.38256947934756685,True,0.0126565265547483,0.41677123
2023-12-27 01:00:00+00:00,1,Asia   (00-08),MIDHIGH_VOL,Q2,0.5858836454433921,True,0.012695365197105901,0.4322529
2023-12-28 00:00:00+00:00,0,Asia   (00-08),MIDHIGH_VOL,Q4_alto,1.5823897142041108,True,0.0131555045871559,0.4801261
2023-12-28 01:00:00+00:00,1,Asia   (00-08),MIDHIGH_VOL,Q3,0.7965346746346763,True,0.013085911505053,0.4801261
2023-12-28 15:00:00+00:00,15,Europa (08-16),MIDLOW_VOL,Q4_alto,1.5335812584696462,True,0.0108285567682109,0.44359666
2023-12-28 16:00:00+00:00,16,USA    (16-24),MIDHIGH_VOL,Q4_alto,1.5006788756591771,True,0.0112655392082562,0.42135316
2023-12-29 00:00:00+00:00,0,Asia   (00-08),MIDHIGH_VOL,Q3,0.9053505698114653,True,0.0121375602145478,0.41677123
2023-12-29 01:00:00+00:00,1,Asia   (00-08),HIGH_VOL,Q4_alto,2.169073295201226,False,-0.0069903686692495,0.41677123
2023-12-30 00:00:00+00:00,0,Asia   (00-08),HIGH_VOL,Q2,0.48878716311553355,True,0.0168052339653018,0.4343614
2023-12-30 01:00:00+00:00,1,Asia   (00-08),HIGH_VOL,Q1_bajo,0.27141316072436245,True,0.0162508726621163,0.4343614
2023-12-31 00:00:00+00:00,0,Asia   (00-08),MIDLOW_VOL,Q3,0.8219780998379859,True,0.0090899357978364,0.4610217
2023-12-31 01:00:00+00:00,1,Asia   (00-08),MIDLOW_VOL,Q2,0.6555971739149092,True,0.0095271459706786,0.46746
2024-01-01 00:00:00+00:00,0,Asia   (00-08),MIDLOW_VOL,Q4_alto,1.1085938257977046,True,0.0098921957687518,0.46746
2024-01-01 01:00:00+00:00,1,Asia   (00-08),MIDHIGH_VOL,Q4_alto,1.142883555751918,True,0.0104656221224089,0.46746
2024-01-02 00:00:00+00:00,0,Asia   (00-08),HIGH_VOL,Q4_alto,5.1815572577177935,False,-0.007451592842060199,0.5126473
2024-01-02 01:00:00+00:00,1,Asia   (00-08),HIGH_VOL,Q4_alto,2.607922300400262,True,0.0163414273726398,0.5126473
2024-01-03 00:00:00+00:00,0,Asia   (00-08),HIGH_VOL,Q2,0.6034628930768494,True,0.019432450145757,0.4553114
2024-01-03 01:00:00+00:00,1,Asia   (00-08),HIGH_VOL,Q1_bajo,0.39376242742438106,True,0.0185171322848863,0.46340698
2024-01-04 02:00:00+00:00,2,Asia   (00-08),HIGH_VOL,Q1_bajo,0.35152308409500965,True,0.0238605018258143,0.49729854
2024-01-04 03:00:00+00:00,3,Asia   (00-08),HIGH_VOL,Q1_bajo,0.2314478636801912,True,0.0228815247424771,0.49729854
2024-01-05 02:00:00+00:00,2,Asia   (00-08),HIGH_VOL,Q4_alto,1.3313604763536049,True,0.0267236421045441,0.49729854
2024-01-05 04:00:00+00:00,4,Asia   (00-08),HIGH_VOL,Q3,0.7152992145305679,True,0.0264902817893381,0.4773583
2024-01-06 00:00:00+00:00,0,Asia   (00-08),HIGH_VOL,Q1_bajo,0.4462010536699877,True,0.0197782728504645,0.48385447
2024-01-06 01:00:00+00:00,1,Asia   (00-08),HIGH_VOL,Q1_bajo,0.4102482125332574,True,0.0194359135672284,0.48385447
2024-01-07 00:00:00+00:00,0,Asia   (00-08),LOW_VOL,Q4_alto,1.6815155816329737,True,0.008505892828810301,0.47070876
2024-01-07 01:00:00+00:00,1,Asia   (00-08),LOW_VOL,Q3,0.8624262606772279,False,-0.0052389794729946,0.4610217
2024-01-08 00:00:00+00:00,0,Asia   (00-08),MIDLOW_VOL,Q4_alto,1.3889863421492927,True,0.012618778684052501,0.45425656
2024-01-08 01:00:00+00:00,1,Asia   (00-08),MIDLOW_VOL,Q3,0.8394662387628146,True,0.0126701142973522,0.45425656
2024-01-09 00:00:00+00:00,0,Asia   (00-08),HIGH_VOL,Q4_alto,1.250152306958935,True,0.0267031436748263,0.37990123
2024-01-09 01:00:00+00:00,1,Asia   (00-08),HIGH_VOL,Q3,0.6833098051321063,True,0.0257946135916862,0.36292633
2024-01-10 00:00:00+00:00,0,Asia   (00-08),HIGH_VOL,Q3,0.6741471454831488,True,0.0329952727837923,0.46849054
2024-01-10 01:00:00+00:00,1,Asia   (00-08),HIGH_VOL,Q1_bajo,0.4214035289628208,True,0.0333579190748569,0.46849054
2024-01-11 00:00:00+00:00,0,Asia   (00-08),HIGH_VOL,Q2,0.5053153647801706,True,0.0416871368583426,0.4361026
2024-01-11 01:00:00+00:00,1,Asia   (00-08),HIGH_VOL,Q1_bajo,0.2639496177483468,True,0.040055499591610304,0.48113766
2024-01-11 15:00:00+00:00,15,Europa (08-16),HIGH_VOL,Q4_alto,2.9145727876446026,True,0.0259515664928662,0.4950979
2024-01-11 17:00:00+00:00,17,USA    (16-24),HIGH_VOL,Q3,1.0880211323069118,True,0.0313009650787372,0.46849054
2024-01-12 00:00:00+00:00,0,Asia   (00-08),HIGH_VOL,Q2,0.49022099954958426,True,0.033072335381001,0.46849054
2024-01-12 02:00:00+00:00,2,Asia   (00-08),HIGH_VOL,Q1_bajo,0.2258531851409852,True,0.0322941470055289,0.46849054
2024-01-13 05:00:00+00:00,5,Asia   (00-08),HIGH_VOL,Q1_bajo,0.3811950996341953,True,0.0278449570378126,0.4506966
2024-01-13 06:00:00+00:00,6,Asia   (00-08),MIDHIGH_VOL,Q1_bajo,0.35594176872590777,True,0.0236082532209354,0.46547168
2024-01-14 01:00:00+00:00,1,Asia   (00-08),LOW_VOL,Q1_bajo,0.421921517939455,True,0.0103175751235874,0.41468552
2024-01-14 02:00:00+00:00,2,Asia   (00-08),LOW_VOL,Q2,0.45221997870663994,True,0.0100120897434656,0.41468552
2024-01-15 03:00:00+00:00,3,Asia   (00-08),MIDLOW_VOL,Q3,1.0046320067442465,True,0.0159297163179113,0.4343614
2024-01-15 04:00:00+00:00,4,Asia   (00-08),MIDLOW_VOL,Q2,0.579171649880369,True,0.01562003849946,0.4343614
2024-01-16 02:00:00+00:00,2,Asia   (00-08),MIDLOW_VOL,Q2,0.5528398117700316,True,0.014530909185797702,0.46746
2024-01-16 03:00:00+00:00,3,Asia   (00-08),MIDLOW_VOL,Q3,0.7033789673111766,True,0.0141137185395249,0.46746
2024-01-17 00:00:00+00:00,0,Asia   (00-08),MIDLOW_VOL,Q1_bajo,0.35746317219959634,True,0.0162043467103941,0.4597862
2024-01-17 01:00:00+00:00,1,Asia   (00-08),MIDLOW_VOL,Q2,0.46213783516171386,True,0.0164361178330204,0.4597862
2024-01-18 00:00:00+00:00,0,Asia   (00-08),MIDLOW_VOL,Q2,0.4571169479880339,True,0.0125255827547383,0.46746
2024-01-18 01:00:00+00:00,1,Asia   (00-08),MIDLOW_VOL,Q2,0.5323521324638679,True,0.0126332152784485,0.45674953
2024-01-19 00:00:00+00:00,0,Asia   (00-08),MIDHIGH_VOL,Q2,0.5302822649956457,True,0.0199958797130885,0.45247263
2024-01-19 01:00:00+00:00,1,Asia   (00-08),MIDHIGH_VOL,Q1_bajo,0.3704535795818087,True,0.0201636275517127,0.47195733
2024-01-20 10:00:00+00:00,10,Europa (08-16),LOW_VOL,Q1_bajo,0.33798171301834434,False,-0.0041467928713279,0.47070876
2024-01-20 11:00:00+00:00,11,Europa (08-16),LOW_VOL,Q1_bajo,0.33277420394517354,False,-0.0040366952356217,0.47070876
2024-01-21 04:00:00+00:00,4,Asia   (00-08),LOW_VOL,Q1_bajo,0.35449580635384376,True,0.0046665119997148004,0.47070876
2024-01-21 05:00:00+00:00,5,Asia   (00-08),LOW_VOL,Q1_bajo,0.44064320351753594,False,-0.0033642203601016996,0.47070876
2024-01-22 00:00:00+00:00,0,Asia   (00-08),LOW_VOL,Q4_alto,2.5255006300893847,True,0.0062188296488412,0.47070876
2024-01-22 01:00:00+00:00,1,Asia   (00-08),LOW_VOL,Q4_alto,3.9480615698108132,True,0.0073509345105274,0.452825
2024-01-23 00:00:00+00:00,0,Asia   (00-08),HIGH_VOL,Q2,0.628284958684044,True,0.0247559473764925,0.48831505
2024-01-23 01:00:00+00:00,1,Asia   (00-08),HIGH_VOL,Q1_bajo,0.2770671340454238,True,0.0245249027963098,0.48831505
2024-01-24 00:00:00+00:00,0,Asia   (00-08),HIGH_VOL,Q3,1.0004174426725918,True,0.0187257882200802,0.4322529
2024-01-24 02:00:00+00:00,2,Asia   (00-08),HIGH_VOL,Q1_bajo,0.31894447529497527,False,-0.0090769711021787,0.45674953
2024-01-25 00:00:00+00:00,0,Asia   (00-08),MIDHIGH_VOL,Q2,0.56738099085919,True,0.01393004281403,0.46746
2024-01-25 01:00:00+00:00,1,Asia   (00-08),MIDHIGH_VOL,Q2,0.5917610153772435,True,0.0138938501057073,0.46746
2024-01-25 15:00:00+00:00,15,Europa (08-16),MIDLOW_VOL,Q4_alto,1.8352052847558011,True,0.0096176045537832,0.47070876
2024-01-25 16:00:00+00:00,16,USA    (16-24),MIDLOW_VOL,Q4_alto,1.104961302123701,False,-0.0055791291831593995,0.44319782
2024-01-26 00:00:00+00:00,0,Asia   (00-08),MIDLOW_VOL,Q1_bajo,0.3385118900264051,False,-0.0062222523209419,0.46746
2024-01-26 01:00:00+00:00,1,Asia   (00-08),MIDLOW_VOL,Q1_bajo,0.43037320546908464,False,-0.0060838972429508,0.46746
2024-01-27 00:00:00+00:00,0,Asia   (00-08),MIDHIGH_VOL,Q1_bajo,0.3841238907610493,True,0.0156773528639278,0.498339
2024-01-27 01:00:00+00:00,1,Asia   (00-08),MIDHIGH_VOL,Q1_bajo,0.2740866780269873,True,0.0139041760996575,0.4852
2024-01-28 00:00:00+00:00,0,Asia   (00-08),LOW_VOL,Q4_alto,1.1911600418135246,False,-0.0036794943813532,0.47070876
2024-01-28 01:00:00+00:00,1,Asia   (00-08),LOW_VOL,Q4_alto,1.7232214182332501,False,-0.0038976702494355996,0.47070876
2024-01-29 00:00:00+00:00,0,Asia   (00-08),MIDHIGH_VOL,Q2,0.6668062992944737,False,-0.006241259640671799,0.4721481
2024-01-29 01:00:00+00:00,1,Asia   (00-08),MIDHIGH_VOL,Q4_alto,1.3002243844081727,True,0.0116697288669099,0.4721481
2024-01-30 00:00:00+00:00,0,Asia   (00-08),MIDHIGH_VOL,Q2,0.6179525183938961,False,-0.0071773129109799,0.4801261
2024-01-30 01:00:00+00:00,1,Asia   (00-08),MIDHIGH_VOL,Q4_alto,1.5836109547802384,True,0.0145543212853757,0.4801261
2024-01-31 00:00:00+00:00,0,Asia   (00-08),MIDHIGH_VOL,Q4_alto,1.251249670838346,True,0.014252526873308401,0.44661772
2024-01-31 01:00:00+00:00,1,Asia   (00-08),MIDHIGH_VOL,Q3,0.6941083140748601,True,0.0147293885729382,0.42912266
2024-02-01 00:00:00+00:00,0,Asia   (00-08),HIGH_VOL,Q3,0.8620876338274849,True,0.018448316036463,0.42135316
2024-02-01 03:00:00+00:00,3,Asia   (00-08),HIGH_VOL,Q1_bajo,0.4158689803726019,False,-0.0093153524317484,0.41058168
2024-02-02 01:00:00+00:00,1,Asia   (00-08),HIGH_VOL,Q2,0.503577817421369,True,0.015046841701994499,0.46746
2024-02-02 03:00:00+00:00,3,Asia   (00-08),HIGH_VOL,Q1_bajo,0.207342369642041,True,0.0139022808671565,0.4597862
2024-02-03 00:00:00+00:00,0,Asia   (00-08),MIDHIGH_VOL,Q3,0.9147576803943968,True,0.011606874058245101,0.46746
2024-02-03 01:00:00+00:00,1,Asia   (00-08),MIDHIGH_VOL,Q1_bajo,0.4337811622878814,True,0.011571016208476401,0.46746
2024-02-04 00:00:00+00:00,0,Asia   (00-08),LOW_VOL,Q4_alto,1.2694124656631731,True,0.0047897866628569,0.47070876
2024-02-04 01:00:00+00:00,1,Asia   (00-08),LOW_VOL,Q2,0.6600271510977144,True,0.004804895287853801,0.47070876
2024-02-05 00:00:00+00:00,0,Asia   (00-08),MIDLOW_VOL,Q4_alto,1.3887941136742967,False,-0.0054555632335315995,0.42135316
2024-02-05 01:00:00+00:00,1,Asia   (00-08),MIDLOW_VOL,Q4_alto,1.3520566236379943,False,-0.0055768179056651,0.42135316
2024-02-06 04:00:00+00:00,4,Asia   (00-08),MIDLOW_VOL,Q2,0.45418164005088596,False,-0.005996176513871999,0.46746
2024-02-06 05:00:00+00:00,5,Asia   (00-08),MIDLOW_VOL,Q1_bajo,0.4100001339163279,False,-0.005323743024038099,0.4808379
2024-02-07 00:00:00+00:00,0,Asia   (00-08),MIDLOW_VOL,Q1_bajo,0.43717091168954597,True,0.0093185733950628,0.46746
2024-02-07 01:00:00+00:00,1,Asia   (00-08),MIDLOW_VOL,Q1_bajo,0.39239767022311123,True,0.0093040747363689,0.46746
2024-02-08 00:00:00+00:00,0,Asia   (00-08),HIGH_VOL,Q4_alto,2.2529047552135193,True,0.0123461995944297,0.49442697
2024-02-08 15:00:00+00:00,15,Europa (08-16),MIDLOW_VOL,Q4_alto,2.2769683708258137,True,0.0093727933914771,0.4995067
2024-02-08 16:00:00+00:00,16,USA    (16-24),MIDHIGH_VOL,Q4_alto,1.798165285012497,False,-0.0058653029510172,0.46952
2024-02-09 00:00:00+00:00,0,Asia   (00-08),HIGH_VOL,Q2,0.475736730844776,False,-0.0066539894203739,0.4801261
2024-02-09 01:00:00+00:00,1,Asia   (00-08),HIGH_VOL,Q2,0.45466501410530974,False,-0.0066565680219076995,0.4801261
2024-02-10 01:00:00+00:00,1,Asia   (00-08),HIGH_VOL,Q1_bajo,0.3865827479384712,True,0.0181917693981146,0.47911686
2024-02-10 02:00:00+00:00,2,Asia   (00-08),HIGH_VOL,Q1_bajo,0.14053660822534236,True,0.0166635618619887,0.498339
2024-02-11 00:00:00+00:00,0,Asia   (00-08),MIDHIGH_VOL,Q3,0.7544889283707223,False,-0.0057867220354244,0.4801261
2024-02-11 01:00:00+00:00,1,Asia   (00-08),MIDHIGH_VOL,Q3,0.7713059859975956,False,-0.005629231415371599,0.4801261
2024-02-12 00:00:00+00:00,0,Asia   (00-08),MIDHIGH_VOL,Q4_alto,2.8863894549693567,True,0.0110586509224624,0.4597862
2024-02-12 01:00:00+00:00,1,Asia   (00-08),MIDHIGH_VOL,Q4_alto,1.1478265595601047,True,0.0110233783271289,0.4597862
2024-02-13 00:00:00+00:00,0,Asia   (00-08),HIGH_VOL,Q1_bajo,0.4336422372558296,True,0.0183724973281083,0.4837861
2024-02-13 01:00:00+00:00,1,Asia   (00-08),HIGH_VOL,Q3,0.6972438125966851,True,0.0190655634936773,0.49729854
2024-02-14 00:00:00+00:00,0,Asia   (00-08),HIGH_VOL,Q2,0.46645240597437343,False,-0.0093446082804037,0.4837861
2024-02-14 01:00:00+00:00,1,Asia   (00-08),HIGH_VOL,Q1_bajo,0.2995712657788334,False,-0.009146320206211799,0.4837861
2024-02-15 00:00:00+00:00,0,Asia   (00-08),HIGH_VOL,Q4_alto,1.6700670288854136,True,0.0156254538231159,0.48967245
2024-02-15 02:00:00+00:00,2,Asia   (00-08),MIDHIGH_VOL,Q2,0.5681737835527869,True,0.0151329487049029,0.498339
2024-02-16 02:00:00+00:00,2,Asia   (00-08),HIGH_VOL,Q1_bajo,0.4423090278660875,True,0.016695222311481,0.45629025
2024-02-16 03:00:00+00:00,3,Asia   (00-08),HIGH_VOL,Q3,0.7019699171416072,True,0.0165898584070264,0.47615218
2024-02-17 00:00:00+00:00,0,Asia   (00-08),LOW_VOL,Q1_bajo,0.346018422885557,True,0.0111973987784637,0.46746
2024-02-17 01:00:00+00:00,1,Asia   (00-08),LOW_VOL,Q1_bajo,0.37752264728578205,True,0.0109589842207691,0.46746
2024-02-18 00:00:00+00:00,0,Asia   (00-08),MIDLOW_VOL,Q2,0.5470947724417401,True,0.0121957579133017,0.45674953
2024-02-18 01:00:00+00:00,1,Asia   (00-08),MIDHIGH_VOL,Q2,0.5813340996271767,True,0.0127546829518862,0.45674953
2024-02-19 00:00:00+00:00,0,Asia   (00-08),LOW_VOL,Q4_alto,1.4758979031090524,True,0.0090317119877441,0.46746
2024-02-19 04:00:00+00:00,4,Asia   (00-08),LOW_VOL,Q2,0.63271070684288,True,0.0085442637647589,0.4597862
2024-02-20 00:00:00+00:00,0,Asia   (00-08),MIDLOW_VOL,Q4_alto,1.3495069262227142,True,0.010200857248471801,0.44359666
2024-02-20 01:00:00+00:00,1,Asia   (00-08),MIDLOW_VOL,Q4_alto,1.4511052565029425,False,-0.006044309600721299,0.44359666
2024-02-21 00:00:00+00:00,0,Asia   (00-08),HIGH_VOL,Q1_bajo,0.353684343483131,True,0.0177832215270148,0.4837861
2024-02-21 02:00:00+00:00,2,Asia   (00-08),HIGH_VOL,Q1_bajo,0.1845374135393488,True,0.0173281810686545,0.4837861
2024-02-22 02:00:00+00:00,2,Asia   (00-08),MIDHIGH_VOL,Q1_bajo,0.4193491119158835,True,0.0152029647893091,0.45674953
2024-02-22 15:00:00+00:00,15,Europa (08-16),MIDLOW_VOL,Q4_alto,1.5102209839950702,True,0.0114324672809275,0.46746
2024-02-22 16:00:00+00:00,16,USA    (16-24),MIDLOW_VOL,Q3,1.075997014395865,True,0.0116886864988,0.46746
2024-02-23 00:00:00+00:00,0,Asia   (00-08),MIDHIGH_VOL,Q2,0.4591992236579999,True,0.0131299734306387,0.46746
2024-02-23 01:00:00+00:00,1,Asia   (00-08),MIDHIGH_VOL,Q1_bajo,0.43985650247929897,True,0.0133559743275222,0.46746
2024-02-24 00:00:00+00:00,0,Asia   (00-08),MIDLOW_VOL,Q3,0.6810840350678132,True,0.009590347578309101,0.41677123
2024-02-24 01:00:00+00:00,1,Asia   (00-08),MIDLOW_VOL,Q2,0.6551360024127887,False,-0.005739496635089199,0.41677123
2024-02-25 01:00:00+00:00,1,Asia   (00-08),LOW_VOL,Q4_alto,1.1226335388667068,True,0.0058535279240817,0.47070876
2024-02-25 03:00:00+00:00,3,Asia   (00-08),LOW_VOL,Q3,1.0057664575807628,True,0.0067205286584357,0.47070876
2024-02-26 00:00:00+00:00,0,Asia   (00-08),LOW_VOL,Q3,0.8474700125309959,True,0.006802949836212201,0.47070876
2024-02-26 01:00:00+00:00,1,Asia   (00-08),LOW_VOL,Q4_alto,1.1210575225087291,True,0.0070561537716959995,0.47070876
2024-02-27 00:00:00+00:00,0,Asia   (00-08),HIGH_VOL,Q1_bajo,0.4260270922488365,False,-0.0085853650648872,0.3844113
2024-02-27 01:00:00+00:00,1,Asia   (00-08),HIGH_VOL,Q4_alto,1.7969060467495444,False,-0.0096036441775971,0.3746338
2024-02-28 00:00:00+00:00,0,Asia   (00-08),HIGH_VOL,Q1_bajo,0.2938119780921827,False,-0.009289771740028499,0.35548177
2024-02-28 01:00:00+00:00,1,Asia   (00-08),HIGH_VOL,Q1_bajo,0.3374444811098612,False,-0.0094057244644174,0.35548177
2024-02-29 05:00:00+00:00,5,Asia   (00-08),HIGH_VOL,Q1_bajo,0.431310722569973,True,0.0442106718820256,0.35525373
2024-02-29 06:00:00+00:00,6,Asia   (00-08),HIGH_VOL,Q3,0.8976825059121056,True,0.0427944554932803,0.35525373
2024-03-01 08:00:00+00:00,8,Europa (08-16),MIDHIGH_VOL,Q3,0.9103435665913233,True,0.0198302862674595,0.4625324
2024-03-01 09:00:00+00:00,9,Europa (08-16),MIDHIGH_VOL,Q2,0.4533283702170939,True,0.0182673550134393,0.49729854
2024-03-02 00:00:00+00:00,0,Asia   (00-08),MIDHIGH_VOL,Q2,0.5885995671147497,True,0.0178282724805925,0.49729854
2024-03-02 02:00:00+00:00,2,Asia   (00-08),MIDHIGH_VOL,Q2,0.45475113670990325,True,0.0170242797408445,0.49729854
2024-03-03 00:00:00+00:00,0,Asia   (00-08),MIDLOW_VOL,Q3,0.7679898967047704,True,0.0081857274620717,0.46746
2024-03-03 01:00:00+00:00,1,Asia   (00-08),MIDLOW_VOL,Q1_bajo,0.4246934437709253,True,0.008061237284303401,0.46746
2024-03-04 00:00:00+00:00,0,Asia   (00-08),MIDHIGH_VOL,Q4_alto,5.078466238793231,False,-0.0080310284244,0.49729854
2024-03-04 01:00:00+00:00,1,Asia   (00-08),MIDHIGH_VOL,Q4_alto,1.3757567180806447,False,-0.0083730966414835,0.49729854
2024-03-05 00:00:00+00:00,0,Asia   (00-08),HIGH_VOL,Q2,0.6481106408460301,True,0.0255017561447659,0.3487869
2024-03-05 01:00:00+00:00,1,Asia   (00-08),HIGH_VOL,Q3,0.9226942001100117,True,0.0260473356654438,0.3487869
2024-03-06 00:00:00+00:00,0,Asia   (00-08),HIGH_VOL,Q1_bajo,0.3592311662716848,False,-0.0241107968541293,0.39993736
2024-03-06 01:00:00+00:00,1,Asia   (00-08),HIGH_VOL,Q1_bajo,0.27775543617816423,False,-0.024466262553152998,0.39993736
2024-03-07 02:00:00+00:00,2,Asia   (00-08),MIDHIGH_VOL,Q1_bajo,0.4376048034944848,False,-0.011477132594171999,0.46849054
2024-03-07 15:00:00+00:00,15,Europa (08-16),MIDLOW_VOL,Q4_alto,1.7335394908346946,True,0.0176820628679149,0.47436613
2024-03-07 16:00:00+00:00,16,USA    (16-24),MIDLOW_VOL,Q4_alto,1.107364571924168,True,0.0173835515519302,0.47436613
2024-03-08 02:00:00+00:00,2,Asia   (00-08),LOW_VOL,Q1_bajo,0.3905136591707089,False,-0.0080520498760031,0.4773583
2024-03-08 03:00:00+00:00,3,Asia   (00-08),LOW_VOL,Q1_bajo,0.44150395708762663,False,-0.0079209688967531,0.4773583
2024-03-09 06:00:00+00:00,6,Asia   (00-08),MIDLOW_VOL,Q1_bajo,0.2612999236006036,True,0.0143478436667521,0.4773583
2024-03-09 08:00:00+00:00,8,Europa (08-16),LOW_VOL,Q1_bajo,0.26402446157004594,True,0.0113892166280131,0.46983433
2024-03-10 00:00:00+00:00,0,Asia   (00-08),LOW_VOL,Q4_alto,1.3541852111671209,False,-0.0038654174306436,0.4597862
2024-03-10 01:00:00+00:00,1,Asia   (00-08),LOW_VOL,Q4_alto,4.811355871640429,True,0.006951563747198601,0.4597862
2024-03-11 00:00:00+00:00,0,Asia   (00-08),MIDHIGH_VOL,Q4_alto,3.079153647233472,True,0.0171656070766689,0.4446983
2024-03-11 01:00:00+00:00,1,Asia   (00-08),MIDHIGH_VOL,Q4_alto,2.0381786544470004,False,-0.0088151191547114,0.4446983
2024-03-12 00:00:00+00:00,0,Asia   (00-08),MIDLOW_VOL,Q1_bajo,0.3290097434792304,True,0.0177363755226186,0.3428453
2024-03-12 01:00:00+00:00,1,Asia   (00-08),MIDLOW_VOL,Q1_bajo,0.3054035174624739,True,0.0167727098434513,0.34467977
2024-03-13 00:00:00+00:00,0,Asia   (00-08),MIDHIGH_VOL,Q1_bajo,0.29038526837008316,False,-0.0124894006173466,0.46849054
2024-03-13 06:00:00+00:00,6,Asia   (00-08),MIDLOW_VOL,Q3,0.7450280398521978,True,0.017634272024910802,0.45249864
2024-03-14 00:00:00+00:00,0,Asia   (00-08),MIDLOW_VOL,Q1_bajo,0.4386766255936798,True,0.016131569664903,0.4625324
2024-03-14 01:00:00+00:00,1,Asia   (00-08),MIDLOW_VOL,Q2,0.6413713593956336,True,0.0162056594080295,0.4625324
2024-03-15 00:00:00+00:00,0,Asia   (00-08),HIGH_VOL,Q3,0.8554812100659673,True,0.0317303270960326,0.46109596
2024-03-15 01:00:00+00:00,1,Asia   (00-08),HIGH_VOL,Q1_bajo,0.3083649097991014,True,0.0319669655309822,0.46109596
2024-03-16 00:00:00+00:00,0,Asia   (00-08),HIGH_VOL,Q2,0.5274045792653238,True,0.0299693305955061,0.4391352
2024-03-16 01:00:00+00:00,1,Asia   (00-08),HIGH_VOL,Q2,0.4825937988183508,True,0.0294508933774108,0.4391352
2024-03-17 00:00:00+00:00,0,Asia   (00-08),HIGH_VOL,Q4_alto,1.5177424244651845,False,-0.012135804521553,0.41343433
2024-03-17 01:00:00+00:00,1,Asia   (00-08),MIDHIGH_VOL,Q3,0.8434487785783327,True,0.0259571206129473,0.41570732
2024-03-18 00:00:00+00:00,0,Asia   (00-08),MIDHIGH_VOL,Q4_alto,1.403917735692724,False,-0.0098176445138927,0.46849054
2024-03-18 02:00:00+00:00,2,Asia   (00-08),MIDHIGH_VOL,Q3,0.8059369378397471,True,0.0207372370174153,0.46849054
2024-03-19 00:00:00+00:00,0,Asia   (00-08),MIDHIGH_VOL,Q4_alto,1.4140277433221715,True,0.0222656083474123,0.46849054
2024-03-19 01:00:00+00:00,1,Asia   (00-08),MIDHIGH_VOL,Q4_alto,2.508544121704069,True,0.0246559785230104,0.4408915
2024-03-20 00:00:00+00:00,0,Asia   (00-08),HIGH_VOL,Q3,1.0140113389428365,True,0.033104134794784,0.43590268
2024-03-20 01:00:00+00:00,1,Asia   (00-08),HIGH_VOL,Q3,0.8583579228095845,True,0.0346794418534832,0.42860767
2024-03-21 00:00:00+00:00,0,Asia   (00-08),HIGH_VOL,Q3,0.7655721814418677,True,0.0341510030316113,0.34783894
2024-03-21 01:00:00+00:00,1,Asia   (00-08),HIGH_VOL,Q1_bajo,0.2759271093519579,True,0.0326409486155352,0.34783894
2024-03-21 15:00:00+00:00,15,Europa (08-16),MIDLOW_VOL,Q4_alto,1.4018559267595292,True,0.0200133470838967,0.4722711
2024-03-21 16:00:00+00:00,16,USA    (16-24),MIDLOW_VOL,Q3,0.7580938510262177,True,0.0204050695360013,0.46849054
2024-03-22 00:00:00+00:00,0,Asia   (00-08),MIDLOW_VOL,Q3,0.7237091461372399,True,0.023112084053472,0.44000193
2024-03-22 01:00:00+00:00,1,Asia   (00-08),MIDLOW_VOL,Q2,0.6325168260933406,True,0.0238401869277493,0.42235392
2024-03-23 01:00:00+00:00,1,Asia   (00-08),MIDHIGH_VOL,Q2,0.6620463088786629,True,0.0266548635049999,0.46849054
2024-03-23 02:00:00+00:00,2,Asia   (00-08),MIDHIGH_VOL,Q2,0.5520131897320566,True,0.0264914725021554,0.46849054
2024-03-24 00:00:00+00:00,0,Asia   (00-08),LOW_VOL,Q3,0.885438797460762,True,0.0171923509770383,0.4773583
2024-03-24 01:00:00+00:00,1,Asia   (00-08),LOW_VOL,Q2,0.5228041819161094,True,0.0171009141156462,0.4773583
2024-03-25 01:00:00+00:00,1,Asia   (00-08),LOW_VOL,Q3,0.7875861643977601,False,-0.008901851046048,0.47436613
2024-03-25 02:00:00+00:00,2,Asia   (00-08),LOW_VOL,Q2,0.512142281032759,False,-0.0087312498194007,0.47436613
2024-03-26 00:00:00+00:00,0,Asia   (00-08),MIDHIGH_VOL,Q2,0.5789189502540618,False,-0.0104768632679085,0.33958736
2024-03-26 02:00:00+00:00,2,Asia   (00-08),MIDHIGH_VOL,Q1_bajo,0.4279380936752547,True,0.0223820140974395,0.34424484
2024-03-27 00:00:00+00:00,0,Asia   (00-08),MIDLOW_VOL,Q3,0.8050546395663093,True,0.019150143028979702,0.43117628
2024-03-27 01:00:00+00:00,1,Asia   (00-08),MIDLOW_VOL,Q3,0.6927476852695917,True,0.0197335898438712,0.46849054
2024-03-28 00:00:00+00:00,0,Asia   (00-08),MIDHIGH_VOL,Q2,0.661555829759614,True,0.0225738507100243,0.46849054
2024-03-28 01:00:00+00:00,1,Asia   (00-08),MIDHIGH_VOL,Q1_bajo,0.29650881673760465,False,-0.0108167510066433,0.46849054
2024-03-29 00:00:00+00:00,0,Asia   (00-08),LOW_VOL,Q1_bajo,0.38421498969385887,True,0.0132623442077875,0.4773583
2024-03-29 01:00:00+00:00,1,Asia   (00-08),LOW_VOL,Q1_bajo,0.35391869856910607,True,0.0128609043698787,0.46388772
2024-03-30 08:00:00+00:00,8,Europa (08-16),LOW_VOL,Q2,0.6046380563354087,True,0.007015501046215601,0.46746
2024-03-30 09:00:00+00:00,9,Europa (08-16),LOW_VOL,Q2,0.6655388202393709,True,0.0069200522540682,0.46746
2024-03-31 00:00:00+00:00,0,Asia   (00-08),LOW_VOL,Q4_alto,1.3592798748328485,False,-0.0038870960386969003,0.45674953
2024-03-31 01:00:00+00:00,1,Asia   (00-08),LOW_VOL,Q4_alto,1.2591365488620425,True,0.005720722691545201,0.46746
2024-04-01 00:00:00+00:00,0,Asia   (00-08),LOW_VOL,Q4_alto,1.202259618768554,True,0.0090587304194398,0.4801261
2024-04-01 01:00:00+00:00,1,Asia   (00-08),LOW_VOL,Q3,1.0383846756764037,True,0.0095286298531002,0.4801261
2024-04-02 00:00:00+00:00,0,Asia   (00-08),MIDHIGH_VOL,Q3,0.8409765994863142,True,0.0157485175990537,0.49729854
2024-04-02 01:00:00+00:00,1,Asia   (00-08),MIDHIGH_VOL,Q1_bajo,0.3847411190212293,True,0.0157388169512022,0.49729854
2024-04-03 03:00:00+00:00,3,Asia   (00-08),HIGH_VOL,Q2,0.47194089410566303,True,0.0210560803371704,0.48113766
2024-04-03 04:00:00+00:00,4,Asia   (00-08),HIGH_VOL,Q2,0.5207426313795315,True,0.0195969367564468,0.48492718
2024-04-04 00:00:00+00:00,0,Asia   (00-08),MIDHIGH_VOL,Q3,0.8017709118667194,True,0.0165705472626095,0.49729854
2024-04-04 01:00:00+00:00,1,Asia   (00-08),MIDHIGH_VOL,Q1_bajo,0.3908620061816045,True,0.0157178274484396,0.49729854
2024-04-04 16:00:00+00:00,16,USA    (16-24),MIDLOW_VOL,Q4_alto,1.5005088419604904,False,-0.006824386557943599,0.4837861
2024-04-04 17:00:00+00:00,17,USA    (16-24),MIDHIGH_VOL,Q4_alto,2.2358733683168515,True,0.014568206206770299,0.44420975
2024-04-05 00:00:00+00:00,0,Asia   (00-08),HIGH_VOL,Q2,0.5511810139269981,True,0.0197401308047551,0.36656576
2024-04-05 01:00:00+00:00,1,Asia   (00-08),HIGH_VOL,Q3,0.6917940668419538,True,0.0208184374523219,0.36177292
2024-04-06 05:00:00+00:00,5,Asia   (00-08),MIDLOW_VOL,Q3,0.7467707435171783,True,0.0116059773267296,0.4597542
2024-04-06 06:00:00+00:00,6,Asia   (00-08),MIDLOW_VOL,Q1_bajo,0.3002188259723923,True,0.0106794179718617,0.4597862
2024-04-07 00:00:00+00:00,0,Asia   (00-08),MIDLOW_VOL,Q4_alto,1.2590378699726883,False,-0.0055275715734779,0.4801261
2024-04-07 03:00:00+00:00,3,Asia   (00-08),MIDLOW_VOL,Q2,0.6210346753585638,True,0.0110159745269132,0.498339
2024-04-08 00:00:00+00:00,0,Asia   (00-08),MIDLOW_VOL,Q3,0.8583398940380768,False,-0.0065001468532231,0.45629025
2024-04-08 01:00:00+00:00,1,Asia   (00-08),MIDLOW_VOL,Q4_alto,1.4962889977574085,False,-0.0068015682219104995,0.46388772
2024-04-09 00:00:00+00:00,0,Asia   (00-08),MIDLOW_VOL,Q2,0.5264306666161955,True,0.0121566531411781,0.45287988
2024-04-09 01:00:00+00:00,1,Asia   (00-08),MIDLOW_VOL,Q3,1.0019672945281681,True,0.012493081868845301,0.45287988
2024-04-10 00:00:00+00:00,0,Asia   (00-08),MIDHIGH_VOL,Q1_bajo,0.30008452436286653,True,0.0163545030429691,0.48831505
2024-04-10 01:00:00+00:00,1,Asia   (00-08),MIDHIGH_VOL,Q3,0.7278087574945085,True,0.0170173174347884,0.47716758
2024-04-11 00:00:00+00:00,0,Asia   (00-08),HIGH_VOL,Q2,0.47100202202454383,True,0.0197963886932089,0.44909313
2024-04-11 01:00:00+00:00,1,Asia   (00-08),HIGH_VOL,Q1_bajo,0.4220360861146899,True,0.0198343952735279,0.44909313
2024-04-12 01:00:00+00:00,1,Asia   (00-08),MIDHIGH_VOL,Q1_bajo,0.27289964890888213,True,0.0151547125829277,0.4773583
2024-04-12 02:00:00+00:00,2,Asia   (00-08),MIDLOW_VOL,Q3,0.7873055770812484,True,0.0138030216243201,0.49729854
2024-04-13 00:00:00+00:00,0,Asia   (00-08),HIGH_VOL,Q1_bajo,0.38785357765715095,True,0.0260394535979645,0.4220883
2024-04-13 01:00:00+00:00,1,Asia   (00-08),HIGH_VOL,Q4_alto,1.2656817471323119,False,-0.0131253362039843,0.41343433
2024-04-14 00:00:00+00:00,0,Asia   (00-08),HIGH_VOL,Q4_alto,1.3714796204431474,True,0.0452703466225072,0.39993736
2024-04-14 01:00:00+00:00,1,Asia   (00-08),HIGH_VOL,Q2,0.6551407730835902,True,0.045917664725685,0.40850556
2024-04-15 00:00:00+00:00,0,Asia   (00-08),HIGH_VOL,Q3,0.9282672126406374,True,0.0253440505655008,0.4391352
2024-04-15 02:00:00+00:00,2,Asia   (00-08),HIGH_VOL,Q2,0.456300276715784,False,-0.011523077841326,0.48113766
2024-04-16 00:00:00+00:00,0,Asia   (00-08),HIGH_VOL,Q2,0.6666537472778422,True,0.0283821228646428,0.45347366
2024-04-16 01:00:00+00:00,1,Asia   (00-08),HIGH_VOL,Q2,0.6540296109894316,True,0.0282951217960862,0.45347366
2024-04-17 00:00:00+00:00,0,Asia   (00-08),MIDHIGH_VOL,Q2,0.554634627966258,True,0.0234350375147926,0.44909313
2024-04-17 01:00:00+00:00,1,Asia   (00-08),MIDHIGH_VOL,Q1_bajo,0.4209523750892181,True,0.0223954010220298,0.44909313
2024-04-18 01:00:00+00:00,1,Asia   (00-08),HIGH_VOL,Q1_bajo,0.35549380896630894,True,0.0295126153030074,0.46849054
2024-04-18 02:00:00+00:00,2,Asia   (00-08),HIGH_VOL,Q1_bajo,0.38098510193059315,True,0.0288192730741526,0.46849054
2024-04-18 15:00:00+00:00,15,Europa (08-16),MIDHIGH_VOL,Q4_alto,1.3430097616625454,True,0.0222948842945818,0.40769008
2024-04-18 16:00:00+00:00,16,USA    (16-24),MIDHIGH_VOL,Q3,1.0555883574751705,True,0.0225455568053993,0.40769008
2024-04-19 00:00:00+00:00,0,Asia   (00-08),MIDHIGH_VOL,Q3,0.6859598841259135,True,0.024103484353348602,0.46849054
2024-04-19 01:00:00+00:00,1,Asia   (00-08),HIGH_VOL,Q4_alto,3.0532862613886795,True,0.0269627634660421,0.4408915
2024-04-20 04:00:00+00:00,4,Asia   (00-08),LOW_VOL,Q2,0.4709322430004819,True,0.0186251001751672,0.4625324
2024-04-20 05:00:00+00:00,5,Asia   (00-08),LOW_VOL,Q1_bajo,0.2616075674215445,True,0.0183446060666015,0.4625324
2024-04-21 00:00:00+00:00,0,Asia   (00-08),LOW_VOL,Q2,0.6211181433650602,False,-0.006518182831348599,0.46983433
2024-04-21 02:00:00+00:00,2,Asia   (00-08),LOW_VOL,Q3,0.9607591874195417,True,0.0122181008889738,0.46980226
2024-04-22 00:00:00+00:00,0,Asia   (00-08),LOW_VOL,Q3,0.9439036576749797,True,0.011935934638309201,0.46746
2024-04-22 01:00:00+00:00,1,Asia   (00-08),LOW_VOL,Q4_alto,3.0318475233608457,False,-0.0069881695278557,0.46395582
2024-04-23 00:00:00+00:00,0,Asia   (00-08),LOW_VOL,Q3,0.6725369081648107,True,0.0129465961039231,0.4837861
2024-04-23 01:00:00+00:00,1,Asia   (00-08),LOW_VOL,Q3,0.8602885511241269,True,0.013004163580867801,0.4837861
2024-04-24 00:00:00+00:00,0,Asia   (00-08),LOW_VOL,Q3,0.8302194383356297,True,0.0112636925262807,0.4597862
2024-04-24 01:00:00+00:00,1,Asia   (00-08),LOW_VOL,Q2,0.597007715368256,True,0.0108877819427701,0.4597862
2024-04-25 00:00:00+00:00,0,Asia   (00-08),MIDHIGH_VOL,Q2,0.6187022284642102,True,0.0180955399697756,0.46177188
2024-04-25 01:00:00+00:00,1,Asia   (00-08),MIDHIGH_VOL,Q2,0.6340198674111743,True,0.0190117899467825,0.45350456
2024-04-26 01:00:00+00:00,1,Asia   (00-08),MIDHIGH_VOL,Q3,1.0059644115434652,True,0.0174084239353568,0.49729854
2024-04-26 03:00:00+00:00,3,Asia   (00-08),MIDLOW_VOL,Q1_bajo,0.29236891076760974,True,0.0144040414820365,0.4837861
2024-04-27 00:00:00+00:00,0,Asia   (00-08),MIDHIGH_VOL,Q4_alto,2.274260892543212,True,0.015535495922383999,0.4594412
2024-04-27 08:00:00+00:00,8,Europa (08-16),MIDLOW_VOL,Q1_bajo,0.29282841801921516,True,0.0124986611996889,0.42919344
2024-04-28 00:00:00+00:00,0,Asia   (00-08),LOW_VOL,Q3,0.9808486552940926,True,0.010877519905833301,0.46746
2024-04-28 01:00:00+00:00,1,Asia   (00-08),LOW_VOL,Q2,0.5749892409494646,False,-0.0059522490078881,0.46746
2024-04-29 00:00:00+00:00,0,Asia   (00-08),LOW_VOL,Q4_alto,1.215990157168125,True,0.009207488041239501,0.44359666
2024-04-29 01:00:00+00:00,1,Asia   (00-08),LOW_VOL,Q3,0.7454967542041737,True,0.009120883683564,0.44359666
2024-04-30 00:00:00+00:00,0,Asia   (00-08),HIGH_VOL,Q4_alto,1.6782548490901084,True,0.0167205608975812,0.49729854
2024-04-30 01:00:00+00:00,1,Asia   (00-08),HIGH_VOL,Q4_alto,1.3505208505584936,True,0.0188722235154229,0.4950979
2024-05-01 00:00:00+00:00,0,Asia   (00-08),HIGH_VOL,Q2,0.604906220960235,True,0.0235432864459228,0.43590268
2024-05-01 01:00:00+00:00,1,Asia   (00-08),HIGH_VOL,Q2,0.6204174089706681,True,0.0231044844479532,0.43590268
2024-05-02 00:00:00+00:00,0,Asia   (00-08),HIGH_VOL,Q2,0.5444514895259497,True,0.0320141960210859,0.46340364
2024-05-02 01:00:00+00:00,1,Asia   (00-08),HIGH_VOL,Q2,0.6626006752600081,False,-0.0151086590595086,0.44841227
2024-05-02 15:00:00+00:00,15,Europa (08-16),MIDHIGH_VOL,Q4_alto,1.149468685921303,True,0.0155048989315145,0.43090332
2024-05-02 16:00:00+00:00,16,USA    (16-24),MIDHIGH_VOL,Q3,0.711327128326678,True,0.0151974325566617,0.47278216
2024-05-03 00:00:00+00:00,0,Asia   (00-08),MIDHIGH_VOL,Q2,0.523360875281778,False,-0.0091971994017255,0.49729854
2024-05-03 01:00:00+00:00,1,Asia   (00-08),MIDHIGH_VOL,Q2,0.6158197549817891,True,0.017649688284349402,0.49729854
2024-05-04 00:00:00+00:00,0,Asia   (00-08),HIGH_VOL,Q2,0.46905940571240656,False,-0.010536867333812299,0.34563753
2024-05-04 01:00:00+00:00,1,Asia   (00-08),HIGH_VOL,Q3,0.9478627926702612,False,-0.0107336164612856,0.34563753
2024-05-05 00:00:00+00:00,0,Asia   (00-08),MIDLOW_VOL,Q4_alto,1.4760186517308553,True,0.0143250492113026,0.45287988
2024-05-05 01:00:00+00:00,1,Asia   (00-08),MIDLOW_VOL,Q4_alto,1.9124006092532617,False,-0.0072273317050487,0.45287988
2024-05-06 00:00:00+00:00,0,Asia   (00-08),LOW_VOL,Q2,0.6639772019629921,True,0.0106358933587722,0.4597862
2024-05-06 01:00:00+00:00,1,Asia   (00-08),LOW_VOL,Q3,1.034315406909042,True,0.010857275400711401,0.4597862
2024-05-07 00:00:00+00:00,0,Asia   (00-08),MIDHIGH_VOL,Q3,0.6898228518563538,True,0.0173661291686685,0.4773583
2024-05-07 01:00:00+00:00,1,Asia   (00-08),MIDHIGH_VOL,Q2,0.6368407011450963,True,0.0175977165620832,0.49729854
2024-05-08 00:00:00+00:00,0,Asia   (00-08),MIDHIGH_VOL,Q4_alto,1.244862757673506,True,0.0161932898287979,0.44845062
2024-05-08 01:00:00+00:00,1,Asia   (00-08),MIDLOW_VOL,Q2,0.47060279403998295,True,0.015115173895721801,0.4772436
2024-05-09 00:00:00+00:00,0,Asia   (00-08),MIDLOW_VOL,Q2,0.5663590565381262,True,0.015250200931012502,0.4748162
2024-05-09 02:00:00+00:00,2,Asia   (00-08),MIDLOW_VOL,Q1_bajo,0.4142298128109903,True,0.0144084553062628,0.4748162
2024-05-10 02:00:00+00:00,2,Asia   (00-08),MIDLOW_VOL,Q1_bajo,0.3576891083634236,True,0.015174595338370702,0.49729854
2024-05-10 03:00:00+00:00,3,Asia   (00-08),MIDLOW_VOL,Q1_bajo,0.2465574498972993,True,0.014001517629952701,0.4837861
2024-05-11 05:00:00+00:00,5,Asia   (00-08),LOW_VOL,Q1_bajo,0.24275271078845484,True,0.0123675416756391,0.42919344
2024-05-11 06:00:00+00:00,6,Asia   (00-08),LOW_VOL,Q1_bajo,0.34826652492901466,True,0.0103093915791162,0.42919344
2024-05-12 00:00:00+00:00,0,Asia   (00-08),LOW_VOL,Q3,0.7272452754547984,True,0.0082847623407028,0.45674953
2024-05-12 01:00:00+00:00,1,Asia   (00-08),LOW_VOL,Q2,0.5047638080288677,True,0.0080621269267823,0.45674953
2024-05-13 00:00:00+00:00,0,Asia   (00-08),LOW_VOL,Q4_alto,1.2402735730609118,True,0.008416885904992401,0.46746
2024-05-13 01:00:00+00:00,1,Asia   (00-08),LOW_VOL,Q4_alto,1.6475890777754338,True,0.0089901535282647,0.46746
2024-05-14 00:00:00+00:00,0,Asia   (00-08),MIDLOW_VOL,Q2,0.5931940183954207,True,0.0109311677537104,0.4848256
2024-05-14 01:00:00+00:00,1,Asia   (00-08),MIDLOW_VOL,Q3,0.6990447297223483,True,0.0113397162488015,0.4848256
2024-05-15 00:00:00+00:00,0,Asia   (00-08),MIDHIGH_VOL,Q2,0.5581893532245795,False,-0.0071581420839261,0.46591094
2024-05-15 01:00:00+00:00,1,Asia   (00-08),MIDHIGH_VOL,Q1_bajo,0.3736489441835864,False,-0.007246040026324899,0.48385447
2024-05-16 15:00:00+00:00,15,Europa (08-16),MIDLOW_VOL,Q4_alto,1.8172440253582434,True,0.0121160891852748,0.44942734
2024-05-16 16:00:00+00:00,16,USA    (16-24),MIDHIGH_VOL,Q4_alto,1.846544802770908,True,0.013085670420235701,0.42352217
2024-05-17 00:00:00+00:00,0,Asia   (00-08),MIDHIGH_VOL,Q2,0.5246323157438226,False,-0.0075991831498475,0.4663089
2024-05-17 01:00:00+00:00,1,Asia   (00-08),MIDHIGH_VOL,Q2,0.577630929266023,False,-0.007445808516176399,0.4663089
2024-05-18 02:00:00+00:00,2,Asia   (00-08),MIDLOW_VOL,Q1_bajo,0.3703825210114015,True,0.0120773571661413,0.4786049
2024-05-18 03:00:00+00:00,3,Asia   (00-08),MIDLOW_VOL,Q1_bajo,0.27866392478689045,True,0.011007954062945701,0.4801261
2024-05-19 00:00:00+00:00,0,Asia   (00-08),LOW_VOL,Q1_bajo,0.42461498270477566,False,-0.0041322036830682,0.4597862
2024-05-19 01:00:00+00:00,1,Asia   (00-08),LOW_VOL,Q1_bajo,0.2955265972550922,False,-0.003984875004805,0.46746
2024-05-20 00:00:00+00:00,0,Asia   (00-08),MIDLOW_VOL,Q3,0.6723708151415845,True,0.010197578033485,0.43899113
2024-05-20 01:00:00+00:00,1,Asia   (00-08),MIDLOW_VOL,Q4_alto,1.0986347824502847,False,-0.0058352624726613,0.4343614
2024-05-21 02:00:00+00:00,2,Asia   (00-08),HIGH_VOL,Q2,0.6415543230238167,True,0.0226224456396636,0.36478743
2024-05-21 03:00:00+00:00,3,Asia   (00-08),HIGH_VOL,Q1_bajo,0.3668560759878501,True,0.0223331183780369,0.36459166
2024-05-22 00:00:00+00:00,0,Asia   (00-08),MIDHIGH_VOL,Q2,0.5392092608088365,True,0.014075968586440701,0.4663089
2024-05-22 01:00:00+00:00,1,Asia   (00-08),MIDHIGH_VOL,Q1_bajo,0.29779737835453607,True,0.0135228327228327,0.4663089
2024-05-23 00:00:00+00:00,0,Asia   (00-08),HIGH_VOL,Q3,0.7189776287445249,True,0.015536507388737502,0.4773583
2024-05-23 01:00:00+00:00,1,Asia   (00-08),HIGH_VOL,Q2,0.45500011600164214,True,0.0151364870881796,0.4773583
2024-05-24 00:00:00+00:00,0,Asia   (00-08),HIGH_VOL,Q1_bajo,0.4285179512983009,True,0.0233296553303484,0.45347366
2024-05-24 01:00:00+00:00,1,Asia   (00-08),HIGH_VOL,Q1_bajo,0.20190719328742893,True,0.0227137763211238,0.45347366
2024-05-25 00:00:00+00:00,0,Asia   (00-08),MIDLOW_VOL,Q1_bajo,0.36894318607513893,False,-0.0062298790771024995,0.46746
2024-05-25 05:00:00+00:00,5,Asia   (00-08),LOW_VOL,Q1_bajo,0.2528640813307858,False,-0.0047328538324432,0.4597862
2024-05-26 02:00:00+00:00,2,Asia   (00-08),LOW_VOL,Q4_alto,1.374252001159897,False,-0.0036551702811145996,0.47070876
2024-05-26 03:00:00+00:00,3,Asia   (00-08),LOW_VOL,Q2,0.6390131405082113,False,-0.0035618615352679,0.47070876
2024-05-27 00:00:00+00:00,0,Asia   (00-08),MIDLOW_VOL,Q3,0.854097264693046,True,0.0070257778386403,0.43899113
2024-05-27 01:00:00+00:00,1,Asia   (00-08),MIDLOW_VOL,Q4_alto,1.7743951503918025,True,0.0078252095488698,0.45674953
2024-05-28 00:00:00+00:00,0,Asia   (00-08),MIDHIGH_VOL,Q3,0.9139875314112839,True,0.0133122860864167,0.4837861
2024-05-28 01:00:00+00:00,1,Asia   (00-08),HIGH_VOL,Q4_alto,1.9322514116132619,True,0.0148156724780097,0.4594412
2024-05-29 00:00:00+00:00,0,Asia   (00-08),MIDHIGH_VOL,Q1_bajo,0.43013412951781616,True,0.014561286917456399,0.49729854
2024-05-29 01:00:00+00:00,1,Asia   (00-08),MIDHIGH_VOL,Q2,0.5321941617923022,True,0.014550805760746799,0.49729854
2024-05-30 00:00:00+00:00,0,Asia   (00-08),MIDHIGH_VOL,Q1_bajo,0.4363594098427917,False,-0.0062819115562657,0.41677123
2024-05-30 01:00:00+00:00,1,Asia   (00-08),MIDHIGH_VOL,Q2,0.6085818472425264,True,0.0117328769828987,0.47622606
2024-05-30 15:00:00+00:00,15,Europa (08-16),MIDHIGH_VOL,Q4_alto,1.293244077207448,False,-0.0065602264166038,0.48385447
2024-05-30 16:00:00+00:00,16,USA    (16-24),MIDHIGH_VOL,Q3,0.6869556242437858,True,0.0119802028177633,0.48385447
2024-05-31 00:00:00+00:00,0,Asia   (00-08),MIDHIGH_VOL,Q1_bajo,0.33111233141512014,True,0.0127366210897996,0.4837861
2024-05-31 01:00:00+00:00,1,Asia   (00-08),MIDHIGH_VOL,Q2,0.6182519517678049,True,0.012801376835781,0.46388772
2024-06-01 14:00:00+00:00,14,Europa (08-16),LOW_VOL,Q3,0.7904719739732133,True,0.0037108452377267002,0.45563745
2024-06-01 16:00:00+00:00,16,USA    (16-24),LOW_VOL,Q3,0.8146498745227359,True,0.0033360411658020003,0.45563745
2024-06-02 00:00:00+00:00,0,Asia   (00-08),LOW_VOL,Q3,0.9699012080626425,True,0.0032609468396473003,0.49056244
2024-06-02 01:00:00+00:00,1,Asia   (00-08),LOW_VOL,Q3,1.0524520903062446,True,0.0035636608855077,0.47070876
2024-06-03 00:00:00+00:00,0,Asia   (00-08),MIDHIGH_VOL,Q3,0.8426070509863964,False,-0.0054706672965014,0.46746
2024-06-03 01:00:00+00:00,1,Asia   (00-08),MIDLOW_VOL,Q4_alto,2.1121740243287244,False,-0.0053754569212373995,0.46746
2024-06-04 01:00:00+00:00,1,Asia   (00-08),HIGH_VOL,Q1_bajo,0.41229357715466997,True,0.015533244736750301,0.4773583
2024-06-04 03:00:00+00:00,3,Asia   (00-08),HIGH_VOL,Q1_bajo,0.3353188208744633,True,0.0134180679063332,0.46388772
2024-06-05 02:00:00+00:00,2,Asia   (00-08),HIGH_VOL,Q3,0.741938944675531,True,0.014850146228262001,0.49729854
2024-06-05 03:00:00+00:00,3,Asia   (00-08),HIGH_VOL,Q2,0.5088188600573983,True,0.013520962334845201,0.49729854
2024-06-06 05:00:00+00:00,5,Asia   (00-08),MIDLOW_VOL,Q2,0.5885825300487307,False,-0.0051659304832528,0.4644644
2024-06-06 06:00:00+00:00,6,Asia   (00-08),LOW_VOL,Q3,0.7052792411248299,False,-0.0049470435460691,0.4644644
2024-06-07 00:00:00+00:00,0,Asia   (00-08),MIDHIGH_VOL,Q1_bajo,0.3639334366217851,False,-0.0057783992562024,0.46746
2024-06-07 01:00:00+00:00,1,Asia   (00-08),MIDHIGH_VOL,Q2,0.5524703976591179,False,-0.0057499002197182,0.46746
2024-06-08 07:00:00+00:00,7,Asia   (00-08),MIDLOW_VOL,Q1_bajo,0.3179556201567134,True,0.0082816714978323,0.42919344
2024-06-08 08:00:00+00:00,8,Europa (08-16),LOW_VOL,Q1_bajo,0.266287658042829,True,0.005584909765182801,0.42919344
2024-06-09 00:00:00+00:00,0,Asia   (00-08),LOW_VOL,Q3,0.8476709338564298,True,0.0028401771222883003,0.40318713
2024-06-09 01:00:00+00:00,1,Asia   (00-08),LOW_VOL,Q2,0.5903107351956093,True,0.0026620789150977,0.40525505
2024-06-10 00:00:00+00:00,0,Asia   (00-08),MIDLOW_VOL,Q4_alto,1.1491051251406585,True,0.0052310252427797,0.46746
2024-06-10 01:00:00+00:00,1,Asia   (00-08),MIDLOW_VOL,Q3,0.7870912384526466,True,0.0054059411009736,0.46746
2024-06-11 00:00:00+00:00,0,Asia   (00-08),MIDLOW_VOL,Q2,0.5653969493833774,True,0.0077439720335298005,0.46746
2024-06-11 01:00:00+00:00,1,Asia   (00-08),MIDHIGH_VOL,Q4_alto,2.598565500890051,True,0.0096262893353101,0.44359666
2024-06-12 00:00:00+00:00,0,Asia   (00-08),HIGH_VOL,Q1_bajo,0.35732476272570496,False,-0.006837555251501299,0.47852755
2024-06-12 01:00:00+00:00,1,Asia   (00-08),HIGH_VOL,Q2,0.5942491514892864,False,-0.0068157304068383,0.47852755
2024-06-13 00:00:00+00:00,0,Asia   (00-08),HIGH_VOL,Q1_bajo,0.32712753148015555,True,0.020417881028690202,0.46849054
2024-06-13 01:00:00+00:00,1,Asia   (00-08),HIGH_VOL,Q1_bajo,0.3080923527909443,True,0.0209125310857321,0.46849054
2024-06-13 16:00:00+00:00,16,USA    (16-24),HIGH_VOL,Q4_alto,1.7352133610417975,True,0.0169907523055681,0.4594412
2024-06-13 21:00:00+00:00,21,USA    (16-24),HIGH_VOL,Q1_bajo,0.2901376018573397,True,0.015556603661717402,0.49357936
2024-06-14 02:00:00+00:00,2,Asia   (00-08),MIDHIGH_VOL,Q2,0.5596230048585089,True,0.0123357908868922,0.48385447
2024-06-14 03:00:00+00:00,3,Asia   (00-08),MIDHIGH_VOL,Q1_bajo,0.35204585667918253,True,0.011412576749943601,0.42919344
2024-06-15 08:00:00+00:00,8,Europa (08-16),MIDLOW_VOL,Q1_bajo,0.26404804910956275,True,0.007642875867526001,0.4322529
2024-06-15 09:00:00+00:00,9,Europa (08-16),MIDLOW_VOL,Q1_bajo,0.3711040845089786,True,0.0072356445297963,0.4322529
2024-06-16 00:00:00+00:00,0,Asia   (00-08),LOW_VOL,Q3,0.6932312375812907,True,0.0036082373373763,0.45563745
2024-06-16 01:00:00+00:00,1,Asia   (00-08),LOW_VOL,Q2,0.6531691307971493,True,0.0036719430791916008,0.49056244
2024-06-17 00:00:00+00:00,0,Asia   (00-08),MIDLOW_VOL,Q4_alto,1.5016436297252347,True,0.0055214140315071,0.46746
2024-06-17 01:00:00+00:00,1,Asia   (00-08),MIDLOW_VOL,Q4_alto,2.2405596585503917,True,0.005631128845331601,0.46746
2024-06-18 00:00:00+00:00,0,Asia   (00-08),HIGH_VOL,Q4_alto,1.4700104659778996,True,0.016353167096527,0.4793194
2024-06-18 01:00:00+00:00,1,Asia   (00-08),HIGH_VOL,Q4_alto,3.037298786805247,True,0.0189636244186756,0.4446983
2024-06-19 02:00:00+00:00,2,Asia   (00-08),HIGH_VOL,Q2,0.5498505572147785,True,0.0166751359049354,0.49729854
2024-06-19 03:00:00+00:00,3,Asia   (00-08),HIGH_VOL,Q2,0.48684775039909683,True,0.0160327706709011,0.49729854
2024-06-20 00:00:00+00:00,0,Asia   (00-08),MIDLOW_VOL,Q3,0.8607085645097768,False,-0.0047803647726604,0.45674953
2024-06-20 01:00:00+00:00,1,Asia   (00-08),MIDLOW_VOL,Q4_alto,1.4962706779926733,False,-0.0046082233290338,0.45674953
2024-06-21 00:00:00+00:00,0,Asia   (00-08),MIDLOW_VOL,Q2,0.6113667115186557,True,0.0098471687965423,0.42135316
2024-06-21 01:00:00+00:00,1,Asia   (00-08),MIDLOW_VOL,Q2,0.4545279259193487,True,0.0097657312650245,0.43899113
2024-06-22 05:00:00+00:00,5,Asia   (00-08),LOW_VOL,Q1_bajo,0.409280057181384,True,0.006783146296746501,0.46746
2024-06-22 06:00:00+00:00,6,Asia   (00-08),LOW_VOL,Q2,0.6663042667359848,True,0.0065358462521078005,0.46746
2024-06-23 02:00:00+00:00,2,Asia   (00-08),LOW_VOL,Q3,0.838420663387015,True,0.0021181939028713003,0.47070876
2024-06-23 03:00:00+00:00,3,Asia   (00-08),LOW_VOL,Q2,0.6168790804693141,True,0.0022202825238561005,0.47070876
2024-06-24 00:00:00+00:00,0,Asia   (00-08),MIDLOW_VOL,Q4_alto,4.370919704149154,True,0.0065824123507253005,0.41058168
2024-06-24 01:00:00+00:00,1,Asia   (00-08),MIDLOW_VOL,Q4_alto,2.178448609286631,True,0.007312421933351,0.42135316
2024-06-25 02:00:00+00:00,2,Asia   (00-08),HIGH_VOL,Q1_bajo,0.37201323058940566,False,-0.0105276922931958,0.45317832
2024-06-25 03:00:00+00:00,3,Asia   (00-08),HIGH_VOL,Q4_alto,1.171896063233927,True,0.0224545917592936,0.48113766
2024-06-26 00:00:00+00:00,0,Asia   (00-08),MIDHIGH_VOL,Q1_bajo,0.27358979454055105,True,0.014692606666083501,0.4837861
2024-06-26 01:00:00+00:00,1,Asia   (00-08),MIDHIGH_VOL,Q2,0.6070079936870658,True,0.014861680757839002,0.4837861
2024-06-27 00:00:00+00:00,0,Asia   (00-08),MIDHIGH_VOL,Q2,0.6182283708326544,True,0.0109581643781762,0.42135316
2024-06-27 01:00:00+00:00,1,Asia   (00-08),MIDHIGH_VOL,Q2,0.48008686470830797,True,0.0108468845651982,0.4343614
2024-06-27 16:00:00+00:00,16,USA    (16-24),MIDHIGH_VOL,Q3,1.054525883219879,True,0.010876191278831101,0.46746
2024-06-27 17:00:00+00:00,17,USA    (16-24),MIDHIGH_VOL,Q3,0.8083898106326222,True,0.0106988114591486,0.46746
2024-06-28 00:00:00+00:00,0,Asia   (00-08),MIDLOW_VOL,Q2,0.6569856561847488,False,-0.0055053378193757,0.4597862
2024-06-28 01:00:00+00:00,1,Asia   (00-08),MIDHIGH_VOL,Q4_alto,1.4548210306122522,True,0.010639714640664,0.4597862
2024-06-29 11:00:00+00:00,11,Europa (08-16),LOW_VOL,Q4_alto,1.4512891463230362,True,0.0049368423267263,0.45563745
2024-06-29 12:00:00+00:00,12,Europa (08-16),LOW_VOL,Q2,0.6566755494371905,True,0.0050520284928511,0.45563745
2024-06-30 01:00:00+00:00,1,Asia   (00-08),LOW_VOL,Q3,0.7865056288801566,True,0.0039655582268932005,0.47070876
2024-06-30 02:00:00+00:00,2,Asia   (00-08),LOW_VOL,Q4_alto,1.5943566950534334,False,-0.0032958092269712996,0.452825
2024-07-01 00:00:00+00:00,0,Asia   (00-08),MIDHIGH_VOL,Q3,1.011054050966311,False,-0.0055411593285569,0.4995067
2024-07-01 02:00:00+00:00,2,Asia   (00-08),MIDHIGH_VOL,Q4_alto,1.5359595430563797,False,-0.0064084091139952,0.5126473
2024-07-02 00:00:00+00:00,0,Asia   (00-08),MIDHIGH_VOL,Q2,0.5487398353095881,True,0.0106788189257268,0.4644644
2024-07-02 02:00:00+00:00,2,Asia   (00-08),MIDLOW_VOL,Q2,0.5202121678505651,True,0.0102870808049054,0.4644644
2024-07-03 00:00:00+00:00,0,Asia   (00-08),MIDLOW_VOL,Q2,0.44993957877081614,True,0.009176927968134801,0.41677123
2024-07-03 01:00:00+00:00,1,Asia   (00-08),HIGH_VOL,Q4_alto,2.112119863638479,True,0.0114201732196093,0.42135316
2024-07-04 00:00:00+00:00,0,Asia   (00-08),HIGH_VOL,Q2,0.498168332814089,True,0.014000083797304101,0.48385447
2024-07-04 01:00:00+00:00,1,Asia   (00-08),HIGH_VOL,Q4_alto,3.3972546483040014,True,0.0187118438940711,0.48831505
2024-07-05 01:00:00+00:00,1,Asia   (00-08),HIGH_VOL,Q3,0.9223341652562305,True,0.022549657235744,0.4670245
2024-07-05 02:00:00+00:00,2,Asia   (00-08),HIGH_VOL,Q4_alto,2.3253568727451697,True,0.0264116924950063,0.4423589
2024-07-06 00:00:00+00:00,0,Asia   (00-08),HIGH_VOL,Q3,0.7787388724570119,True,0.0216600008937676,0.4950979
2024-07-06 06:00:00+00:00,6,Asia   (00-08),MIDHIGH_VOL,Q1_bajo,0.3187359831461027,False,-0.0073479934758386,0.46746
2024-07-07 00:00:00+00:00,0,Asia   (00-08),MIDHIGH_VOL,Q3,0.9688980326399407,True,0.0127963248453822,0.498339
2024-07-07 01:00:00+00:00,1,Asia   (00-08),MIDHIGH_VOL,Q4_alto,1.0998327144213516,True,0.0135911280279029,0.498339
2024-07-08 00:00:00+00:00,0,Asia   (00-08),MIDHIGH_VOL,Q4_alto,2.8243419930747717,True,0.016684089619679,0.43533674
2024-07-08 01:00:00+00:00,1,Asia   (00-08),HIGH_VOL,Q4_alto,3.5285808115187205,False,-0.0090485344984525,0.44867212
2024-07-09 06:00:00+00:00,6,Asia   (00-08),MIDHIGH_VOL,Q3,0.7128560090824947,True,0.0168521017765134,0.49729854
2024-07-09 07:00:00+00:00,7,Asia   (00-08),MIDHIGH_VOL,Q3,0.875958612611495,False,-0.0082007442756446,0.4837861
2024-07-10 01:00:00+00:00,1,Asia   (00-08),MIDHIGH_VOL,Q3,0.8088066977693471,False,-0.0084408474392709,0.49729854
2024-07-10 02:00:00+00:00,2,Asia   (00-08),MIDHIGH_VOL,Q1_bajo,0.3590918399451526,False,-0.0084188049350141,0.49729854
2024-07-11 00:00:00+00:00,0,Asia   (00-08),MIDLOW_VOL,Q2,0.5361163624919946,True,0.014026555835499001,0.46103686
2024-07-11 01:00:00+00:00,1,Asia   (00-08),MIDLOW_VOL,Q4_alto,1.542052813839881,True,0.015187368838154799,0.4837861
2024-07-11 15:00:00+00:00,15,Europa (08-16),MIDHIGH_VOL,Q4_alto,1.590712548935715,True,0.0197263801298348,0.4594412
2024-07-11 16:00:00+00:00,16,USA    (16-24),MIDHIGH_VOL,Q3,0.9740883711930245,True,0.0193930882814175,0.4773583
2024-07-12 02:00:00+00:00,2,Asia   (00-08),MIDHIGH_VOL,Q3,0.7055332659410973,True,0.0179139455396514,0.4773583
2024-07-12 03:00:00+00:00,3,Asia   (00-08),MIDHIGH_VOL,Q2,0.5070152599652347,False,-0.008682624885362901,0.4594412
2024-07-13 00:00:00+00:00,0,Asia   (00-08),LOW_VOL,Q1_bajo,0.3369627689050074,False,-0.0068932625213153,0.46746
2024-07-13 01:00:00+00:00,1,Asia   (00-08),LOW_VOL,Q1_bajo,0.3006689457852629,False,-0.0068405433744848,0.46746
2024-07-14 00:00:00+00:00,0,Asia   (00-08),LOW_VOL,Q4_alto,1.4856506553534947,True,0.0114687077894133,0.49442697
2024-07-14 02:00:00+00:00,2,Asia   (00-08),LOW_VOL,Q3,0.8256052563945918,False,-0.0064877182599542,0.4826325
2024-07-15 00:00:00+00:00,0,Asia   (00-08),MIDLOW_VOL,Q4_alto,1.2339143193371136,False,-0.0072954323481535,0.49906036
2024-07-15 01:00:00+00:00,1,Asia   (00-08),MIDHIGH_VOL,Q4_alto,2.273460071511323,False,-0.0076737529261889,0.4837861
2024-07-16 00:00:00+00:00,0,Asia   (00-08),MIDHIGH_VOL,Q3,1.0260339505389036,True,0.0169458739709979,0.3844113
2024-07-16 01:00:00+00:00,1,Asia   (00-08),MIDHIGH_VOL,Q2,0.48712947682818697,True,0.0170448858047011,0.3844113
2024-07-17 00:00:00+00:00,0,Asia   (00-08),HIGH_VOL,Q3,0.8561906389270778,True,0.0201971397019692,0.45249864
2024-07-17 01:00:00+00:00,1,Asia   (00-08),HIGH_VOL,Q4_alto,1.3412612921619331,True,0.0200704734537534,0.45249864
2024-07-18 03:00:00+00:00,3,Asia   (00-08),MIDLOW_VOL,Q1_bajo,0.43697311605653916,True,0.0143257466704099,0.4837861
2024-07-18 04:00:00+00:00,4,Asia   (00-08),MIDLOW_VOL,Q1_bajo,0.43317194285597854,True,0.0138842945874002,0.4837861
2024-07-19 01:00:00+00:00,1,Asia   (00-08),MIDLOW_VOL,Q3,0.8938969945089034,True,0.013747674070968701,0.4837861
2024-07-19 02:00:00+00:00,2,Asia   (00-08),MIDLOW_VOL,Q2,0.49313134380442486,True,0.013757840955396,0.4837861
2024-07-20 04:00:00+00:00,4,Asia   (00-08),LOW_VOL,Q1_bajo,0.21552445699681796,True,0.012015319702202801,0.4033255
2024-07-20 05:00:00+00:00,5,Asia   (00-08),LOW_VOL,Q1_bajo,0.20220295950779088,False,-0.0062031930475979,0.45304245
2024-07-21 00:00:00+00:00,0,Asia   (00-08),LOW_VOL,Q3,0.8048365686815452,True,0.0090931569709634,0.4801261
2024-07-21 01:00:00+00:00,1,Asia   (00-08),LOW_VOL,Q3,0.8092683563033574,True,0.0097202419317659,0.4801261
2024-07-22 00:00:00+00:00,0,Asia   (00-08),HIGH_VOL,Q3,0.9071358194386133,True,0.0185660715516993,0.45249864
2024-07-22 01:00:00+00:00,1,Asia   (00-08),HIGH_VOL,Q3,0.8899573277396934,True,0.0194424042959257,0.45249864
2024-07-23 00:00:00+00:00,0,Asia   (00-08),MIDHIGH_VOL,Q3,0.6767558872347732,True,0.014152175223265501,0.49729854
2024-07-23 01:00:00+00:00,1,Asia   (00-08),MIDHIGH_VOL,Q3,0.6828667545887738,True,0.014141067259803,0.49729854
2024-07-24 01:00:00+00:00,1,Asia   (00-08),HIGH_VOL,Q2,0.5861258978950254,False,-0.0082422863166444,0.48831505
2024-07-24 02:00:00+00:00,2,Asia   (00-08),HIGH_VOL,Q2,0.5540779803606507,False,-0.008285102399972601,0.49203312
2024-07-25 00:00:00+00:00,0,Asia   (00-08),HIGH_VOL,Q2,0.6355950058790697,True,0.0160313777968401,0.4594412
2024-07-25 01:00:00+00:00,1,Asia   (00-08),HIGH_VOL,Q4_alto,3.9015458077866887,True,0.0186506321972419,0.47345716
2024-07-25 15:00:00+00:00,15,Europa (08-16),MIDHIGH_VOL,Q4_alto,1.1402547498965463,True,0.013483739839012101,0.4837861
2024-07-25 16:00:00+00:00,16,USA    (16-24),MIDHIGH_VOL,Q3,0.9044570105320027,True,0.013419238306999301,0.4837861
2024-07-26 01:00:00+00:00,1,Asia   (00-08),HIGH_VOL,Q3,0.7897412065863654,False,-0.0087750616320869,0.439499
2024-07-26 07:00:00+00:00,7,Asia   (00-08),MIDHIGH_VOL,Q2,0.6208683533226595,False,-0.007537908119472699,0.4798473
2024-07-27 02:00:00+00:00,2,Asia   (00-08),MIDLOW_VOL,Q2,0.4725190330129691,False,-0.0067331907617117995,0.46388772
2024-07-27 03:00:00+00:00,3,Asia   (00-08),MIDLOW_VOL,Q2,0.5005073880796066,False,-0.0063300753810264,0.4688608
2024-07-28 00:00:00+00:00,0,Asia   (00-08),HIGH_VOL,Q3,0.7689515150978665,True,0.0206041504435907,0.46849054
2024-07-28 01:00:00+00:00,1,Asia   (00-08),HIGH_VOL,Q1_bajo,0.27692951707771746,True,0.0208738952450928,0.46849054
2024-07-29 00:00:00+00:00,0,Asia   (00-08),LOW_VOL,Q4_alto,3.3049452909872863,True,0.008864422202001801,0.46746
2024-07-29 01:00:00+00:00,1,Asia   (00-08),LOW_VOL,Q4_alto,1.6488671833388393,False,-0.0052838608591354,0.46746
2024-07-30 00:00:00+00:00,0,Asia   (00-08),HIGH_VOL,Q4_alto,1.4892910702152127,True,0.019700678964129,0.43855152
2024-07-30 02:00:00+00:00,2,Asia   (00-08),HIGH_VOL,Q2,0.6399936043207434,True,0.0208437277123914,0.4251678
2024-07-31 00:00:00+00:00,0,Asia   (00-08),MIDHIGH_VOL,Q3,0.7452276063484372,True,0.0146727765111947,0.49729854
2024-07-31 01:00:00+00:00,1,Asia   (00-08),MIDHIGH_VOL,Q2,0.45347233804056203,True,0.014849712460256702,0.49729854
2024-08-01 00:00:00+00:00,0,Asia   (00-08),HIGH_VOL,Q3,1.041086223204673,True,0.0174202100512661,0.4772436
2024-08-01 01:00:00+00:00,1,Asia   (00-08),HIGH_VOL,Q4_alto,1.1556119033702463,True,0.0187292889132478,0.47345716
2024-08-02 01:00:00+00:00,1,Asia   (00-08),HIGH_VOL,Q3,0.755348613856298,True,0.021198123782188,0.48113766
2024-08-02 02:00:00+00:00,2,Asia   (00-08),HIGH_VOL,Q4_alto,1.3582660434166725,True,0.023291419832739302,0.48113766
2024-08-03 03:00:00+00:00,3,Asia   (00-08),HIGH_VOL,Q2,0.6109610207014448,True,0.0275163589858935,0.43590268
2024-08-03 04:00:00+00:00,4,Asia   (00-08),HIGH_VOL,Q1_bajo,0.3739669892035176,True,0.0237274969394818,0.43590268
2024-08-04 00:00:00+00:00,0,Asia   (00-08),MIDHIGH_VOL,Q1_bajo,0.3531718753383998,True,0.0174647464223609,0.49203312
2024-08-04 01:00:00+00:00,1,Asia   (00-08),MIDHIGH_VOL,Q2,0.5057427938310147,True,0.0180094210656345,0.49203312
2024-08-05 00:00:00+00:00,0,Asia   (00-08),HIGH_VOL,Q4_alto,3.742314862054832,True,0.0326576408122698,0.4220883
2024-08-05 01:00:00+00:00,1,Asia   (00-08),HIGH_VOL,Q4_alto,5.626401697295428,True,0.0437585200925073,0.40624452
2024-08-06 00:00:00+00:00,0,Asia   (00-08),HIGH_VOL,Q3,0.6910048122196747,True,0.0549467612856558,0.389972
2024-08-06 01:00:00+00:00,1,Asia   (00-08),HIGH_VOL,Q2,0.45363068205340645,True,0.0541230895518559,0.42008662
2024-08-07 02:00:00+00:00,2,Asia   (00-08),HIGH_VOL,Q4_alto,1.192193709028354,True,0.0274507516808944,0.44005296
2024-08-07 03:00:00+00:00,3,Asia   (00-08),MIDHIGH_VOL,Q1_bajo,0.3688024181786228,True,0.0255801208484125,0.44005296
2024-08-08 00:00:00+00:00,0,Asia   (00-08),MIDHIGH_VOL,Q2,0.6581004851024649,False,-0.0115982949343774,0.45347366
2024-08-08 15:00:00+00:00,15,Europa (08-16),MIDHIGH_VOL,Q4_alto,2.153208388813066,False,-0.0114112117912411,0.3641902
2024-08-08 16:00:00+00:00,16,USA    (16-24),MIDHIGH_VOL,Q4_alto,1.6328661184762674,False,-0.011105373661611899,0.36478743
2024-08-09 00:00:00+00:00,0,Asia   (00-08),HIGH_VOL,Q3,0.8987450952731864,True,0.0322428568860336,0.3534091
2024-08-09 01:00:00+00:00,1,Asia   (00-08),HIGH_VOL,Q3,0.7732784728671462,True,0.0329834997063321,0.36266047
2024-08-10 07:00:00+00:00,7,Asia   (00-08),LOW_VOL,Q1_bajo,0.4397756057993109,True,0.015512379292239302,0.4773583
2024-08-10 09:00:00+00:00,9,Europa (08-16),LOW_VOL,Q2,0.6640441065400932,True,0.0142547991483994,0.4837861
2024-08-11 00:00:00+00:00,0,Asia   (00-08),LOW_VOL,Q4_alto,1.2440444057384374,False,-0.004943820097484,0.4597862
2024-08-11 01:00:00+00:00,1,Asia   (00-08),LOW_VOL,Q2,0.5252898237792867,True,0.0080779109708782,0.4597862
2024-08-12 00:00:00+00:00,0,Asia   (00-08),MIDLOW_VOL,Q4_alto,1.6244787134974157,True,0.019875483852829,0.44867212
2024-08-12 01:00:00+00:00,1,Asia   (00-08),MIDLOW_VOL,Q3,0.8392110022466319,True,0.0194974677563314,0.42891315
2024-08-13 00:00:00+00:00,0,Asia   (00-08),HIGH_VOL,Q2,0.5698941784412741,True,0.0324616334016037,0.46849054
2024-08-13 01:00:00+00:00,1,Asia   (00-08),HIGH_VOL,Q1_bajo,0.40710680076843786,True,0.031008482167531604,0.48113766
2024-08-14 01:00:00+00:00,1,Asia   (00-08),MIDLOW_VOL,Q1_bajo,0.3492245125823236,False,-0.0092349349103482,0.49729854
2024-08-14 02:00:00+00:00,2,Asia   (00-08),MIDLOW_VOL,Q1_bajo,0.38703165423849867,True,0.0184459451855094,0.49729854
2024-08-15 00:00:00+00:00,0,Asia   (00-08),MIDHIGH_VOL,Q1_bajo,0.3948688732524121,True,0.0215982059172939,0.4670245
2024-08-15 02:00:00+00:00,2,Asia   (00-08),MIDHIGH_VOL,Q4_alto,1.0996683988194798,True,0.0216008239876304,0.47345716
2024-08-16 02:00:00+00:00,2,Asia   (00-08),HIGH_VOL,Q4_alto,1.1025192961250745,True,0.0256373039408909,0.46849054
2024-08-16 04:00:00+00:00,4,Asia   (00-08),HIGH_VOL,Q1_bajo,0.4244744307866933,True,0.0242413238342324,0.46849054
2024-08-17 09:00:00+00:00,9,Europa (08-16),LOW_VOL,Q2,0.6253380198424238,True,0.0073865450155127,0.4597862
2024-08-17 11:00:00+00:00,11,Europa (08-16),LOW_VOL,Q1_bajo,0.41707814778426777,False,-0.004163560932989,0.4610217
2024-08-18 00:00:00+00:00,0,Asia   (00-08),LOW_VOL,Q4_alto,1.5380419336234916,True,0.0065707437783754,0.4597862
2024-08-18 01:00:00+00:00,1,Asia   (00-08),LOW_VOL,Q3,0.993960399255381,False,-0.0044794375303894,0.4597862
2024-08-19 00:00:00+00:00,0,Asia   (00-08),MIDLOW_VOL,Q4_alto,3.0872254624444593,True,0.011652727863412501,0.41058168
2024-08-19 01:00:00+00:00,1,Asia   (00-08),MIDLOW_VOL,Q4_alto,1.2260634428183521,True,0.011842289619820501,0.41058168
2024-08-20 02:00:00+00:00,2,Asia   (00-08),MIDHIGH_VOL,Q1_bajo,0.44690163639018254,True,0.0160978543821341,0.49729854
2024-08-20 03:00:00+00:00,3,Asia   (00-08),MIDLOW_VOL,Q1_bajo,0.36276118691225606,True,0.014368935410291701,0.4837861
2024-08-21 01:00:00+00:00,1,Asia   (00-08),MIDHIGH_VOL,Q2,0.6132722863967041,True,0.016934320891213002,0.4773583
2024-08-21 02:00:00+00:00,2,Asia   (00-08),MIDHIGH_VOL,Q1_bajo,0.43778986659554125,True,0.016917644792850302,0.4773583
2024-08-22 00:00:00+00:00,0,Asia   (00-08),HIGH_VOL,Q2,0.5352823193443673,True,0.0198525548961577,0.47436613
2024-08-22 01:00:00+00:00,1,Asia   (00-08),HIGH_VOL,Q2,0.5258782949497808,True,0.0199036616812789,0.47436613
2024-08-22 17:00:00+00:00,17,USA    (16-24),MIDLOW_VOL,Q3,0.7122627289924658,False,-0.006792302423915399,0.433327
2024-08-22 18:00:00+00:00,18,USA    (16-24),MIDLOW_VOL,Q3,0.7161240623130449,False,-0.006807574063193,0.45107552
2024-08-23 02:00:00+00:00,2,Asia   (00-08),MIDLOW_VOL,Q1_bajo,0.30992607514388126,False,-0.0062542254962144,0.46746
2024-08-23 03:00:00+00:00,3,Asia   (00-08),LOW_VOL,Q1_bajo,0.28519801808011314,False,-0.0058891691749869,0.46746
2024-08-24 07:00:00+00:00,7,Asia   (00-08),MIDHIGH_VOL,Q1_bajo,0.2795028226291537,True,0.014661383273195699,0.3844113
2024-08-24 08:00:00+00:00,8,Europa (08-16),MIDHIGH_VOL,Q1_bajo,0.325011496375517,True,0.0137099271411442,0.3844113
2024-08-25 00:00:00+00:00,0,Asia   (00-08),MIDLOW_VOL,Q4_alto,1.7962185096560213,True,0.0103170876592196,0.4670972
2024-08-25 01:00:00+00:00,1,Asia   (00-08),MIDLOW_VOL,Q3,0.920643124639934,True,0.0103733694622773,0.4848256
2024-08-26 00:00:00+00:00,0,Asia   (00-08),LOW_VOL,Q4_alto,1.9658687710686749,True,0.0081008321515533,0.4597862
2024-08-26 01:00:00+00:00,1,Asia   (00-08),LOW_VOL,Q3,0.9540997188264658,True,0.008533846867259701,0.4597862
2024-08-27 00:00:00+00:00,0,Asia   (00-08),MIDHIGH_VOL,Q3,0.9498861638858157,True,0.0142556187614038,0.44604474
2024-08-27 01:00:00+00:00,1,Asia   (00-08),HIGH_VOL,Q4_alto,1.163642696549391,True,0.0147794289271975,0.44604474
2024-08-28 00:00:00+00:00,0,Asia   (00-08),HIGH_VOL,Q3,0.9425257480830781,True,0.0223524374017176,0.41026464
2024-08-28 01:00:00+00:00,1,Asia   (00-08),HIGH_VOL,Q3,0.745623753188474,True,0.0227810018102684,0.41026464
2024-08-29 01:00:00+00:00,1,Asia   (00-08),HIGH_VOL,Q1_bajo,0.400920309252437,False,-0.0104598828367063,0.4670245
2024-08-29 02:00:00+00:00,2,Asia   (00-08),HIGH_VOL,Q1_bajo,0.26775812156553347,False,-0.0104312942664173,0.4722711
2024-08-30 00:00:00+00:00,0,Asia   (00-08),HIGH_VOL,Q2,0.5192100183689722,True,0.0189969777434461,0.4594412
2024-08-30 01:00:00+00:00,1,Asia   (00-08),MIDHIGH_VOL,Q2,0.6109259246375732,True,0.0177710779336409,0.4594412
2024-08-31 03:00:00+00:00,3,Asia   (00-08),MIDHIGH_VOL,Q1_bajo,0.13531976211984756,True,0.015548339101924099,0.4837861
2024-08-31 04:00:00+00:00,4,Asia   (00-08),MIDLOW_VOL,Q1_bajo,0.17011578520984127,True,0.0124586127175148,0.46746
2024-09-01 01:00:00+00:00,1,Asia   (00-08),LOW_VOL,Q3,0.6926004879248437,True,0.0057171561652528,0.4618718
2024-09-01 02:00:00+00:00,2,Asia   (00-08),LOW_VOL,Q4_alto,3.652405769355544,True,0.0067381491372994,0.41677123
2024-09-02 00:00:00+00:00,0,Asia   (00-08),HIGH_VOL,Q4_alto,1.3632437768048373,False,-0.0087489566305791,0.4594412
2024-09-02 01:00:00+00:00,1,Asia   (00-08),HIGH_VOL,Q3,0.7839584494185882,False,-0.0086962997922507,0.48831505
2024-09-03 00:00:00+00:00,0,Asia   (00-08),MIDLOW_VOL,Q3,0.6975770751796497,True,0.011605107185187001,0.4801261
2024-09-03 01:00:00+00:00,1,Asia   (00-08),MIDLOW_VOL,Q3,0.7608693141103432,True,0.0113521934926836,0.4801261
2024-09-04 00:00:00+00:00,0,Asia   (00-08),MIDHIGH_VOL,Q4_alto,1.6491951370409954,True,0.015452503141450701,0.46377334
2024-09-04 01:00:00+00:00,1,Asia   (00-08),HIGH_VOL,Q4_alto,4.687041934331362,True,0.0191022582650042,0.4772436
2024-09-05 00:00:00+00:00,0,Asia   (00-08),MIDHIGH_VOL,Q2,0.5479325476221913,True,0.0154059093333858,0.4837861
2024-09-05 01:00:00+00:00,1,Asia   (00-08),MIDHIGH_VOL,Q1_bajo,0.4401919477770854,True,0.0155834685999309,0.4837861
2024-09-05 16:00:00+00:00,16,USA    (16-24),MIDHIGH_VOL,Q3,1.05369274372153,True,0.0162849499074464,0.4748162
2024-09-05 17:00:00+00:00,17,USA    (16-24),MIDHIGH_VOL,Q3,0.7924124778068351,True,0.0152248975479687,0.48013985
2024-09-06 00:00:00+00:00,0,Asia   (00-08),HIGH_VOL,Q2,0.5707485950787449,True,0.0165262044488908,0.47852755
2024-09-06 01:00:00+00:00,1,Asia   (00-08),HIGH_VOL,Q2,0.670436045360519,True,0.0174606807997015,0.49729854
2024-09-07 08:00:00+00:00,8,Europa (08-16),MIDLOW_VOL,Q1_bajo,0.22494431646845522,True,0.0143268644199245,0.4322529
2024-09-07 09:00:00+00:00,9,Europa (08-16),MIDLOW_VOL,Q1_bajo,0.26878136015680704,True,0.0130784684721476,0.4322529
2024-09-08 02:00:00+00:00,2,Asia   (00-08),LOW_VOL,Q3,1.0356208693908338,True,0.009999767682023101,0.4343614
2024-09-08 03:00:00+00:00,3,Asia   (00-08),LOW_VOL,Q1_bajo,0.42895864519454796,True,0.0096743945423088,0.45674953
2024-09-09 00:00:00+00:00,0,Asia   (00-08),MIDHIGH_VOL,Q4_alto,1.480804397484622,True,0.014213103267376301,0.46746
2024-09-09 01:00:00+00:00,1,Asia   (00-08),MIDHIGH_VOL,Q4_alto,1.4075520670803965,True,0.0150348804796223,0.47622606
2024-09-10 00:00:00+00:00,0,Asia   (00-08),HIGH_VOL,Q3,0.7618234486000693,True,0.0193750993005996,0.3844113
2024-09-10 01:00:00+00:00,1,Asia   (00-08),HIGH_VOL,Q1_bajo,0.37993782545562926,True,0.019709440069611,0.3844113
2024-09-11 00:00:00+00:00,0,Asia   (00-08),MIDHIGH_VOL,Q2,0.4487117667565952,True,0.014950567019385002,0.48623607
2024-09-11 01:00:00+00:00,1,Asia   (00-08),HIGH_VOL,Q4_alto,2.168677292053709,True,0.0173113843628059,0.4773583
2024-09-12 01:00:00+00:00,1,Asia   (00-08),HIGH_VOL,Q3,0.7814532275054631,True,0.0203295804371641,0.47436613
2024-09-12 02:00:00+00:00,2,Asia   (00-08),HIGH_VOL,Q4_alto,1.1826943649811448,True,0.0205095081375196,0.47436613
2024-09-13 00:00:00+00:00,0,Asia   (00-08),MIDHIGH_VOL,Q1_bajo,0.445213004065056,True,0.0148751168806091,0.45629025
2024-09-13 01:00:00+00:00,1,Asia   (00-08),MIDHIGH_VOL,Q2,0.45712772137034513,True,0.015140361797535602,0.46388772
2024-09-14 01:00:00+00:00,1,Asia   (00-08),MIDHIGH_VOL,Q1_bajo,0.32822591553761804,True,0.0148974660843792,0.3844113
2024-09-14 02:00:00+00:00,2,Asia   (00-08),MIDHIGH_VOL,Q1_bajo,0.2751521162916508,True,0.0146214628303615,0.3844113
2024-09-15 01:00:00+00:00,1,Asia   (00-08),LOW_VOL,Q4_alto,1.1104731323189876,True,0.0060935653527759,0.4610217
2024-09-15 02:00:00+00:00,2,Asia   (00-08),LOW_VOL,Q2,0.5604019763570717,True,0.0059262103345,0.47070876
2024-09-16 00:00:00+00:00,0,Asia   (00-08),MIDLOW_VOL,Q4_alto,2.316827993835944,True,0.0112433636814758,0.41058168
2024-09-16 01:00:00+00:00,1,Asia   (00-08),MIDLOW_VOL,Q4_alto,2.0518537509332258,True,0.0118329280129546,0.41058168
2024-09-17 00:00:00+00:00,0,Asia   (00-08),HIGH_VOL,Q4_alto,1.1011680860107764,False,-0.0078422946252978,0.47852755
2024-09-17 01:00:00+00:00,1,Asia   (00-08),HIGH_VOL,Q2,0.6052765400790813,False,-0.0079484044638475,0.47852755
2024-09-18 00:00:00+00:00,0,Asia   (00-08),HIGH_VOL,Q2,0.5170306060364079,True,0.0188470654343372,0.49729854
2024-09-18 01:00:00+00:00,1,Asia   (00-08),HIGH_VOL,Q1_bajo,0.3265018958420401,True,0.0190546055511266,0.4773583
2024-09-19 00:00:00+00:00,0,Asia   (00-08),HIGH_VOL,Q4_alto,2.0108447562853247,True,0.0214321873976624,0.47572827
2024-09-19 15:00:00+00:00,15,Europa (08-16),MIDLOW_VOL,Q3,0.8148556480623405,True,0.0128741293903865,0.40257004
2024-09-19 16:00:00+00:00,16,USA    (16-24),MIDHIGH_VOL,Q4_alto,1.3555772384871463,True,0.0132246284434215,0.3910719
2024-09-20 00:00:00+00:00,0,Asia   (00-08),MIDHIGH_VOL,Q2,0.5282011890637908,False,-0.0073123717898799,0.45287988
2024-09-20 01:00:00+00:00,1,Asia   (00-08),MIDHIGH_VOL,Q2,0.6654807979723042,False,-0.0073695998433139995,0.45287988
2024-09-21 00:00:00+00:00,0,Asia   (00-08),MIDLOW_VOL,Q2,0.4948978407429412,True,0.012566383906301,0.44761893
2024-09-21 10:00:00+00:00,10,Europa (08-16),LOW_VOL,Q1_bajo,0.41727636645660493,False,-0.0038454295294505,0.47070876
2024-09-22 00:00:00+00:00,0,Asia   (00-08),LOW_VOL,Q4_alto,1.69086868398752,True,0.0049136980108499,0.47070876
2024-09-22 01:00:00+00:00,1,Asia   (00-08),LOW_VOL,Q3,0.9150520897850306,True,0.0052769256265573,0.47070876
2024-09-23 00:00:00+00:00,0,Asia   (00-08),HIGH_VOL,Q4_alto,3.162577370687557,False,-0.0074224254313528994,0.4837861
2024-09-23 01:00:00+00:00,1,Asia   (00-08),HIGH_VOL,Q4_alto,1.8088521860289575,True,0.014737389913112901,0.49729854
2024-09-24 00:00:00+00:00,0,Asia   (00-08),MIDLOW_VOL,Q4_alto,1.7779612868179346,False,-0.0060025148414582,0.45425656
2024-09-24 01:00:00+00:00,1,Asia   (00-08),MIDLOW_VOL,Q3,1.0467391367212546,False,-0.0062654734654429,0.44359666
2024-09-25 00:00:00+00:00,0,Asia   (00-08),MIDHIGH_VOL,Q3,0.9072652811472294,True,0.013417590815786801,0.4837861
2024-09-25 02:00:00+00:00,2,Asia   (00-08),HIGH_VOL,Q1_bajo,0.39042308219661215,True,0.0145637610099172,0.49729854
2024-09-26 00:00:00+00:00,0,Asia   (00-08),MIDLOW_VOL,Q4_alto,1.135729962512512,False,-0.0058620669047606995,0.42135316
2024-09-26 01:00:00+00:00,1,Asia   (00-08),MIDLOW_VOL,Q4_alto,1.5012565072759703,False,-0.005980635935020099,0.42135316
2024-09-27 00:00:00+00:00,0,Asia   (00-08),HIGH_VOL,Q2,0.4477316203398976,True,0.0146188362748036,0.49729854
2024-09-27 02:00:00+00:00,2,Asia   (00-08),HIGH_VOL,Q1_bajo,0.38361284360014947,False,-0.0076676644312598,0.49729854
2024-09-28 00:00:00+00:00,0,Asia   (00-08),MIDHIGH_VOL,Q1_bajo,0.28586059663431135,True,0.011032450386991601,0.4848256
2024-09-28 01:00:00+00:00,1,Asia   (00-08),MIDHIGH_VOL,Q1_bajo,0.2447130107792273,True,0.0108555044417068,0.4848256
2024-09-29 00:00:00+00:00,0,Asia   (00-08),LOW_VOL,Q4_alto,1.3617794094580453,True,0.0056666776487085,0.46746
2024-09-29 01:00:00+00:00,1,Asia   (00-08),LOW_VOL,Q2,0.5687807891711277,True,0.0058931219631595,0.46746
2024-09-30 00:00:00+00:00,0,Asia   (00-08),MIDLOW_VOL,Q4_alto,4.033503370115267,True,0.0060954264572678,0.44959486
2024-09-30 01:00:00+00:00,1,Asia   (00-08),MIDLOW_VOL,Q4_alto,3.3012119568430682,True,0.0076246081004562,0.44359666
2024-10-01 00:00:00+00:00,0,Asia   (00-08),HIGH_VOL,Q4_alto,1.147668855455737,True,0.0122858355653402,0.4410727
2024-10-01 01:00:00+00:00,1,Asia   (00-08),MIDHIGH_VOL,Q2,0.5368826923585729,True,0.0121320994634242,0.4270911
2024-10-02 01:00:00+00:00,1,Asia   (00-08),HIGH_VOL,Q1_bajo,0.39471027578511403,True,0.0231159364336006,0.43590268
2024-10-02 02:00:00+00:00,2,Asia   (00-08),HIGH_VOL,Q2,0.4540946826364895,True,0.02339076880939,0.43590268
2024-10-03 00:00:00+00:00,0,Asia   (00-08),HIGH_VOL,Q3,0.8587392538672898,True,0.0199286518570734,0.48242497
2024-10-03 02:00:00+00:00,2,Asia   (00-08),HIGH_VOL,Q1_bajo,0.3350191359629218,True,0.0187647643528497,0.49729854
2024-10-03 15:00:00+00:00,15,Europa (08-16),HIGH_VOL,Q4_alto,1.6328361419691595,True,0.015447672161519599,0.46388772
2024-10-03 16:00:00+00:00,16,USA    (16-24),HIGH_VOL,Q4_alto,1.592985105022828,False,-0.0083020833021561,0.47210574
2024-10-04 00:00:00+00:00,0,Asia   (00-08),HIGH_VOL,Q2,0.5556484256062421,False,-0.0079810206632771,0.49729854
2024-10-04 03:00:00+00:00,3,Asia   (00-08),HIGH_VOL,Q1_bajo,0.2526923427967678,False,-0.0076144296061274,0.4837861
2024-10-05 00:00:00+00:00,0,Asia   (00-08),MIDHIGH_VOL,Q1_bajo,0.3191808862202734,True,0.0124195215441251,0.4801261
2024-10-05 01:00:00+00:00,1,Asia   (00-08),MIDHIGH_VOL,Q1_bajo,0.34034499591187345,True,0.0124534607911182,0.4801261
2024-10-06 02:00:00+00:00,2,Asia   (00-08),LOW_VOL,Q2,0.6536002875770596,True,0.0049859474870308,0.47070876
2024-10-06 03:00:00+00:00,3,Asia   (00-08),LOW_VOL,Q3,0.7122897353301331,False,-0.0035635068554908996,0.47070876
2024-10-07 00:00:00+00:00,0,Asia   (00-08),MIDLOW_VOL,Q4_alto,4.420168103224934,True,0.009671416922519901,0.49442697
2024-10-07 01:00:00+00:00,1,Asia   (00-08),MIDLOW_VOL,Q4_alto,2.3225519354424544,True,0.0100262732369166,0.49442697
2024-10-08 00:00:00+00:00,0,Asia   (00-08),HIGH_VOL,Q2,0.6233876062984327,True,0.0182597267330297,0.4663089
2024-10-08 01:00:00+00:00,1,Asia   (00-08),HIGH_VOL,Q2,0.6127043649905815,True,0.0179545797703211,0.4663089
2024-10-09 00:00:00+00:00,0,Asia   (00-08),MIDHIGH_VOL,Q2,0.4861853020854424,True,0.0142736307738149,0.4837861
2024-10-09 01:00:00+00:00,1,Asia   (00-08),MIDHIGH_VOL,Q3,0.7346418857125968,True,0.014681107301269699,0.4837861
2024-10-10 03:00:00+00:00,3,Asia   (00-08),MIDHIGH_VOL,Q1_bajo,0.34253347065769313,True,0.013051032413813701,0.42919344
2024-10-10 04:00:00+00:00,4,Asia   (00-08),MIDLOW_VOL,Q1_bajo,0.29749204267730855,True,0.012442733628203001,0.42919344
2024-10-11 00:00:00+00:00,0,Asia   (00-08),HIGH_VOL,Q2,0.5061998309592941,False,-0.0076771086626139,0.47852755
2024-10-11 01:00:00+00:00,1,Asia   (00-08),HIGH_VOL,Q3,0.8122243712735928,False,-0.0080325617930283,0.49729854
2024-10-12 03:00:00+00:00,3,Asia   (00-08),MIDHIGH_VOL,Q1_bajo,0.26803527759066176,False,-0.0063850447392286,0.498339
2024-10-12 04:00:00+00:00,4,Asia   (00-08),MIDHIGH_VOL,Q1_bajo,0.30792513213304074,False,-0.006250331367483699,0.498339
2024-10-13 00:00:00+00:00,0,Asia   (00-08),MIDLOW_VOL,Q3,0.9854327113810212,True,0.007090130591161,0.4801261
2024-10-13 01:00:00+00:00,1,Asia   (00-08),MIDLOW_VOL,Q4_alto,2.2298350698038814,True,0.0071573906283385995,0.4644644
2024-10-14 00:00:00+00:00,0,Asia   (00-08),MIDHIGH_VOL,Q3,1.063219599775864,False,-0.0056177219183701,0.46746
2024-10-14 01:00:00+00:00,1,Asia   (00-08),MIDHIGH_VOL,Q2,0.6441194295969945,False,-0.0056554524361418996,0.46746
2024-10-15 00:00:00+00:00,0,Asia   (00-08),MIDHIGH_VOL,Q3,0.733073214512408,True,0.0132400051675957,0.3844113
2024-10-15 01:00:00+00:00,1,Asia   (00-08),MIDHIGH_VOL,Q1_bajo,0.4008771869872651,True,0.0129340617284486,0.3722371
2024-10-16 04:00:00+00:00,4,Asia   (00-08),HIGH_VOL,Q1_bajo,0.26724201625717614,False,-0.0086258680408887,0.49729854
2024-10-16 05:00:00+00:00,5,Asia   (00-08),HIGH_VOL,Q1_bajo,0.3073688443853628,True,0.0150287891448047,0.49729854
2024-10-17 00:00:00+00:00,0,Asia   (00-08),MIDHIGH_VOL,Q1_bajo,0.4264574531533545,True,0.013028439235899301,0.46388772
2024-10-17 01:00:00+00:00,1,Asia   (00-08),MIDHIGH_VOL,Q3,0.7924693545038131,True,0.0123241022113836,0.46632797
2024-10-17 15:00:00+00:00,15,Europa (08-16),MIDHIGH_VOL,Q4_alto,2.0611918883090508,True,0.0118678046988866,0.45636374
2024-10-17 16:00:00+00:00,16,USA    (16-24),MIDHIGH_VOL,Q4_alto,1.1780456748716288,True,0.011856349863854001,0.47622606
2024-10-18 00:00:00+00:00,0,Asia   (00-08),MIDHIGH_VOL,Q2,0.541427578931512,False,-0.006442253292939099,0.47622606
2024-10-18 01:00:00+00:00,1,Asia   (00-08),MIDHIGH_VOL,Q4_alto,1.7540323204002644,True,0.013025679960600901,0.4837861
2024-10-19 03:00:00+00:00,3,Asia   (00-08),LOW_VOL,Q2,0.6232154480604789,True,0.0088733028976273,0.4644644
2024-10-19 04:00:00+00:00,4,Asia   (00-08),LOW_VOL,Q1_bajo,0.38231004408733726,True,0.0079730320637816,0.4644644
2024-10-20 01:00:00+00:00,1,Asia   (00-08),LOW_VOL,Q3,0.8099608276312745,False,-0.0030662048543553,0.47070876
2024-10-20 02:00:00+00:00,2,Asia   (00-08),LOW_VOL,Q2,0.5915438764048151,False,-0.0030178532964469,0.47070876
2024-10-21 00:00:00+00:00,0,Asia   (00-08),MIDLOW_VOL,Q4_alto,2.529152280278197,True,0.0076721367434499,0.4597862
2024-10-21 01:00:00+00:00,1,Asia   (00-08),MIDLOW_VOL,Q4_alto,1.3047615360889497,True,0.0083172875823266,0.49442697
2024-10-22 00:00:00+00:00,0,Asia   (00-08),HIGH_VOL,Q4_alto,2.100113910453413,True,0.0132522293332482,0.4748162
2024-10-22 01:00:00+00:00,1,Asia   (00-08),HIGH_VOL,Q2,0.6177269075870794,True,0.0136624338624338,0.47852755
2024-10-23 00:00:00+00:00,0,Asia   (00-08),MIDHIGH_VOL,Q2,0.6455126963942625,True,0.0117596299327183,0.45671755
2024-10-23 01:00:00+00:00,1,Asia   (00-08),MIDHIGH_VOL,Q1_bajo,0.32161479868722004,True,0.0113713521936854,0.45674953
2024-10-24 00:00:00+00:00,0,Asia   (00-08),HIGH_VOL,Q4_alto,1.126303265677257,True,0.0137496635123286,0.4837861
2024-10-24 01:00:00+00:00,1,Asia   (00-08),HIGH_VOL,Q4_alto,1.1552709458539696,True,0.0143934962907477,0.49729854
2024-10-25 00:00:00+00:00,0,Asia   (00-08),MIDHIGH_VOL,Q3,0.8302602871569962,True,0.0115116880518035,0.46983433
2024-10-25 01:00:00+00:00,1,Asia   (00-08),MIDHIGH_VOL,Q2,0.5312329871178124,True,0.0111152346864287,0.4801261
2024-10-26 08:00:00+00:00,8,Europa (08-16),MIDHIGH_VOL,Q1_bajo,0.15349391594910722,True,0.0114598124350802,0.4343614
2024-10-26 09:00:00+00:00,9,Europa (08-16),MIDHIGH_VOL,Q1_bajo,0.2450660884493285,True,0.0106472357053876,0.4322529
2024-10-27 00:00:00+00:00,0,Asia   (00-08),LOW_VOL,Q3,0.6851978637665399,False,-0.0035549221096375996,0.49056244
2024-10-27 01:00:00+00:00,1,Asia   (00-08),LOW_VOL,Q3,0.6801294060181804,False,-0.0035415508075742003,0.49056244
2024-10-28 00:00:00+00:00,0,Asia   (00-08),MIDLOW_VOL,Q4_alto,1.251322160882352,True,0.0074442689678178,0.4801261
2024-10-28 02:00:00+00:00,2,Asia   (00-08),MIDLOW_VOL,Q3,0.8935899907956143,False,-0.0045055328978845,0.4597862
2024-10-29 00:00:00+00:00,0,Asia   (00-08),MIDHIGH_VOL,Q2,0.46135185344920215,False,-0.0062680537158135,0.48967245
2024-10-29 01:00:00+00:00,1,Asia   (00-08),HIGH_VOL,Q3,0.7273320756140187,False,-0.0064859195665119,0.42693058
2024-10-30 00:00:00+00:00,0,Asia   (00-08),HIGH_VOL,Q2,0.5255802722889831,True,0.0169305382951188,0.34467977
2024-10-30 01:00:00+00:00,1,Asia   (00-08),HIGH_VOL,Q2,0.4968550790168772,True,0.016818153055490802,0.34467977
2024-10-31 01:00:00+00:00,1,Asia   (00-08),HIGH_VOL,Q2,0.5026760868290671,True,0.0136982569615735,0.4773583
2024-10-31 02:00:00+00:00,2,Asia   (00-08),HIGH_VOL,Q1_bajo,0.42016318423054805,True,0.0136319826920494,0.49729854
2024-10-31 15:00:00+00:00,15,Europa (08-16),MIDHIGH_VOL,Q4_alto,2.2211742815687954,True,0.0105013963814654,0.3976888
2024-10-31 16:00:00+00:00,16,USA    (16-24),MIDHIGH_VOL,Q4_alto,1.5273630602384867,True,0.010784274379701201,0.409942
2024-11-01 00:00:00+00:00,0,Asia   (00-08),HIGH_VOL,Q2,0.5250079328386418,True,0.0151052526641485,0.48831505
2024-11-01 01:00:00+00:00,1,Asia   (00-08),HIGH_VOL,Q4_alto,1.773123067052966,True,0.0165538194921007,0.4684447
2024-11-02 02:00:00+00:00,2,Asia   (00-08),HIGH_VOL,Q1_bajo,0.3173442522426113,True,0.0178152846622218,0.48242497
2024-11-02 03:00:00+00:00,3,Asia   (00-08),HIGH_VOL,Q1_bajo,0.189870674316656,True,0.016018415543700402,0.49729854
2024-11-03 00:00:00+00:00,0,Asia   (00-08),LOW_VOL,Q3,0.784127686308856,True,0.0059911846635985,0.41677123
2024-11-03 02:00:00+00:00,2,Asia   (00-08),MIDLOW_VOL,Q4_alto,6.950756138628952,True,0.0081206817669098,0.42135316
2024-11-04 01:00:00+00:00,1,Asia   (00-08),HIGH_VOL,Q3,0.9345569337294322,True,0.0141695187025087,0.49729854
2024-11-04 02:00:00+00:00,2,Asia   (00-08),HIGH_VOL,Q3,0.8380743027440166,True,0.014477903724422099,0.49729854
2024-11-05 00:00:00+00:00,0,Asia   (00-08),HIGH_VOL,Q3,0.7303553162072317,True,0.0164985778247366,0.4773583
2024-11-05 02:00:00+00:00,2,Asia   (00-08),HIGH_VOL,Q1_bajo,0.34627132149981105,False,-0.0085010048828443,0.49729854
2024-11-06 00:00:00+00:00,0,Asia   (00-08),HIGH_VOL,Q4_alto,2.9512573336462657,False,-0.0107275891005049,0.44005296
2024-11-06 01:00:00+00:00,1,Asia   (00-08),HIGH_VOL,Q4_alto,2.0288946877611616,False,-0.0112117658525018,0.44500127
2024-11-07 00:00:00+00:00,0,Asia   (00-08),HIGH_VOL,Q2,0.4939203893595699,True,0.0175386073089136,0.33958736
2024-11-07 01:00:00+00:00,1,Asia   (00-08),HIGH_VOL,Q3,0.8210145464751194,True,0.0176159003680415,0.33958736
2024-11-08 06:00:00+00:00,6,Asia   (00-08),MIDLOW_VOL,Q1_bajo,0.27162579118340124,False,-0.006650661132317499,0.4773583
2024-11-08 07:00:00+00:00,7,Asia   (00-08),MIDLOW_VOL,Q3,0.7723210943829832,True,0.0120020622771695,0.46388772
2024-11-09 05:00:00+00:00,5,Asia   (00-08),LOW_VOL,Q2,0.5607355879799637,True,0.0093647840531561,0.4597862
2024-11-09 06:00:00+00:00,6,Asia   (00-08),LOW_VOL,Q3,0.7770599219145956,True,0.0088243811565688,0.4597862
2024-11-10 00:00:00+00:00,0,Asia   (00-08),LOW_VOL,Q4_alto,1.8401013589052864,False,-0.0045282295228184,0.46746
2024-11-10 01:00:00+00:00,1,Asia   (00-08),LOW_VOL,Q3,1.0744204349306092,False,-0.0046407072130252,0.46746
2024-11-11 00:00:00+00:00,0,Asia   (00-08),HIGH_VOL,Q2,0.5298672456587077,False,-0.0101529520107213,0.34737864
2024-11-11 01:00:00+00:00,1,Asia   (00-08),HIGH_VOL,Q4_alto,1.131683371634179,True,0.0224463509412331,0.352086
2024-11-12 00:00:00+00:00,0,Asia   (00-08),HIGH_VOL,Q4_alto,1.44190032836001,True,0.0294450456507885,0.38560334
2024-11-12 01:00:00+00:00,1,Asia   (00-08),HIGH_VOL,Q3,0.9570564609711801,True,0.030736334972656598,0.38560334
2024-11-13 00:00:00+00:00,0,Asia   (00-08),HIGH_VOL,Q1_bajo,0.39257156391412656,True,0.0305908632405169,0.41774645
2024-11-13 01:00:00+00:00,1,Asia   (00-08),HIGH_VOL,Q2,0.5151792459854122,True,0.0299699488562417,0.41348925
2024-11-14 02:00:00+00:00,2,Asia   (00-08),HIGH_VOL,Q1_bajo,0.3297406201220718,True,0.0371989593942858,0.41774645
2024-11-14 15:00:00+00:00,15,Europa (08-16),MIDHIGH_VOL,Q4_alto,2.350045728570605,True,0.0244995129870129,0.43600488
2024-11-14 16:00:00+00:00,16,USA    (16-24),MIDHIGH_VOL,Q4_alto,1.7892529806630932,True,0.0254090259186434,0.41774645
2024-11-15 00:00:00+00:00,0,Asia   (00-08),HIGH_VOL,Q3,0.8008621479155953,False,-0.0131009353785019,0.41733608
2024-11-15 01:00:00+00:00,1,Asia   (00-08),HIGH_VOL,Q2,0.5457935669802225,True,0.0277785718256025,0.41733608
2024-11-16 02:00:00+00:00,2,Asia   (00-08),MIDLOW_VOL,Q1_bajo,0.3347617790834838,True,0.0198917166386286,0.40010133
2024-11-16 03:00:00+00:00,3,Asia   (00-08),MIDLOW_VOL,Q1_bajo,0.358117105661151,True,0.0190100882681207,0.40521184
2024-11-17 00:00:00+00:00,0,Asia   (00-08),LOW_VOL,Q2,0.5630316531530538,True,0.0108224549533262,0.42681912
2024-11-17 01:00:00+00:00,1,Asia   (00-08),LOW_VOL,Q4_alto,1.4474923603747887,True,0.0116308870049347,0.42681912
2024-11-18 00:00:00+00:00,0,Asia   (00-08),MIDLOW_VOL,Q3,0.7933570927376628,False,-0.0071151422326212995,0.42361462
2024-11-18 01:00:00+00:00,1,Asia   (00-08),MIDLOW_VOL,Q4_alto,1.3512932902681745,False,-0.007358761061779799,0.4164735
2024-11-19 05:00:00+00:00,5,Asia   (00-08),MIDLOW_VOL,Q1_bajo,0.34882993897002584,True,0.0194055728362299,0.40521184
2024-11-19 06:00:00+00:00,6,Asia   (00-08),MIDLOW_VOL,Q1_bajo,0.38725204880809283,True,0.0176868115331273,0.40521184
2024-11-20 01:00:00+00:00,1,Asia   (00-08),MIDHIGH_VOL,Q2,0.5146499639774417,False,-0.0099069411039774,0.42499408
2024-11-20 02:00:00+00:00,2,Asia   (00-08),MIDLOW_VOL,Q2,0.4492267942690902,False,-0.009652133484491,0.42499408
2024-11-21 00:00:00+00:00,0,Asia   (00-08),MIDLOW_VOL,Q3,0.9958282014065862,True,0.016498007107560702,0.40038675
2024-11-21 01:00:00+00:00,1,Asia   (00-08),MIDLOW_VOL,Q2,0.6006778926539359,True,0.0158963949234337,0.40038675
2024-11-22 02:00:00+00:00,2,Asia   (00-08),MIDHIGH_VOL,Q2,0.5304344908492493,True,0.0175166112259699,0.39581242
2024-11-22 03:00:00+00:00,3,Asia   (00-08),MIDHIGH_VOL,Q4_alto,1.1256039020239113,True,0.0177625500363105,0.39550182
2024-11-23 04:00:00+00:00,4,Asia   (00-08),LOW_VOL,Q2,0.5132713540297518,True,0.0111263309412549,0.42222524
2024-11-23 05:00:00+00:00,5,Asia   (00-08),LOW_VOL,Q1_bajo,0.3095842055291675,True,0.0093850473173985,0.42222524
2024-11-24 00:00:00+00:00,0,Asia   (00-08),LOW_VOL,Q3,0.7346274719817538,True,0.0081470929462033,0.4287158
2024-11-24 01:00:00+00:00,1,Asia   (00-08),LOW_VOL,Q4_alto,1.1819763591188897,True,0.0086417280078351,0.4062396
2024-11-25 00:00:00+00:00,0,Asia   (00-08),MIDHIGH_VOL,Q3,0.7168170632516621,True,0.0142947289543947,0.4242499
2024-11-25 01:00:00+00:00,1,Asia   (00-08),MIDHIGH_VOL,Q4_alto,1.1210726765829986,False,-0.0076841325005096,0.4242499
2024-11-26 00:00:00+00:00,0,Asia   (00-08),HIGH_VOL,Q4_alto,1.0998980843923192,True,0.0251680068447312,0.43522036
2024-11-26 01:00:00+00:00,1,Asia   (00-08),HIGH_VOL,Q3,0.6787456992145088,True,0.0256197128750456,0.40987602
2024-11-27 03:00:00+00:00,3,Asia   (00-08),HIGH_VOL,Q1_bajo,0.324622505624655,False,-0.010412771721825,0.41603786
2024-11-27 04:00:00+00:00,4,Asia   (00-08),HIGH_VOL,Q2,0.48955447491515264,False,-0.0097494787574561,0.41603786
2024-11-28 00:00:00+00:00,0,Asia   (00-08),MIDHIGH_VOL,Q3,0.7038967295382605,True,0.015200661763966502,0.3958809
2024-11-28 01:00:00+00:00,1,Asia   (00-08),MIDHIGH_VOL,Q1_bajo,0.38862712758222573,True,0.0152025618510674,0.3958809
2024-11-28 15:00:00+00:00,15,Europa (08-16),MIDLOW_VOL,Q4_alto,1.2546645860304324,False,-0.006927070642135999,0.42656535
2024-11-28 16:00:00+00:00,16,USA    (16-24),MIDLOW_VOL,Q3,1.027017665254358,False,-0.006747631827825,0.42559695
2024-11-29 00:00:00+00:00,0,Asia   (00-08),LOW_VOL,Q3,0.8434130898523557,False,-0.0060751081424031995,0.40937036
2024-11-29 01:00:00+00:00,1,Asia   (00-08),LOW_VOL,Q2,0.6424857965959316,False,-0.0057824337953971,0.40937036
2024-11-30 00:00:00+00:00,0,Asia   (00-08),MIDLOW_VOL,Q2,0.6270100250826204,True,0.0119182309014186,0.43285844
2024-11-30 02:00:00+00:00,2,Asia   (00-08),MIDLOW_VOL,Q3,0.7445567278269728,True,0.011125875160928401,0.42222524
2024-12-01 00:00:00+00:00,0,Asia   (00-08),LOW_VOL,Q4_alto,1.1850254273821852,True,0.0054327081021614005,0.43420014
2024-12-01 01:00:00+00:00,1,Asia   (00-08),LOW_VOL,Q4_alto,1.6328655075445275,True,0.0056581601573369,0.42942554
2024-12-02 00:00:00+00:00,0,Asia   (00-08),MIDLOW_VOL,Q4_alto,1.2752380475147427,True,0.008404912465219301,0.40937036
2024-12-02 01:00:00+00:00,1,Asia   (00-08),MIDLOW_VOL,Q4_alto,1.8643403071569267,True,0.0090141734146008,0.40937036
2024-12-03 00:00:00+00:00,0,Asia   (00-08),HIGH_VOL,Q2,0.5286071726684823,True,0.0186587760100728,0.41803616
2024-12-03 01:00:00+00:00,1,Asia   (00-08),HIGH_VOL,Q1_bajo,0.35040887631409845,True,0.0187171922787516,0.41431212
2024-12-04 01:00:00+00:00,1,Asia   (00-08),MIDHIGH_VOL,Q3,1.0569741885401573,True,0.015901218928031,0.42741954
2024-12-04 04:00:00+00:00,4,Asia   (00-08),MIDHIGH_VOL,Q1_bajo,0.2950643583137991,True,0.0132917407991377,0.42119336
2024-12-05 00:00:00+00:00,0,Asia   (00-08),HIGH_VOL,Q3,0.8217862039139197,False,-0.0091857131820814,0.39559656
2024-12-05 01:00:00+00:00,1,Asia   (00-08),HIGH_VOL,Q3,1.0501206220712542,False,-0.009420783807349599,0.39559656
2024-12-06 06:00:00+00:00,6,Asia   (00-08),HIGH_VOL,Q1_bajo,0.29250729357755634,False,-0.0151202485155591,0.41889966
2024-12-06 07:00:00+00:00,7,Asia   (00-08),HIGH_VOL,Q1_bajo,0.2595432307026368,False,-0.0149467503904186,0.40987602
2024-12-07 00:00:00+00:00,0,Asia   (00-08),HIGH_VOL,Q2,0.632714183127313,True,0.0197651509570882,0.42741954
2024-12-07 01:00:00+00:00,1,Asia   (00-08),HIGH_VOL,Q1_bajo,0.3679475172425973,True,0.0199027448764541,0.42119336
2024-12-08 00:00:00+00:00,0,Asia   (00-08),LOW_VOL,Q2,0.6104903548840629,True,0.0078394602483795,0.41621542
2024-12-08 01:00:00+00:00,1,Asia   (00-08),LOW_VOL,Q3,0.795497277175434,True,0.008015118565066,0.41621542
2024-12-09 00:00:00+00:00,0,Asia   (00-08),MIDHIGH_VOL,Q4_alto,3.28043160975194,True,0.0130681952579443,0.42119336
2024-12-09 01:00:00+00:00,1,Asia   (00-08),MIDHIGH_VOL,Q3,1.0353789224207002,True,0.012742729088165301,0.42119336
2024-12-10 00:00:00+00:00,0,Asia   (00-08),HIGH_VOL,Q3,0.8252764883283903,True,0.0276595867301344,0.40456593
2024-12-10 01:00:00+00:00,1,Asia   (00-08),HIGH_VOL,Q1_bajo,0.3998507340463742,True,0.027561035172724402,0.3981739
2024-12-11 01:00:00+00:00,1,Asia   (00-08),HIGH_VOL,Q2,0.643091395595674,False,-0.0114949103259268,0.3981739
2024-12-11 03:00:00+00:00,3,Asia   (00-08),HIGH_VOL,Q2,0.6141864047236752,False,-0.011625907490178099,0.4053803
2024-12-12 02:00:00+00:00,2,Asia   (00-08),MIDHIGH_VOL,Q3,0.7644846137582394,True,0.0163908068325714,0.39550182
2024-12-12 15:00:00+00:00,15,Europa (08-16),MIDLOW_VOL,Q4_alto,2.282355431938001,True,0.012478057936427601,0.3958809
2024-12-12 16:00:00+00:00,16,USA    (16-24),MIDLOW_VOL,Q4_alto,2.8835904161075527,True,0.012216487760449,0.3958809
2024-12-13 00:00:00+00:00,0,Asia   (00-08),MIDHIGH_VOL,Q1_bajo,0.3782950844312311,True,0.0159541360897747,0.42656535
2024-12-13 05:00:00+00:00,5,Asia   (00-08),MIDLOW_VOL,Q1_bajo,0.2831375849798206,False,-0.0070257688427487995,0.42615262
2024-12-14 01:00:00+00:00,1,Asia   (00-08),MIDLOW_VOL,Q4_alto,2.682994083906216,True,0.0135777606942903,0.3958809
2024-12-14 02:00:00+00:00,2,Asia   (00-08),MIDLOW_VOL,Q3,0.7440614351047091,True,0.014000399461315401,0.3958809
2024-12-15 00:00:00+00:00,0,Asia   (00-08),LOW_VOL,Q2,0.5692111259224637,False,-0.0048537378254636,0.42374864
2024-12-15 01:00:00+00:00,1,Asia   (00-08),LOW_VOL,Q4_alto,1.7222093826975449,True,0.0086199642890032,0.40937036
2024-12-16 00:00:00+00:00,0,Asia   (00-08),MIDHIGH_VOL,Q4_alto,3.962590721899427,True,0.0135721064691867,0.42500553
2024-12-16 02:00:00+00:00,2,Asia   (00-08),MIDHIGH_VOL,Q4_alto,1.5026284784502895,True,0.0142806853138216,0.40040722
2024-12-17 02:00:00+00:00,2,Asia   (00-08),MIDHIGH_VOL,Q2,0.4612519715601115,False,-0.0078315617320347,0.4016577
2024-12-17 03:00:00+00:00,3,Asia   (00-08),MIDHIGH_VOL,Q2,0.44842037964341847,True,0.015458580409933,0.39638257
2024-12-18 00:00:00+00:00,0,Asia   (00-08),HIGH_VOL,Q3,0.7744134839717829,True,0.0175413408840936,0.40036556
2024-12-18 01:00:00+00:00,1,Asia   (00-08),HIGH_VOL,Q4_alto,1.3475251678460005,True,0.019080202069374,0.40036556
2024-12-19 00:00:00+00:00,0,Asia   (00-08),HIGH_VOL,Q3,0.77774208499288,True,0.0211549905673919,0.4438823
2024-12-19 01:00:00+00:00,1,Asia   (00-08),HIGH_VOL,Q3,0.8640762715123739,True,0.0224525656360128,0.4438823
2024-12-20 00:00:00+00:00,0,Asia   (00-08),HIGH_VOL,Q3,0.8120328905983166,True,0.031158089845766,0.43522036
2024-12-20 01:00:00+00:00,1,Asia   (00-08),HIGH_VOL,Q3,0.7567858546086491,True,0.0329958591521968,0.43522036
2024-12-21 01:00:00+00:00,1,Asia   (00-08),HIGH_VOL,Q1_bajo,0.27567154094157703,True,0.0226469853673833,0.39644918
2024-12-21 02:00:00+00:00,2,Asia   (00-08),HIGH_VOL,Q1_bajo,0.17813503608912018,False,-0.0098316491748468,0.41519335
2024-12-22 00:00:00+00:00,0,Asia   (00-08),MIDLOW_VOL,Q2,0.4498003195919561,True,0.0139975402505655,0.42656535
2024-12-22 01:00:00+00:00,1,Asia   (00-08),MIDLOW_VOL,Q2,0.5770963178658282,True,0.0141739621773085,0.42615262
2024-12-23 00:00:00+00:00,0,Asia   (00-08),MIDHIGH_VOL,Q4_alto,1.2635916768733906,True,0.0175953830950846,0.44254076
2024-12-23 01:00:00+00:00,1,Asia   (00-08),HIGH_VOL,Q4_alto,1.8234592809701706,True,0.0191102189504959,0.44254076
2024-12-24 00:00:00+00:00,0,Asia   (00-08),HIGH_VOL,Q3,0.8250982527242835,True,0.022235627400894,0.40095723
2024-12-24 02:00:00+00:00,2,Asia   (00-08),HIGH_VOL,Q3,0.7501449427033635,False,-0.0107257866484771,0.40268847
2024-12-25 04:00:00+00:00,4,Asia   (00-08),MIDLOW_VOL,Q1_bajo,0.285703254200665,True,0.0144987390088458,0.38580012
2024-12-25 05:00:00+00:00,5,Asia   (00-08),LOW_VOL,Q1_bajo,0.18650255900048138,True,0.0132164730442389,0.39102566
2024-12-26 00:00:00+00:00,0,Asia   (00-08),MIDLOW_VOL,Q4_alto,1.9260539044876304,True,0.013526674599286,0.3958809
2024-12-26 01:00:00+00:00,1,Asia   (00-08),LOW_VOL,Q4_alto,1.1616249663841791,True,0.0128605134671012,0.3958809
2024-12-26 15:00:00+00:00,15,Europa (08-16),MIDLOW_VOL,Q4_alto,1.2314840076192775,True,0.014301198369830001,0.44254076
2024-12-26 16:00:00+00:00,16,USA    (16-24),MIDLOW_VOL,Q4_alto,1.2473981494816566,True,0.0142827836048547,0.41708487
2024-12-27 00:00:00+00:00,0,Asia   (00-08),LOW_VOL,Q3,0.8428554533298721,True,0.0125167298664383,0.40863898
2024-12-27 01:00:00+00:00,1,Asia   (00-08),LOW_VOL,Q2,0.6166886810861024,True,0.0127000503869004,0.39932874
2024-12-28 06:00:00+00:00,6,Asia   (00-08),LOW_VOL,Q1_bajo,0.30875236227224234,False,-0.0049042405111742,0.39177045
2024-12-28 07:00:00+00:00,7,Asia   (00-08),LOW_VOL,Q1_bajo,0.35441868102141216,False,-0.0045678865934652,0.38381946
2024-12-29 00:00:00+00:00,0,Asia   (00-08),LOW_VOL,Q2,0.6506379187238788,True,0.0076430460702604005,0.41409895
2024-12-29 02:00:00+00:00,2,Asia   (00-08),LOW_VOL,Q2,0.629815828983132,True,0.0079299655179975,0.40794158
2024-12-30 01:00:00+00:00,1,Asia   (00-08),MIDLOW_VOL,Q4_alto,1.6762283777501534,True,0.011985912064506301,0.42640632
2024-12-30 02:00:00+00:00,2,Asia   (00-08),MIDLOW_VOL,Q3,0.7999574228882622,True,0.0124653095662189,0.40672922
2024-12-31 00:00:00+00:00,0,Asia   (00-08),HIGH_VOL,Q1_bajo,0.42757604450243586,False,-0.0101552810862086,0.4192165
2024-12-31 01:00:00+00:00,1,Asia   (00-08),HIGH_VOL,Q2,0.6709283410105148,False,-0.0101862065319319,0.4245818
2025-01-01 00:00:00+00:00,0,Asia   (00-08),HIGH_VOL,Q3,0.6982969469017698,True,0.0167198940511565,0.42499408
2025-01-01 01:00:00+00:00,1,Asia   (00-08),HIGH_VOL,Q2,0.48035994574501195,True,0.017647501816472202,0.42499408
2025-01-02 00:00:00+00:00,0,Asia   (00-08),MIDLOW_VOL,Q4_alto,2.324687604451926,False,-0.0058563352095133995,0.40937036
2025-01-02 01:00:00+00:00,1,Asia   (00-08),MIDLOW_VOL,Q4_alto,1.4526347908061774,False,-0.006045593694125,0.40937036
2025-01-03 00:00:00+00:00,0,Asia   (00-08),MIDHIGH_VOL,Q1_bajo,0.41007211418477124,True,0.0143988945088934,0.4011538
2025-01-03 01:00:00+00:00,1,Asia   (00-08),MIDHIGH_VOL,Q1_bajo,0.40458808788562084,True,0.0142750793216973,0.4011538
2025-01-04 00:00:00+00:00,0,Asia   (00-08),MIDLOW_VOL,Q3,0.7376098636705338,True,0.0093858905372754,0.42165595
2025-01-04 01:00:00+00:00,1,Asia   (00-08),MIDLOW_VOL,Q1_bajo,0.40409761346417444,True,0.0093075890816126,0.42165595
2025-01-05 00:00:00+00:00,0,Asia   (00-08),LOW_VOL,Q2,0.5168729704871797,True,0.0058417073543019,0.42713937
2025-01-05 01:00:00+00:00,1,Asia   (00-08),LOW_VOL,Q3,0.6836650597515574,True,0.005939172352361501,0.42713937
2025-01-06 00:00:00+00:00,0,Asia   (00-08),MIDLOW_VOL,Q4_alto,1.284228736398641,False,-0.0049213018940426,0.41621542
2025-01-06 01:00:00+00:00,1,Asia   (00-08),MIDLOW_VOL,Q4_alto,1.639283224494507,False,-0.0053039432979734,0.40937036
2025-01-07 00:00:00+00:00,0,Asia   (00-08),HIGH_VOL,Q3,0.966038713686458,True,0.0157699463428085,0.40084183
2025-01-07 01:00:00+00:00,1,Asia   (00-08),HIGH_VOL,Q1_bajo,0.4461893654804725,True,0.015321966302037502,0.38580012
2025-01-08 00:00:00+00:00,0,Asia   (00-08),HIGH_VOL,Q2,0.49491170497606307,True,0.0176492145119865,0.44254076
2025-01-08 01:00:00+00:00,1,Asia   (00-08),HIGH_VOL,Q1_bajo,0.3436169529435842,True,0.0172205442219007,0.44254076
2025-01-09 00:00:00+00:00,0,Asia   (00-08),HIGH_VOL,Q1_bajo,0.27456498577350097,True,0.0199301760332315,0.41147673
2025-01-09 01:00:00+00:00,1,Asia   (00-08),HIGH_VOL,Q1_bajo,0.3164786342337952,True,0.0182993393751942,0.41147673
2025-01-09 15:00:00+00:00,15,Europa (08-16),HIGH_VOL,Q4_alto,2.3357800178191264,True,0.0186540598975015,0.413571
2025-01-09 16:00:00+00:00,16,USA    (16-24),HIGH_VOL,Q4_alto,1.51168936351027,True,0.0174970760400629,0.4197663
2025-01-10 00:00:00+00:00,0,Asia   (00-08),HIGH_VOL,Q2,0.5351066437217357,False,-0.0105172303685223,0.40377024
2025-01-10 01:00:00+00:00,1,Asia   (00-08),HIGH_VOL,Q2,0.4508250561524495,False,-0.0104328943815305,0.40377024
2025-01-11 10:00:00+00:00,10,Europa (08-16),LOW_VOL,Q1_bajo,0.32940732518920246,True,0.0058612059926317,0.42569327
2025-01-11 14:00:00+00:00,14,Europa (08-16),LOW_VOL,Q3,0.782548353136476,True,0.0054478170606306,0.41866842
2025-01-12 00:00:00+00:00,0,Asia   (00-08),LOW_VOL,Q3,0.6965042060869469,True,0.0057974977268913,0.41409895
2025-01-12 01:00:00+00:00,1,Asia   (00-08),LOW_VOL,Q2,0.6657172817920655,True,0.005714072894540401,0.41409895
2025-01-13 00:00:00+00:00,0,Asia   (00-08),MIDLOW_VOL,Q4_alto,3.5058006795163132,True,0.0098228633624666,0.40937036
2025-01-13 01:00:00+00:00,1,Asia   (00-08),MIDLOW_VOL,Q4_alto,2.3595931979367486,True,0.0114547831287963,0.40937036
2025-01-14 00:00:00+00:00,0,Asia   (00-08),HIGH_VOL,Q1_bajo,0.36594010259687837,False,-0.0111989955744769,0.40010133
2025-01-14 01:00:00+00:00,1,Asia   (00-08),HIGH_VOL,Q1_bajo,0.39910190915327265,False,-0.0109512694218338,0.40010133
2025-01-15 01:00:00+00:00,1,Asia   (00-08),MIDHIGH_VOL,Q3,0.9117000293820456,True,0.0149267069459969,0.3958809
2025-01-15 02:00:00+00:00,2,Asia   (00-08),MIDHIGH_VOL,Q2,0.6323997264250063,False,-0.0076748045335204,0.3958809
2025-01-16 00:00:00+00:00,0,Asia   (00-08),MIDHIGH_VOL,Q4_alto,1.1964049688103682,True,0.0160366151250571,0.38580012
2025-01-16 01:00:00+00:00,1,Asia   (00-08),MIDHIGH_VOL,Q1_bajo,0.387463706568887,True,0.0159612315294077,0.38580012
2025-01-17 00:00:00+00:00,0,Asia   (00-08),MIDHIGH_VOL,Q1_bajo,0.43989267248451513,False,-0.0083146960413741,0.400688
2025-01-17 01:00:00+00:00,1,Asia   (00-08),MIDHIGH_VOL,Q4_alto,1.9800598263203588,True,0.0180557938439819,0.400688
2025-01-18 00:00:00+00:00,0,Asia   (00-08),MIDHIGH_VOL,Q1_bajo,0.3938278297139722,True,0.0150091213023338,0.37180138
2025-01-18 01:00:00+00:00,1,Asia   (00-08),MIDHIGH_VOL,Q1_bajo,0.3492983158768756,True,0.0153382254748047,0.37180138
2025-01-19 01:00:00+00:00,1,Asia   (00-08),MIDLOW_VOL,Q2,0.5866169708908165,True,0.0136477606020508,0.41682085
2025-01-19 02:00:00+00:00,2,Asia   (00-08),MIDHIGH_VOL,Q4_alto,1.3095084776596022,True,0.0140237924605759,0.39159337
2025-01-20 00:00:00+00:00,0,Asia   (00-08),HIGH_VOL,Q4_alto,1.9866852013739023,False,-0.0126898670620164,0.44293052
2025-01-20 01:00:00+00:00,1,Asia   (00-08),HIGH_VOL,Q4_alto,1.3701683996600063,False,-0.0126953607637348,0.44293052
2025-01-21 03:00:00+00:00,3,Asia   (00-08),HIGH_VOL,Q1_bajo,0.3913881576352816,True,0.0408419540934257,0.41840714
2025-01-21 05:00:00+00:00,5,Asia   (00-08),HIGH_VOL,Q1_bajo,0.3352218656380605,False,-0.0170580556440657,0.42784536
2025-01-22 00:00:00+00:00,0,Asia   (00-08),HIGH_VOL,Q2,0.46184545915143205,True,0.0225362230683838,0.39131016
2025-01-22 01:00:00+00:00,1,Asia   (00-08),HIGH_VOL,Q2,0.493755565332201,True,0.0226429252060803,0.4031087
2025-01-23 01:00:00+00:00,1,Asia   (00-08),MIDHIGH_VOL,Q3,1.022365641390876,True,0.0168312746621651,0.4142842
2025-01-23 02:00:00+00:00,2,Asia   (00-08),MIDHIGH_VOL,Q4_alto,1.3570894926758432,True,0.0173768546856542,0.42639613
2025-01-23 15:00:00+00:00,15,Europa (08-16),HIGH_VOL,Q4_alto,5.911375328394166,True,0.0218432131345514,0.3836707
2025-01-23 16:00:00+00:00,16,USA    (16-24),HIGH_VOL,Q4_alto,3.0171661061231663,True,0.023167653857064402,0.38248962
2025-01-24 10:00:00+00:00,10,Europa (08-16),MIDLOW_VOL,Q1_bajo,0.2163767241265879,True,0.0157479553177573,0.40040722
2025-01-24 11:00:00+00:00,11,Europa (08-16),MIDLOW_VOL,Q1_bajo,0.17089033509798587,True,0.0145589700902093,0.39159337
2025-01-25 01:00:00+00:00,1,Asia   (00-08),MIDLOW_VOL,Q1_bajo,0.4405161648279771,True,0.0140761067460738,0.40036556
2025-01-25 03:00:00+00:00,3,Asia   (00-08),LOW_VOL,Q2,0.5894065788273928,True,0.013923955052003301,0.40036556
2025-01-26 00:00:00+00:00,0,Asia   (00-08),LOW_VOL,Q3,0.7397130694146113,False,-0.0039008889292079995,0.42713937
2025-01-26 01:00:00+00:00,1,Asia   (00-08),LOW_VOL,Q2,0.6057685353353763,False,-0.0038825433862088995,0.42713937
2025-01-27 00:00:00+00:00,0,Asia   (00-08),LOW_VOL,Q4_alto,4.3535262872183695,True,0.0082100809027247,0.43193838
2025-01-27 01:00:00+00:00,1,Asia   (00-08),LOW_VOL,Q4_alto,3.036153461735413,True,0.0092775064846811,0.44588342
2025-01-28 04:00:00+00:00,4,Asia   (00-08),MIDHIGH_VOL,Q3,0.6819863901349164,True,0.0197851821185499,0.39559656
2025-01-28 05:00:00+00:00,5,Asia   (00-08),MIDHIGH_VOL,Q1_bajo,0.3567502683480959,True,0.0187606538999948,0.39559656
2025-01-29 05:00:00+00:00,5,Asia   (00-08),MIDLOW_VOL,Q1_bajo,0.3378682318809419,True,0.014018130496901501,0.42119336
2025-01-29 06:00:00+00:00,6,Asia   (00-08),MIDLOW_VOL,Q2,0.6697733801071162,True,0.0133713498885302,0.3958809
2025-01-30 04:00:00+00:00,4,Asia   (00-08),MIDHIGH_VOL,Q3,0.8286921475539748,True,0.0173683135054437,0.4067251
2025-01-30 09:00:00+00:00,9,Europa (08-16),MIDLOW_VOL,Q2,0.44905749542430606,True,0.0128778465488152,0.39653584
2025-01-31 00:00:00+00:00,0,Asia   (00-08),MIDLOW_VOL,Q3,1.0028556343849382,True,0.012320554638552101,0.41305774
2025-01-31 01:00:00+00:00,1,Asia   (00-08),MIDLOW_VOL,Q2,0.570929012751981,True,0.0125809337232795,0.40036556
2025-02-01 00:00:00+00:00,0,Asia   (00-08),MIDHIGH_VOL,Q2,0.45085669322555944,True,0.0144032603436317,0.45123193
2025-02-01 01:00:00+00:00,1,Asia   (00-08),MIDHIGH_VOL,Q1_bajo,0.3887737748230937,True,0.0140369879177602,0.44109067
2025-02-02 00:00:00+00:00,0,Asia   (00-08),MIDLOW_VOL,Q4_alto,1.211162690397355,True,0.0093399004771192,0.42538977
2025-02-02 01:00:00+00:00,1,Asia   (00-08),MIDLOW_VOL,Q3,0.6758308237148867,True,0.009176255712402801,0.40290442
2025-02-03 00:00:00+00:00,0,Asia   (00-08),HIGH_VOL,Q4_alto,3.0235454552956313,True,0.0260190153545593,0.42982107
2025-02-03 01:00:00+00:00,1,Asia   (00-08),HIGH_VOL,Q4_alto,4.538727207053398,True,0.0331418181417761,0.43522036
2025-02-04 00:00:00+00:00,0,Asia   (00-08),HIGH_VOL,Q1_bajo,0.40563632361559643,True,0.024705816980229202,0.39559656
2025-02-04 01:00:00+00:00,1,Asia   (00-08),HIGH_VOL,Q2,0.5633861357797828,True,0.0249900908790007,0.39559656
2025-02-05 00:00:00+00:00,0,Asia   (00-08),HIGH_VOL,Q1_bajo,0.39252902675948287,True,0.0242572059852419,0.41889966
2025-02-05 05:00:00+00:00,5,Asia   (00-08),HIGH_VOL,Q1_bajo,0.41876152773504444,True,0.0214880332091881,0.41889966
2025-02-06 00:00:00+00:00,0,Asia   (00-08),MIDHIGH_VOL,Q3,0.8746328571770432,False,-0.0081177522368411,0.42615262
2025-02-06 01:00:00+00:00,1,Asia   (00-08),MIDHIGH_VOL,Q2,0.6400110236772848,False,-0.0081462073891823,0.42615262
2025-02-06 15:00:00+00:00,15,Europa (08-16),MIDLOW_VOL,Q4_alto,2.5279802405108245,True,0.0117807788320456,0.41513294
2025-02-06 16:00:00+00:00,16,USA    (16-24),MIDLOW_VOL,Q4_alto,1.970563385089587,True,0.013041544249571801,0.45089513
2025-02-07 01:00:00+00:00,1,Asia   (00-08),MIDHIGH_VOL,Q3,0.7223492247224338,True,0.018913982363946102,0.42078203
2025-02-07 02:00:00+00:00,2,Asia   (00-08),MIDHIGH_VOL,Q2,0.6355604539829677,True,0.0185789962026506,0.41803616
2025-02-08 00:00:00+00:00,0,Asia   (00-08),MIDHIGH_VOL,Q1_bajo,0.43052593461188987,True,0.0192046567479683,0.42615262
2025-02-08 02:00:00+00:00,2,Asia   (00-08),MIDHIGH_VOL,Q1_bajo,0.23447774688927997,True,0.018891053603813702,0.42615262
2025-02-09 00:00:00+00:00,0,Asia   (00-08),LOW_VOL,Q2,0.5108148786932661,False,-0.0041155733217374,0.4136337
2025-02-09 01:00:00+00:00,1,Asia   (00-08),LOW_VOL,Q4_alto,1.4810137218723165,True,0.0063914217273442,0.41868708
2025-02-10 00:00:00+00:00,0,Asia   (00-08),MIDLOW_VOL,Q4_alto,1.695918723851097,True,0.0136686970063564,0.41803616
2025-02-10 01:00:00+00:00,1,Asia   (00-08),MIDHIGH_VOL,Q4_alto,1.7254096180846905,False,-0.0078773722802358,0.42078203
2025-02-11 01:00:00+00:00,1,Asia   (00-08),LOW_VOL,Q2,0.6471181575140234,True,0.0100445341602224,0.40937036
2025-02-11 02:00:00+00:00,2,Asia   (00-08),LOW_VOL,Q3,0.8065758240140976,True,0.0100785917417318,0.40937036
2025-02-12 00:00:00+00:00,0,Asia   (00-08),MIDHIGH_VOL,Q2,0.49167543744967823,True,0.0137498512468896,0.42615262
2025-02-12 01:00:00+00:00,1,Asia   (00-08),MIDHIGH_VOL,Q1_bajo,0.4076058469432396,True,0.0138765189148304,0.42615262
2025-02-13 00:00:00+00:00,0,Asia   (00-08),HIGH_VOL,Q1_bajo,0.35755943589040046,True,0.0192418292876778,0.39559656
2025-02-13 01:00:00+00:00,1,Asia   (00-08),HIGH_VOL,Q1_bajo,0.39132911965643996,True,0.0191355031285221,0.39559656
2025-02-14 03:00:00+00:00,3,Asia   (00-08),MIDLOW_VOL,Q3,0.7097326690901481,True,0.0115342277650893,0.40937036
2025-02-14 04:00:00+00:00,4,Asia   (00-08),MIDLOW_VOL,Q3,0.7530287683172172,True,0.0111957212900648,0.40937036
2025-02-15 10:00:00+00:00,10,Europa (08-16),LOW_VOL,Q1_bajo,0.27949456149260804,True,0.005966646933312301,0.4295823
2025-02-15 11:00:00+00:00,11,Europa (08-16),LOW_VOL,Q1_bajo,0.35229162852917956,True,0.005083000320065201,0.4295823
2025-02-16 00:00:00+00:00,0,Asia   (00-08),LOW_VOL,Q2,0.6180103054543322,True,0.0036765271183412003,0.42713937
2025-02-16 01:00:00+00:00,1,Asia   (00-08),LOW_VOL,Q2,0.48579334355978687,True,0.0035772649265375005,0.42713937
2025-02-17 00:00:00+00:00,0,Asia   (00-08),MIDLOW_VOL,Q4_alto,1.4369749463443324,True,0.006708561789376401,0.4277337
2025-02-17 01:00:00+00:00,1,Asia   (00-08),MIDLOW_VOL,Q3,1.0838133347964323,True,0.0071375552520940005,0.4192782
2025-02-18 00:00:00+00:00,0,Asia   (00-08),MIDHIGH_VOL,Q3,0.7068344527624362,True,0.01041573702018,0.40254796
2025-02-18 01:00:00+00:00,1,Asia   (00-08),MIDHIGH_VOL,Q3,0.9415677170822989,True,0.0109502790642441,0.4062396
2025-02-19 02:00:00+00:00,2,Asia   (00-08),HIGH_VOL,Q2,0.5518071011916166,True,0.0144934033330082,0.4242499
2025-02-19 03:00:00+00:00,3,Asia   (00-08),HIGH_VOL,Q1_bajo,0.3834647308577483,True,0.0143252008833146,0.42741954
2025-02-20 15:00:00+00:00,15,Europa (08-16),MIDLOW_VOL,Q4_alto,2.6386992736836503,False,-0.0044486965293134,0.43420014
2025-02-20 16:00:00+00:00,16,USA    (16-24),MIDLOW_VOL,Q4_alto,2.4996104971488573,False,-0.0047409650259304,0.42713937
2025-02-21 01:00:00+00:00,1,Asia   (00-08),MIDHIGH_VOL,Q1_bajo,0.4257329916261442,False,-0.0052847106413719,0.42165595
2025-02-21 02:00:00+00:00,2,Asia   (00-08),MIDHIGH_VOL,Q1_bajo,0.35381827969770285,False,-0.005250083399494399,0.42165595
2025-02-22 12:00:00+00:00,12,Europa (08-16),LOW_VOL,Q3,0.9637614317339943,True,0.004902135939469801,0.38889435
2025-02-22 17:00:00+00:00,17,USA    (16-24),LOW_VOL,Q2,0.5174639239231912,True,0.004232542455603201,0.38889435
2025-02-23 00:00:00+00:00,0,Asia   (00-08),LOW_VOL,Q2,0.5148961834768239,True,0.0039523009573227,0.4061097
2025-02-23 01:00:00+00:00,1,Asia   (00-08),LOW_VOL,Q3,0.8573789422764496,True,0.0041793716656786,0.4061097
2025-02-24 00:00:00+00:00,0,Asia   (00-08),MIDLOW_VOL,Q4_alto,1.4069071865690055,True,0.0056104924023279,0.39631224
2025-02-24 01:00:00+00:00,1,Asia   (00-08),MIDLOW_VOL,Q4_alto,1.2047337001531369,True,0.0062638956403749,0.39631224
2025-02-25 00:00:00+00:00,0,Asia   (00-08),HIGH_VOL,Q4_alto,2.0503898754644903,True,0.0194080546030059,0.44718456
2025-02-25 01:00:00+00:00,1,Asia   (00-08),HIGH_VOL,Q4_alto,1.2686446418125423,True,0.0206076828696298,0.44718456
2025-02-26 01:00:00+00:00,1,Asia   (00-08),HIGH_VOL,Q1_bajo,0.22869755691073146,True,0.0241381628421953,0.39728147
2025-02-26 02:00:00+00:00,2,Asia   (00-08),HIGH_VOL,Q1_bajo,0.23633382923530763,True,0.0243152387224847,0.39728147
2025-02-27 05:00:00+00:00,5,Asia   (00-08),HIGH_VOL,Q2,0.48140763531211533,True,0.031148386184054404,0.377996
2025-02-27 06:00:00+00:00,6,Asia   (00-08),HIGH_VOL,Q2,0.5559648154700342,True,0.030137316320387998,0.38160634
2025-02-28 00:00:00+00:00,0,Asia   (00-08),HIGH_VOL,Q2,0.49925005350440904,True,0.0218102426029603,0.38906413
2025-02-28 01:00:00+00:00,1,Asia   (00-08),HIGH_VOL,Q4_alto,3.503382380963415,True,0.027208521978910702,0.3863482
2025-03-01 00:00:00+00:00,0,Asia   (00-08),MIDHIGH_VOL,Q1_bajo,0.22970716767008026,False,-0.011545382982708699,0.4163068
2025-03-01 03:00:00+00:00,3,Asia   (00-08),MIDHIGH_VOL,Q1_bajo,0.38620688024281524,True,0.0244702723538168,0.36919752
2025-03-02 01:00:00+00:00,1,Asia   (00-08),MIDLOW_VOL,Q3,0.6914601769506203,True,0.0101464789646337,0.3998038
2025-03-02 03:00:00+00:00,3,Asia   (00-08),MIDLOW_VOL,Q3,0.7065965476882562,True,0.0105995622651736,0.39145258
2025-03-03 00:00:00+00:00,0,Asia   (00-08),HIGH_VOL,Q2,0.5819623532731455,True,0.0331108454092813,0.39162138
2025-03-03 01:00:00+00:00,1,Asia   (00-08),HIGH_VOL,Q2,0.6325786976372855,True,0.033953564699305,0.39491823
2025-03-04 00:00:00+00:00,0,Asia   (00-08),HIGH_VOL,Q3,0.7897706366518527,True,0.0370422008266985,0.43364134
2025-03-04 02:00:00+00:00,2,Asia   (00-08),HIGH_VOL,Q4_alto,1.3773847010563505,True,0.0454575707870002,0.43364134
2025-03-05 00:00:00+00:00,0,Asia   (00-08),HIGH_VOL,Q2,0.46776452486566267,False,-0.0159849154321646,0.41306034
2025-03-05 01:00:00+00:00,1,Asia   (00-08),HIGH_VOL,Q2,0.5395761330923673,False,-0.016159972975499,0.40010133
2025-03-06 00:00:00+00:00,0,Asia   (00-08),MIDLOW_VOL,Q2,0.51718286497721,False,-0.010968673839937399,0.40184417
2025-03-06 01:00:00+00:00,1,Asia   (00-08),MIDLOW_VOL,Q3,1.0340943113148429,True,0.0249851493473099,0.40184417
2025-03-06 15:00:00+00:00,15,Europa (08-16),MIDLOW_VOL,Q4_alto,2.4364786502616753,True,0.0200161455911311,0.42499408
2025-03-06 16:00:00+00:00,16,USA    (16-24),MIDLOW_VOL,Q4_alto,1.8029751889002745,True,0.0217011713242766,0.42499408
2025-03-07 00:00:00+00:00,0,Asia   (00-08),HIGH_VOL,Q4_alto,4.333083044206789,False,-0.0162759101809607,0.43269446
2025-03-07 02:00:00+00:00,2,Asia   (00-08),HIGH_VOL,Q3,0.8330207930272318,False,-0.0178393970588138,0.41733608
2025-03-08 00:00:00+00:00,0,Asia   (00-08),HIGH_VOL,Q1_bajo,0.2962053689263383,True,0.0353119504683148,0.40832248
2025-03-08 12:00:00+00:00,12,Europa (08-16),LOW_VOL,Q2,0.4898580927587137,True,0.0127111880390342,0.39813507
2025-03-09 00:00:00+00:00,0,Asia   (00-08),LOW_VOL,Q3,0.985454317720786,True,0.0088172577322827,0.41336542
2025-03-09 01:00:00+00:00,1,Asia   (00-08),LOW_VOL,Q3,0.7485523812891356,True,0.0089243051480032,0.4040001
2025-03-10 00:00:00+00:00,0,Asia   (00-08),MIDHIGH_VOL,Q4_alto,1.719169617451237,False,-0.0121863652509082,0.39940494
2025-03-10 02:00:00+00:00,2,Asia   (00-08),MIDHIGH_VOL,Q3,1.0225270186949593,True,0.0276213260703322,0.40352014
2025-03-11 00:00:00+00:00,0,Asia   (00-08),HIGH_VOL,Q4_alto,1.861379798706467,False,-0.0171394230817005,0.43503922
2025-03-11 05:00:00+00:00,5,Asia   (00-08),MIDHIGH_VOL,Q2,0.4765719811670643,True,0.0313193624025958,0.44413596
2025-03-12 00:00:00+00:00,0,Asia   (00-08),MIDLOW_VOL,Q1_bajo,0.366134191894038,True,0.025463650234305902,0.3425774
2025-03-12 01:00:00+00:00,1,Asia   (00-08),MIDHIGH_VOL,Q2,0.6255100684208396,True,0.02585821112367,0.3425774
2025-03-13 00:00:00+00:00,0,Asia   (00-08),MIDLOW_VOL,Q2,0.4746647835831568,True,0.0214232208023883,0.42086142
2025-03-13 01:00:00+00:00,1,Asia   (00-08),MIDLOW_VOL,Q2,0.5128448095056191,True,0.021772905769684,0.42968607
2025-03-14 00:00:00+00:00,0,Asia   (00-08),MIDLOW_VOL,Q3,0.7066283176897138,False,-0.0101602003486459,0.46946368
2025-03-14 01:00:00+00:00,1,Asia   (00-08),MIDLOW_VOL,Q2,0.4903713624614783,False,-0.0102737323516249,0.46946368
2025-03-15 00:00:00+00:00,0,Asia   (00-08),MIDLOW_VOL,Q1_bajo,0.2856770155063027,True,0.0152016265291103,0.38781172
2025-03-15 01:00:00+00:00,1,Asia   (00-08),MIDLOW_VOL,Q1_bajo,0.3306736329990313,True,0.0153442786904275,0.40267345
2025-03-16 00:00:00+00:00,0,Asia   (00-08),LOW_VOL,Q2,0.6642295767844937,True,0.004747263603947701,0.3922582
2025-03-16 02:00:00+00:00,2,Asia   (00-08),LOW_VOL,Q4_alto,1.2148939296523604,True,0.0052040835245967,0.396754
2025-03-17 02:00:00+00:00,2,Asia   (00-08),MIDHIGH_VOL,Q2,0.4502070580936333,True,0.0167605842389857,0.43219325
2025-03-17 03:00:00+00:00,3,Asia   (00-08),MIDHIGH_VOL,Q2,0.662248065121736,True,0.0164007323817608,0.43219325
2025-03-18 00:00:00+00:00,0,Asia   (00-08),MIDLOW_VOL,Q1_bajo,0.3399453638112797,True,0.0149013338263954,0.39400762
2025-03-18 01:00:00+00:00,1,Asia   (00-08),MIDLOW_VOL,Q4_alto,1.2420318239281818,True,0.015748036949913502,0.39874244
2025-03-19 00:00:00+00:00,0,Asia   (00-08),MIDLOW_VOL,Q3,0.9080776179797893,True,0.0139639935592967,0.49607474
2025-03-19 01:00:00+00:00,1,Asia   (00-08),MIDLOW_VOL,Q2,0.6430954960035443,False,-0.0074469882050974,0.49607474
2025-03-20 00:00:00+00:00,0,Asia   (00-08),HIGH_VOL,Q4_alto,1.8929119010858952,True,0.0197065717429309,0.37809986
2025-03-20 01:00:00+00:00,1,Asia   (00-08),HIGH_VOL,Q3,0.8948067091644162,True,0.0195609537167647,0.37415951
2025-03-20 15:00:00+00:00,15,Europa (08-16),MIDHIGH_VOL,Q4_alto,2.9360175582833987,True,0.0139405573754499,0.39779347
2025-03-20 20:00:00+00:00,20,USA    (16-24),MIDHIGH_VOL,Q2,0.4815632100881693,True,0.015957398170535802,0.3936048
2025-03-21 00:00:00+00:00,0,Asia   (00-08),MIDHIGH_VOL,Q1_bajo,0.38299318606603483,True,0.014407453369088401,0.39266002
2025-03-21 01:00:00+00:00,1,Asia   (00-08),MIDHIGH_VOL,Q2,0.4623226965579766,True,0.0144561454442457,0.39266002
2025-03-22 04:00:00+00:00,4,Asia   (00-08),LOW_VOL,Q1_bajo,0.25119510437207365,True,0.008027383862252201,0.41036373
2025-03-22 05:00:00+00:00,5,Asia   (00-08),LOW_VOL,Q1_bajo,0.37942623042763113,True,0.0071618236274232,0.41036373
2025-03-23 00:00:00+00:00,0,Asia   (00-08),LOW_VOL,Q3,0.9197879126206842,False,-0.003053335933217,0.45210552
2025-03-23 01:00:00+00:00,1,Asia   (00-08),LOW_VOL,Q3,0.6949068686532494,False,-0.0030101123091173,0.4472083
2025-03-24 00:00:00+00:00,0,Asia   (00-08),MIDLOW_VOL,Q4_alto,2.9712336217456388,True,0.0090145711136021,0.4507857
2025-03-24 01:00:00+00:00,1,Asia   (00-08),MIDLOW_VOL,Q4_alto,1.3039956877742789,False,-0.005265177266463399,0.40960127
2025-03-25 00:00:00+00:00,0,Asia   (00-08),MIDHIGH_VOL,Q3,0.7248564911635086,True,0.0126981278211375,0.42481408
2025-03-25 01:00:00+00:00,1,Asia   (00-08),MIDHIGH_VOL,Q3,1.0005005379002587,True,0.0135482908791909,0.42202508
2025-03-26 00:00:00+00:00,0,Asia   (00-08),MIDHIGH_VOL,Q2,0.6103822056077526,True,0.012178425975449,0.41392457
2025-03-26 02:00:00+00:00,2,Asia   (00-08),MIDHIGH_VOL,Q2,0.6216345247640129,True,0.0120177386766647,0.42144626
2025-03-27 00:00:00+00:00,0,Asia   (00-08),HIGH_VOL,Q3,0.6723755339149434,True,0.0132309638710078,0.4104329
2025-03-27 01:00:00+00:00,1,Asia   (00-08),HIGH_VOL,Q2,0.5658212129848401,True,0.0132398338348515,0.4104329
2025-03-28 00:00:00+00:00,0,Asia   (00-08),MIDHIGH_VOL,Q3,0.6793046022971191,True,0.0115141898297607,0.41392457
2025-03-28 01:00:00+00:00,1,Asia   (00-08),MIDHIGH_VOL,Q2,0.5695691562971128,True,0.0113169568722025,0.41392457
2025-03-29 00:00:00+00:00,0,Asia   (00-08),MIDHIGH_VOL,Q1_bajo,0.39251326845324497,True,0.0108353502106545,0.37762383
2025-03-29 01:00:00+00:00,1,Asia   (00-08),MIDHIGH_VOL,Q1_bajo,0.3119004062925029,True,0.0105363654863654,0.3956374
2025-03-30 01:00:00+00:00,1,Asia   (00-08),MIDLOW_VOL,Q3,0.9174157951566906,True,0.0092603051282812,0.40607232
2025-03-30 02:00:00+00:00,2,Asia   (00-08),MIDLOW_VOL,Q3,0.8935856780369966,True,0.0093529246721059,0.41650632
2025-03-31 02:00:00+00:00,2,Asia   (00-08),HIGH_VOL,Q3,1.0336453239397838,True,0.0135984278087776,0.48929155
2025-03-31 03:00:00+00:00,3,Asia   (00-08),HIGH_VOL,Q3,1.017263370174864,False,-0.0071445989546674,0.48929155
2025-04-01 00:00:00+00:00,0,Asia   (00-08),HIGH_VOL,Q2,0.515279298794117,False,-0.0083752341103805,0.46946368
2025-04-01 01:00:00+00:00,1,Asia   (00-08),HIGH_VOL,Q1_bajo,0.3381495984036704,False,-0.0083126081158632,0.46946368
2025-04-02 00:00:00+00:00,0,Asia   (00-08),HIGH_VOL,Q2,0.4477640942226498,True,0.0139193707580125,0.3834443
2025-04-02 01:00:00+00:00,1,Asia   (00-08),HIGH_VOL,Q2,0.491234866085252,True,0.0138749576387697,0.3834443
2025-04-03 00:00:00+00:00,0,Asia   (00-08),HIGH_VOL,Q4_alto,1.1161533946867142,True,0.0276854048433957,0.38543433
2025-04-03 01:00:00+00:00,1,Asia   (00-08),HIGH_VOL,Q2,0.6505589029598424,True,0.0281880037680209,0.38543433
2025-04-03 15:00:00+00:00,15,Europa (08-16),HIGH_VOL,Q3,1.0210747063163612,True,0.0139475768998799,0.41717574
2025-04-03 17:00:00+00:00,17,USA    (16-24),HIGH_VOL,Q2,0.584670837728817,False,-0.007517443318184099,0.45008942
2025-04-04 00:00:00+00:00,0,Asia   (00-08),HIGH_VOL,Q2,0.6346080956909816,False,-0.0081109445203048,0.47893232
2025-04-04 01:00:00+00:00,1,Asia   (00-08),HIGH_VOL,Q3,0.9234115039508303,False,-0.008455825463685101,0.4751464
2025-04-05 01:00:00+00:00,1,Asia   (00-08),HIGH_VOL,Q1_bajo,0.33475508874912063,True,0.020510774743267,0.3881914
2025-04-05 02:00:00+00:00,2,Asia   (00-08),HIGH_VOL,Q1_bajo,0.18468952181668458,True,0.0188002961090756,0.3881914
2025-04-06 00:00:00+00:00,0,Asia   (00-08),LOW_VOL,Q3,0.7771137636391153,True,0.007824359319424901,0.3869768
2025-04-06 02:00:00+00:00,2,Asia   (00-08),LOW_VOL,Q2,0.6322965271739245,True,0.0078133168350551,0.39724758
2025-04-07 00:00:00+00:00,0,Asia   (00-08),HIGH_VOL,Q4_alto,1.6609365992515723,True,0.0241387387265747,0.42221677
2025-04-07 01:00:00+00:00,1,Asia   (00-08),HIGH_VOL,Q4_alto,1.2151759584621824,True,0.025276125213195902,0.42221677
2025-04-08 01:00:00+00:00,1,Asia   (00-08),HIGH_VOL,Q2,0.6310373620470847,True,0.0362353663812975,0.3701914
2025-04-08 02:00:00+00:00,2,Asia   (00-08),HIGH_VOL,Q1_bajo,0.38294111548886656,True,0.0360054833310867,0.39977956
2025-04-09 00:00:00+00:00,0,Asia   (00-08),HIGH_VOL,Q4_alto,1.1249033133063717,True,0.0227923579440403,0.41570732
2025-04-09 01:00:00+00:00,1,Asia   (00-08),HIGH_VOL,Q4_alto,2.33638023068109,True,0.0245756460115806,0.4220883
2025-04-10 00:00:00+00:00,0,Asia   (00-08),HIGH_VOL,Q1_bajo,0.4053183143085342,True,0.0297974110103133,0.34869364
2025-04-10 01:00:00+00:00,1,Asia   (00-08),HIGH_VOL,Q1_bajo,0.2790632153636525,True,0.028026249197809,0.34869364
2025-04-11 00:00:00+00:00,0,Asia   (00-08),MIDHIGH_VOL,Q3,0.7706752139976576,False,-0.0103593237328851,0.41260087
2025-04-11 01:00:00+00:00,1,Asia   (00-08),MIDHIGH_VOL,Q3,0.9119754022524542,False,-0.010912720086461299,0.46946368
2025-04-12 02:00:00+00:00,2,Asia   (00-08),MIDLOW_VOL,Q2,0.45033423511135223,False,-0.0085519165025978,0.36886802
2025-04-12 03:00:00+00:00,3,Asia   (00-08),MIDLOW_VOL,Q1_bajo,0.3317150291317473,False,-0.007727517813587399,0.45678988
2025-04-13 00:00:00+00:00,0,Asia   (00-08),MIDLOW_VOL,Q3,0.6871113248443619,True,0.0125861237861237,0.39145258
2025-04-13 01:00:00+00:00,1,Asia   (00-08),MIDLOW_VOL,Q4_alto,1.8659378434791205,True,0.013906530790426001,0.3834443
2025-04-14 03:00:00+00:00,3,Asia   (00-08),MIDHIGH_VOL,Q4_alto,1.1258046132807713,True,0.0201111917300882,0.3881914
2025-04-14 04:00:00+00:00,4,Asia   (00-08),MIDHIGH_VOL,Q2,0.5953105197631374,True,0.020005150608886302,0.3881914
2025-04-15 01:00:00+00:00,1,Asia   (00-08),MIDLOW_VOL,Q3,0.7173230461970825,False,-0.0080853607547688,0.39400762
2025-04-15 03:00:00+00:00,3,Asia   (00-08),MIDLOW_VOL,Q3,0.7999692641314459,True,0.0147172956732237,0.37518224
2025-04-16 00:00:00+00:00,0,Asia   (00-08),LOW_VOL,Q4_alto,1.1451363542206154,False,-0.0063757462658343995,0.4001282
2025-04-16 01:00:00+00:00,1,Asia   (00-08),LOW_VOL,Q3,0.9391227442746947,True,0.0120584053443102,0.4001282
2025-04-17 15:00:00+00:00,15,Europa (08-16),LOW_VOL,Q4_alto,1.833995882567304,False,-0.0053024669952837,0.41036373
2025-04-17 17:00:00+00:00,17,USA    (16-24),LOW_VOL,Q4_alto,1.2360006272879667,True,0.009544526263306,0.40399566
2025-04-18 00:00:00+00:00,0,Asia   (00-08),LOW_VOL,Q1_bajo,0.3854803263126413,True,0.0097320538996058,0.40399566
2025-04-18 01:00:00+00:00,1,Asia   (00-08),LOW_VOL,Q1_bajo,0.40970747742890246,True,0.0094300089796457,0.40399566
2025-04-19 00:00:00+00:00,0,Asia   (00-08),LOW_VOL,Q2,0.5089788273836818,False,-0.0031010445893339,0.451928
2025-04-19 01:00:00+00:00,1,Asia   (00-08),LOW_VOL,Q2,0.6569071326269682,False,-0.0030770227850292,0.44703114
2025-04-20 00:00:00+00:00,0,Asia   (00-08),LOW_VOL,Q2,0.5709784945648355,True,0.005120211048496101,0.402918
2025-04-20 01:00:00+00:00,1,Asia   (00-08),LOW_VOL,Q2,0.5148497561634768,True,0.005163160550683101,0.402918
2025-04-21 00:00:00+00:00,0,Asia   (00-08),MIDLOW_VOL,Q4_alto,5.831702332387611,False,-0.0054038931045859,0.44889602
2025-04-21 01:00:00+00:00,1,Asia   (00-08),MIDHIGH_VOL,Q4_alto,3.0185714521621105,True,0.0100443497036311,0.3958782
2025-04-22 01:00:00+00:00,1,Asia   (00-08),HIGH_VOL,Q4_alto,1.981654999797262,False,-0.0080738219554121,0.40038675
2025-04-22 02:00:00+00:00,2,Asia   (00-08),HIGH_VOL,Q3,0.9823769870733751,False,-0.008231867912443,0.40038675
2025-04-23 01:00:00+00:00,1,Asia   (00-08),HIGH_VOL,Q2,0.6341640596727838,False,-0.0101867339600071,0.4045763
2025-04-23 02:00:00+00:00,2,Asia   (00-08),HIGH_VOL,Q2,0.5019478700546867,False,-0.0101004478232098,0.39566323
2025-04-24 00:00:00+00:00,0,Asia   (00-08),HIGH_VOL,Q1_bajo,0.424439905237822,True,0.0148076890797278,0.42499408
2025-04-24 01:00:00+00:00,1,Asia   (00-08),HIGH_VOL,Q1_bajo,0.4373529235912696,True,0.0149579230830027,0.40567937
2025-04-25 00:00:00+00:00,0,Asia   (00-08),MIDLOW_VOL,Q4_alto,1.1287749307071497,True,0.009338476972761701,0.41392457
2025-04-25 01:00:00+00:00,1,Asia   (00-08),MIDHIGH_VOL,Q4_alto,1.3050104032327785,True,0.0101364320150582,0.41392457
2025-04-26 00:00:00+00:00,0,Asia   (00-08),HIGH_VOL,Q2,0.5554928277927765,True,0.0141884989759577,0.3958809
2025-04-26 01:00:00+00:00,1,Asia   (00-08),HIGH_VOL,Q2,0.45623818858024584,True,0.0132706897526961,0.3958809
2025-04-27 00:00:00+00:00,0,Asia   (00-08),LOW_VOL,Q4_alto,1.8287446240976533,True,0.0051816670794562,0.41409895
2025-04-27 01:00:00+00:00,1,Asia   (00-08),MIDLOW_VOL,Q4_alto,3.9365524766989743,True,0.0067744305545578,0.41866842
2025-04-28 00:00:00+00:00,0,Asia   (00-08),MIDLOW_VOL,Q4_alto,2.870013881393851,True,0.0061812542915158,0.44437185
2025-04-28 01:00:00+00:00,1,Asia   (00-08),MIDLOW_VOL,Q4_alto,3.244864965685732,False,-0.0045644201010198995,0.44437185
2025-04-29 00:00:00+00:00,0,Asia   (00-08),MIDHIGH_VOL,Q3,0.6840833862940212,True,0.012545123192942601,0.4012372
2025-04-29 01:00:00+00:00,1,Asia   (00-08),MIDHIGH_VOL,Q4_alto,1.7073756835809246,True,0.012874663646519801,0.41513294
2025-04-30 01:00:00+00:00,1,Asia   (00-08),MIDLOW_VOL,Q2,0.616955044385333,True,0.0101594029143065,0.42222524
2025-04-30 02:00:00+00:00,2,Asia   (00-08),MIDLOW_VOL,Q2,0.6253828281875985,True,0.0100618663293664,0.42222524
2025-05-01 01:00:00+00:00,1,Asia   (00-08),HIGH_VOL,Q2,0.5957136451126008,False,-0.0069214920954063,0.4257843
2025-05-01 02:00:00+00:00,2,Asia   (00-08),MIDHIGH_VOL,Q3,0.890251680651174,False,-0.0066156778043617,0.41970572
2025-05-01 15:00:00+00:00,15,Europa (08-16),MIDHIGH_VOL,Q4_alto,2.6443939985123603,True,0.009810581688072601,0.41245633
2025-05-01 16:00:00+00:00,16,USA    (16-24),MIDHIGH_VOL,Q3,0.9738300169293934,True,0.0099834721542594,0.43542555
2025-05-02 00:00:00+00:00,0,Asia   (00-08),MIDHIGH_VOL,Q3,0.6922630320341143,True,0.0107046759709865,0.41245633
2025-05-02 01:00:00+00:00,1,Asia   (00-08),MIDHIGH_VOL,Q2,0.6226805685236673,True,0.010743617258233501,0.41245633
2025-05-03 00:00:00+00:00,0,Asia   (00-08),MIDLOW_VOL,Q1_bajo,0.41786295285248964,True,0.008933318120005,0.42222524
2025-05-03 01:00:00+00:00,1,Asia   (00-08),MIDHIGH_VOL,Q2,0.6548830799335859,True,0.0090151364943241,0.42222524
2025-05-04 00:00:00+00:00,0,Asia   (00-08),LOW_VOL,Q3,1.0212676984802964,True,0.0040442626201484,0.3944032
2025-05-04 01:00:00+00:00,1,Asia   (00-08),LOW_VOL,Q4_alto,1.61852804390641,True,0.0046402308905664005,0.3880671
2025-05-05 01:00:00+00:00,1,Asia   (00-08),MIDHIGH_VOL,Q4_alto,2.8333246256972933,True,0.0077958305435509995,0.40879816
2025-05-05 02:00:00+00:00,2,Asia   (00-08),MIDHIGH_VOL,Q4_alto,2.191029224556926,True,0.0088370139913706,0.43721318
2025-05-06 00:00:00+00:00,0,Asia   (00-08),HIGH_VOL,Q2,0.6585773299496824,True,0.009990804785246301,0.40937036
2025-05-06 02:00:00+00:00,2,Asia   (00-08),HIGH_VOL,Q3,0.8057763308120836,True,0.0103153784071277,0.41392457
2025-05-07 00:00:00+00:00,0,Asia   (00-08),HIGH_VOL,Q4_alto,1.8387083352003943,True,0.0121787188047012,0.41143346
2025-05-07 01:00:00+00:00,1,Asia   (00-08),HIGH_VOL,Q4_alto,1.1026841610099098,True,0.012484268381898,0.41143346
2025-05-08 00:00:00+00:00,0,Asia   (00-08),HIGH_VOL,Q4_alto,1.168170330610753,False,-0.006064373928207,0.42165595
2025-05-08 01:00:00+00:00,1,Asia   (00-08),HIGH_VOL,Q4_alto,2.8257430517390896,False,-0.006440622083145,0.41344953
2025-05-09 01:00:00+00:00,1,Asia   (00-08),HIGH_VOL,Q1_bajo,0.43629158774047494,True,0.0166709337620757,0.40726027
2025-05-09 03:00:00+00:00,3,Asia   (00-08),HIGH_VOL,Q2,0.44768989652264296,False,-0.0085140647742164,0.38561618
2025-05-10 01:00:00+00:00,1,Asia   (00-08),MIDHIGH_VOL,Q1_bajo,0.2986299795705734,False,-0.005400580989881099,0.42222524
2025-05-10 04:00:00+00:00,4,Asia   (00-08),LOW_VOL,Q1_bajo,0.3062694257604725,False,-0.0043291797955393,0.4393572
2025-05-11 01:00:00+00:00,1,Asia   (00-08),MIDHIGH_VOL,Q3,0.9296366059100968,True,0.008844960227491,0.40503475
2025-05-11 02:00:00+00:00,2,Asia   (00-08),MIDHIGH_VOL,Q4_alto,1.357523648044342,False,-0.0054644811377606,0.40503475
2025-05-12 00:00:00+00:00,0,Asia   (00-08),MIDHIGH_VOL,Q3,1.0638117127500433,True,0.009337578719592501,0.40503475
2025-05-12 02:00:00+00:00,2,Asia   (00-08),HIGH_VOL,Q3,0.8062995223788404,False,-0.0060895406099889,0.421212
2025-05-13 00:00:00+00:00,0,Asia   (00-08),HIGH_VOL,Q2,0.44912812504890154,True,0.015595346212047799,0.4442983
2025-05-13 01:00:00+00:00,1,Asia   (00-08),HIGH_VOL,Q2,0.5544473371295474,True,0.0150379753527441,0.42937508
2025-05-14 00:00:00+00:00,0,Asia   (00-08),MIDLOW_VOL,Q2,0.625839981206031,True,0.0098465579295764,0.40503475
2025-05-14 01:00:00+00:00,1,Asia   (00-08),MIDLOW_VOL,Q3,0.826341844688411,True,0.0099112488977072,0.40503475
2025-05-15 00:00:00+00:00,0,Asia   (00-08),LOW_VOL,Q2,0.5943753806037996,True,0.008757698885464701,0.40503475
2025-05-15 01:00:00+00:00,1,Asia   (00-08),MIDLOW_VOL,Q3,1.0009674094606362,True,0.0093724540212281,0.40503475
2025-05-15 15:00:00+00:00,15,Europa (08-16),HIGH_VOL,Q4_alto,2.2770219330807793,True,0.0120777671969154,0.41803616
2025-05-15 16:00:00+00:00,16,USA    (16-24),HIGH_VOL,Q4_alto,1.7545136667961656,True,0.0127109649248966,0.39278468
2025-05-16 01:00:00+00:00,1,Asia   (00-08),HIGH_VOL,Q3,0.7921015523186963,True,0.014733713553862299,0.40040722
2025-05-16 02:00:00+00:00,2,Asia   (00-08),HIGH_VOL,Q3,1.0137222690564758,True,0.0146848563921042,0.40040722
2025-05-17 00:00:00+00:00,0,Asia   (00-08),LOW_VOL,Q4_alto,1.4304987170292993,True,0.0080843223633997,0.41784975
2025-05-17 02:00:00+00:00,2,Asia   (00-08),MIDLOW_VOL,Q4_alto,1.292369958647029,True,0.0090725224140593,0.42222524
2025-05-18 00:00:00+00:00,0,Asia   (00-08),LOW_VOL,Q2,0.6146313582274199,False,-0.0038389893533480003,0.42205805
2025-05-18 01:00:00+00:00,1,Asia   (00-08),LOW_VOL,Q2,0.5224735888812503,False,-0.0038069784537819997,0.42713937
2025-05-19 00:00:00+00:00,0,Asia   (00-08),HIGH_VOL,Q4_alto,2.1789644353730977,True,0.0174610471598967,0.39638257
2025-05-19 01:00:00+00:00,1,Asia   (00-08),HIGH_VOL,Q3,1.0199936835218057,True,0.0181644034712528,0.4031087
2025-05-20 00:00:00+00:00,0,Asia   (00-08),HIGH_VOL,Q4_alto,1.5512966016986587,True,0.012950271932394201,0.40040722
2025-05-20 01:00:00+00:00,1,Asia   (00-08),HIGH_VOL,Q3,1.0406487678610505,True,0.0139476827917232,0.40040722
2025-05-21 02:00:00+00:00,2,Asia   (00-08),HIGH_VOL,Q2,0.6369469253411215,True,0.016176158588913,0.39638257
2025-05-21 03:00:00+00:00,3,Asia   (00-08),HIGH_VOL,Q3,0.675625547395098,True,0.0157045813116942,0.39638257
2025-05-22 03:00:00+00:00,3,Asia   (00-08),HIGH_VOL,Q3,1.0241454751384822,True,0.0246627444789428,0.39835072
2025-05-22 04:00:00+00:00,4,Asia   (00-08),HIGH_VOL,Q2,0.5496122897280119,True,0.0228326656595908,0.39835888
2025-05-23 00:00:00+00:00,0,Asia   (00-08),MIDLOW_VOL,Q3,0.8689439098689054,True,0.0112093333510884,0.3732341
2025-05-23 01:00:00+00:00,1,Asia   (00-08),MIDLOW_VOL,Q3,0.7667613868214681,True,0.0108679108822111,0.3732341
2025-05-24 01:00:00+00:00,1,Asia   (00-08),HIGH_VOL,Q1_bajo,0.3797712180103789,False,-0.0082079281974569,0.40108302
2025-05-24 03:00:00+00:00,3,Asia   (00-08),MIDHIGH_VOL,Q2,0.4798397580650489,True,0.0131258383987498,0.3754462
2025-05-25 00:00:00+00:00,0,Asia   (00-08),LOW_VOL,Q4_alto,1.2799486778441482,True,0.007825370885836,0.3944901
2025-05-25 01:00:00+00:00,1,Asia   (00-08),MIDLOW_VOL,Q3,0.984191910281923,True,0.0083644530168699,0.3944901
2025-05-26 05:00:00+00:00,5,Asia   (00-08),MIDLOW_VOL,Q2,0.5279783542402564,True,0.0102808069231583,0.3911183
2025-05-26 06:00:00+00:00,6,Asia   (00-08),MIDLOW_VOL,Q3,0.7015964893726288,True,0.0100388619249864,0.39037865
2025-05-27 00:00:00+00:00,0,Asia   (00-08),MIDLOW_VOL,Q2,0.662756591238865,True,0.0097340482073853,0.37766415
2025-05-27 01:00:00+00:00,1,Asia   (00-08),MIDHIGH_VOL,Q4_alto,4.09412300586545,False,-0.0063293058439976,0.3824493
2025-05-28 00:00:00+00:00,0,Asia   (00-08),MIDHIGH_VOL,Q2,0.6410580169133826,True,0.0113471164719186,0.3824493
2025-05-28 01:00:00+00:00,1,Asia   (00-08),MIDHIGH_VOL,Q2,0.5852602334800936,True,0.0118472116099483,0.37686834
2025-05-29 00:00:00+00:00,0,Asia   (00-08),MIDLOW_VOL,Q3,1.0557284800233404,True,0.0094871161984165,0.38221225
2025-05-29 01:00:00+00:00,1,Asia   (00-08),MIDLOW_VOL,Q3,0.847555153485477,True,0.0098998226829921,0.38221225
2025-05-29 15:00:00+00:00,15,Europa (08-16),MIDHIGH_VOL,Q4_alto,1.2850405017583977,True,0.0107371133435495,0.3881584
2025-05-29 16:00:00+00:00,16,USA    (16-24),MIDHIGH_VOL,Q4_alto,1.592340806396485,True,0.0107846654768499,0.3881584
2025-05-30 01:00:00+00:00,1,Asia   (00-08),HIGH_VOL,Q4_alto,1.3948152947656556,True,0.0144144565798245,0.38063958
2025-05-30 02:00:00+00:00,2,Asia   (00-08),HIGH_VOL,Q2,0.6334565457665579,True,0.0144582591546249,0.37101227
2025-05-31 00:00:00+00:00,0,Asia   (00-08),HIGH_VOL,Q3,0.9481913015598709,True,0.0124290924426835,0.39800546
2025-05-31 06:00:00+00:00,6,Asia   (00-08),MIDLOW_VOL,Q1_bajo,0.338017121949067,True,0.0103283662269278,0.38935903
2025-06-01 00:00:00+00:00,0,Asia   (00-08),LOW_VOL,Q3,0.973511638019259,True,0.0053052050260179,0.42713937
2025-06-01 01:00:00+00:00,1,Asia   (00-08),LOW_VOL,Q4_alto,1.2527706407360677,True,0.0057603692798921,0.42713937
2025-06-02 00:00:00+00:00,0,Asia   (00-08),LOW_VOL,Q3,0.9333681883289252,True,0.0072225158770301,0.40737718
2025-06-02 01:00:00+00:00,1,Asia   (00-08),LOW_VOL,Q2,0.6036786495607703,True,0.007235721365665601,0.40737718
2025-06-03 00:00:00+00:00,0,Asia   (00-08),MIDHIGH_VOL,Q4_alto,1.3769280353256508,True,0.0103701054552755,0.41880503
2025-06-03 01:00:00+00:00,1,Asia   (00-08),MIDHIGH_VOL,Q2,0.6124662500390902,True,0.0100930080894035,0.41880503
2025-06-04 00:00:00+00:00,0,Asia   (00-08),MIDHIGH_VOL,Q3,0.9545709211457768,True,0.010127297166922301,0.41784975
2025-06-04 01:00:00+00:00,1,Asia   (00-08),MIDHIGH_VOL,Q2,0.6075677661784389,True,0.0103148287416797,0.41784975
2025-06-05 00:00:00+00:00,0,Asia   (00-08),MIDLOW_VOL,Q2,0.6168807768348216,True,0.0079643716825965,0.41312656
2025-06-05 01:00:00+00:00,1,Asia   (00-08),MIDLOW_VOL,Q3,0.7280617791453197,True,0.007671683519287001,0.42437136
2025-06-06 00:00:00+00:00,0,Asia   (00-08),HIGH_VOL,Q3,0.7905792701282491,False,-0.0088764287537838,0.45123193
2025-06-06 01:00:00+00:00,1,Asia   (00-08),HIGH_VOL,Q1_bajo,0.3151024158728966,False,-0.0088586185139695,0.45123193
2025-06-07 00:00:00+00:00,0,Asia   (00-08),MIDHIGH_VOL,Q3,0.7354625907443608,False,-0.005419318235427999,0.40503475
2025-06-07 01:00:00+00:00,1,Asia   (00-08),MIDHIGH_VOL,Q1_bajo,0.38188858670757414,False,-0.005355490823594399,0.40503475
2025-06-08 00:00:00+00:00,0,Asia   (00-08),LOW_VOL,Q3,0.7856321648447426,True,0.0048694326180783,0.4191484
2025-06-08 01:00:00+00:00,1,Asia   (00-08),LOW_VOL,Q2,0.6659987099208572,True,0.005124715707598901,0.42157918
2025-06-09 00:00:00+00:00,0,Asia   (00-08),LOW_VOL,Q4_alto,1.2037977208560382,True,0.005558479841657101,0.4261754
2025-06-09 01:00:00+00:00,1,Asia   (00-08),LOW_VOL,Q3,0.8867843418082305,False,-0.0038830646476367995,0.4261754
2025-06-10 00:00:00+00:00,0,Asia   (00-08),HIGH_VOL,Q3,0.7129859040095092,True,0.0113129129293122,0.39677963
2025-06-10 01:00:00+00:00,1,Asia   (00-08),HIGH_VOL,Q2,0.5379432312647131,True,0.0108500042371838,0.40482214
2025-06-11 00:00:00+00:00,0,Asia   (00-08),HIGH_VOL,Q3,0.7271846951266276,True,0.011899797977169101,0.37678745
2025-06-11 01:00:00+00:00,1,Asia   (00-08),HIGH_VOL,Q1_bajo,0.4441268066664141,True,0.01144404354875,0.37143683
2025-06-12 00:00:00+00:00,0,Asia   (00-08),HIGH_VOL,Q3,0.8246649033495552,True,0.009705092294385001,0.3944901
2025-06-12 01:00:00+00:00,1,Asia   (00-08),HIGH_VOL,Q2,0.4829442832395333,True,0.010082381785527901,0.3944901
2025-06-12 15:00:00+00:00,15,Europa (08-16),MIDHIGH_VOL,Q4_alto,1.7763852947539254,False,-0.0051042413748613,0.39709124
2025-06-12 16:00:00+00:00,16,USA    (16-24),MIDHIGH_VOL,Q4_alto,1.1358686286550441,True,0.0091086465037799,0.3820099
2025-06-13 00:00:00+00:00,0,Asia   (00-08),HIGH_VOL,Q4_alto,4.8603462417650505,True,0.0161999109533077,0.39653856
2025-06-13 05:00:00+00:00,5,Asia   (00-08),HIGH_VOL,Q1_bajo,0.38630317884045445,False,-0.0087075076725857,0.40328777
2025-06-14 00:00:00+00:00,0,Asia   (00-08),MIDHIGH_VOL,Q3,0.9093299493920641,True,0.0104629323399983,0.40503475
2025-06-14 01:00:00+00:00,1,Asia   (00-08),MIDHIGH_VOL,Q3,0.7889496161704088,True,0.0104340885176168,0.40503475
2025-06-15 00:00:00+00:00,0,Asia   (00-08),MIDLOW_VOL,Q3,0.9266667146406615,True,0.006198339466370301,0.4191484
2025-06-15 01:00:00+00:00,1,Asia   (00-08),MIDLOW_VOL,Q3,0.6766222192355181,True,0.0063633195138443005,0.4191484
2025-06-16 00:00:00+00:00,0,Asia   (00-08),MIDLOW_VOL,Q3,1.053400437827262,True,0.006772877142832701,0.4191484
2025-06-16 01:00:00+00:00,1,Asia   (00-08),MIDHIGH_VOL,Q4_alto,1.852383649497141,False,-0.0047458813406268,0.40503475
2025-06-17 00:00:00+00:00,0,Asia   (00-08),HIGH_VOL,Q4_alto,2.366293345148526,True,0.0123474194994839,0.3864338
2025-06-17 01:00:00+00:00,1,Asia   (00-08),HIGH_VOL,Q2,0.6599678096657133,True,0.012526024361373001,0.38081998
2025-06-18 00:00:00+00:00,0,Asia   (00-08),HIGH_VOL,Q2,0.4763280178269986,True,0.0120272026967281,0.3795598
2025-06-18 01:00:00+00:00,1,Asia   (00-08),HIGH_VOL,Q2,0.5318993400860662,True,0.0121355267977098,0.37505078
2025-06-19 03:00:00+00:00,3,Asia   (00-08),HIGH_VOL,Q1_bajo,0.3281835449647401,True,0.0131098650386303,0.3905188
2025-06-19 04:00:00+00:00,4,Asia   (00-08),HIGH_VOL,Q2,0.563894234889024,True,0.0120010337441207,0.3905188
2025-06-20 00:00:00+00:00,0,Asia   (00-08),MIDLOW_VOL,Q2,0.5817831156113058,True,0.0068647308054642,0.42205805
2025-06-20 01:00:00+00:00,1,Asia   (00-08),MIDLOW_VOL,Q3,0.7385961298245775,True,0.007170544772191201,0.42092744
2025-06-21 06:00:00+00:00,6,Asia   (00-08),MIDLOW_VOL,Q1_bajo,0.18953539931450572,True,0.0068862768033179,0.40347278
2025-06-21 07:00:00+00:00,7,Asia   (00-08),LOW_VOL,Q1_bajo,0.23260710178749194,True,0.005170685122201001,0.40347278
2025-06-22 00:00:00+00:00,0,Asia   (00-08),HIGH_VOL,Q4_alto,3.4497756482072655,True,0.0121976855006431,0.43477303
2025-06-22 01:00:00+00:00,1,Asia   (00-08),HIGH_VOL,Q4_alto,1.1907804321084243,True,0.013040202690585201,0.42937508
2025-06-23 04:00:00+00:00,4,Asia   (00-08),HIGH_VOL,Q1_bajo,0.24285638324111322,True,0.015050805420222,0.41519335
2025-06-23 05:00:00+00:00,5,Asia   (00-08),HIGH_VOL,Q2,0.47648051924786167,True,0.0145074048672687,0.41519335
2025-06-24 05:00:00+00:00,5,Asia   (00-08),HIGH_VOL,Q2,0.5032599374362671,True,0.0169193116524859,0.38629717
2025-06-24 06:00:00+00:00,6,Asia   (00-08),HIGH_VOL,Q2,0.4764912042655891,True,0.015157411372893299,0.38644907
2025-06-25 01:00:00+00:00,1,Asia   (00-08),MIDLOW_VOL,Q3,1.0017146244380477,False,-0.005550613685195899,0.41728207
2025-06-25 02:00:00+00:00,2,Asia   (00-08),MIDLOW_VOL,Q4_alto,1.2505872854029179,False,-0.0056359545735225995,0.41728207
2025-06-26 01:00:00+00:00,1,Asia   (00-08),MIDLOW_VOL,Q3,0.9075568186029814,True,0.0094889070799351,0.423362
2025-06-26 02:00:00+00:00,2,Asia   (00-08),MIDLOW_VOL,Q3,0.7492222651758823,True,0.00960983015205,0.3909039
2025-06-26 15:00:00+00:00,15,Europa (08-16),MIDLOW_VOL,Q4_alto,2.205186736656114,True,0.007678026690818001,0.3909039
2025-06-26 16:00:00+00:00,16,USA    (16-24),MIDLOW_VOL,Q3,0.8305747248327561,True,0.007563497559473201,0.3909039
2025-06-27 00:00:00+00:00,0,Asia   (00-08),MIDLOW_VOL,Q3,0.7798816263018192,False,-0.0050950795405961,0.39837205
2025-06-27 01:00:00+00:00,1,Asia   (00-08),MIDLOW_VOL,Q4_alto,1.4186942199059305,True,0.0091993867801488,0.3897831
2025-06-28 06:00:00+00:00,6,Asia   (00-08),LOW_VOL,Q1_bajo,0.40770396028463113,True,0.004928273138133,0.41744012
2025-06-28 07:00:00+00:00,7,Asia   (00-08),LOW_VOL,Q1_bajo,0.3806673442126427,True,0.0037005958530964,0.42585477
2025-06-29 00:00:00+00:00,0,Asia   (00-08),LOW_VOL,Q4_alto,2.155937521905962,True,0.0023793612818301998,0.44306827
2025-06-29 01:00:00+00:00,1,Asia   (00-08),LOW_VOL,Q2,0.5634263712135691,False,-0.0026623794989862996,0.44874334
2025-06-30 00:00:00+00:00,0,Asia   (00-08),LOW_VOL,Q4_alto,2.024400559826445,True,0.0063159877921563,0.41744012
2025-06-30 01:00:00+00:00,1,Asia   (00-08),LOW_VOL,Q3,0.9761502960126421,True,0.006287357518522401,0.41744012
2025-07-01 00:00:00+00:00,0,Asia   (00-08),MIDHIGH_VOL,Q3,0.7108738788401466,True,0.0080070407533875,0.38199136
2025-07-01 01:00:00+00:00,1,Asia   (00-08),MIDHIGH_VOL,Q1_bajo,0.4417425063380596,True,0.0080620313499313,0.38199136
2025-07-02 00:00:00+00:00,0,Asia   (00-08),MIDHIGH_VOL,Q2,0.6049732048369248,False,-0.0052405591131742,0.41452175
2025-07-02 01:00:00+00:00,1,Asia   (00-08),HIGH_VOL,Q3,0.9260192362414877,False,-0.0054538043985973,0.3982358
2025-07-03 00:00:00+00:00,0,Asia   (00-08),HIGH_VOL,Q2,0.49573240138925256,False,-0.005342670707456,0.39037865
2025-07-03 01:00:00+00:00,1,Asia   (00-08),HIGH_VOL,Q1_bajo,0.269686165021427,True,0.0089125742365342,0.39037865
2025-07-04 00:00:00+00:00,0,Asia   (00-08),HIGH_VOL,Q1_bajo,0.36580125262227187,True,0.0089270631856206,0.38142526
2025-07-04 01:00:00+00:00,1,Asia   (00-08),HIGH_VOL,Q1_bajo,0.3871115315772193,True,0.0090252067059522,0.38142526
2025-07-05 00:00:00+00:00,0,Asia   (00-08),MIDLOW_VOL,Q1_bajo,0.3386085997229406,True,0.0062974991161694,0.40461707
2025-07-05 05:00:00+00:00,5,Asia   (00-08),LOW_VOL,Q1_bajo,0.25874533742544215,True,0.0048193436891792,0.39142957
2025-07-06 00:00:00+00:00,0,Asia   (00-08),LOW_VOL,Q3,0.9493210691023031,True,0.0018168520263204,0.43544194
2025-07-06 01:00:00+00:00,1,Asia   (00-08),LOW_VOL,Q2,0.6647517464164441,True,0.0018087659581887,0.43544194
2025-07-07 00:00:00+00:00,0,Asia   (00-08),MIDHIGH_VOL,Q3,0.9888325680483886,False,-0.0044255293911537995,0.39649895
2025-07-07 01:00:00+00:00,1,Asia   (00-08),MIDHIGH_VOL,Q3,0.9016646657313631,True,0.0072280548847477,0.39173436
2025-07-08 00:00:00+00:00,0,Asia   (00-08),MIDHIGH_VOL,Q3,0.878289069749466,True,0.006701606136827401,0.40831473
2025-07-08 01:00:00+00:00,1,Asia   (00-08),MIDHIGH_VOL,Q3,0.8880115937458085,False,-0.0045746931192356,0.39771056
2025-07-09 00:00:00+00:00,0,Asia   (00-08),MIDLOW_VOL,Q1_bajo,0.42794847783974793,True,0.0058006428505831,0.41744012
2025-07-09 01:00:00+00:00,1,Asia   (00-08),MIDLOW_VOL,Q4_alto,1.1212308303336054,True,0.0060444126721644,0.41744012
2025-07-10 01:00:00+00:00,1,Asia   (00-08),HIGH_VOL,Q1_bajo,0.40440265914867624,True,0.012184563043892,0.38163775
2025-07-10 02:00:00+00:00,2,Asia   (00-08),HIGH_VOL,Q2,0.5259042125172944,True,0.0120748036360608,0.3729801
2025-07-10 15:00:00+00:00,15,Europa (08-16),MIDLOW_VOL,Q4_alto,1.161993132708826,False,-0.0036157546988261,0.4441399
2025-07-10 16:00:00+00:00,16,USA    (16-24),MIDLOW_VOL,Q4_alto,5.281510634931208,False,-0.0040650522771554995,0.49150822
2025-07-11 00:00:00+00:00,0,Asia   (00-08),HIGH_VOL,Q3,0.7850498336882575,False,-0.0075123513023941,0.44829303
2025-07-11 01:00:00+00:00,1,Asia   (00-08),HIGH_VOL,Q1_bajo,0.3725652415626185,False,-0.007663589293923899,0.44829303
2025-07-12 03:00:00+00:00,3,Asia   (00-08),MIDHIGH_VOL,Q1_bajo,0.2819137678591036,True,0.007999621409763201,0.38761106
2025-07-12 04:00:00+00:00,4,Asia   (00-08),MIDHIGH_VOL,Q1_bajo,0.28977038313264564,True,0.0074250174457184005,0.38761106
2025-07-13 00:00:00+00:00,0,Asia   (00-08),MIDLOW_VOL,Q2,0.49771721564418553,False,-0.0038117813015051995,0.45991537
2025-07-13 01:00:00+00:00,1,Asia   (00-08),MIDLOW_VOL,Q3,0.8775909652040963,False,-0.0037997853571147995,0.45991537
2025-07-14 00:00:00+00:00,0,Asia   (00-08),HIGH_VOL,Q4_alto,1.140378157850133,False,-0.005444574804414,0.42589805
2025-07-14 01:00:00+00:00,1,Asia   (00-08),HIGH_VOL,Q2,0.659454865180436,False,-0.005443564707629999,0.42589805
2025-07-15 00:00:00+00:00,0,Asia   (00-08),HIGH_VOL,Q3,0.692046066280848,True,0.011815170373715201,0.34155747
2025-07-15 01:00:00+00:00,1,Asia   (00-08),HIGH_VOL,Q4_alto,1.5370682786339382,True,0.0126043890142145,0.34155747
2025-07-16 00:00:00+00:00,0,Asia   (00-08),HIGH_VOL,Q2,0.5371657966535742,True,0.0167819460898413,0.41393998
2025-07-16 03:00:00+00:00,3,Asia   (00-08),HIGH_VOL,Q1_bajo,0.27719393362087025,False,-0.0076583740705826,0.42127636
2025-07-17 00:00:00+00:00,0,Asia   (00-08),HIGH_VOL,Q2,0.46916293747855803,True,0.0126540944035083,0.34000078
2025-07-17 02:00:00+00:00,2,Asia   (00-08),HIGH_VOL,Q2,0.6231853530588041,True,0.0140864219177552,0.34957066
2025-07-18 00:00:00+00:00,0,Asia   (00-08),HIGH_VOL,Q3,0.7625016256715567,True,0.0134607304224324,0.3333156
2025-07-18 01:00:00+00:00,1,Asia   (00-08),HIGH_VOL,Q4_alto,1.2854507504802402,True,0.0142034310803828,0.3333156
2025-07-19 03:00:00+00:00,3,Asia   (00-08),MIDLOW_VOL,Q1_bajo,0.37257231352539255,True,0.009981591234712501,0.3799636
2025-07-19 04:00:00+00:00,4,Asia   (00-08),LOW_VOL,Q1_bajo,0.3253153610934165,True,0.0078886977503298,0.37635937
2025-07-20 02:00:00+00:00,2,Asia   (00-08),LOW_VOL,Q2,0.6162508008342628,False,-0.0037689090263031003,0.4370825
2025-07-20 03:00:00+00:00,3,Asia   (00-08),LOW_VOL,Q4_alto,1.3380215145006702,False,-0.0038641512990245,0.44271883
2025-07-21 00:00:00+00:00,0,Asia   (00-08),MIDLOW_VOL,Q4_alto,1.7049484787002995,True,0.0083405235726535,0.43583205
2025-07-21 01:00:00+00:00,1,Asia   (00-08),MIDLOW_VOL,Q3,0.8801419201976641,False,-0.0052150075477531,0.43583205
2025-07-22 00:00:00+00:00,0,Asia   (00-08),MIDHIGH_VOL,Q2,0.5339458937257398,True,0.0121420913941802,0.44058603
2025-07-22 01:00:00+00:00,1,Asia   (00-08),HIGH_VOL,Q4_alto,2.529294672355957,True,0.013699866488651501,0.4494442
2025-07-23 00:00:00+00:00,0,Asia   (00-08),MIDHIGH_VOL,Q2,0.5572744276925983,True,0.0119673948039524,0.34534848
2025-07-23 01:00:00+00:00,1,Asia   (00-08),MIDHIGH_VOL,Q1_bajo,0.42592175402130533,True,0.0118110264495903,0.33861214
2025-07-24 00:00:00+00:00,0,Asia   (00-08),MIDHIGH_VOL,Q3,1.069258298636955,True,0.0108135434870278,0.38756374
2025-07-24 01:00:00+00:00,1,Asia   (00-08),MIDLOW_VOL,Q2,0.45602229015567664,True,0.0106378190355163,0.35885742
2025-07-24 15:00:00+00:00,15,Europa (08-16),MIDHIGH_VOL,Q4_alto,1.9934483520257071,True,0.0105695019919768,0.35885742
2025-07-24 16:00:00+00:00,16,USA    (16-24),MIDHIGH_VOL,Q3,1.0602482607542674,True,0.0113316159645852,0.35609695
2025-07-25 00:00:00+00:00,0,Asia   (00-08),MIDLOW_VOL,Q4_alto,1.432649801754345,True,0.0091099570043966,0.42680657
2025-07-25 01:00:00+00:00,1,Asia   (00-08),MIDLOW_VOL,Q4_alto,2.0112196059351755,True,0.0093099831020636,0.42106768
2025-07-26 06:00:00+00:00,6,Asia   (00-08),LOW_VOL,Q1_bajo,0.3610369043027607,False,-0.0038542355171872003,0.44255504
2025-07-26 07:00:00+00:00,7,Asia   (00-08),LOW_VOL,Q1_bajo,0.26044837625663136,False,-0.0036513995878524,0.44255504
2025-07-27 00:00:00+00:00,0,Asia   (00-08),LOW_VOL,Q2,0.6529959826000192,False,-0.0029124850876521,0.43076512
2025-07-27 01:00:00+00:00,1,Asia   (00-08),LOW_VOL,Q2,0.5342122928740561,True,0.0030653765791125,0.44184962
2025-07-28 00:00:00+00:00,0,Asia   (00-08),MIDLOW_VOL,Q3,0.9993041582969378,True,0.0060510045511535,0.3601613
2025-07-28 01:00:00+00:00,1,Asia   (00-08),MIDLOW_VOL,Q3,1.0167212081335493,True,0.0064395079721927,0.3529639
2025-07-29 00:00:00+00:00,0,Asia   (00-08),MIDLOW_VOL,Q4_alto,1.1785240873806822,True,0.0083597827074362,0.4507298
2025-07-29 01:00:00+00:00,1,Asia   (00-08),MIDLOW_VOL,Q1_bajo,0.3880004171762113,False,-0.0050806062145901,0.44212475
2025-07-30 01:00:00+00:00,1,Asia   (00-08),MIDHIGH_VOL,Q2,0.5076189063129539,True,0.0086785439437074,0.4215664
2025-07-30 02:00:00+00:00,2,Asia   (00-08),MIDLOW_VOL,Q2,0.528713803792011,True,0.008306340850069701,0.42530826
2025-07-31 02:00:00+00:00,2,Asia   (00-08),HIGH_VOL,Q2,0.5533066910871456,True,0.0103552296029334,0.38909414
2025-07-31 03:00:00+00:00,3,Asia   (00-08),HIGH_VOL,Q2,0.5010201873298288,True,0.0101192593995437,0.38141555
2025-08-01 00:00:00+00:00,0,Asia   (00-08),HIGH_VOL,Q4_alto,3.1593490665057247,True,0.011554958311266,0.39687556
2025-08-01 01:00:00+00:00,1,Asia   (00-08),HIGH_VOL,Q4_alto,1.6150702249629263,True,0.0124861044745302,0.39687556
2025-08-02 02:00:00+00:00,2,Asia   (00-08),HIGH_VOL,Q1_bajo,0.20330693971964228,True,0.014532774008384802,0.3725413
2025-08-02 03:00:00+00:00,3,Asia   (00-08),HIGH_VOL,Q1_bajo,0.2617844037591049,True,0.0124852394916911,0.37021497
2025-08-03 00:00:00+00:00,0,Asia   (00-08),HIGH_VOL,Q4_alto,1.5811153787268046,False,-0.0057809012368595,0.37021497
2025-08-03 07:00:00+00:00,7,Asia   (00-08),MIDHIGH_VOL,Q1_bajo,0.30159906023121774,False,-0.0048911223002917,0.4039081
2025-08-04 00:00:00+00:00,0,Asia   (00-08),MIDLOW_VOL,Q4_alto,2.023727824257978,True,0.0057043858665003005,0.42423555
2025-08-04 01:00:00+00:00,1,Asia   (00-08),MIDLOW_VOL,Q4_alto,1.3785204295104985,True,0.0057307730210154,0.42423555
2025-08-05 00:00:00+00:00,0,Asia   (00-08),MIDLOW_VOL,Q2,0.664115079893039,True,0.0068998927055311,0.39409873
2025-08-05 01:00:00+00:00,1,Asia   (00-08),MIDLOW_VOL,Q2,0.5525769668103867,True,0.0069903318403729,0.39088854
2025-08-06 00:00:00+00:00,0,Asia   (00-08),HIGH_VOL,Q2,0.479686243878056,True,0.0100293348175264,0.38088292
2025-08-06 02:00:00+00:00,2,Asia   (00-08),MIDHIGH_VOL,Q1_bajo,0.35661241439282043,False,-0.005206585665148499,0.385722
2025-08-07 00:00:00+00:00,0,Asia   (00-08),MIDLOW_VOL,Q1_bajo,0.3460396148533528,True,0.0075880741914971,0.39088854
2025-08-07 01:00:00+00:00,1,Asia   (00-08),MIDHIGH_VOL,Q3,0.7858405666555212,True,0.0078537698903957,0.39088854
2025-08-07 15:00:00+00:00,15,Europa (08-16),MIDLOW_VOL,Q3,0.8816496897772281,True,0.0070915851238459,0.41709352
2025-08-07 16:00:00+00:00,16,USA    (16-24),MIDHIGH_VOL,Q4_alto,1.8464105775777628,False,-0.0048543649673516,0.39274013
2025-08-08 00:00:00+00:00,0,Asia   (00-08),MIDHIGH_VOL,Q4_alto,1.106913072126888,True,0.008820651651309401,0.39274013
2025-08-08 01:00:00+00:00,1,Asia   (00-08),MIDHIGH_VOL,Q3,0.6799012261808598,True,0.008840212690778,0.39274013
2025-08-09 00:00:00+00:00,0,Asia   (00-08),MIDLOW_VOL,Q1_bajo,0.4468166443069425,False,-0.0042667335458365,0.41280633
2025-08-09 01:00:00+00:00,1,Asia   (00-08),MIDLOW_VOL,Q1_bajo,0.2709623880600555,False,-0.0041495634603902,0.44255504
2025-08-10 00:00:00+00:00,0,Asia   (00-08),LOW_VOL,Q1_bajo,0.42930607718112507,False,-0.0033000481857854997,0.44501758
2025-08-10 01:00:00+00:00,1,Asia   (00-08),LOW_VOL,Q2,0.5595043600391877,False,-0.0032056740722016,0.45355532
2025-08-11 00:00:00+00:00,0,Asia   (00-08),MIDHIGH_VOL,Q4_alto,1.3068292625304514,False,-0.0042538413104656995,0.44344902
2025-08-11 01:00:00+00:00,1,Asia   (00-08),MIDHIGH_VOL,Q4_alto,2.1094390948342783,False,-0.0044895789817274,0.43187985
2025-08-12 00:00:00+00:00,0,Asia   (00-08),HIGH_VOL,Q2,0.5136017524234707,True,0.0121539126860849,0.36925012
2025-08-12 01:00:00+00:00,1,Asia   (00-08),HIGH_VOL,Q2,0.4507119934356025,True,0.0113629631693988,0.36925012
2025-08-13 00:00:00+00:00,0,Asia   (00-08),HIGH_VOL,Q3,0.8097827572974159,True,0.0102962315725611,0.3434965
2025-08-13 01:00:00+00:00,1,Asia   (00-08),HIGH_VOL,Q3,0.7991424304223631,True,0.010209541768954401,0.3434965
2025-08-14 00:00:00+00:00,0,Asia   (00-08),HIGH_VOL,Q4_alto,1.6902509387899054,True,0.0138739645601642,0.38255724
2025-08-14 01:00:00+00:00,1,Asia   (00-08),HIGH_VOL,Q2,0.6187902141405835,True,0.0142776437380163,0.35635906
2025-08-15 01:00:00+00:00,1,Asia   (00-08),HIGH_VOL,Q1_bajo,0.3566907265028879,True,0.0163703947850148,0.4153391
2025-08-15 02:00:00+00:00,2,Asia   (00-08),HIGH_VOL,Q1_bajo,0.3249428954423866,True,0.0122531847688626,0.3928022
2025-08-16 00:00:00+00:00,0,Asia   (00-08),MIDHIGH_VOL,Q3,0.7083356141352373,True,0.0098382344262651,0.37857106
2025-08-16 01:00:00+00:00,1,Asia   (00-08),MIDHIGH_VOL,Q2,0.5181502904236325,True,0.0098960195466352,0.37418982
2025-08-17 00:00:00+00:00,0,Asia   (00-08),LOW_VOL,Q3,0.7430508471459479,False,-0.0026555304819646,0.43273598
2025-08-17 01:00:00+00:00,1,Asia   (00-08),LOW_VOL,Q3,0.9604698025071532,False,-0.0027218467299974,0.43414998
2025-08-18 00:00:00+00:00,0,Asia   (00-08),LOW_VOL,Q4_alto,2.104828748217451,True,0.0051703208018596,0.45475367
2025-08-18 01:00:00+00:00,1,Asia   (00-08),MIDLOW_VOL,Q4_alto,4.955588433963932,True,0.0066091156954288,0.4148983
2025-08-19 00:00:00+00:00,0,Asia   (00-08),MIDHIGH_VOL,Q4_alto,1.4018988985837018,True,0.0093451567741506,0.39481243
2025-08-19 01:00:00+00:00,1,Asia   (00-08),MIDHIGH_VOL,Q3,0.8620530825383589,True,0.010332914850624,0.3862919
2025-08-20 00:00:00+00:00,0,Asia   (00-08),MIDHIGH_VOL,Q3,0.7869450750030085,True,0.009710267140255,0.39709124
2025-08-20 02:00:00+00:00,2,Asia   (00-08),HIGH_VOL,Q3,0.9041853995327794,True,0.0106649487544279,0.37809712
2025-08-21 00:00:00+00:00,0,Asia   (00-08),HIGH_VOL,Q2,0.596990465012994,True,0.012369678528568401,0.38759592
2025-08-21 01:00:00+00:00,1,Asia   (00-08),HIGH_VOL,Q2,0.6411702517324225,True,0.0123028176803838,0.38808373
2025-08-21 15:00:00+00:00,15,Europa (08-16),MIDLOW_VOL,Q4_alto,2.115550779451544,True,0.0082970834685368,0.3944901
2025-08-21 16:00:00+00:00,16,USA    (16-24),MIDLOW_VOL,Q4_alto,1.473641305524575,False,-0.0048781224521765,0.3944901
2025-08-22 00:00:00+00:00,0,Asia   (00-08),MIDHIGH_VOL,Q3,0.8451301121692304,True,0.009349843687927,0.38915616
2025-08-22 02:00:00+00:00,2,Asia   (00-08),MIDHIGH_VOL,Q4_alto,1.501454711698551,True,0.0096889641900757,0.3893599
2025-08-23 00:00:00+00:00,0,Asia   (00-08),HIGH_VOL,Q1_bajo,0.2707196766740461,True,0.013758496921003501,0.4085623
2025-08-23 01:00:00+00:00,1,Asia   (00-08),HIGH_VOL,Q1_bajo,0.4373866159986525,True,0.0139795532646048,0.3898852
2025-08-24 00:00:00+00:00,0,Asia   (00-08),LOW_VOL,Q3,0.9351668334463132,True,0.0041392292018901005,0.44255504
2025-08-24 01:00:00+00:00,1,Asia   (00-08),LOW_VOL,Q3,0.9022669857421903,True,0.004143172010560601,0.44255504
2025-08-25 00:00:00+00:00,0,Asia   (00-08),HIGH_VOL,Q4_alto,1.5789895684791149,True,0.014371340775517001,0.38511816
2025-08-25 01:00:00+00:00,1,Asia   (00-08),HIGH_VOL,Q2,0.6227404952815798,True,0.0146499286465673,0.38511816
2025-08-26 05:00:00+00:00,5,Asia   (00-08),HIGH_VOL,Q1_bajo,0.28606027986033833,True,0.0142711655456607,0.3725413
2025-08-26 07:00:00+00:00,7,Asia   (00-08),HIGH_VOL,Q2,0.6003612263334476,True,0.0137713091482363,0.37021497
2025-08-27 00:00:00+00:00,0,Asia   (00-08),MIDHIGH_VOL,Q3,0.8587950846157815,True,0.0117090029582088,0.38759592
2025-08-27 01:00:00+00:00,1,Asia   (00-08),MIDHIGH_VOL,Q2,0.5099399099333974,True,0.011366348612802701,0.38759592
2025-08-28 00:00:00+00:00,0,Asia   (00-08),HIGH_VOL,Q3,0.995798641576555,False,-0.0066044048271586,0.3921611
2025-08-28 01:00:00+00:00,1,Asia   (00-08),HIGH_VOL,Q2,0.50499184992397,False,-0.0065848390048805,0.3921611
2025-08-29 00:00:00+00:00,0,Asia   (00-08),MIDLOW_VOL,Q3,0.7741406318850386,True,0.008575760719049301,0.40235016
2025-08-29 01:00:00+00:00,1,Asia   (00-08),MIDLOW_VOL,Q4_alto,1.836257035549517,True,0.00937033879291,0.40217692
2025-08-30 00:00:00+00:00,0,Asia   (00-08),HIGH_VOL,Q1_bajo,0.3232783350631339,True,0.0130005484710136,0.38706988
2025-08-30 11:00:00+00:00,11,Europa (08-16),LOW_VOL,Q1_bajo,0.35775504047609213,True,0.0059905513194337,0.3842678
2025-08-31 00:00:00+00:00,0,Asia   (00-08),LOW_VOL,Q4_alto,2.447628481774575,True,0.0042869526782341,0.41744012
2025-08-31 01:00:00+00:00,1,Asia   (00-08),LOW_VOL,Q4_alto,1.56244865577971,True,0.0043633048611655,0.41744012
2025-09-01 00:00:00+00:00,0,Asia   (00-08),MIDLOW_VOL,Q4_alto,3.190716627144267,True,0.0055550052445611005,0.43326992
2025-09-01 01:00:00+00:00,1,Asia   (00-08),MIDLOW_VOL,Q4_alto,1.3046993156674471,True,0.0058826010544815,0.42721963
2025-09-02 00:00:00+00:00,0,Asia   (00-08),MIDHIGH_VOL,Q3,0.7484316524087968,False,-0.0060912494227596,0.38081998
2025-09-02 01:00:00+00:00,1,Asia   (00-08),MIDHIGH_VOL,Q3,0.9764968910919742,False,-0.006202274343483499,0.38081998
2025-09-03 00:00:00+00:00,0,Asia   (00-08),HIGH_VOL,Q3,0.7043025291522751,True,0.0133057192563015,0.39373657
2025-09-03 02:00:00+00:00,2,Asia   (00-08),MIDHIGH_VOL,Q1_bajo,0.4186566605505314,True,0.0117508031166105,0.39373657
2025-09-04 00:00:00+00:00,0,Asia   (00-08),MIDHIGH_VOL,Q2,0.6439698792554566,True,0.0097180140791865,0.39851558
2025-09-04 01:00:00+00:00,1,Asia   (00-08),MIDHIGH_VOL,Q1_bajo,0.41986017049721414,True,0.0098769819992339,0.39851558
2025-09-04 15:00:00+00:00,15,Europa (08-16),MIDLOW_VOL,Q4_alto,2.050606290703412,False,-0.0049834535904851995,0.3944901
2025-09-04 16:00:00+00:00,16,USA    (16-24),MIDLOW_VOL,Q3,0.9499104454145422,False,-0.0048543043352941,0.3944901
2025-09-05 00:00:00+00:00,0,Asia   (00-08),MIDHIGH_VOL,Q3,0.792940041471146,False,-0.0057670607535519995,0.38088292
2025-09-05 01:00:00+00:00,1,Asia   (00-08),MIDHIGH_VOL,Q2,0.6062686051992662,False,-0.0058232872528178,0.39531946
2025-09-06 03:00:00+00:00,3,Asia   (00-08),MIDHIGH_VOL,Q1_bajo,0.2413094614883737,True,0.0107591425020392,0.3881584
2025-09-06 04:00:00+00:00,4,Asia   (00-08),MIDLOW_VOL,Q1_bajo,0.22977325711091923,True,0.0078297838378766,0.3944901
2025-09-07 00:00:00+00:00,0,Asia   (00-08),LOW_VOL,Q3,1.0643524616924311,False,-0.0029296300421425,0.41943866
2025-09-07 01:00:00+00:00,1,Asia   (00-08),LOW_VOL,Q4_alto,1.5481503494462456,False,-0.0029570173780638,0.4231755
2025-09-08 00:00:00+00:00,0,Asia   (00-08),LOW_VOL,Q4_alto,2.031643790234884,False,-0.0033697847404047998,0.45192918
2025-09-08 01:00:00+00:00,1,Asia   (00-08),MIDLOW_VOL,Q3,1.009770000661778,True,0.0044235815390325,0.4544014
2025-09-09 00:00:00+00:00,0,Asia   (00-08),MIDLOW_VOL,Q4_alto,1.507114584724937,True,0.006566915224851201,0.4419638
2025-09-09 01:00:00+00:00,1,Asia   (00-08),MIDLOW_VOL,Q3,0.7791242835345327,False,-0.0043715430233663,0.40458068
2025-09-10 00:00:00+00:00,0,Asia   (00-08),MIDHIGH_VOL,Q3,1.018876723008305,False,-0.0049993349889307995,0.3944901
2025-09-10 01:00:00+00:00,1,Asia   (00-08),MIDHIGH_VOL,Q3,0.7599711663791104,False,-0.0049524337232869,0.3944901
2025-09-11 01:00:00+00:00,1,Asia   (00-08),MIDHIGH_VOL,Q1_bajo,0.4006024956259608,True,0.0077786676182747,0.40181974
2025-09-11 02:00:00+00:00,2,Asia   (00-08),MIDLOW_VOL,Q1_bajo,0.2521100212257316,False,-0.0042803205731221,0.46560407
2025-09-12 00:00:00+00:00,0,Asia   (00-08),HIGH_VOL,Q4_alto,2.4727865492653054,True,0.0089788170903358,0.42409724
2025-09-12 01:00:00+00:00,1,Asia   (00-08),HIGH_VOL,Q4_alto,1.2755879227382503,True,0.0095919359004293,0.39274013
2025-09-13 00:00:00+00:00,0,Asia   (00-08),MIDHIGH_VOL,Q2,0.6695499884316242,True,0.006736063812215601,0.4082596
2025-09-13 04:00:00+00:00,4,Asia   (00-08),MIDLOW_VOL,Q1_bajo,0.3663683063559355,True,0.0064100236835074,0.39227375
2025-09-14 00:00:00+00:00,0,Asia   (00-08),LOW_VOL,Q3,0.7356477350676008,True,0.0035781606990611,0.4510839
2025-09-14 01:00:00+00:00,1,Asia   (00-08),LOW_VOL,Q3,0.9515905740710519,True,0.0037438480323824007,0.4510839
2025-09-15 00:00:00+00:00,0,Asia   (00-08),MIDLOW_VOL,Q4_alto,1.9236879320048768,False,-0.0038443315012422997,0.43743035
2025-09-15 01:00:00+00:00,1,Asia   (00-08),MIDLOW_VOL,Q4_alto,1.6939053800276471,False,-0.0038899908353272,0.4303807
2025-09-16 00:00:00+00:00,0,Asia   (00-08),MIDHIGH_VOL,Q2,0.5111877934961808,False,-0.0043264432907432,0.4167997
2025-09-16 01:00:00+00:00,1,Asia   (00-08),MIDHIGH_VOL,Q2,0.5497848341874954,False,-0.0043604814807267,0.4015059
2025-09-17 00:00:00+00:00,0,Asia   (00-08),MIDHIGH_VOL,Q2,0.4994743039640341,True,0.006764415466932301,0.39409873
2025-09-17 01:00:00+00:00,1,Asia   (00-08),MIDHIGH_VOL,Q2,0.490711325685604,True,0.0068015601088401,0.39409873
2025-09-18 00:00:00+00:00,0,Asia   (00-08),HIGH_VOL,Q2,0.5728415366153874,False,-0.005906829839126299,0.3862919
2025-09-18 15:00:00+00:00,15,Europa (08-16),MIDLOW_VOL,Q3,0.9467395477636205,True,0.0063541614132088,0.38989803
2025-09-18 16:00:00+00:00,16,USA    (16-24),MIDLOW_VOL,Q2,0.6247253178904645,True,0.0060817747019052005,0.40872404
2025-09-19 00:00:00+00:00,0,Asia   (00-08),MIDLOW_VOL,Q3,0.8715110800695792,True,0.0058531513988776,0.43263316
2025-09-19 01:00:00+00:00,1,Asia   (00-08),MIDLOW_VOL,Q2,0.6444883688639285,True,0.005917134469844701,0.44501758
2025-09-20 00:00:00+00:00,0,Asia   (00-08),LOW_VOL,Q1_bajo,0.4203823263546366,True,0.004957524727184501,0.4186111
2025-09-20 03:00:00+00:00,3,Asia   (00-08),LOW_VOL,Q1_bajo,0.2095469186122137,False,-0.0033845118732137,0.4186111
2025-09-21 13:00:00+00:00,13,Europa (08-16),LOW_VOL,Q3,0.7140879674858409,True,0.0021785712432207003,0.45112637
2025-09-21 16:00:00+00:00,16,USA    (16-24),LOW_VOL,Q4_alto,2.131104692269106,True,0.002295991302964,0.43684998
2025-09-22 00:00:00+00:00,0,Asia   (00-08),MIDLOW_VOL,Q4_alto,7.384164246025389,True,0.004086678487309201,0.41648957
2025-09-22 01:00:00+00:00,1,Asia   (00-08),MIDLOW_VOL,Q4_alto,3.2224885617284205,True,0.0045013123237453,0.4240685
2025-09-23 00:00:00+00:00,0,Asia   (00-08),HIGH_VOL,Q2,0.5054434495186417,True,0.0075407607844254,0.3883024
2025-09-23 01:00:00+00:00,1,Asia   (00-08),HIGH_VOL,Q1_bajo,0.42054473867073505,True,0.007652374292564301,0.3883024
2025-09-24 00:00:00+00:00,0,Asia   (00-08),MIDHIGH_VOL,Q3,0.8739384215884604,True,0.0074604399219231,0.38915616
2025-09-24 01:00:00+00:00,1,Asia   (00-08),MIDHIGH_VOL,Q2,0.608920757464349,True,0.0074127676189832,0.39280573
2025-09-25 00:00:00+00:00,0,Asia   (00-08),MIDHIGH_VOL,Q4_alto,1.1384779450488687,True,0.0064259012632761,0.45192918
2025-09-25 01:00:00+00:00,1,Asia   (00-08),MIDHIGH_VOL,Q4_alto,2.2842551905864696,True,0.007263295970277601,0.40235016
2025-09-26 00:00:00+00:00,0,Asia   (00-08),HIGH_VOL,Q3,1.0646402987972003,True,0.0142014635992645,0.3900176
2025-09-26 01:00:00+00:00,1,Asia   (00-08),HIGH_VOL,Q2,0.5616681610399302,True,0.0141950591546359,0.38029873
2025-09-27 00:00:00+00:00,0,Asia   (00-08),HIGH_VOL,Q1_bajo,0.35762599456239735,True,0.0088165282361713,0.3893599
2025-09-27 03:00:00+00:00,3,Asia   (00-08),MIDHIGH_VOL,Q2,0.6263170376759771,True,0.007142698087711501,0.3925656
2025-09-28 01:00:00+00:00,1,Asia   (00-08),LOW_VOL,Q4_alto,2.3275353470322218,True,0.0020063446755831,0.4256381
2025-09-28 04:00:00+00:00,4,Asia   (00-08),LOW_VOL,Q1_bajo,0.42963041049278766,True,0.0019391373226231,0.4256381
2025-09-29 00:00:00+00:00,0,Asia   (00-08),MIDLOW_VOL,Q4_alto,1.1194704390597552,True,0.005921010584123,0.4748062
2025-09-29 01:00:00+00:00,1,Asia   (00-08),MIDLOW_VOL,Q4_alto,1.5599250751498954,False,-0.004264585974353,0.4748062
2025-09-30 00:00:00+00:00,0,Asia   (00-08),MIDHIGH_VOL,Q4_alto,1.2673664497120403,True,0.008486611322209,0.39672503
2025-09-30 01:00:00+00:00,1,Asia   (00-08),HIGH_VOL,Q3,0.9139424967033649,True,0.0089101493412882,0.39672503
2025-10-01 00:00:00+00:00,0,Asia   (00-08),HIGH_VOL,Q3,0.7367035662253714,False,-0.0051403569042011,0.39995354
2025-10-01 01:00:00+00:00,1,Asia   (00-08),HIGH_VOL,Q3,0.7498818478856212,False,-0.0051662547919922,0.39995354
2025-10-02 15:00:00+00:00,15,Europa (08-16),MIDHIGH_VOL,Q4_alto,2.336785751864693,True,0.008048554775524101,0.4070812
2025-10-02 16:00:00+00:00,16,USA    (16-24),MIDHIGH_VOL,Q4_alto,1.9214852803075761,False,-0.0051010906382704,0.4070812
2025-10-03 00:00:00+00:00,0,Asia   (00-08),HIGH_VOL,Q2,0.5682704459911131,True,0.0103311455718509,0.3482819
2025-10-03 01:00:00+00:00,1,Asia   (00-08),HIGH_VOL,Q3,0.735633553825936,True,0.0105078801118036,0.3482819
2025-10-04 04:00:00+00:00,4,Asia   (00-08),HIGH_VOL,Q2,0.4968076251811702,True,0.0113415683943002,0.3479134
2025-10-04 05:00:00+00:00,5,Asia   (00-08),HIGH_VOL,Q2,0.6033595705135136,True,0.0097129819043062,0.36350676
2025-10-05 00:00:00+00:00,0,Asia   (00-08),LOW_VOL,Q2,0.6319068983984552,False,-0.0033985347235423995,0.36042535
2025-10-05 01:00:00+00:00,1,Asia   (00-08),LOW_VOL,Q3,0.7333964006473834,False,-0.0034043043213366,0.36042535
2025-10-06 00:00:00+00:00,0,Asia   (00-08),MIDHIGH_VOL,Q4_alto,2.0555033853279276,False,-0.004995239925911,0.34710714
2025-10-06 01:00:00+00:00,1,Asia   (00-08),MIDHIGH_VOL,Q3,0.9834693581021333,True,0.0086570562077814,0.3434965
2025-10-07 00:00:00+00:00,0,Asia   (00-08),HIGH_VOL,Q2,0.44737226854101747,True,0.010545380553465,0.34291252
2025-10-07 01:00:00+00:00,1,Asia   (00-08),HIGH_VOL,Q2,0.5969351392361918,True,0.0103818593958785,0.34291252
2025-10-08 00:00:00+00:00,0,Asia   (00-08),HIGH_VOL,Q3,0.7485782193960769,True,0.0142128153872141,0.35026473
2025-10-08 01:00:00+00:00,1,Asia   (00-08),HIGH_VOL,Q2,0.49945152926813885,True,0.0143258079322542,0.35026473
2025-10-09 00:00:00+00:00,0,Asia   (00-08),HIGH_VOL,Q1_bajo,0.4293258577689513,True,0.0109797750717298,0.34079137
2025-10-09 01:00:00+00:00,1,Asia   (00-08),HIGH_VOL,Q3,0.8168267687794653,True,0.0110735768059801,0.34079137
2025-10-10 00:00:00+00:00,0,Asia   (00-08),HIGH_VOL,Q1_bajo,0.30171585015833763,True,0.013329651830752501,0.35650548
2025-10-10 01:00:00+00:00,1,Asia   (00-08),HIGH_VOL,Q1_bajo,0.28312414459275936,True,0.0130360918941359,0.35650548
2025-10-11 00:00:00+00:00,0,Asia   (00-08),HIGH_VOL,Q3,0.7530873421423575,True,0.0424618625174358,0.40145755
2025-10-11 02:00:00+00:00,2,Asia   (00-08),HIGH_VOL,Q2,0.5740956985709642,True,0.0462257530472926,0.40444404
2025-10-12 00:00:00+00:00,0,Asia   (00-08),HIGH_VOL,Q4_alto,1.1940272912451513,False,-0.0068512152099132,0.38470843
2025-10-12 01:00:00+00:00,1,Asia   (00-08),HIGH_VOL,Q4_alto,1.1053122286622998,False,-0.0068395047070812,0.38470843
2025-10-13 00:00:00+00:00,0,Asia   (00-08),HIGH_VOL,Q4_alto,1.1873494147610661,True,0.0169190021573635,0.4313451
2025-10-13 01:00:00+00:00,1,Asia   (00-08),HIGH_VOL,Q3,0.8211245457062093,True,0.0168690726973091,0.43126944
2025-10-14 00:00:00+00:00,0,Asia   (00-08),MIDHIGH_VOL,Q3,0.7179300339873167,True,0.012865766893559701,0.38315994
2025-10-14 01:00:00+00:00,1,Asia   (00-08),MIDHIGH_VOL,Q3,0.7789094668225384,True,0.0125878864819526,0.38464493
2025-10-15 02:00:00+00:00,2,Asia   (00-08),HIGH_VOL,Q2,0.551433359889596,True,0.0167393631965037,0.39531946
2025-10-15 03:00:00+00:00,3,Asia   (00-08),HIGH_VOL,Q2,0.6145082933152038,True,0.0162909539556565,0.37727532
2025-10-16 00:00:00+00:00,0,Asia   (00-08),MIDHIGH_VOL,Q2,0.57536616876796,True,0.014430176583620401,0.38511816
2025-10-16 01:00:00+00:00,1,Asia   (00-08),MIDHIGH_VOL,Q3,0.6993577104267381,True,0.0142634528919965,0.3725413
2025-10-16 15:00:00+00:00,15,Europa (08-16),HIGH_VOL,Q4_alto,3.4281018994960055,True,0.0181328750273271,0.3825457
2025-10-16 16:00:00+00:00,16,USA    (16-24),HIGH_VOL,Q4_alto,2.939462300259323,True,0.0195044457380361,0.3825457
2025-10-17 00:00:00+00:00,0,Asia   (00-08),HIGH_VOL,Q2,0.4778879751803068,True,0.019018698479584,0.38029873
2025-10-17 01:00:00+00:00,1,Asia   (00-08),HIGH_VOL,Q2,0.48819919740182355,True,0.0190718764454911,0.38029873
2025-10-18 01:00:00+00:00,1,Asia   (00-08),MIDHIGH_VOL,Q1_bajo,0.2587092873747762,True,0.015018589871338101,0.36722296
2025-10-18 03:00:00+00:00,3,Asia   (00-08),MIDLOW_VOL,Q1_bajo,0.3411554549395778,True,0.0139714886375012,0.36722296
2025-10-19 00:00:00+00:00,0,Asia   (00-08),LOW_VOL,Q4_alto,1.4831843608885589,True,0.005611272772105201,0.4191484
2025-10-19 01:00:00+00:00,1,Asia   (00-08),LOW_VOL,Q2,0.5117501078298167,True,0.005321464041618601,0.4191484
2025-10-20 00:00:00+00:00,0,Asia   (00-08),LOW_VOL,Q4_alto,1.766567391600415,False,-0.005686523012118899,0.38474348
2025-10-20 01:00:00+00:00,1,Asia   (00-08),LOW_VOL,Q3,0.7382780317510317,False,-0.005577140804457,0.38710776
2025-10-21 00:00:00+00:00,0,Asia   (00-08),LOW_VOL,Q2,0.5891201804359544,True,0.0108892658189191,0.37143683
2025-10-21 01:00:00+00:00,1,Asia   (00-08),MIDLOW_VOL,Q3,1.0918879567526736,True,0.0118110818035323,0.37143683
2025-10-22 00:00:00+00:00,0,Asia   (00-08),HIGH_VOL,Q3,0.7703851939381073,True,0.0255020705332168,0.37686834
2025-10-22 01:00:00+00:00,1,Asia   (00-08),HIGH_VOL,Q2,0.594638263760065,True,0.0253942068744302,0.3825457
2025-10-23 00:00:00+00:00,0,Asia   (00-08),HIGH_VOL,Q1_bajo,0.3960265595487759,False,-0.0088556038287029,0.3725413
2025-10-23 01:00:00+00:00,1,Asia   (00-08),MIDHIGH_VOL,Q3,0.9666668139529655,False,-0.0082547109172479,0.37379563
2025-10-24 00:00:00+00:00,0,Asia   (00-08),MIDHIGH_VOL,Q3,0.9075393471089065,False,-0.0069111244225694,0.36744466
2025-10-24 02:00:00+00:00,2,Asia   (00-08),MIDHIGH_VOL,Q2,0.5008047561943292,False,-0.006873598246545399,0.36744466
2025-10-25 07:00:00+00:00,7,Asia   (00-08),LOW_VOL,Q3,0.887133188628351,True,0.0056264049352546,0.44167835
2025-10-25 08:00:00+00:00,8,Europa (08-16),LOW_VOL,Q3,0.6885938155977496,True,0.0054071876134893,0.42423555
2025-10-26 00:00:00+00:00,0,Asia   (00-08),LOW_VOL,Q4_alto,1.178899986623232,True,0.003896082196492,0.46048948
2025-10-26 01:00:00+00:00,1,Asia   (00-08),LOW_VOL,Q3,0.7232389505217797,True,0.0040892793900916,0.46048948
2025-10-27 00:00:00+00:00,0,Asia   (00-08),MIDLOW_VOL,Q4_alto,1.2358565100487482,False,-0.0057479646546731,0.4083724
2025-10-27 01:00:00+00:00,1,Asia   (00-08),MIDLOW_VOL,Q3,0.7976505317866148,True,0.0096474062663432,0.4083724
2025-10-28 00:00:00+00:00,0,Asia   (00-08),LOW_VOL,Q3,0.8101773967588273,True,0.008852903550712601,0.40217692
2025-10-28 01:00:00+00:00,1,Asia   (00-08),LOW_VOL,Q3,0.6782596868070458,True,0.0089938041814381,0.38900515
2025-10-29 03:00:00+00:00,3,Asia   (00-08),HIGH_VOL,Q1_bajo,0.3551777614798908,True,0.0139895817316999,0.3825457
2025-10-29 04:00:00+00:00,4,Asia   (00-08),MIDHIGH_VOL,Q1_bajo,0.3543082313132995,True,0.0119933896979712,0.3825457
2025-10-30 00:00:00+00:00,0,Asia   (00-08),HIGH_VOL,Q3,0.7189769996410034,True,0.016650888607647,0.38511816
2025-10-30 01:00:00+00:00,1,Asia   (00-08),HIGH_VOL,Q2,0.4937424775283945,True,0.0166246813532193,0.38511816
2025-10-30 15:00:00+00:00,15,Europa (08-16),HIGH_VOL,Q3,0.9947914625588241,True,0.0188479186386202,0.3900176
2025-10-30 16:00:00+00:00,16,USA    (16-24),HIGH_VOL,Q2,0.6358552013484224,True,0.018717272366856,0.3900176
2025-10-31 00:00:00+00:00,0,Asia   (00-08),HIGH_VOL,Q3,1.0626012433011083,True,0.0162454243836168,0.37379563
2025-10-31 01:00:00+00:00,1,Asia   (00-08),HIGH_VOL,Q4_alto,1.2300291216731836,True,0.0167530075136511,0.38713208
2025-11-01 04:00:00+00:00,4,Asia   (00-08),MIDHIGH_VOL,Q2,0.6262576345001521,True,0.010740461353500201,0.36744466
2025-11-01 07:00:00+00:00,7,Asia   (00-08),LOW_VOL,Q1_bajo,0.2539159681355593,True,0.0072226082546468,0.38224828
2025-11-02 00:00:00+00:00,0,Asia   (00-08),LOW_VOL,Q3,0.775594860556759,False,-0.0032755111490044998,0.44121894
2025-11-02 01:00:00+00:00,1,Asia   (00-08),LOW_VOL,Q2,0.5847314438475846,False,-0.0032430143857779,0.44121894
2025-11-03 00:00:00+00:00,0,Asia   (00-08),MIDLOW_VOL,Q4_alto,1.2752554953265802,True,0.0081109695042601,0.40980753
2025-11-03 01:00:00+00:00,1,Asia   (00-08),MIDLOW_VOL,Q4_alto,1.8003698922991038,True,0.0078276364089428,0.3944901
2025-11-04 02:00:00+00:00,2,Asia   (00-08),HIGH_VOL,Q3,0.7144687572030972,True,0.0190753849994497,0.3636687
2025-11-04 03:00:00+00:00,3,Asia   (00-08),HIGH_VOL,Q2,0.6574830242797766,True,0.0196716941245896,0.3636687
2025-11-05 00:00:00+00:00,0,Asia   (00-08),HIGH_VOL,Q2,0.649661421109167,True,0.0259216096744409,0.4438823
2025-11-05 07:00:00+00:00,7,Asia   (00-08),HIGH_VOL,Q1_bajo,0.24272934869121987,False,-0.0108303550881999,0.39278767
2025-11-06 00:00:00+00:00,0,Asia   (00-08),MIDLOW_VOL,Q2,0.6556855861380148,True,0.0134991986027414,0.42302966
2025-11-06 01:00:00+00:00,1,Asia   (00-08),MIDLOW_VOL,Q4_alto,1.2237565643843336,True,0.0138544559945288,0.41682085
2025-11-07 00:00:00+00:00,0,Asia   (00-08),HIGH_VOL,Q3,0.9664269676537057,True,0.0193776704601068,0.42565787
2025-11-07 02:00:00+00:00,2,Asia   (00-08),HIGH_VOL,Q2,0.5428420859185241,True,0.0195185617321504,0.40531835
2025-11-08 00:00:00+00:00,0,Asia   (00-08),HIGH_VOL,Q3,0.842758843652958,True,0.0178685636258348,0.42741954
2025-11-08 01:00:00+00:00,1,Asia   (00-08),MIDHIGH_VOL,Q1_bajo,0.39119549460116687,True,0.0172492485402195,0.39559656
2025-11-09 00:00:00+00:00,0,Asia   (00-08),LOW_VOL,Q3,1.0794860217199065,True,0.0082544143462127,0.40937036
2025-11-09 01:00:00+00:00,1,Asia   (00-08),LOW_VOL,Q2,0.5965683469837478,True,0.007512157607107701,0.41530418
2025-11-10 02:00:00+00:00,2,Asia   (00-08),MIDHIGH_VOL,Q3,0.7781625299815148,True,0.0166240628083454,0.40025148
2025-11-10 03:00:00+00:00,3,Asia   (00-08),MIDHIGH_VOL,Q3,0.8157428055909693,True,0.0159707949303321,0.40941656
2025-11-11 00:00:00+00:00,0,Asia   (00-08),MIDLOW_VOL,Q3,0.762467837380907,True,0.0125646425205331,0.39684668
2025-11-11 01:00:00+00:00,1,Asia   (00-08),MIDHIGH_VOL,Q4_alto,2.817842384745059,True,0.0140927572279673,0.39684668
2025-11-12 00:00:00+00:00,0,Asia   (00-08),MIDLOW_VOL,Q3,0.7279994163181701,False,-0.0065298601078418,0.44125152
2025-11-12 01:00:00+00:00,1,Asia   (00-08),MIDLOW_VOL,Q3,0.7686782561366152,False,-0.0066894188225454,0.43513724
2025-11-13 01:00:00+00:00,1,Asia   (00-08),MIDHIGH_VOL,Q3,1.0807653208297405,True,0.015155837794812402,0.43513724
2025-11-13 02:00:00+00:00,2,Asia   (00-08),MIDHIGH_VOL,Q1_bajo,0.38569239854954007,True,0.014951126234937401,0.40531835
2025-11-13 15:00:00+00:00,15,Europa (08-16),HIGH_VOL,Q4_alto,2.3009004792375496,True,0.0184974481438355,0.44483823
2025-11-13 16:00:00+00:00,16,USA    (16-24),HIGH_VOL,Q4_alto,2.267108479129825,True,0.0195848349589965,0.45027718
2025-11-14 00:00:00+00:00,0,Asia   (00-08),HIGH_VOL,Q4_alto,1.180800543371852,True,0.0218518331992948,0.43522036
2025-11-14 01:00:00+00:00,1,Asia   (00-08),HIGH_VOL,Q2,0.6246958815606506,True,0.0223671777964397,0.43522036
2025-11-15 07:00:00+00:00,7,Asia   (00-08),HIGH_VOL,Q1_bajo,0.31804637476541747,True,0.0181281918882037,0.41519335
2025-11-15 08:00:00+00:00,8,Europa (08-16),MIDHIGH_VOL,Q3,0.6787172023665355,True,0.0171948008169838,0.41147673
2025-11-16 00:00:00+00:00,0,Asia   (00-08),LOW_VOL,Q3,0.6933379101957152,True,0.0086419125746116,0.41188172
2025-11-16 01:00:00+00:00,1,Asia   (00-08),LOW_VOL,Q4_alto,1.5026751326157601,False,-0.0053204975087216,0.41188172
2025-11-17 01:00:00+00:00,1,Asia   (00-08),HIGH_VOL,Q3,0.7425978127380756,True,0.0202610312496465,0.40531835
2025-11-17 02:00:00+00:00,2,Asia   (00-08),HIGH_VOL,Q2,0.5948454362659825,True,0.0205540103765498,0.40901804
2025-11-18 00:00:00+00:00,0,Asia   (00-08),HIGH_VOL,Q3,0.9424193510386787,True,0.0224234832316907,0.44095594
2025-11-18 01:00:00+00:00,1,Asia   (00-08),HIGH_VOL,Q2,0.6556941602482106,True,0.022633987463390102,0.44095594
2025-11-19 00:00:00+00:00,0,Asia   (00-08),MIDHIGH_VOL,Q3,1.0350037197182054,True,0.0178290410538609,0.43202773
2025-11-19 01:00:00+00:00,1,Asia   (00-08),MIDHIGH_VOL,Q3,0.7266284035058866,True,0.018362157176836,0.43202773
2025-11-20 01:00:00+00:00,1,Asia   (00-08),HIGH_VOL,Q3,0.7955250660671859,True,0.021403767294549,0.38812685
2025-11-20 02:00:00+00:00,2,Asia   (00-08),HIGH_VOL,Q2,0.6561040157442474,True,0.0211031239962629,0.40010133
2025-11-21 00:00:00+00:00,0,Asia   (00-08),HIGH_VOL,Q2,0.6294749895398196,True,0.026523814010102,0.43364134
2025-11-21 01:00:00+00:00,1,Asia   (00-08),HIGH_VOL,Q1_bajo,0.43093236130218654,True,0.0267661637459043,0.43364134
2025-11-22 06:00:00+00:00,6,Asia   (00-08),MIDHIGH_VOL,Q1_bajo,0.29780250941674585,True,0.021460919564492302,0.3846925
2025-11-22 07:00:00+00:00,7,Asia   (00-08),MIDHIGH_VOL,Q1_bajo,0.1681675901945156,True,0.0202153735506414,0.3846925
2025-11-23 00:00:00+00:00,0,Asia   (00-08),LOW_VOL,Q4_alto,1.344140038403152,False,-0.0064538613300472,0.3884199
2025-11-23 01:00:00+00:00,1,Asia   (00-08),LOW_VOL,Q4_alto,2.001449611091241,True,0.0126500904949135,0.3884199
2025-11-24 00:00:00+00:00,0,Asia   (00-08),MIDLOW_VOL,Q4_alto,2.195047705634041,True,0.0162229370093815,0.41962746
2025-11-24 01:00:00+00:00,1,Asia   (00-08),MIDLOW_VOL,Q4_alto,1.1443346432114765,True,0.0163060469257193,0.42499408
2025-11-25 00:00:00+00:00,0,Asia   (00-08),MIDLOW_VOL,Q2,0.665897882964603,True,0.0159538109746947,0.40038675
2025-11-25 01:00:00+00:00,1,Asia   (00-08),MIDLOW_VOL,Q2,0.5655089851241157,True,0.0158527644842684,0.41962746
2025-11-26 01:00:00+00:00,1,Asia   (00-08),MIDLOW_VOL,Q3,0.7581731949200426,True,0.017323585026048,0.41962746
2025-11-26 02:00:00+00:00,2,Asia   (00-08),MIDLOW_VOL,Q2,0.5188739754218639,True,0.0173906152360856,0.41962746
2025-11-27 00:00:00+00:00,0,Asia   (00-08),MIDLOW_VOL,Q3,0.7656926956909584,False,-0.0078568907821371,0.40193182
2025-11-27 01:00:00+00:00,1,Asia   (00-08),MIDLOW_VOL,Q4_alto,1.1796461077789782,True,0.0162810040905581,0.40193182
2025-11-27 17:00:00+00:00,17,USA    (16-24),LOW_VOL,Q2,0.5605229069237458,True,0.0086508320872726,0.42212653
2025-11-27 18:00:00+00:00,18,USA    (16-24),LOW_VOL,Q3,0.733506468502309,True,0.0089305272586191,0.42212653
2025-11-28 00:00:00+00:00,0,Asia   (00-08),LOW_VOL,Q2,0.4837175780286506,True,0.0080281089184788,0.44967383
2025-11-28 01:00:00+00:00,1,Asia   (00-08),LOW_VOL,Q3,1.020792671489608,False,-0.0049762240624253,0.4355579
2025-11-29 04:00:00+00:00,4,Asia   (00-08),LOW_VOL,Q1_bajo,0.25076032036059054,True,0.0102691866823727,0.42640632
2025-11-29 05:00:00+00:00,5,Asia   (00-08),LOW_VOL,Q1_bajo,0.21327644374973825,True,0.0093061910667532,0.42640632
2025-11-30 00:00:00+00:00,0,Asia   (00-08),LOW_VOL,Q2,0.4837132270085273,True,0.0062458878270724005,0.41866842
2025-11-30 01:00:00+00:00,1,Asia   (00-08),LOW_VOL,Q2,0.5807517301840989,True,0.0061796265143963,0.41866842
2025-12-01 00:00:00+00:00,0,Asia   (00-08),MIDHIGH_VOL,Q4_alto,8.512962274856628,True,0.0143843946787332,0.4400055
2025-12-01 01:00:00+00:00,1,Asia   (00-08),MIDHIGH_VOL,Q4_alto,2.442389234345458,True,0.0149990235073072,0.4400055
2025-12-02 02:00:00+00:00,2,Asia   (00-08),HIGH_VOL,Q1_bajo,0.4159646531537687,False,-0.009694547722211599,0.4197663
2025-12-02 03:00:00+00:00,3,Asia   (00-08),HIGH_VOL,Q2,0.533360737844887,False,-0.009709248182571,0.4197663
2025-12-03 00:00:00+00:00,0,Asia   (00-08),HIGH_VOL,Q2,0.6154387938177648,False,-0.0095329006469402,0.4045763
2025-12-03 02:00:00+00:00,2,Asia   (00-08),HIGH_VOL,Q3,1.045816209565676,True,0.0207755703480303,0.4102268
2025-12-04 01:00:00+00:00,1,Asia   (00-08),HIGH_VOL,Q3,0.6869457186708852,True,0.0175905835442067,0.41052458
2025-12-04 02:00:00+00:00,2,Asia   (00-08),HIGH_VOL,Q3,0.8493426386969211,True,0.0182558514297033,0.41052458
2025-12-05 00:00:00+00:00,0,Asia   (00-08),MIDHIGH_VOL,Q1_bajo,0.33575640605574275,True,0.0149588543420737,0.4245818
2025-12-05 01:00:00+00:00,1,Asia   (00-08),MIDHIGH_VOL,Q1_bajo,0.39581536257877287,True,0.014597933758077601,0.4245818
2025-12-06 06:00:00+00:00,6,Asia   (00-08),MIDLOW_VOL,Q1_bajo,0.18447046285276336,True,0.0096743928502504,0.39813507
2025-12-06 07:00:00+00:00,7,Asia   (00-08),MIDLOW_VOL,Q1_bajo,0.1929047172579907,True,0.008598719687987701,0.3957066
2025-12-07 00:00:00+00:00,0,Asia   (00-08),LOW_VOL,Q3,0.8494049136431813,True,0.0062536344161868,0.43073848
2025-12-07 01:00:00+00:00,1,Asia   (00-08),LOW_VOL,Q2,0.5061798884637684,True,0.006366621902595701,0.43073848
2025-12-08 00:00:00+00:00,0,Asia   (00-08),HIGH_VOL,Q3,0.7670364142674994,False,-0.009474582519206399,0.41962746
2025-12-08 03:00:00+00:00,3,Asia   (00-08),HIGH_VOL,Q1_bajo,0.3707662630989403,True,0.020720807286264402,0.40521184
2025-12-09 00:00:00+00:00,0,Asia   (00-08),MIDHIGH_VOL,Q2,0.5144983242152735,True,0.014567511262169201,0.42499408
2025-12-09 01:00:00+00:00,1,Asia   (00-08),MIDHIGH_VOL,Q2,0.5900312031591225,True,0.015073271363647802,0.42499408
2025-12-10 02:00:00+00:00,2,Asia   (00-08),HIGH_VOL,Q2,0.4565829362399908,True,0.0185152918897805,0.42499408
2025-12-10 03:00:00+00:00,3,Asia   (00-08),HIGH_VOL,Q1_bajo,0.22421173983598733,True,0.0177930741367416,0.42499408
2025-12-11 00:00:00+00:00,0,Asia   (00-08),HIGH_VOL,Q4_alto,1.2639858259684609,True,0.0175207551731509,0.44332808
2025-12-11 01:00:00+00:00,1,Asia   (00-08),HIGH_VOL,Q4_alto,1.1809802962976859,True,0.0178166740482836,0.4400055
2025-12-11 15:00:00+00:00,15,Europa (08-16),MIDLOW_VOL,Q4_alto,1.9758229941885648,True,0.011135826982588,0.4373762
2025-12-11 16:00:00+00:00,16,USA    (16-24),MIDLOW_VOL,Q4_alto,1.4727684391242821,False,-0.0061699217778304,0.43492278
2025-12-12 03:00:00+00:00,3,Asia   (00-08),HIGH_VOL,Q1_bajo,0.4199538716583348,True,0.0208347218210269,0.40010133
2025-12-12 04:00:00+00:00,4,Asia   (00-08),HIGH_VOL,Q1_bajo,0.36598509438160726,True,0.0193912179198043,0.40010133
2025-12-13 04:00:00+00:00,4,Asia   (00-08),MIDLOW_VOL,Q1_bajo,0.18596115610263494,True,0.010790158515085701,0.42292333
2025-12-13 05:00:00+00:00,5,Asia   (00-08),LOW_VOL,Q1_bajo,0.13252711496495448,True,0.0066891444530698,0.43073848
2025-12-14 00:00:00+00:00,0,Asia   (00-08),LOW_VOL,Q4_alto,2.6261553133711812,True,0.0045001429307043005,0.4123799
2025-12-14 01:00:00+00:00,1,Asia   (00-08),LOW_VOL,Q3,0.732344338709011,True,0.0043684095599182005,0.40867084
2025-12-15 00:00:00+00:00,0,Asia   (00-08),MIDHIGH_VOL,Q4_alto,1.5059746835849597,False,-0.0069707144707186,0.43997994
2025-12-15 02:00:00+00:00,2,Asia   (00-08),MIDHIGH_VOL,Q4_alto,1.9606551009929218,True,0.0126402733936482,0.40181345
2025-12-16 01:00:00+00:00,1,Asia   (00-08),HIGH_VOL,Q2,0.47193976685823524,False,-0.009068931677756499,0.44095594
2025-12-16 03:00:00+00:00,3,Asia   (00-08),HIGH_VOL,Q2,0.6532814268316692,False,-0.0092377602981307,0.44095594
2025-12-17 00:00:00+00:00,0,Asia   (00-08),MIDHIGH_VOL,Q2,0.46378521598533184,True,0.0155934404699728,0.43202773
2025-12-17 01:00:00+00:00,1,Asia   (00-08),MIDHIGH_VOL,Q2,0.51064632619109,True,0.0155183567135577,0.41962746
2025-12-18 01:00:00+00:00,1,Asia   (00-08),HIGH_VOL,Q1_bajo,0.27349576225299665,False,-0.0108019929641541,0.4245818
2025-12-18 02:00:00+00:00,2,Asia   (00-08),HIGH_VOL,Q3,0.7538046091906717,False,-0.0110379812815886,0.4192165
2025-12-19 00:00:00+00:00,0,Asia   (00-08),HIGH_VOL,Q1_bajo,0.2521410504744657,False,-0.0112320144745424,0.4096385
2025-12-19 01:00:00+00:00,1,Asia   (00-08),HIGH_VOL,Q1_bajo,0.2625105599026352,False,-0.0114053138984047,0.4096385
2025-12-20 04:00:00+00:00,4,Asia   (00-08),MIDHIGH_VOL,Q1_bajo,0.2254017398699788,True,0.0133979352207519,0.4057631
2025-12-20 05:00:00+00:00,5,Asia   (00-08),MIDLOW_VOL,Q2,0.49346602901246917,True,0.011138000809388801,0.41392457
2025-12-21 00:00:00+00:00,0,Asia   (00-08),LOW_VOL,Q2,0.6410175788516218,True,0.003916546340113,0.41117716
2025-12-21 01:00:00+00:00,1,Asia   (00-08),LOW_VOL,Q4_alto,1.9088675034986504,False,-0.0033717799479917,0.41359466
2025-12-22 00:00:00+00:00,0,Asia   (00-08),MIDLOW_VOL,Q4_alto,3.5370124089309476,True,0.0098679100278531,0.41392457
2025-12-22 01:00:00+00:00,1,Asia   (00-08),MIDLOW_VOL,Q4_alto,1.5632516450258105,True,0.0108584968536144,0.41392457
2025-12-23 00:00:00+00:00,0,Asia   (00-08),MIDHIGH_VOL,Q2,0.5835475192902253,True,0.0136032467129968,0.42402667
2025-12-23 02:00:00+00:00,2,Asia   (00-08),MIDHIGH_VOL,Q3,0.7250610780619859,True,0.013477046009346301,0.43308276
2025-12-24 00:00:00+00:00,0,Asia   (00-08),MIDHIGH_VOL,Q2,0.5216373883877109,True,0.013896610973866701,0.40672922
2025-12-24 01:00:00+00:00,1,Asia   (00-08),MIDHIGH_VOL,Q1_bajo,0.43603758897714695,True,0.0139788496721495,0.40672922
2025-12-25 01:00:00+00:00,1,Asia   (00-08),LOW_VOL,Q1_bajo,0.3799092305467559,True,0.0082931201480911,0.41866842
2025-12-25 02:00:00+00:00,2,Asia   (00-08),LOW_VOL,Q2,0.47037420788952095,True,0.0083593905433195,0.41866842
2025-12-25 15:00:00+00:00,15,Europa (08-16),LOW_VOL,Q4_alto,5.339592999631401,True,0.005033461621744601,0.41866842
2025-12-25 16:00:00+00:00,16,USA    (16-24),LOW_VOL,Q4_alto,2.238560081391908,True,0.005195648829941501,0.41866842
2025-12-26 00:00:00+00:00,0,Asia   (00-08),MIDLOW_VOL,Q4_alto,1.8178723326056092,False,-0.0047982129015905995,0.43451008
2025-12-26 01:00:00+00:00,1,Asia   (00-08),MIDLOW_VOL,Q3,1.0201407442120742,False,-0.0049256447621423,0.42569327
2025-12-27 07:00:00+00:00,7,Asia   (00-08),LOW_VOL,Q1_bajo,0.3544300172063609,True,0.0035820483534368007,0.41496012
2025-12-27 08:00:00+00:00,8,Europa (08-16),LOW_VOL,Q1_bajo,0.25560730267715254,True,0.0033961353691267003,0.41868582
2025-12-28 00:00:00+00:00,0,Asia   (00-08),LOW_VOL,Q4_alto,1.9629359816419254,True,0.0029654065297839,0.4498139
2025-12-28 01:00:00+00:00,1,Asia   (00-08),LOW_VOL,Q3,0.924301304622406,True,0.003125960435012,0.4498139
2025-12-29 00:00:00+00:00,0,Asia   (00-08),MIDLOW_VOL,Q4_alto,3.9889259411329823,True,0.0046339162825567,0.43266216
2025-12-29 01:00:00+00:00,1,Asia   (00-08),MIDLOW_VOL,Q4_alto,2.7697364157811055,False,-0.0038650936422896997,0.4438868
2025-12-30 00:00:00+00:00,0,Asia   (00-08),MIDHIGH_VOL,Q1_bajo,0.2815508567092289,True,0.0095731822332983,0.4418454
2025-12-30 01:00:00+00:00,1,Asia   (00-08),MIDHIGH_VOL,Q1_bajo,0.24466835216224012,True,0.009591661279155901,0.4358897
2025-12-31 03:00:00+00:00,3,Asia   (00-08),MIDHIGH_VOL,Q2,0.492417476966199,True,0.0107798571775973,0.41392457
2025-12-31 04:00:00+00:00,4,Asia   (00-08),MIDHIGH_VOL,Q1_bajo,0.3788332358454435,True,0.009246090693193,0.40491727
2026-01-01 01:00:00+00:00,1,Asia   (00-08),MIDLOW_VOL,Q2,0.5701340352247533,True,0.0078577829125201,0.44437185
2026-01-01 02:00:00+00:00,2,Asia   (00-08),MIDLOW_VOL,Q1_bajo,0.4391935195823063,True,0.007704859326890001,0.43727347
2026-01-02 00:00:00+00:00,0,Asia   (00-08),MIDLOW_VOL,Q4_alto,2.479055143980415,True,0.004605398486452,0.41866842
2026-01-02 01:00:00+00:00,1,Asia   (00-08),MIDLOW_VOL,Q4_alto,1.315036199416595,True,0.0049377044443617004,0.41117716
2026-01-03 00:00:00+00:00,0,Asia   (00-08),HIGH_VOL,Q1_bajo,0.25571330991356367,True,0.0141610188998697,0.40038675
2026-01-03 01:00:00+00:00,1,Asia   (00-08),HIGH_VOL,Q1_bajo,0.1976982575111763,True,0.0139851486542048,0.40038675
2026-01-04 00:00:00+00:00,0,Asia   (00-08),MIDLOW_VOL,Q4_alto,4.239083325793275,True,0.0052212753426719005,0.4746321
2026-01-04 02:00:00+00:00,2,Asia   (00-08),MIDLOW_VOL,Q2,0.6233012545819192,False,-0.0038910695781553,0.4746321
2026-01-05 00:00:00+00:00,0,Asia   (00-08),MIDLOW_VOL,Q4_alto,5.212258547524505,False,-0.0040796583607172,0.45646167
2026-01-05 01:00:00+00:00,1,Asia   (00-08),MIDHIGH_VOL,Q4_alto,4.790644405022378,True,0.007155536969245901,0.4746321
2026-01-06 00:00:00+00:00,0,Asia   (00-08),HIGH_VOL,Q2,0.6513893305152619,True,0.0118148377102588,0.41944802
2026-01-06 01:00:00+00:00,1,Asia   (00-08),HIGH_VOL,Q2,0.5492734141874078,True,0.0120560748119338,0.42481408
2026-01-07 00:00:00+00:00,0,Asia   (00-08),HIGH_VOL,Q3,0.8354164433482208,True,0.0160036748365328,0.41275352
2026-01-07 01:00:00+00:00,1,Asia   (00-08),HIGH_VOL,Q3,0.7837147357575933,True,0.0164207435564812,0.4192165
2026-01-08 00:00:00+00:00,0,Asia   (00-08),HIGH_VOL,Q2,0.49754843423478423,True,0.0107252988596048,0.39813507
2026-01-08 01:00:00+00:00,1,Asia   (00-08),HIGH_VOL,Q2,0.5181776754568078,True,0.0108171579891887,0.39813507
2026-01-08 17:00:00+00:00,17,USA    (16-24),HIGH_VOL,Q4_alto,1.1617202979477728,True,0.0128629497528314,0.41371176
2026-01-08 18:00:00+00:00,18,USA    (16-24),HIGH_VOL,Q3,0.7391367838410206,True,0.0129949994360714,0.42275932
2026-01-09 01:00:00+00:00,1,Asia   (00-08),MIDHIGH_VOL,Q3,0.7203276238835736,True,0.0107996170218108,0.41392457
2026-01-09 02:00:00+00:00,2,Asia   (00-08),MIDHIGH_VOL,Q2,0.46940489416605563,True,0.0108272246393818,0.41392457
2026-01-10 14:00:00+00:00,14,Europa (08-16),LOW_VOL,Q3,1.0658553645521678,True,0.0023040717026055002,0.43714982
2026-01-11 16:00:00+00:00,16,USA    (16-24),LOW_VOL,Q4_alto,2.226402464743846,True,0.0032680142926219003,0.44478253
2026-01-11 17:00:00+00:00,17,USA    (16-24),LOW_VOL,Q4_alto,1.2037129076929154,True,0.0034890347336662,0.44478253
2026-01-12 00:00:00+00:00,0,Asia   (00-08),MIDLOW_VOL,Q4_alto,2.2868928302281013,False,-0.0042208406246315,0.41866842
2026-01-12 01:00:00+00:00,1,Asia   (00-08),MIDLOW_VOL,Q4_alto,3.6212888195728454,False,-0.0046175643771791,0.41866842
2026-01-13 00:00:00+00:00,0,Asia   (00-08),MIDHIGH_VOL,Q2,0.5904801749897638,False,-0.0063773123553148995,0.41392457
2026-01-13 01:00:00+00:00,1,Asia   (00-08),HIGH_VOL,Q1_bajo,0.43761645832867885,False,-0.006448880351066199,0.41392457
2026-01-14 00:00:00+00:00,0,Asia   (00-08),HIGH_VOL,Q2,0.544745556614836,True,0.016309252320095502,0.4137665
2026-01-14 01:00:00+00:00,1,Asia   (00-08),HIGH_VOL,Q2,0.5141176335865731,True,0.0165582068488179,0.4137665
2026-01-15 00:00:00+00:00,0,Asia   (00-08),HIGH_VOL,Q2,0.5862943989260053,True,0.015006582619281401,0.39102566
2026-01-15 01:00:00+00:00,1,Asia   (00-08),HIGH_VOL,Q2,0.5330850172069348,True,0.015523308081926899,0.4011538
2026-01-16 03:00:00+00:00,3,Asia   (00-08),MIDHIGH_VOL,Q1_bajo,0.26013510476002377,True,0.0124820908666363,0.43466133
2026-01-16 04:00:00+00:00,4,Asia   (00-08),MIDLOW_VOL,Q3,0.678626792193846,True,0.0108226427162859,0.43127164
2026-01-17 00:00:00+00:00,0,Asia   (00-08),MIDLOW_VOL,Q1_bajo,0.32859223451117364,True,0.008055473311631001,0.40691975
2026-01-17 01:00:00+00:00,1,Asia   (00-08),MIDLOW_VOL,Q1_bajo,0.26776431302765275,True,0.0079570481326753,0.40747845
2026-01-18 03:00:00+00:00,3,Asia   (00-08),LOW_VOL,Q2,0.6298139868958049,True,0.0027826748838361004,0.4426824
2026-01-18 05:00:00+00:00,5,Asia   (00-08),LOW_VOL,Q3,0.8499726645422171,True,0.0026553840633616,0.4426824
2026-01-19 00:00:00+00:00,0,Asia   (00-08),MIDHIGH_VOL,Q4_alto,7.811413422064019,True,0.008320540986151601,0.42446515
2026-01-19 08:00:00+00:00,8,Europa (08-16),MIDHIGH_VOL,Q4_alto,1.2505286551870556,True,0.0101525079088494,0.4427967
2026-01-20 00:00:00+00:00,0,Asia   (00-08),MIDLOW_VOL,Q4_alto,1.2291098856215454,True,0.006428719810177601,0.43073848
2026-01-20 01:00:00+00:00,1,Asia   (00-08),MIDLOW_VOL,Q3,0.8578161255369243,True,0.006443557721398901,0.43073848
2026-01-21 00:00:00+00:00,0,Asia   (00-08),HIGH_VOL,Q3,0.7050587391393967,True,0.015382391684618399,0.44095594
2026-01-21 01:00:00+00:00,1,Asia   (00-08),HIGH_VOL,Q2,0.541689365735028,True,0.0155051856456386,0.44095594
2026-01-22 02:00:00+00:00,2,Asia   (00-08),HIGH_VOL,Q1_bajo,0.41146139136981136,True,0.021276111236291702,0.43202773
2026-01-22 15:00:00+00:00,15,Europa (08-16),MIDLOW_VOL,Q4_alto,3.5021578165646146,False,-0.004906651557666,0.44584417
2026-01-22 16:00:00+00:00,16,USA    (16-24),MIDLOW_VOL,Q4_alto,1.8276631308965572,False,-0.0049550218819311,0.4321447
2026-01-23 00:00:00+00:00,0,Asia   (00-08),MIDHIGH_VOL,Q1_bajo,0.2967204000018396,True,0.0108917853063943,0.41392457
2026-01-23 01:00:00+00:00,1,Asia   (00-08),MIDHIGH_VOL,Q1_bajo,0.43215769530847353,True,0.011086893138387701,0.41392457
2026-01-24 02:00:00+00:00,2,Asia   (00-08),HIGH_VOL,Q1_bajo,0.21669960890113818,True,0.013039638634338,0.41357344
2026-01-24 03:00:00+00:00,3,Asia   (00-08),HIGH_VOL,Q1_bajo,0.4216778887766305,True,0.013093291866772,0.41357344
2026-01-25 00:00:00+00:00,0,Asia   (00-08),LOW_VOL,Q3,0.6971383324853064,True,0.0025650622893863004,0.43226406
2026-01-25 01:00:00+00:00,1,Asia   (00-08),LOW_VOL,Q3,1.00482179323743,True,0.0028328351372701004,0.440059
2026-01-26 00:00:00+00:00,0,Asia   (00-08),HIGH_VOL,Q4_alto,1.1057078534005358,False,-0.006831713060026399,0.4427967
2026-01-26 01:00:00+00:00,1,Asia   (00-08),HIGH_VOL,Q4_alto,1.7089315385771944,True,0.0141010123647277,0.40923318
2026-01-27 00:00:00+00:00,0,Asia   (00-08),HIGH_VOL,Q2,0.5756278912529217,True,0.0131188084546381,0.4057631
2026-01-27 01:00:00+00:00,1,Asia   (00-08),HIGH_VOL,Q2,0.6376026642277453,True,0.013593149591101701,0.4057631
2026-01-28 00:00:00+00:00,0,Asia   (00-08),HIGH_VOL,Q2,0.5086038438848793,True,0.013156448612821201,0.4057631
2026-01-28 01:00:00+00:00,1,Asia   (00-08),HIGH_VOL,Q2,0.4687297166427011,True,0.0130759623992838,0.4057631
2026-01-29 00:00:00+00:00,0,Asia   (00-08),HIGH_VOL,Q2,0.5448675762424335,True,0.0144477242122273,0.42499408
2026-01-29 01:00:00+00:00,1,Asia   (00-08),HIGH_VOL,Q3,0.8456418780860304,True,0.014193626299921,0.43446985
2026-01-30 00:00:00+00:00,0,Asia   (00-08),HIGH_VOL,Q2,0.5520996820119164,True,0.0189657845893527,0.41643652
2026-01-30 05:00:00+00:00,5,Asia   (00-08),HIGH_VOL,Q1_bajo,0.3426724199505358,True,0.0222946721724762,0.41643652
2026-01-31 00:00:00+00:00,0,Asia   (00-08),HIGH_VOL,Q1_bajo,0.34523201236371037,True,0.018859616111413,0.38832682
2026-01-31 02:00:00+00:00,2,Asia   (00-08),HIGH_VOL,Q1_bajo,0.3608298842029985,True,0.0178136174157219,0.40030342
2026-02-01 02:00:00+00:00,2,Asia   (00-08),HIGH_VOL,Q1_bajo,0.27578516481551435,True,0.0329278577261959,0.43496278
2026-02-01 03:00:00+00:00,3,Asia   (00-08),HIGH_VOL,Q1_bajo,0.18776472875423353,True,0.0327636462884668,0.43496278
2026-02-02 00:00:00+00:00,0,Asia   (00-08),HIGH_VOL,Q4_alto,1.3242920521737236,True,0.025259408445946,0.45081764
2026-02-02 01:00:00+00:00,1,Asia   (00-08),HIGH_VOL,Q4_alto,1.131012081030918,True,0.0266911986052464,0.44560808
2026-02-03 00:00:00+00:00,0,Asia   (00-08),MIDHIGH_VOL,Q2,0.5161102053082888,True,0.017385630936971,0.4107128
2026-02-03 01:00:00+00:00,1,Asia   (00-08),MIDHIGH_VOL,Q1_bajo,0.42066019345307143,True,0.0173008863003291,0.4107128
2026-02-04 01:00:00+00:00,1,Asia   (00-08),HIGH_VOL,Q2,0.5045770168680086,True,0.0308813323758658,0.4434693
2026-02-04 02:00:00+00:00,2,Asia   (00-08),HIGH_VOL,Q1_bajo,0.4067191647508231,True,0.0319699177930021,0.4434693
2026-02-05 00:00:00+00:00,0,Asia   (00-08),HIGH_VOL,Q2,0.473103359795789,True,0.0317896328943541,0.42860767
2026-02-05 01:00:00+00:00,1,Asia   (00-08),HIGH_VOL,Q3,1.0209074556519335,True,0.0334340140715544,0.42860767
2026-02-05 15:00:00+00:00,15,Europa (08-16),HIGH_VOL,Q4_alto,4.5418145208875345,True,0.0332702775501611,0.445079
2026-02-05 16:00:00+00:00,16,USA    (16-24),HIGH_VOL,Q4_alto,1.6890410454798357,True,0.0332664279111642,0.445079
2026-02-06 01:00:00+00:00,1,Asia   (00-08),HIGH_VOL,Q4_alto,1.1378964979563615,True,0.061736679560198494,0.445079
2026-02-06 03:00:00+00:00,3,Asia   (00-08),HIGH_VOL,Q1_bajo,0.4093661126772986,False,-0.028078340865814698,0.445079
2026-02-07 00:00:00+00:00,0,Asia   (00-08),HIGH_VOL,Q3,0.7314979502975498,True,0.0355749806556621,0.3431583
2026-02-07 01:00:00+00:00,1,Asia   (00-08),HIGH_VOL,Q1_bajo,0.39423892969660007,True,0.0351603578532778,0.3431583
2026-02-08 00:00:00+00:00,0,Asia   (00-08),MIDLOW_VOL,Q1_bajo,0.35864634484725255,False,-0.0101637946055148,0.46849054
2026-02-08 01:00:00+00:00,1,Asia   (00-08),MIDLOW_VOL,Q1_bajo,0.3038486456723454,False,-0.0100731856103487,0.46849054
2026-02-09 00:00:00+00:00,0,Asia   (00-08),MIDLOW_VOL,Q3,0.9746768245638666,True,0.0206129858406293,0.46849054
2026-02-09 01:00:00+00:00,1,Asia   (00-08),MIDLOW_VOL,Q3,0.9740060655527695,True,0.0203711685652533,0.46849054
2026-02-10 00:00:00+00:00,0,Asia   (00-08),MIDLOW_VOL,Q2,0.516364564463012,True,0.0223206776909203,0.46849054
2026-02-10 01:00:00+00:00,1,Asia   (00-08),MIDLOW_VOL,Q2,0.5117896525044529,True,0.0226250352962358,0.46849054
2026-02-11 00:00:00+00:00,0,Asia   (00-08),MIDLOW_VOL,Q2,0.4932191887481807,True,0.0207984565095964,0.46849054
2026-02-11 01:00:00+00:00,1,Asia   (00-08),MIDLOW_VOL,Q1_bajo,0.34056429402505906,True,0.0203501442609024,0.46849054
2026-02-12 00:00:00+00:00,0,Asia   (00-08),MIDHIGH_VOL,Q2,0.5321245548496789,True,0.0268447149407696,0.48113766
2026-02-12 01:00:00+00:00,1,Asia   (00-08),MIDHIGH_VOL,Q2,0.5293367861295898,True,0.026706463198268502,0.48113766
2026-02-13 02:00:00+00:00,2,Asia   (00-08),MIDLOW_VOL,Q1_bajo,0.3945365818881241,True,0.0224490376296673,0.46849054
2026-02-13 03:00:00+00:00,3,Asia   (00-08),MIDLOW_VOL,Q1_bajo,0.42764553896142504,False,-0.0103509870774929,0.46849054
2026-02-14 00:00:00+00:00,0,Asia   (00-08),LOW_VOL,Q1_bajo,0.41162959079643074,False,-0.0080167949637117,0.3844113
2026-02-14 01:00:00+00:00,1,Asia   (00-08),LOW_VOL,Q1_bajo,0.3388243008727214,False,-0.0078206862249338,0.4042222
2026-02-15 00:00:00+00:00,0,Asia   (00-08),LOW_VOL,Q2,0.6076364197069837,True,0.0125055467409307,0.46388772
2026-02-15 01:00:00+00:00,1,Asia   (00-08),LOW_VOL,Q3,0.8468595806268331,True,0.0117628410992092,0.46632797
2026-02-16 00:00:00+00:00,0,Asia   (00-08),LOW_VOL,Q2,0.5580101535673738,True,0.0143441619290106,0.4594412
2026-02-16 01:00:00+00:00,1,Asia   (00-08),MIDLOW_VOL,Q2,0.518092072037372,True,0.015067071219047202,0.4594412
2026-02-17 00:00:00+00:00,0,Asia   (00-08),MIDHIGH_VOL,Q2,0.5625797947624903,True,0.0187323870788897,0.4722711
2026-02-17 01:00:00+00:00,1,Asia   (00-08),MIDHIGH_VOL,Q2,0.4854454328787272,True,0.0184684623463427,0.4722711
2026-02-18 02:00:00+00:00,2,Asia   (00-08),MIDHIGH_VOL,Q1_bajo,0.41795970480716876,True,0.0178137539846818,0.46448672
2026-02-18 03:00:00+00:00,3,Asia   (00-08),MIDHIGH_VOL,Q2,0.46580932892801535,True,0.0171798834742315,0.49729854
2026-02-19 01:00:00+00:00,1,Asia   (00-08),MIDHIGH_VOL,Q2,0.5375553417213007,True,0.015620001021777699,0.49357936
2026-02-19 02:00:00+00:00,2,Asia   (00-08),MIDHIGH_VOL,Q2,0.44882125349786894,True,0.015577198014819701,0.49729854
2026-02-19 15:00:00+00:00,15,Europa (08-16),MIDLOW_VOL,Q4_alto,2.3291946327561464,True,0.0127402749694373,0.4461124
2026-02-19 16:00:00+00:00,16,USA    (16-24),MIDLOW_VOL,Q4_alto,1.5463427046273552,False,-0.0070500469524860995,0.44604474
2026-02-20 01:00:00+00:00,1,Asia   (00-08),MIDHIGH_VOL,Q1_bajo,0.43012125179951083,True,0.0156063603093313,0.49729854
2026-02-20 02:00:00+00:00,2,Asia   (00-08),MIDHIGH_VOL,Q1_bajo,0.3166668622700119,True,0.0151879056244708,0.49729854
2026-02-21 02:00:00+00:00,2,Asia   (00-08),MIDHIGH_VOL,Q1_bajo,0.20050785609032692,True,0.0154589567165994,0.49729854
2026-02-21 03:00:00+00:00,3,Asia   (00-08),MIDLOW_VOL,Q2,0.6387697995995075,False,-0.0073780217505633,0.49729854
2026-02-22 01:00:00+00:00,1,Asia   (00-08),LOW_VOL,Q3,0.7368913374261354,True,0.0081744083202827,0.4644644
2026-02-22 02:00:00+00:00,2,Asia   (00-08),LOW_VOL,Q3,0.862002633970136,True,0.008331877992130001,0.4644644
2026-02-23 00:00:00+00:00,0,Asia   (00-08),LOW_VOL,Q4_alto,2.080123862729286,True,0.0088053411504589,0.42135316
2026-02-23 01:00:00+00:00,1,Asia   (00-08),MIDHIGH_VOL,Q4_alto,8.688603703737485,False,-0.007431495878506399,0.43533674
2026-02-24 00:00:00+00:00,0,Asia   (00-08),HIGH_VOL,Q1_bajo,0.43254890835288917,True,0.0167102381884071,0.49203312
2026-02-24 01:00:00+00:00,1,Asia   (00-08),HIGH_VOL,Q4_alto,2.2168193023931795,True,0.0194784327615127,0.464666
2026-02-25 00:00:00+00:00,0,Asia   (00-08),MIDHIGH_VOL,Q1_bajo,0.4115841069774962,False,-0.0078721816388814,0.49729854
2026-02-25 01:00:00+00:00,1,Asia   (00-08),HIGH_VOL,Q4_alto,3.6741885900321956,True,0.0191961712956495,0.49252367
2026-02-26 02:00:00+00:00,2,Asia   (00-08),HIGH_VOL,Q2,0.4879876456202558,True,0.0244142803534153,0.34410024
2026-02-26 03:00:00+00:00,3,Asia   (00-08),HIGH_VOL,Q1_bajo,0.2617021798157291,True,0.0236855833442451,0.33958736
2026-02-27 00:00:00+00:00,0,Asia   (00-08),MIDHIGH_VOL,Q3,0.7092346671318219,True,0.0162799891395887,0.4773583
2026-02-27 01:00:00+00:00,1,Asia   (00-08),MIDHIGH_VOL,Q3,0.9694888376950477,True,0.016425001777334202,0.4773583
2026-02-28 00:00:00+00:00,0,Asia   (00-08),MIDLOW_VOL,Q1_bajo,0.424567687804448,True,0.0149590881946902,0.49729854
2026-02-28 01:00:00+00:00,1,Asia   (00-08),MIDLOW_VOL,Q1_bajo,0.2835144098335449,True,0.013700580231119001,0.47852755
2026-03-01 00:00:00+00:00,0,Asia   (00-08),HIGH_VOL,Q1_bajo,0.4390858498375512,True,0.0229798868880342,0.40769008
2026-03-01 01:00:00+00:00,1,Asia   (00-08),HIGH_VOL,Q4_alto,1.6597255750579443,True,0.0256300178360257,0.41643712
2026-03-02 00:00:00+00:00,0,Asia   (00-08),HIGH_VOL,Q4_alto,1.1187137292147937,True,0.0229414548443771,0.46849054
2026-03-02 01:00:00+00:00,1,Asia   (00-08),HIGH_VOL,Q3,0.8884347244002511,True,0.0239235230934479,0.46849054
2026-03-03 00:00:00+00:00,0,Asia   (00-08),HIGH_VOL,Q2,0.4730920491576601,True,0.0248834862721269,0.34737864
2026-03-03 01:00:00+00:00,1,Asia   (00-08),HIGH_VOL,Q1_bajo,0.38774639763209673,True,0.025052608236352,0.34737864
2026-03-04 00:00:00+00:00,0,Asia   (00-08),HIGH_VOL,Q2,0.5123081927625716,True,0.0231615106894462,0.46849054
2026-03-04 01:00:00+00:00,1,Asia   (00-08),HIGH_VOL,Q3,0.9554649455131109,True,0.024219658356616,0.46849054
2026-03-05 00:00:00+00:00,0,Asia   (00-08),MIDHIGH_VOL,Q1_bajo,0.3406755744639659,True,0.0213391150616314,0.33958736
2026-03-05 01:00:00+00:00,1,Asia   (00-08),MIDHIGH_VOL,Q2,0.4978277033900894,True,0.0220991682077159,0.33958736
2026-03-05 15:00:00+00:00,15,Europa (08-16),MIDHIGH_VOL,Q4_alto,3.0141646477508575,True,0.0196968247207807,0.44000193
2026-03-05 16:00:00+00:00,16,USA    (16-24),MIDHIGH_VOL,Q4_alto,2.348582308992605,True,0.0204210343546773,0.4041813
2026-03-06 00:00:00+00:00,0,Asia   (00-08),MIDLOW_VOL,Q1_bajo,0.3736293317613887,True,0.0177583574524203,0.45437896
2026-03-06 01:00:00+00:00,1,Asia   (00-08),MIDLOW_VOL,Q3,1.0108874622350381,True,0.018194446350088902,0.4722711
2026-03-07 00:00:00+00:00,0,Asia   (00-08),LOW_VOL,Q1_bajo,0.424412319603808,True,0.0162759431813614,0.47199944
2026-03-07 01:00:00+00:00,1,Asia   (00-08),LOW_VOL,Q1_bajo,0.2416646894245905,True,0.0157282977430472,0.47199944
2026-03-08 00:00:00+00:00,0,Asia   (00-08),LOW_VOL,Q3,0.8195316308032915,True,0.0084348433508392,0.42919344
2026-03-08 01:00:00+00:00,1,Asia   (00-08),LOW_VOL,Q3,0.8057439904523369,True,0.008137726108233701,0.42919344
2026-03-09 00:00:00+00:00,0,Asia   (00-08),MIDLOW_VOL,Q4_alto,1.2740601084196777,False,-0.0086353801291137,0.48831505
2026-03-09 01:00:00+00:00,1,Asia   (00-08),MIDLOW_VOL,Q4_alto,1.1214101933441536,False,-0.0087260009325112,0.48831505
2026-03-10 00:00:00+00:00,0,Asia   (00-08),MIDLOW_VOL,Q3,0.9388615654011012,False,-0.0088353521567236,0.47436613
2026-03-10 01:00:00+00:00,1,Asia   (00-08),MIDLOW_VOL,Q2,0.6686620949307226,False,-0.0089132828315136,0.47436613
2026-03-11 00:00:00+00:00,0,Asia   (00-08),MIDHIGH_VOL,Q2,0.6224877398067348,True,0.0208428432037032,0.44000193
2026-03-11 01:00:00+00:00,1,Asia   (00-08),MIDHIGH_VOL,Q1_bajo,0.3711097341861985,True,0.0207376141638442,0.46849054
2026-03-12 00:00:00+00:00,0,Asia   (00-08),MIDHIGH_VOL,Q1_bajo,0.3433800148686907,True,0.0182652982065934,0.4722711
2026-03-12 01:00:00+00:00,1,Asia   (00-08),MIDHIGH_VOL,Q3,0.8161310867471847,True,0.018244107885787602,0.4722711
2026-03-13 00:00:00+00:00,0,Asia   (00-08),MIDHIGH_VOL,Q4_alto,3.0361081884414585,False,-0.009051740971011699,0.45249864
2026-03-13 01:00:00+00:00,1,Asia   (00-08),MIDHIGH_VOL,Q3,0.862276940852747,True,0.01850545819553,0.47056848
2026-03-14 03:00:00+00:00,3,Asia   (00-08),MIDLOW_VOL,Q1_bajo,0.3952590876347532,True,0.0167762251676805,0.4625324
2026-03-14 04:00:00+00:00,4,Asia   (00-08),MIDLOW_VOL,Q1_bajo,0.33950247843559955,True,0.0142780701851464,0.4663089
2026-03-15 00:00:00+00:00,0,Asia   (00-08),LOW_VOL,Q3,0.9284574770623334,False,-0.003888719362903,0.46746
2026-03-15 01:00:00+00:00,1,Asia   (00-08),LOW_VOL,Q3,0.7277849388314108,False,-0.0038566780532350003,0.46746
2026-03-16 00:00:00+00:00,0,Asia   (00-08),MIDLOW_VOL,Q4_alto,1.1240619810511416,False,-0.0067986244235754,0.49729854
2026-03-16 01:00:00+00:00,1,Asia   (00-08),MIDLOW_VOL,Q3,1.0271924513416597,False,-0.0070530410532016,0.49729854
2026-03-17 00:00:00+00:00,0,Asia   (00-08),MIDHIGH_VOL,Q4_alto,1.7819942678614593,True,0.0173050000256173,0.3475239
2026-03-17 01:00:00+00:00,1,Asia   (00-08),MIDHIGH_VOL,Q4_alto,1.6566844801445033,True,0.018327761570794,0.3475239
2026-03-18 00:00:00+00:00,0,Asia   (00-08),MIDLOW_VOL,Q3,0.8303840951645077,True,0.015509269546865101,0.4773583
2026-03-18 01:00:00+00:00,1,Asia   (00-08),MIDLOW_VOL,Q2,0.5167541247200433,True,0.0150903205888164,0.4773583
2026-03-19 00:00:00+00:00,0,Asia   (00-08),MIDHIGH_VOL,Q1_bajo,0.3716676066294573,True,0.0177697592970238,0.44711277
2026-03-19 01:00:00+00:00,1,Asia   (00-08),MIDLOW_VOL,Q1_bajo,0.2594200115092508,True,0.015580641926079702,0.46829325
2026-03-19 15:00:00+00:00,15,Europa (08-16),HIGH_VOL,Q4_alto,2.5140015820028934,False,-0.0088161701319724,0.45350456
2026-03-19 16:00:00+00:00,16,USA    (16-24),HIGH_VOL,Q3,1.0447176202332846,False,-0.0089084826437737,0.4571944
2026-03-20 01:00:00+00:00,1,Asia   (00-08),HIGH_VOL,Q1_bajo,0.42674738192697925,True,0.0179812240571032,0.48492718
2026-03-20 02:00:00+00:00,2,Asia   (00-08),MIDHIGH_VOL,Q1_bajo,0.41630256371935814,True,0.0171617442043163,0.4950979
2026-03-21 04:00:00+00:00,4,Asia   (00-08),LOW_VOL,Q1_bajo,0.3229536917929323,True,0.011572680283979401,0.48385447
2026-03-21 05:00:00+00:00,5,Asia   (00-08),LOW_VOL,Q1_bajo,0.2848496827871625,True,0.0108893285923092,0.46746
2026-03-22 00:00:00+00:00,0,Asia   (00-08),MIDLOW_VOL,Q4_alto,4.752806068058993,True,0.0100545002762622,0.41058168
2026-03-22 01:00:00+00:00,1,Asia   (00-08),MIDLOW_VOL,Q3,1.055394134559573,True,0.0105844639818173,0.409942
2026-03-23 00:00:00+00:00,0,Asia   (00-08),MIDHIGH_VOL,Q4_alto,1.6817671702066836,False,-0.0072806234457415,0.48831505
2026-03-23 01:00:00+00:00,1,Asia   (00-08),MIDHIGH_VOL,Q3,1.0762361851253492,True,0.0139640858949523,0.48831505
2026-03-24 01:00:00+00:00,1,Asia   (00-08),HIGH_VOL,Q1_bajo,0.3761651512521814,True,0.0186208486188463,0.4722711
2026-03-24 02:00:00+00:00,2,Asia   (00-08),MIDHIGH_VOL,Q1_bajo,0.2577490985699722,True,0.0168794949199857,0.4625324
2026-03-25 01:00:00+00:00,1,Asia   (00-08),MIDHIGH_VOL,Q2,0.5496621766453529,False,-0.0083593687140003,0.48242497
2026-03-25 02:00:00+00:00,2,Asia   (00-08),MIDHIGH_VOL,Q1_bajo,0.402428065934764,False,-0.0083411550151975,0.48242497
2026-03-26 00:00:00+00:00,0,Asia   (00-08),MIDHIGH_VOL,Q2,0.5116270501349786,True,0.014186262214334,0.49729854
2026-03-26 01:00:00+00:00,1,Asia   (00-08),MIDLOW_VOL,Q1_bajo,0.34696509667810455,True,0.0134939669638506,0.49729854
2026-03-27 00:00:00+00:00,0,Asia   (00-08),MIDHIGH_VOL,Q3,0.6929020643870816,True,0.0145645657497286,0.49203312
2026-03-27 01:00:00+00:00,1,Asia   (00-08),MIDHIGH_VOL,Q1_bajo,0.41155127389998036,True,0.014266303247178501,0.49203312
2026-03-28 00:00:00+00:00,0,Asia   (00-08),MIDLOW_VOL,Q1_bajo,0.34421699026773733,True,0.012879594292849501,0.46087235
2026-03-28 01:00:00+00:00,1,Asia   (00-08),MIDLOW_VOL,Q1_bajo,0.3943877652123576,False,-0.006635894312183,0.45979196
2026-03-29 02:00:00+00:00,2,Asia   (00-08),LOW_VOL,Q3,0.8937427789097612,True,0.0084220517958417,0.46746
2026-03-29 04:00:00+00:00,4,Asia   (00-08),LOW_VOL,Q2,0.5821301811997761,True,0.0073707560697028,0.46746
2026-03-30 00:00:00+00:00,0,Asia   (00-08),MIDHIGH_VOL,Q4_alto,3.025648073188197,False,-0.0073734730842611,0.4773583
2026-03-30 01:00:00+00:00,1,Asia   (00-08),MIDHIGH_VOL,Q4_alto,1.3039675280148162,False,-0.0073745138556681996,0.49729854
2026-03-31 00:00:00+00:00,0,Asia   (00-08),MIDHIGH_VOL,Q4_alto,1.1345763855508755,False,-0.007277316929228,0.4773583
2026-03-31 01:00:00+00:00,1,Asia   (00-08),HIGH_VOL,Q4_alto,2.693616316329067,True,0.0155871797580087,0.49729854
2026-04-01 00:00:00+00:00,0,Asia   (00-08),HIGH_VOL,Q2,0.5753831752662082,True,0.0184035279153835,0.47436613
2026-04-01 01:00:00+00:00,1,Asia   (00-08),HIGH_VOL,Q2,0.5705286198062535,False,-0.009085121149294599,0.48242497
2026-04-02 01:00:00+00:00,1,Asia   (00-08),HIGH_VOL,Q4_alto,3.6906812816567625,True,0.0156426373704731,0.44845062
2026-04-02 02:00:00+00:00,2,Asia   (00-08),HIGH_VOL,Q4_alto,1.4505881810372545,True,0.0161380634833219,0.44845062
2026-04-02 15:00:00+00:00,15,Europa (08-16),MIDLOW_VOL,Q3,1.0621148023510592,True,0.0122352076723495,0.47622606
2026-04-02 16:00:00+00:00,16,USA    (16-24),MIDLOW_VOL,Q3,0.9515359850597428,True,0.011761949348323,0.45671755
2026-04-03 00:00:00+00:00,0,Asia   (00-08),MIDLOW_VOL,Q1_bajo,0.409997949827314,True,0.011739606609938901,0.44627187
2026-04-03 01:00:00+00:00,1,Asia   (00-08),MIDLOW_VOL,Q2,0.6310619631465094,True,0.0118714103386364,0.4389246
2026-04-04 02:00:00+00:00,2,Asia   (00-08),LOW_VOL,Q1_bajo,0.3683862556698366,False,-0.0033382141964474,0.47070876
2026-04-04 03:00:00+00:00,3,Asia   (00-08),LOW_VOL,Q1_bajo,0.27919641770482834,False,-0.0032086669260086003,0.47070876
2026-04-05 01:00:00+00:00,1,Asia   (00-08),LOW_VOL,Q3,0.6851587245383304,True,0.004458421530036101,0.47070876
2026-04-05 02:00:00+00:00,2,Asia   (00-08),LOW_VOL,Q4_alto,1.241158675074773,True,0.0047209365926391,0.47070876
2026-04-06 00:00:00+00:00,0,Asia   (00-08),MIDLOW_VOL,Q4_alto,2.548937000715749,False,-0.006148162179462099,0.4969365
2026-04-06 01:00:00+00:00,1,Asia   (00-08),MIDHIGH_VOL,Q3,1.0912920766548184,True,0.011680693145700801,0.50713265
2026-04-07 00:00:00+00:00,0,Asia   (00-08),MIDHIGH_VOL,Q3,1.0178356526457073,True,0.012468532323962101,0.45287988
2026-04-07 02:00:00+00:00,2,Asia   (00-08),MIDHIGH_VOL,Q3,0.7205581614354579,True,0.0135191747621815,0.42458227
2026-04-08 02:00:00+00:00,2,Asia   (00-08),HIGH_VOL,Q2,0.5539490055971595,False,-0.0091570607438264,0.36478743
2026-04-08 03:00:00+00:00,3,Asia   (00-08),HIGH_VOL,Q1_bajo,0.24428182869060397,False,-0.0089827308280468,0.36478743
2026-04-09 02:00:00+00:00,2,Asia   (00-08),HIGH_VOL,Q2,0.5697325156145281,True,0.014827903016022,0.4663089
2026-04-09 03:00:00+00:00,3,Asia   (00-08),MIDHIGH_VOL,Q1_bajo,0.37425154513590453,True,0.012579562432911001,0.45287988
2026-04-10 00:00:00+00:00,0,Asia   (00-08),HIGH_VOL,Q3,0.8101557728438022,True,0.0168516958306629,0.48242497
2026-04-10 01:00:00+00:00,1,Asia   (00-08),HIGH_VOL,Q3,1.0137784681494897,True,0.0176360125815064,0.45249864
2026-04-11 01:00:00+00:00,1,Asia   (00-08),MIDHIGH_VOL,Q2,0.4582385438421849,True,0.012023671231545501,0.4837861
2026-04-11 02:00:00+00:00,2,Asia   (00-08),MIDLOW_VOL,Q2,0.4557188173780623,True,0.0114086659284333,0.46632797
2026-04-12 00:00:00+00:00,0,Asia   (00-08),MIDLOW_VOL,Q3,0.7594485908270814,True,0.0080647430445971,0.4597862
2026-04-12 01:00:00+00:00,1,Asia   (00-08),MIDHIGH_VOL,Q4_alto,5.557274657970412,True,0.0117282075951499,0.4276145
2026-04-13 00:00:00+00:00,0,Asia   (00-08),MIDLOW_VOL,Q4_alto,1.1454732151071367,True,0.009130983511076201,0.4322529
2026-04-13 01:00:00+00:00,1,Asia   (00-08),MIDLOW_VOL,Q3,0.8291857713857678,True,0.0092821853442139,0.4322529
2026-04-14 02:00:00+00:00,2,Asia   (00-08),HIGH_VOL,Q1_bajo,0.37189345410205044,False,-0.0086868169260209,0.3641902
2026-04-14 03:00:00+00:00,3,Asia   (00-08),HIGH_VOL,Q1_bajo,0.26858605308638617,False,-0.0081770549412742,0.37990123
2026-04-15 00:00:00+00:00,0,Asia   (00-08),HIGH_VOL,Q3,0.761537470576766,True,0.016161520475437,0.4625324
2026-04-15 01:00:00+00:00,1,Asia   (00-08),HIGH_VOL,Q2,0.450478635242252,True,0.016390967896928902,0.45451406
2026-04-16 00:00:00+00:00,0,Asia   (00-08),MIDHIGH_VOL,Q3,0.7315289809638437,True,0.0128006572360929,0.49729854
2026-04-16 01:00:00+00:00,1,Asia   (00-08),MIDHIGH_VOL,Q1_bajo,0.4254568391314083,True,0.0127453284154997,0.49729854
2026-04-16 15:00:00+00:00,15,Europa (08-16),MIDHIGH_VOL,Q4_alto,2.003314075343846,True,0.013046775599316201,0.4773583
2026-04-16 16:00:00+00:00,16,USA    (16-24),HIGH_VOL,Q4_alto,1.422242057858151,False,-0.007106615268827,0.4773583
2026-04-17 00:00:00+00:00,0,Asia   (00-08),HIGH_VOL,Q1_bajo,0.4286515538860461,False,-0.0080833689934835,0.48242497
2026-04-17 01:00:00+00:00,1,Asia   (00-08),HIGH_VOL,Q2,0.664815378931226,False,-0.008225714729348601,0.48242497
2026-04-18 00:00:00+00:00,0,Asia   (00-08),HIGH_VOL,Q1_bajo,0.2510799951958613,True,0.013985230663009201,0.36570463
2026-04-18 01:00:00+00:00,1,Asia   (00-08),MIDHIGH_VOL,Q1_bajo,0.21261265246342836,True,0.0136925099304686,0.38515463
2026-04-19 00:00:00+00:00,0,Asia   (00-08),LOW_VOL,Q2,0.5528931783581025,True,0.0074809166228899,0.42135316
2026-04-19 01:00:00+00:00,1,Asia   (00-08),LOW_VOL,Q2,0.5629075273584525,True,0.0073161512757592,0.42135316
2026-04-20 00:00:00+00:00,0,Asia   (00-08),MIDHIGH_VOL,Q4_alto,1.467047873831169,False,-0.0067801740080335,0.4772436
2026-04-20 01:00:00+00:00,1,Asia   (00-08),HIGH_VOL,Q3,0.8652831219696734,True,0.012902633383271401,0.48831505
2026-04-21 00:00:00+00:00,0,Asia   (00-08),MIDHIGH_VOL,Q2,0.49801888443031417,True,0.0133774396543626,0.49729854
2026-04-21 01:00:00+00:00,1,Asia   (00-08),MIDHIGH_VOL,Q1_bajo,0.4410742360441165,True,0.01359285930773,0.49729854
2026-04-22 00:00:00+00:00,0,Asia   (00-08),HIGH_VOL,Q3,0.7022801916064059,False,-0.007820078957165,0.47436613
2026-04-22 01:00:00+00:00,1,Asia   (00-08),HIGH_VOL,Q1_bajo,0.3911234616017535,False,-0.0077247210422141,0.49729854
2026-04-23 00:00:00+00:00,0,Asia   (00-08),MIDHIGH_VOL,Q4_alto,1.6064366253525868,True,0.012107290133769,0.4454838
2026-04-23 01:00:00+00:00,1,Asia   (00-08),MIDHIGH_VOL,Q2,0.5797561326480872,True,0.012337598257497001,0.4454838
2026-04-24 00:00:00+00:00,0,Asia   (00-08),MIDHIGH_VOL,Q1_bajo,0.41423239445449883,True,0.0119146847760331,0.4763247
2026-04-24 01:00:00+00:00,1,Asia   (00-08),MIDHIGH_VOL,Q3,0.8107872642863732,True,0.0121172484406823,0.4763247
2026-04-25 03:00:00+00:00,3,Asia   (00-08),LOW_VOL,Q1_bajo,0.31441499033258535,True,0.0068231430448488,0.4343614
2026-04-25 04:00:00+00:00,4,Asia   (00-08),LOW_VOL,Q1_bajo,0.21057119206656516,True,0.0062513425398646,0.4343614
2026-04-26 00:00:00+00:00,0,Asia   (00-08),LOW_VOL,Q3,1.0560951234211482,True,0.003859370883682,0.45563745
2026-04-26 01:00:00+00:00,1,Asia   (00-08),LOW_VOL,Q3,0.68314246727549,False,-0.0031887002146804002,0.45563745
2026-04-27 00:00:00+00:00,0,Asia   (00-08),MIDHIGH_VOL,Q4_alto,2.589761488022271,True,0.0109253486778941,0.46285746
2026-04-27 01:00:00+00:00,1,Asia   (00-08),MIDHIGH_VOL,Q4_alto,2.575925980837356,True,0.0120640583821915,0.4763247
2026-04-28 00:00:00+00:00,0,Asia   (00-08),MIDLOW_VOL,Q2,0.6655008483200365,True,0.0090533637095652,0.4343614
2026-04-28 01:00:00+00:00,1,Asia   (00-08),MIDLOW_VOL,Q2,0.5727783089358514,True,0.009487697188958701,0.41677123
2026-04-29 00:00:00+00:00,0,Asia   (00-08),LOW_VOL,Q2,0.6427761107881941,True,0.0069489447993569,0.4322529
2026-04-29 01:00:00+00:00,1,Asia   (00-08),LOW_VOL,Q3,0.928640850812611,False,-0.004434677438472,0.4322529
2026-04-30 00:00:00+00:00,0,Asia   (00-08),HIGH_VOL,Q3,0.8102979452531046,True,0.013040888109477,0.4773583
2026-04-30 01:00:00+00:00,1,Asia   (00-08),HIGH_VOL,Q2,0.5716034019786134,True,0.0132297265641624,0.49729854
