open_time,er_6,er_12,er_24,er_48,future_er_12,win,ret
2022-06-30 15:00:00+00:00,0.04061117812625578,0.5612310951568287,0.3936360677083319,0.3384023493523347,0.21326256089580406,True,0.02556980165678
2022-06-30 16:00:00+00:00,0.055754899254763846,0.5326904985889004,0.3635423988092772,0.36379874272193735,0.0884540117416833,True,0.0265110818188268
2022-07-01 00:00:00+00:00,0.6868124017716845,0.33397347965249363,0.030758795599988068,0.06971605775753492,0.47162262746557804,True,0.0381205855700126
2022-07-01 01:00:00+00:00,0.7930874507074943,0.6472659953944107,0.07506221734592854,0.010287387882115532,0.44295944898052275,True,0.0383155392093393
2022-07-02 00:00:00+00:00,0.6311881188118748,0.0038172638837563337,0.34335010298139657,0.11250372134563864,0.2371339209553566,True,0.0243586458948172
2022-07-02 01:00:00+00:00,0.7026937146657734,0.362133333333334,0.4223566597559734,0.12343791349348747,0.05064330687106441,True,0.0234483034501827
2022-07-03 00:00:00+00:00,0.279643868878991,0.1945757139921871,0.060583144273592134,0.24629847238542885,0.2558481683095457,True,0.0132288892651439
2022-07-03 01:00:00+00:00,0.12915851272014664,0.04831269725661052,0.014967177242890253,0.2839147989652084,0.2958373938465776,True,0.01304877412282
2022-07-04 00:00:00+00:00,0.16863587540279232,0.2741242937853118,0.043906180098421434,0.049700924415443624,0.4096607669616518,True,0.0159836628704974
2022-07-04 01:00:00+00:00,0.8763915547024768,0.339669716050849,0.04705128205128252,0.012653638374243568,0.2521084090722967,True,0.0164071573544433
2022-07-05 00:00:00+00:00,0.514907872696816,0.40957116221255047,0.4096121416526118,0.24811916942521609,0.672650475184793,True,0.0255140985936517
2022-07-05 02:00:00+00:00,0.7362950306136993,0.5379820802493179,0.5036166365280285,0.2521967723876041,0.5147101240265353,True,0.0234829363662637
2022-07-06 00:00:00+00:00,0.08242694273358786,0.5348435527801744,0.07088230425426204,0.16486486486486462,0.11329847226494451,True,0.0285353379301005
2022-07-06 09:00:00+00:00,0.6990990990991024,0.15792046936114654,0.1481111190459183,0.13820173282015655,0.19636599610642042,True,0.0269557114062574
2022-07-07 02:00:00+00:00,0.3708889612504123,0.4017834394904435,0.4417432754511397,0.07079925142460629,0.4368555565347697,True,0.0175569546017593
2022-07-07 06:00:00+00:00,0.6511295396053749,0.10256073539067424,0.1438099775403241,0.017020478740026365,0.5885434858540005,False,-0.0077351973339834
2022-07-08 00:00:00+00:00,0.37257064093728814,0.5752366235271396,0.3852406870714646,0.29053360697793745,0.18633813661863324,False,-0.0110305791840137
2022-07-08 01:00:00+00:00,0.2386394557823166,0.572428543651565,0.41498658226106117,0.41913439635535366,0.5781343631400226,True,0.0285074181409788
2022-07-09 02:00:00+00:00,0.7025060630557841,0.21721911321567172,0.16022099447513863,0.17045774537717845,0.0051882106192704235,True,0.0270518263927319
2022-07-09 03:00:00+00:00,0.276117618933777,0.3504632725188611,0.18301829164828418,0.17263223591824037,0.07250755287009139,True,0.0262323217269356
2022-07-10 00:00:00+00:00,0.492492492492491,0.08128052088985499,0.022408512010317908,0.024085010274542906,0.14367816091953944,True,0.0176083938750868
2022-07-10 01:00:00+00:00,0.5934568198219863,0.17191238726302505,0.06671244972039612,0.14760602442124737,0.5208529319535914,True,0.0154517075123872
2022-07-11 00:00:00+00:00,0.03823814133591289,0.4431031070651077,0.3505126452494858,0.19350917366352807,0.29337539432176124,True,0.0191263505064592
2022-07-11 02:00:00+00:00,0.7349974354590522,0.35591668574044244,0.46523800726645664,0.27737441393168133,0.22604625550660087,True,0.0209584476778308
2022-07-12 00:00:00+00:00,0.9999999999999983,0.5480146930208142,0.44627665161222313,0.41332787029178314,0.057410957521946804,True,0.0209775487843318
2022-07-12 01:00:00+00:00,0.9999999999999986,0.520949202817944,0.4123941150245185,0.45455576988539537,0.10529482551143221,True,0.0208324613273362
2022-07-13 00:00:00+00:00,0.6744186046511551,0.5267220322423039,0.23935272510671957,0.3641101278269405,0.20399010207237778,False,-0.009851239990465
2022-07-13 01:00:00+00:00,0.09649626651350378,0.3490036757593337,0.22934515017232884,0.2889606230625357,0.09478273098017094,False,-0.009403036483118
2022-07-14 00:00:00+00:00,0.4148613518197582,0.5549659226887245,0.24971231300345156,0.07794598249502276,0.6727225872954438,True,0.0376088046586896
2022-07-14 01:00:00+00:00,0.8071481757259836,0.542101600556714,0.26681457617846327,0.07744348185593723,0.668796453253351,True,0.0383051147028411
2022-07-14 15:00:00+00:00,0.27061387577188134,0.39137645107793684,0.18397055132602763,0.0015723270440251547,0.1196595011044678,True,0.0210172218168155
2022-07-14 16:00:00+00:00,0.8296883542919633,0.2525841947315758,0.2800147628713783,0.08736503602033642,0.18375484164958017,False,-0.0107586286539767
2022-07-15 00:00:00+00:00,0.23090277777778262,0.4433193924719345,0.10932017121042671,0.19739615201577218,0.4290725718044327,False,-0.012046957893837
2022-07-15 02:00:00+00:00,0.07172187243361824,0.3516357375167392,0.12462538303532272,0.18029046976415344,0.3470700747696034,False,-0.0126074228043828
2022-07-16 00:00:00+00:00,0.38583569405099627,0.13880298344551698,0.1760748875471088,0.10055227575699865,0.016045099739804145,True,0.0200074674492524
2022-07-16 01:00:00+00:00,0.8777084098420866,0.15441636152540641,0.024615643115182006,0.07652471964531857,0.2069206571128905,True,0.0195083325860306
2022-07-17 00:00:00+00:00,0.31078610603290857,0.35518423307626623,0.27116458960034295,0.17768290229563935,0.08655687476062932,True,0.0194094164233699
2022-07-17 01:00:00+00:00,0.3065449010654537,0.33612704014115763,0.29786793624508273,0.15307226558003587,0.035526092129865,False,-0.0100288453797087
2022-07-18 00:00:00+00:00,0.38170487424883437,0.5116238112011274,0.22504587155963227,0.027925949168497173,0.7836363636363636,False,-0.009313772907147
2022-07-18 01:00:00+00:00,0.494823019503977,0.3298135250505495,0.16227985291271424,0.02564474766536022,0.6223603816057458,False,-0.0092137777680887
2022-07-19 00:00:00+00:00,0.4637238788447973,0.050854685667579475,0.34341040585836574,0.1654199770512282,0.1224254644966147,True,0.0379608624164056
2022-07-19 01:00:00+00:00,0.6303722430476857,0.07531182952107413,0.2964447429425659,0.17363640352801818,0.20828998959750256,True,0.0383969245937278
2022-07-20 00:00:00+00:00,0.020028612303290387,0.5996455297361172,0.30645066962980255,0.31386986092286634,0.4498790489114396,False,-0.0160783888381693
2022-07-20 04:00:00+00:00,0.06001174398121187,0.11986082922586268,0.42504603039379985,0.2564911023528002,0.13658379076525587,False,-0.0149312448071941
2022-07-21 00:00:00+00:00,0.43320035821867625,0.22419040187280528,0.04412973531553152,0.1100373599003734,0.24299919376511694,True,0.033911547318421
2022-07-21 01:00:00+00:00,0.3529462964574826,0.2051231988753969,0.0015256656331514194,0.15340455657098723,0.2724455005682404,True,0.0341754206600672
2022-07-22 00:00:00+00:00,0.2952966328166746,0.2060495925904212,0.028207716464782043,0.01413116884771743,0.2640360390422963,True,0.0244489779775236
2022-07-22 01:00:00+00:00,0.1146550276985044,0.3234359655710224,0.00886307234994138,0.0012908222537756575,0.29792701730341303,True,0.0232315578102012
2022-07-23 00:00:00+00:00,0.535859693078614,0.553565953271606,0.2071817346433887,0.08752264840463132,0.4764211566979777,True,0.022529694541624002
2022-07-23 01:00:00+00:00,0.6312056737588629,0.4366232781498821,0.12479999999999956,0.07173803985953378,0.4260886172650859,True,0.021852866099811002
2022-07-24 00:00:00+00:00,0.6658291457286455,0.15130976369298368,0.15057290923786465,0.16374513909661995,0.04287476866132185,True,0.0188019139981075
2022-07-24 02:00:00+00:00,0.1969357249626342,0.25811264453562316,0.17795860604988392,0.11283386833020399,0.21261184490839394,True,0.017192842832083
2022-07-25 00:00:00+00:00,0.3866822429906557,0.09012332665753085,0.013315519928745382,0.04187175510754562,0.4029237094563738,True,0.0203059063939627
2022-07-25 01:00:00+00:00,0.6442486871082485,0.21577644145737457,0.04374868669888715,0.09832707408671873,0.3715590816203902,True,0.0198018546189793
2022-07-26 01:00:00+00:00,0.6137893146545792,0.5244666048237456,0.4747134978683459,0.2837120912186238,0.27106960195685575,True,0.0252649232271716
2022-07-26 02:00:00+00:00,0.8750498683475629,0.45387453874538625,0.3702599420484612,0.27447820447309407,0.2617117117117063,True,0.024659191620422502
2022-07-27 03:00:00+00:00,0.5746737554374072,0.582253107042625,0.032545495733593555,0.18524931684748722,0.5942067149440452,False,-0.0083739512273855
2022-07-27 04:00:00+00:00,0.10441880101323431,0.208912815911464,0.03595600676818908,0.21570805236017362,0.5755990085375945,False,-0.0080171062706788
2022-07-28 00:00:00+00:00,0.6692567567567507,0.8865956253505302,0.6850072551864761,0.4926681783824612,0.16797530367089455,False,-0.0123142956232051
2022-07-28 01:00:00+00:00,0.0282084812254851,0.7162715517241384,0.6087917025498943,0.4231291174220914,0.04685714285714162,False,-0.0118742944499216
2022-07-28 17:00:00+00:00,0.554055194531183,0.3151626473899402,0.5017620836931412,0.4921390974199676,0.010221148485411653,True,0.0261255834725743
2022-07-28 18:00:00+00:00,0.7195030684029312,0.4859776753484753,0.40377042312526173,0.5149709568430338,0.14747387697942235,False,-0.0125661929052233
2022-07-29 00:00:00+00:00,0.07504078303425644,0.3999405292893257,0.3014053992417121,0.42472668810289443,0.3274368231046933,True,0.029723153414955
2022-07-29 01:00:00+00:00,0.16535734815098574,0.5531562349671304,0.31493745401030226,0.43795726069688634,0.12018465456860919,True,0.0295419944283018
2022-07-30 00:00:00+00:00,0.3189438390611906,0.18511587735713017,0.04228397533434862,0.1641139303318004,0.4505948284337834,True,0.0247513803639752
2022-07-30 01:00:00+00:00,0.04189373297002438,0.16300731869594082,0.026637537848300186,0.1863561271095851,0.514829570606466,True,0.0237337221870693
2022-07-31 02:00:00+00:00,0.5305524239007907,0.44856673100293243,0.04449576597382569,0.011473117661706141,0.08848161184610011,True,0.0196495507183701
2022-07-31 04:00:00+00:00,0.13906405575838673,0.6515938881563645,0.0009161004656849626,0.053292639981218866,0.042779362198600214,True,0.0171543859164554
2022-08-01 00:00:00+00:00,0.7138796778777862,0.6022633502298704,0.2698316211780449,0.1449396471680602,0.24347110836932062,True,0.0183963226019847
2022-08-01 01:00:00+00:00,0.7548908649959487,0.40590450735025607,0.20582364682399792,0.1240635848711855,0.16884121001256328,True,0.018357583369646
2022-08-02 00:00:00+00:00,0.6047904191616761,0.09906714979569814,0.04771555712208779,0.11938054427905595,0.5230946882217083,True,0.0202000671775861
2022-08-02 01:00:00+00:00,0.39402082633523755,0.042164883574574125,0.09900689535539212,0.13255331753554486,0.26806779661016517,True,0.0201786066028144
2022-08-03 00:00:00+00:00,0.006776379477245976,0.17168508287292705,0.08833189282627545,0.08383028014929911,0.48395036406522024,False,-0.0105433941252967
2022-08-03 01:00:00+00:00,0.3278759155536357,0.0041235805366998755,0.0882530901547227,0.1297697231690077,0.5179614905642264,False,-0.010588826133453
2022-08-04 00:00:00+00:00,0.9999999999999984,0.46610517666392887,0.009288243444346776,0.08485991379310354,0.1583196292420425,True,0.0180760827689057
2022-08-04 01:00:00+00:00,0.5490969979667489,0.3127931573622732,0.09412537537537478,0.0005392046731074946,0.17163163465900586,True,0.018194328702988802
2022-08-05 00:00:00+00:00,0.2680588839438652,0.27334127930075286,0.2274273437966227,0.045765690157098415,0.26369632521200775,False,-0.0085900184352577
2022-08-05 01:00:00+00:00,0.8543046357616045,0.44662604378244386,0.3291114701130873,0.04445084736883498,0.13270968764864605,False,-0.0088994653114395
2022-08-06 02:00:00+00:00,0.5964997569275607,0.04922454484153605,0.07997701047791614,0.02144803886716446,0.11781609195402018,True,0.015356950454468301
2022-08-06 05:00:00+00:00,0.38256087981145565,0.4934057408844101,0.007417277370642126,0.020819778789850956,0.2275025278058604,True,0.0122856906287695
2022-08-07 02:00:00+00:00,0.8160637645616164,0.6514522821576749,0.4277108433734897,0.042917358538766597,0.2707375793390117,True,0.008797246639564
2022-08-07 03:00:00+00:00,0.4594727765459445,0.37887970615242883,0.2151806349592453,0.05613762773250498,0.05910251732943685,True,0.008813807217426
2022-08-08 00:00:00+00:00,0.11961434166918007,0.08607157110549499,0.23490687219010675,0.040071405082913805,0.7488106565176009,False,-0.0057359509811571
2022-08-08 01:00:00+00:00,0.26651982378854294,0.13747645951035764,0.26967583722890553,0.0168306815046454,0.816216216216213,False,-0.0057629304673156995
2022-08-09 00:00:00+00:00,0.26714801444043174,0.4443498012492932,0.2970706799247522,0.29128526645768005,0.6171759627399755,True,0.014013812084673
2022-08-09 01:00:00+00:00,0.3406924234821893,0.5253164556961998,0.30995548800347444,0.27710314098340094,0.6625613297286468,True,0.0138810109082325
2022-08-10 00:00:00+00:00,0.560400707130237,0.24506903353056908,0.49980558363792005,0.03519681808137889,0.8293604451466675,False,-0.0074672519516123
2022-08-10 01:00:00+00:00,0.5261324041811803,0.4966299523261552,0.5997510889856882,0.1284610339616187,0.821269247373726,False,-0.0073001051871506
2022-08-11 00:00:00+00:00,0.6063046085317769,0.026415811478524433,0.47027630477253707,0.03786426380368101,0.5176688606300729,False,-0.0112942120915916
2022-08-11 02:00:00+00:00,0.7034456058846261,0.29102815094848944,0.5349993000139995,0.1399836792307186,0.2245927965129632,False,-0.010088627141502599
2022-08-11 15:00:00+00:00,0.17027436922652775,0.18944844124700336,0.19245257406590535,0.2953193177310599,0.39884665175944456,True,0.0204199938716642
2022-08-11 16:00:00+00:00,0.15109521680822607,0.13774061218050077,0.12376870922348741,0.24254185692541888,0.4441179671346182,True,0.0198899033761109
2022-08-12 00:00:00+00:00,0.5040467625899293,0.7986324786324787,0.045449559398881005,0.21629612994984687,0.2326947637292482,True,0.020880844797052902
2022-08-12 01:00:00+00:00,0.6494082840236729,0.7163000564015816,0.20073912313119513,0.2049437093007807,0.10019392372333535,True,0.0205975945337705
2022-08-13 00:00:00+00:00,0.5536359983929297,0.709670027497707,0.2640415509119463,0.07821330078213319,0.03381924198251009,False,-0.0072420787628124
2022-08-13 01:00:00+00:00,0.5796443435490006,0.7203399183313083,0.34246249106930204,0.00973797323878731,0.09919404835709818,True,0.0134949184996272
2022-08-14 00:00:00+00:00,0.045951859956238766,0.007405022537022792,0.02387589383105169,0.14133868729516694,0.02116012211811611,False,-0.0061532361516035
2022-08-14 01:00:00+00:00,0.32936979785968984,0.07412339103417502,0.027924803796314117,0.1784286050341094,0.11861137897782138,False,-0.0061711683629245
2022-08-15 00:00:00+00:00,0.1118143459915461,0.34609494640122845,0.12845467589993267,0.0524352456303972,0.22755551059632875,False,-0.0059459910668521
2022-08-15 01:00:00+00:00,0.4030485643388849,0.1095314086754684,0.11475409836065648,0.04742514970059933,0.25322730558711226,False,-0.0062991452128964
2022-08-16 00:00:00+00:00,0.008144796380092757,0.16907216494845662,0.10606645380863819,0.09123702269927857,0.25976509150505256,True,0.0162027460496507
2022-08-16 01:00:00+00:00,0.5790335790335832,0.04119420123439207,0.1971290775832619,0.10221945746595351,0.279159462694511,True,0.015209670935208402
2022-08-17 00:00:00+00:00,0.07129931234166018,0.09642600143919534,0.17279693486590017,0.12251096861289272,0.2442348780667508,False,-0.0072401182160896
2022-08-17 01:00:00+00:00,0.2266425557564818,0.11006091157319794,0.061674784343643235,0.14660660522626548,0.3336797661578445,False,-0.007203965152979499
2022-08-18 04:00:00+00:00,0.508313539192383,0.024790727623950053,0.2887294799282669,0.13620258441017127,0.06673006815659834,True,0.0114761338280872
2022-08-18 05:00:00+00:00,0.16460339293902582,0.14776191240172945,0.3671658607577103,0.1461241308266813,0.17344690850344668,True,0.0112564683456138
2022-08-19 00:00:00+00:00,0.3843248347497687,0.5272365239652952,0.22194513715710795,0.2332689925383884,0.8158398607484791,True,0.012253677731196901
2022-08-19 01:00:00+00:00,0.7622965807277373,0.6088031069789333,0.38139204545454325,0.27446704105555897,0.810846245530396,True,0.013480544322936801
2022-08-20 06:00:00+00:00,0.3786949247071969,0.2354948805460746,0.3723697991050187,0.4868340744615921,0.3570184604667375,True,0.0212076748130626
2022-08-20 07:00:00+00:00,0.5855654761904793,0.016184486373168147,0.2601957943720106,0.44555588522019346,0.4591268678581888,True,0.0207795700821852
2022-08-21 00:00:00+00:00,0.05423785038978403,0.09856946893984184,0.08545168983770507,0.3839310536558257,0.35193478011252627,False,-0.0080621128581895
2022-08-21 01:00:00+00:00,0.33604021655065486,0.15778603882693046,0.09768135904499631,0.3521039740506203,0.15963431786216647,True,0.0161032642784872
2022-08-22 00:00:00+00:00,0.17476635514017294,0.10818858560793461,0.27482533950859245,0.17370145992650626,0.31376335779580006,True,0.0147378662407863
2022-08-22 01:00:00+00:00,0.23213564796123842,0.14219948849104186,0.1541552805015254,0.1480231123807051,0.16012432370207957,True,0.0140067713019427
2022-08-23 00:00:00+00:00,0.8743042671614139,0.1569439840901565,0.027375850768842424,0.06969322937050264,0.0426183600245034,True,0.017282374750662
2022-08-23 01:00:00+00:00,0.5010224948875245,0.003157719793919647,0.06896385309589328,0.012821284536206064,0.16091425065194045,True,0.0171335770565656
2022-08-24 00:00:00+00:00,0.1045421773612072,0.3238408178167175,0.13374741200828077,0.02040383135662943,0.12626069194433523,True,0.0145562091533844
2022-08-24 02:00:00+00:00,0.6374781085814276,0.343004835751205,0.0424799081515501,0.05283414975507329,0.39442467378410717,False,-0.0079748479522346
2022-08-25 00:00:00+00:00,0.829844337090707,0.14617169373549616,0.012982149544376074,0.018281322775967206,0.2673507966513639,False,-0.0074509233441361
2022-08-25 15:00:00+00:00,0.1631116687578436,0.27687003447759234,0.02609719406109071,0.06138166849251458,0.02102017937219732,True,0.01082459923525
2022-08-25 17:00:00+00:00,0.8110599078341016,0.14964010607400016,0.12368892299821081,0.009599595806492828,0.26821246505508745,True,0.0115905659139568
2022-08-26 00:00:00+00:00,0.09447599380484827,0.1801203889489133,0.05855239467050733,0.05562717545442798,0.1407085258675356,True,0.0115672088522153
2022-08-26 02:00:00+00:00,0.35611362700699517,0.13370473537604438,0.021061382846058997,0.11726787342101903,0.2588696007949022,True,0.0106803874675246
2022-08-27 00:00:00+00:00,0.9768140832975444,0.8029754724567713,0.4368276734866047,0.2873019187489846,0.22182539682539654,True,0.030331870828584503
2022-08-27 01:00:00+00:00,0.709664039817502,0.863342238052832,0.44373013069586675,0.29077585204141004,0.20895522388059548,True,0.0281363129751888
2022-08-28 01:00:00+00:00,0.07300314915545295,0.27039662192731273,0.24411079471913097,0.390151043869908,0.22504047490555515,True,0.0135050634592237
2022-08-28 02:00:00+00:00,0.0321708569883688,0.07447898872566062,0.16345723242274954,0.39337556741657065,0.22462203023758365,True,0.014372268171993
2022-08-29 00:00:00+00:00,0.9459459459459382,0.543728509493194,0.4124465558194757,0.3329167038657257,0.3527028914652872,False,-0.0072641565758707
2022-08-29 01:00:00+00:00,0.6350783339701946,0.4039428959891235,0.3440014465238226,0.2765475152571932,0.47304980668637575,False,-0.0072420658991709
2022-08-30 00:00:00+00:00,0.43355288647811563,0.47583868233014276,0.41865594187856686,0.10979937983337724,0.11790911790912091,True,0.0149844082721249
2022-08-30 01:00:00+00:00,0.733021077283369,0.26895522388059623,0.38479411385052176,0.08833420521635191,0.17680162576208092,False,-0.0079595033805315
2022-08-31 00:00:00+00:00,0.0925833748133335,0.4074593163591095,0.22674567094039105,0.04903906117126826,0.39473684210526333,False,-0.0101678481919083
2022-08-31 02:00:00+00:00,0.4202575926220381,0.3387578877449366,0.01891315929674959,0.12434746293589437,0.3252124645892326,True,0.0227917855702098
2022-09-01 01:00:00+00:00,0.44202698980996136,0.2386101932512237,0.10698254364089631,0.02412951304124319,0.27419644460406006,True,0.0192087719584794
2022-09-01 02:00:00+00:00,0.17854406130267428,0.022914970338490777,0.13406144216644097,0.0177481549579918,0.5131293664177319,True,0.0185777937208009
2022-09-02 02:00:00+00:00,0.1162790697674444,0.45288522511097445,0.04256502131339844,0.0890964950780603,0.5298651252408506,False,-0.0082204326237086
2022-09-02 03:00:00+00:00,0.30999999999998895,0.3464544946957023,0.004602320606727526,0.1173063458723181,0.39087884126052297,True,0.0170376855910369
2022-09-03 00:00:00+00:00,0.10209790209789121,0.34768907563025175,0.08253588516746459,0.036707101339398814,0.31112507856693644,True,0.0185573862426452
2022-09-03 02:00:00+00:00,0.07345360824743297,0.4354873107272337,0.050237088299372984,0.051818494542953064,0.26552462526766124,True,0.0163932018251173
2022-09-04 00:00:00+00:00,0.49208359721343453,0.06277777777777356,0.2043473068195363,0.10217727443687566,0.1339435830375426,True,0.007263940567664301
2022-09-04 01:00:00+00:00,0.6406685236768823,0.14655400052812326,0.1844779042722446,0.10330147335030668,0.10034089224840266,True,0.007107639169395101
2022-09-05 00:00:00+00:00,0.5260075783672084,0.181048097631016,0.16057801591167337,0.0004296147787490831,0.36825826406340334,True,0.012290277355165
2022-09-05 02:00:00+00:00,0.15717884130982693,0.13871066300030374,0.03637034304684572,0.04536758677234304,0.013609145345672303,True,0.0115866650059361
2022-09-06 00:00:00+00:00,0.40712661106900083,0.1811023622047274,0.13525548257820377,0.004511820970943883,0.29521805214544466,True,0.0114017381511667
2022-09-06 03:00:00+00:00,0.08443485298085013,0.04532760472609815,0.045026606631191485,0.014025097542972206,0.05039608966795517,True,0.0146982936760713
2022-09-07 00:00:00+00:00,0.3415688696726366,0.71324717285945,0.5605109146054924,0.31706079652752417,0.08970693352394762,True,0.0242602449326567
2022-09-07 07:00:00+00:00,0.01649999999999662,0.032861597505398854,0.4952698201199232,0.2613648811479914,0.35101289134437974,False,-0.0085942245924258
2022-09-08 00:00:00+00:00,0.3975088967971549,0.5652745807300237,0.3162578979550252,0.20935423588039848,0.1773161145423919,True,0.016226514630439
2022-09-08 01:00:00+00:00,0.6404586404586432,0.5396401625072559,0.3589368955680809,0.13260247585054208,0.0499704666272877,True,0.0169574194394439
2022-09-08 15:00:00+00:00,0.2815743944636701,0.11369657873516918,0.2426972426972416,0.12782796793485143,0.6777084957131693,True,0.015116857089398101
2022-09-08 16:00:00+00:00,0.1357003891050584,0.1270098466907613,0.18125571636089766,0.12671677920754204,0.8496120658400392,False,-0.0080447958263221
2022-09-09 00:00:00+00:00,0.44150364403528725,0.2990800208297179,0.009818628119458467,0.1655579690469724,0.7719740634005728,False,-0.0074282965769757
2022-09-09 01:00:00+00:00,0.08886107634543619,0.2585383767903104,0.13162245704838027,0.19552618200305077,0.7401609622357809,False,-0.007238366290888899
2022-09-10 02:00:00+00:00,0.017993079584764954,0.2572281797203753,0.6257626224318167,0.4608520179372192,0.07150480256136456,True,0.0174632622872626
2022-09-10 03:00:00+00:00,0.20670826833073122,0.06205005142269592,0.5448967315019042,0.46810611841809924,0.09395973154362403,True,0.0169334549833458
2022-09-11 00:00:00+00:00,0.2765089722675361,0.23711050151227214,0.18475268204689965,0.4393566261351378,0.09489666807254271,True,0.0170381544844637
2022-09-11 01:00:00+00:00,0.04134587966923282,0.2695250469178582,0.11889977461938236,0.42071480116981214,0.0951333516634591,True,0.017284189335134
2022-09-12 00:00:00+00:00,0.5260574018126865,0.22868217054263323,0.1706603255899014,0.1482136356544798,0.43610721045240847,False,-0.0080890004226542
2022-09-12 01:00:00+00:00,0.03312278539516256,0.09656961660420889,0.017702618630167536,0.08747033104309752,0.27315652789800826,True,0.0203836712467302
2022-09-13 00:00:00+00:00,0.021382396817499774,0.049606397600900555,0.3092445246493317,0.19819059672807357,0.45072229349099086,False,-0.0086479001473907
2022-09-13 01:00:00+00:00,0.5872304676561155,0.18893716223375961,0.07622832369942167,0.13781627535901492,0.5271145285309581,True,0.0159901799410199
2022-09-14 02:00:00+00:00,0.16353187042841977,0.5827184784390924,0.5815556479885922,0.2748255803078772,0.20905349794238853,True,0.0260109509361148
2022-09-14 03:00:00+00:00,0.7550335570469833,0.3288352871721364,0.5138375060942388,0.22591559769473904,0.2038111019055535,True,0.0248274107476911
2022-09-15 00:00:00+00:00,0.7615267691268397,0.0739589807333741,0.012787231996922686,0.36898951470724695,0.05600539811066247,True,0.0218629503900899
2022-09-15 01:00:00+00:00,0.436137706253825,0.12426532325776649,0.06904971188592529,0.38316793401211496,0.13296644771879598,True,0.021366485672387102
2022-09-16 00:00:00+00:00,0.24867292772560573,0.45908011228676304,0.3017774851876242,0.13624215980365492,0.1458966565349558,True,0.0193950334426419
2022-09-16 01:00:00+00:00,0.010035610229843056,0.3294946887719648,0.2590092958105173,0.140284619594964,0.2644941761549578,True,0.0193411380530794
2022-09-17 00:00:00+00:00,0.8154362416107355,0.11921458625525914,0.009148842198245974,0.1117796371157285,0.18551273952411823,True,0.0179625484813766
2022-09-17 01:00:00+00:00,0.8578076525336066,0.4600835715856612,0.12925007469375538,0.0748629078680276,0.2183510062756951,True,0.0179096958427604
2022-09-18 00:00:00+00:00,0.15339663988312416,0.41940844134263844,0.15259589486393624,0.11543394613082558,0.004585537918868736,True,0.0104837603169834
2022-09-18 01:00:00+00:00,0.07930029154519055,0.12222705524140794,0.014412224344503033,0.0877631853241607,0.05664981697751528,True,0.0106241190874043
2022-09-19 00:00:00+00:00,0.5684396269221101,0.7534571315685514,0.42939003242102436,0.21066772026867023,0.36483416628805243,True,0.014964621023482599
2022-09-19 01:00:00+00:00,0.7497187851518529,0.6472090943926446,0.3974642488574416,0.21469911995560206,0.1676884594634352,True,0.015221611499243701
2022-09-20 00:00:00+00:00,0.7425394967817408,0.4040290990486847,0.022436439483623265,0.0905542227463105,0.5967178240388981,True,0.025884417947518102
2022-09-20 01:00:00+00:00,0.02978235967927176,0.2730150356106577,0.02027958259499967,0.0971542320895373,0.6720217498764188,True,0.0257191683334654
2022-09-21 01:00:00+00:00,0.17571511967308862,0.009751773049645905,0.24533012761235326,0.08883653246483254,0.4672669749330756,False,-0.0106614595345543
2022-09-21 02:00:00+00:00,0.2277823352474752,0.14541816726690682,0.26399418894992444,0.0242847961985622,0.33808127356514617,True,0.0223108303927568
2022-09-22 00:00:00+00:00,0.9716732542819538,0.35652804204041033,0.15678870464619965,0.20187739900429474,0.6998968717772446,False,-0.0198429834619196
2022-09-22 15:00:00+00:00,0.6538295110341834,0.17854149203688222,0.08572836262112028,0.06315696180093937,0.4110071435758114,True,0.0218688444121555
2022-09-22 16:00:00+00:00,0.30651769087522945,0.24142083082480462,0.06769669726252323,0.02043725388878013,0.38868003341687496,False,-0.0104538626574002
2022-09-23 01:00:00+00:00,0.00893051622740613,0.44329447652249165,0.35404387325503933,0.07715171641927972,0.6876194115399304,True,0.0209347311557214
2022-09-23 02:00:00+00:00,0.23955746218107463,0.5077577045696036,0.29615143174465086,0.06396203591699963,0.6068008598788338,True,0.0206515281255092
2022-09-24 00:00:00+00:00,0.8798225567952652,0.30665833072835386,0.009183866691913383,0.20104171303922008,0.014789533560863068,True,0.0228019825615202
2022-09-24 01:00:00+00:00,0.4757635191930466,0.44013781223083515,0.09457378385723311,0.1412231507547709,0.0026090197540026257,True,0.0227753548422786
2022-09-25 00:00:00+00:00,0.5760598503740649,0.42660134276900513,0.21075567918405036,0.11673116731167255,0.26721071353839526,False,-0.006110726063527
2022-09-25 01:00:00+00:00,0.3746344057431577,0.28226387887527415,0.14476818764889102,0.11871130612490224,0.0694129095037286,True,0.010945267216966901
2022-09-26 00:00:00+00:00,0.4918228958914975,0.4571568467439194,0.13973959288464827,0.15319880553795934,0.20911949685534556,False,-0.0078867940385221
2022-09-26 01:00:00+00:00,0.5240941352259931,0.32343368592351535,0.1820970943872938,0.15522455427668566,0.20385148057772062,True,0.0158360910781752
2022-09-27 00:00:00+00:00,0.21284540702016116,0.23640960809101932,0.21638382770058992,0.08245427875912864,0.8012659325414041,False,-0.0083257166499202
2022-09-27 01:00:00+00:00,0.40753232152894436,0.2685121107266427,0.22169698706011443,0.1112454655380892,0.5294847920546286,False,-0.0088656286670103
2022-09-28 00:00:00+00:00,0.2583979328165396,0.6796892848983364,0.09156020798181978,0.059542702639157966,0.014960942671785087,True,0.0267908922564718
2022-09-28 02:00:00+00:00,0.2539391718578218,0.6776747342230285,0.4805735020798339,0.02951775200362361,0.5514651744956568,False,-0.013955721173981599
2022-09-29 00:00:00+00:00,0.4924322421682565,0.31444759206798834,0.1234212445775272,0.01290567813636931,0.2364096080910242,True,0.0224570840379384
2022-09-29 01:00:00+00:00,0.35575942915392667,0.2966435402212653,0.1701382052998381,0.06414033992233731,0.45529548919379365,True,0.022410751724992302
2022-09-30 00:00:00+00:00,0.6614750343563838,0.2808704076309716,0.06656191349133585,0.10098196677984031,0.3220469411312002,True,0.0259530624777032
2022-09-30 01:00:00+00:00,0.3826297391771899,0.4840269383526127,0.023270135925745675,0.11160375228359638,0.03874781085814491,True,0.0255602115381938
2022-10-01 00:00:00+00:00,0.6755434782608637,0.08782608695652197,0.06014724267259216,0.004074181267671307,0.4470438111441748,True,0.0263024180176012
2022-10-01 01:00:00+00:00,0.38230729436109656,0.058996568066677794,0.050341536446150234,0.021475424566448423,0.35808383233532565,True,0.0258140199157568
2022-10-02 00:00:00+00:00,0.10658307210030246,0.060060060060059504,0.1776669990029852,0.0886633330845574,0.27737397420867055,True,0.0082828858042882
2022-10-02 01:00:00+00:00,0.09542280837858329,0.20406626506024125,0.2788219337337716,0.08654997007779758,0.3702213279678057,True,0.0071808063102541
2022-10-03 01:00:00+00:00,0.71021775544389,0.14892685063512937,0.251931631936315,0.23510927010426985,0.0741959064327513,True,0.0114156058725589
2022-10-03 02:00:00+00:00,0.036970781156821286,0.2178199052132725,0.09907502569372802,0.12784726793943124,0.39507052286650074,False,-0.0062611963248598995
2022-10-04 00:00:00+00:00,0.05566733735747232,0.39083445910838305,0.344695028190669,0.14425947891529256,0.5648772592392791,False,-0.0074823216742143
2022-10-04 01:00:00+00:00,0.05850706119703248,0.4035234899328838,0.22934434968016695,0.10310649099480093,0.73504486540379,False,-0.0075035574176541995
2022-10-05 00:00:00+00:00,0.7237936772046565,0.5350916405900742,0.5507256637168149,0.4108282349845388,0.30401034928848664,True,0.0156846291334709
2022-10-05 01:00:00+00:00,0.09039548022598844,0.1296348712142635,0.45155732273028565,0.3166927695118752,0.477328132618236,True,0.0156418597088991
2022-10-06 00:00:00+00:00,0.2098575279168261,0.11153975176115376,0.018171329679838467,0.18040940106141054,0.10985756592864293,True,0.0179648893980787
2022-10-06 01:00:00+00:00,0.30902348578491806,0.28856382978723427,0.029419851525982938,0.2272429210134132,0.3769633507853396,True,0.0179473286410896
2022-10-06 15:00:00+00:00,0.011502265597766768,0.3967046894803503,0.05534371935940831,0.0012025012025012017,0.052167523879502804,True,0.0131418447941453
2022-10-06 16:00:00+00:00,0.3479515291402155,0.473509475722783,0.13137867972390785,0.00482741974414675,0.19708295350957386,True,0.0131760950109554
2022-10-07 00:00:00+00:00,0.2259071400702324,0.36212311557788907,0.22921465190578755,0.07127416272439607,0.48574404374430497,True,0.0139050986857391
2022-10-07 01:00:00+00:00,0.08626887131559861,0.20998632010943777,0.30022005658597867,0.07113993045766322,0.5028263103802675,True,0.0133917157310189
2022-10-08 00:00:00+00:00,0.4766474728087115,0.17905887146057858,0.3661636219221602,0.2816773017319954,0.14438502673796752,True,0.014970122632620701
2022-10-08 01:00:00+00:00,0.5644302449414372,0.0689722168253354,0.3301368803650156,0.31325160537069513,0.29702970297029396,True,0.0149275145216199
2022-10-09 00:00:00+00:00,0.23779527559054506,0.2423945044160905,0.19549641760491127,0.27695194111704446,0.36719576719576885,True,0.006860796043216901
2022-10-09 01:00:00+00:00,0.27517783601647366,0.21284731073158084,0.2544775157840462,0.28615766604593507,0.2029831387807978,True,0.0068750241411033
2022-10-10 00:00:00+00:00,0.4398750650702603,0.1607947019867549,0.06565809379727823,0.08822322527697914,0.11793729110297323,True,0.007271376294370401
2022-10-10 01:00:00+00:00,0.12689295039163803,0.0667670682730883,0.12620260328239472,0.06706008583690931,0.25422320686790606,True,0.006986550750384901
2022-10-11 02:00:00+00:00,0.9730232558139359,0.331752149421877,0.304952581664911,0.15314806977947024,0.05414364640883965,True,0.013016357058503701
2022-10-11 03:00:00+00:00,0.7921419518377514,0.3035403366221709,0.27248510339992954,0.14224499301350735,0.17822683415255372,True,0.012417411438805601
2022-10-12 00:00:00+00:00,0.7937956204379069,0.14281035047494142,0.01723751958809188,0.18314908873617972,0.04378283712784594,True,0.0112157858490283
2022-10-12 01:00:00+00:00,0.8039895923676901,0.21150239633256498,0.06113489188892557,0.17253923268897214,0.14830389683207662,True,0.0110429060934919
2022-10-13 00:00:00+00:00,0.42702702702702244,0.28396836808051956,0.10309278350515519,0.07024364955935788,0.8396745106663628,True,0.00741926778391
2022-10-13 01:00:00+00:00,0.12234042553192177,0.12925728354534366,0.1405729513657597,0.0735829433177329,0.7465159662021218,True,0.007493727113898001
2022-10-14 00:00:00+00:00,0.26540573520440075,0.805283757338554,0.10487873396385411,0.10187832506966815,0.3701927597555233,False,-0.01223101081759
2022-10-14 01:00:00+00:00,0.25168236877522776,0.8037152720697046,0.13980920156022353,0.12322137955940811,0.26505861743700293,True,0.0285641233161173
2022-10-15 00:00:00+00:00,0.22328042328043024,0.7046271338724224,0.11960693996622185,0.005603395997573933,0.11991510435090488,True,0.015499183203453202
2022-10-15 01:00:00+00:00,0.18724158298878132,0.5948914431673062,0.4343977444102028,0.022122709240916402,0.019215987701767474,True,0.014588375247834701
2022-10-16 00:00:00+00:00,0.6916426512968056,0.686882933709398,0.3093050647820862,0.14046975680731497,0.0365198711063316,True,0.0049755637348794
2022-10-16 01:00:00+00:00,0.31493506493505463,0.14504547630444417,0.07525047964186417,0.35818604881429605,0.08684070324985876,True,0.0052124339550659
2022-10-17 00:00:00+00:00,0.19274580335731692,0.1757758857456747,0.1325459317585301,0.04271927334657964,0.5148602954262322,False,-0.0053727367325700996
2022-10-17 01:00:00+00:00,0.3312707182320467,0.13464086933474503,0.09052318794438988,0.03815175922000802,0.7101550252569193,False,-0.0054817863832216
2022-10-18 00:00:00+00:00,0.5574912891985824,0.09464771696401511,0.3591754425274494,0.22290499755288384,0.058174702010312565,True,0.0109343132385663
2022-10-18 02:00:00+00:00,0.05221932114882324,0.2400152149106046,0.36354744049559845,0.22048602038150053,0.11276849642004515,False,-0.0055561490574848995
2022-10-19 00:00:00+00:00,0.42678641155798513,0.40244393715589094,0.20431588613406507,0.04491031290336978,0.16341406066305705,True,0.0128649578289037
2022-10-19 01:00:00+00:00,0.047291487532242875,0.4096577341469824,0.22501304315420512,0.025869603216219478,0.4882032667876455,True,0.0130692125256498
2022-10-20 00:00:00+00:00,0.4262841894596286,0.09355216881593918,0.1284339046724546,0.20910623946036874,0.3186255368996395,False,-0.006100869193137399
2022-10-20 02:00:00+00:00,0.5089376053962872,0.18598290598290557,0.25474974463738165,0.18887533134177362,0.4298317268420121,False,-0.0061128605318641
2022-10-20 15:00:00+00:00,0.48851995761214306,0.47812869447727624,0.05139634312744456,0.020873362445414288,0.4580379602103799,True,0.0085980775012415
2022-10-20 16:00:00+00:00,0.15604909409701212,0.13450515857851927,0.06564632122441501,0.06872793041081757,0.36015118790496914,True,0.0089487328426733
2022-10-21 00:00:00+00:00,0.16286644951139548,0.16007664170004757,0.06563564392893195,0.09151764368365525,0.4811240420096455,True,0.010232563109068801
2022-10-21 01:00:00+00:00,0.12796208530805941,0.22742351640250932,0.0033385703063607587,0.13172376183629933,0.007335907335905866,True,0.0103115970513759
2022-10-22 05:00:00+00:00,0.18258426966292626,0.009329187027981115,0.10542476970317287,0.004415475189235411,0.03835860838537965,False,-0.0036232993935031
2022-10-22 06:00:00+00:00,0.33619456366236306,0.013636363636363575,0.1087157376039395,0.004046030161316124,0.0997912317327686,False,-0.0033117239948072
2022-10-23 00:00:00+00:00,0.4428754813863789,0.0923076923076857,0.09802917839774533,0.10862731400628704,0.3476531424025078,True,0.0033813223812451006
2022-10-23 01:00:00+00:00,0.15994436717662877,0.01587301587300342,0.09690616210687165,0.09058939372626196,0.00956585724797067,True,0.0034634151430582
2022-10-24 00:00:00+00:00,0.7138009049773786,0.7431519032372881,0.5438290449193237,0.37153895685769633,0.36293339985034107,True,0.009433156821856201
2022-10-24 02:00:00+00:00,0.3087693441414872,0.3318577541685142,0.2717847445075293,0.23909249563699883,0.3565129755605989,True,0.0101711818167095
2022-10-25 00:00:00+00:00,0.07849133537207419,0.147820593809229,0.26801393728223366,0.0903345469533559,0.06810035842293526,True,0.007883581831060001
2022-10-25 01:00:00+00:00,0.3275862068965624,0.12939657954178194,0.16634920634920589,0.09010989010989078,0.536679536679536,False,-0.0047884814869401
2022-10-26 00:00:00+00:00,0.6189258312020525,0.5979995236961168,0.5268728522336756,0.2548768787975687,0.4182372807495318,False,-0.0090132907310199
2022-10-26 01:00:00+00:00,0.28202531645568735,0.5753102985575299,0.5668040023543254,0.344781547810875,0.3770415305646259,False,-0.0094383587717494
2022-10-27 00:00:00+00:00,0.32218707636690846,0.28033794162826225,0.3548349126007852,0.4494014562507691,0.04799216454456656,True,0.0183569048353683
2022-10-27 01:00:00+00:00,0.07067137809187117,0.25141776937618115,0.3166535409220318,0.44810579205326473,0.25810965526014357,True,0.0178344241640156
2022-10-28 00:00:00+00:00,0.6181818181818136,0.5806057313594971,0.33872043887612174,0.042462221351871186,0.10770577933450068,True,0.0156974147941869
2022-10-28 01:00:00+00:00,0.8150588235294133,0.4358786993058084,0.33108361454818125,0.01789805744645446,0.16326755594752823,True,0.015710232434816
2022-10-29 00:00:00+00:00,0.2429967426710092,0.513955984970479,0.21616331096197047,0.057179707652623424,0.1691945914168137,False,-0.0072925103537747
2022-10-29 01:00:00+00:00,0.10092879256965659,0.2972448583624341,0.21181019332161785,0.036318746198160924,0.17808537862044618,False,-0.0071143785551467
2022-10-30 01:00:00+00:00,0.49939540507858216,0.12332199749417702,0.05936266215454029,0.13733619084425427,0.20119084926355432,True,0.009841606191884001
2022-10-30 03:00:00+00:00,0.2823418319169035,0.3321463897131527,7.245851749767683e-05,0.1666305212173783,0.13409243134628474,True,0.0092441031024138
2022-10-31 00:00:00+00:00,0.24080111783884636,0.16829350387075112,0.07170923379175013,0.000756029333938152,0.2548571428571475,True,0.0094408144181852
2022-10-31 01:00:00+00:00,0.39065420560747516,0.17797737857618154,0.1899306115862522,0.031658586748935014,0.20368835474512945,True,0.0093478326275907
2022-11-01 01:00:00+00:00,0.5419274092615898,0.3348789283874245,0.04920939855179432,0.12350780532598672,0.14518969105170557,True,0.0121192580514792
2022-11-01 02:00:00+00:00,0.5993431855500884,0.40465759741756474,0.030851925484133326,0.09190495977033175,0.2986559609006769,True,0.0120333912362208
2022-11-02 00:00:00+00:00,0.14732965009208165,0.1637536972304443,0.02866344605474747,0.02632606149976184,0.33239436619717533,True,0.0081080020814481
2022-11-02 02:00:00+00:00,0.23120837297810218,0.3500529848110162,0.08411214953271018,0.01578808876414351,0.21963123644251392,True,0.0072389332096022
2022-11-03 00:00:00+00:00,0.79509906152242,0.3832923832923899,0.3653349234744599,0.15471545127451652,0.1762672811059893,True,0.0158265965839263
2022-11-03 01:00:00+00:00,0.21682567215958412,0.2828254058672796,0.2916985462892121,0.15800172790567757,0.4702522608281757,True,0.0164087444680104
2022-11-03 15:00:00+00:00,0.0032956685499006973,0.015285326086956609,0.06658929348614503,0.0628086114951596,0.1769590036325886,True,0.0095257546563905
2022-11-03 16:00:00+00:00,0.04294755877034334,0.17687747035573417,0.2042010502625666,0.07796939519067278,0.08824374820349776,True,0.0095503408335493
2022-11-04 00:00:00+00:00,0.22515212981743002,0.18005738880918262,0.007974777448073195,0.14422176437535073,0.630586684245222,False,-0.0055195350925226995
2022-11-04 01:00:00+00:00,0.08577194752774743,0.27795527156549155,0.022557828331101534,0.10268792710706029,0.6280366387893278,False,-0.0050760885999341
2022-11-05 00:00:00+00:00,0.7838264299802615,0.2908682634730526,0.4138935306755784,0.29177841487098843,0.20661157024793556,True,0.0212808398145154
2022-11-05 03:00:00+00:00,0.5102040816326519,0.6176003628940826,0.43608437436002534,0.3084895638942322,0.29126984126984135,True,0.0185973416502561
2022-11-06 00:00:00+00:00,0.06655290102391258,0.05570920584748386,0.16146572104018722,0.31560042113086056,0.22155411655873708,True,0.006065274334480101
2022-11-06 02:00:00+00:00,0.7376586741889869,0.2529711375212195,0.2093331858896407,0.26342466978741147,0.055205631715455054,True,0.0062181090954604
2022-11-07 00:00:00+00:00,0.8770353733857291,0.7259276121101721,0.47573706550418315,0.30215208034433144,0.20615835777126498,True,0.0077579709669302
2022-11-07 01:00:00+00:00,0.8696816423683323,0.7241695303550924,0.38838329764453294,0.27337914550343456,0.4174240050141057,True,0.0082801381504401
2022-11-08 00:00:00+00:00,0.1918568784700817,0.17169737357898832,0.18550281954887363,0.28534325696786433,0.5320091262917755,True,0.011635643293961601
2022-11-08 01:00:00+00:00,0.5627337640258434,0.19703591107732968,0.2802223799384902,0.2692246710004741,0.694322011926368,True,0.0121210372754855
2022-11-09 00:00:00+00:00,0.03788162928512471,0.2692096847875734,0.33594628676595883,0.30879928831209613,0.4438271604938249,True,0.0666810012412597
2022-11-09 01:00:00+00:00,0.07043899182106583,0.27682466490359514,0.3847726625215766,0.34190410006949246,0.45107834775191735,True,0.0670848201949055
2022-11-10 01:00:00+00:00,0.32937202902176616,0.4617090581467867,0.4578547446545314,0.416950636791105,0.6276178010471178,False,-0.0290631222391345
2022-11-10 02:00:00+00:00,0.08678988161144666,0.5156515244109455,0.4492291811592563,0.41360725260628495,0.5964061847053878,False,-0.0275533778872414
2022-11-11 00:00:00+00:00,0.1909191234431658,0.2750320637098455,0.2734601284154662,0.07750105529759388,0.12876759651092698,True,0.0554658306352318
2022-11-11 02:00:00+00:00,0.9999999999999988,0.1357747322699014,0.21024567501382388,0.08935975165114458,0.22358192873085567,True,0.0567439345512612
2022-11-12 00:00:00+00:00,0.3377936366339609,0.24358044392862346,0.19116893356988082,0.10911896148116615,0.09343664539653516,True,0.0363466384391204
2022-11-12 01:00:00+00:00,0.06575908593655348,0.2763860939560061,0.15008906748415451,0.10345375148868614,0.11462274649454607,True,0.0359564282583791
2022-11-13 00:00:00+00:00,0.39341917024321404,0.15193026151929953,0.11815789473684042,0.21292038980943298,0.2916088328075688,True,0.010210851765856
2022-11-13 01:00:00+00:00,0.3622377622377985,0.001537042729787904,0.0658404337722696,0.13291257889145863,0.2536436007348473,True,0.0099102360671119
2022-11-14 00:00:00+00:00,0.5629400168966434,0.48794449262793116,0.37428780131482847,0.2669666465649216,0.32270870490765735,True,0.0174494752939935
2022-11-14 01:00:00+00:00,0.7417887822132347,0.7007199177236932,0.43995999714265677,0.28523611362402773,0.38177665584805587,True,0.019076686829347902
2022-11-15 03:00:00+00:00,0.7675933970460459,0.13554241270355608,0.21330764467074884,0.03417026027187324,0.15574374079528805,True,0.0252793271551635
2022-11-15 05:00:00+00:00,0.42319402158870106,0.1657975184319345,0.32956328213360475,0.02005408328826408,0.35295341098169886,False,-0.010652986494997999
2022-11-16 00:00:00+00:00,0.621703089675955,0.07165037377803213,0.1763226820324769,0.12904603991617974,0.2493722232953394,True,0.021770252854145602
2022-11-16 01:00:00+00:00,0.27698412698413744,0.2799900447984048,0.038898414059150475,0.14351651521707712,0.5827118644067738,True,0.0200834148426
2022-11-17 00:00:00+00:00,0.5676229508196634,0.0035744680851038557,0.11491132826637582,0.03164901276840776,0.23286074966012446,True,0.0167879851864657
2022-11-17 01:00:00+00:00,0.6293368467281432,0.3843614606973299,0.1465525262864038,0.004548019785546148,0.3331082221847023,True,0.0162069411976262
2022-11-17 15:00:00+00:00,0.06687565308254625,0.04324078288575305,0.07305083079343468,0.19692863595302423,0.4229238524807589,False,-0.0063410868580556
2022-11-17 16:00:00+00:00,0.03222748815165572,0.0706753421584028,0.035597381342061335,0.1941337921428859,0.22786477389140788,False,-0.0064279211571672
2022-11-18 00:00:00+00:00,0.04879356568365661,0.23173539878584015,0.009268587547854824,0.04465747018938476,0.5180139267332622,True,0.0128052053551398
2022-11-18 01:00:00+00:00,0.8837653478853853,0.698380878951418,0.2059961315280446,0.03864360099836419,0.46415348367552434,True,0.0132471787719898
2022-11-19 00:00:00+00:00,0.7661064425770201,0.23575757575757023,0.37694987127062696,0.0008379595684500559,0.057003977021659956,True,0.0086122625408451
2022-11-19 01:00:00+00:00,0.08348794063079475,0.2549483013293887,0.3527375707992401,0.01344503050987685,0.0798611111111191,True,0.0082070609988174
2022-11-20 00:00:00+00:00,0.5224080267558767,0.229323308270694,0.08175814165338667,0.2170302976768812,0.6472906403940859,True,0.0043265240676448
2022-11-20 01:00:00+00:00,0.5696202531645735,0.3266463148713587,0.12290624320209077,0.1523722627737225,0.31323803604722467,True,0.004671170096013801
2022-11-21 00:00:00+00:00,0.9253236976814206,0.4548837209302206,0.5244655581947663,0.2951474201474189,0.18187224931604573,True,0.0133286193067763
2022-11-21 01:00:00+00:00,0.9396071533274611,0.6352175681171139,0.5078662733529911,0.3017976843388175,0.04343698077379369,True,0.0127151777173783
2022-11-22 00:00:00+00:00,0.3276479617943027,0.3957547169811312,0.2892757742642266,0.37028877173656277,0.04164992634257195,True,0.0224364242341807
2022-11-22 01:00:00+00:00,0.34856055198667596,0.35237659963437024,0.20083828152287808,0.3149965232171819,0.3448644446603821,True,0.0225644879239059
2022-11-23 00:00:00+00:00,0.5727513227513256,0.44723045361294844,0.22246167107936804,0.012032596863875634,0.3870929822499115,False,-0.0086444764365998
2022-11-23 01:00:00+00:00,0.08260105448154875,0.02070604209097211,0.22684298337761893,0.008766492517488395,0.18723634396971478,False,-0.0084722723692765
2022-11-24 01:00:00+00:00,0.20790697674418224,0.19140178367253521,0.18926129731532476,0.216503787659747,0.34002992092327455,True,0.0178291262135922
2022-11-24 02:00:00+00:00,0.27361910855192917,0.28450020234722995,0.13804514832762044,0.23751371732462984,0.3400299209232797,True,0.0179778288303639
2022-11-25 00:00:00+00:00,0.1703406813627188,0.1850030731407486,0.038888290423356855,0.15090659539117315,0.053584536334723654,True,0.0086256768232675
2022-11-25 01:00:00+00:00,0.2980769230769099,0.16751845542305252,0.2659431776612592,0.10841308384516594,0.08036138849263658,True,0.0085161607932067
2022-11-26 01:00:00+00:00,0.471502590673517,0.3061224489795782,0.07548240635640784,0.10930643788067353,0.179679144385011,True,0.0081823044135844
2022-11-26 02:00:00+00:00,0.6319903788333823,0.31953071083504125,0.13843712812375866,0.03910907304290879,0.2733301752723727,True,0.0078435933692349
2022-11-27 00:00:00+00:00,0.14100064977258542,0.40186915887850666,0.2272557094720999,0.0565672844480255,0.41641070645019934,False,-0.004368526548346
2022-11-27 04:00:00+00:00,0.9980256663376299,0.06899055918663882,0.1901474155626068,0.11796361151447701,0.1174863387978053,True,0.0064301034891566
2022-11-28 01:00:00+00:00,0.6019629225736095,0.31002638522427634,0.07296942412305663,0.1802711277761742,0.10752360645750607,True,0.0080841073188267
2022-11-28 02:00:00+00:00,0.8628713899854545,0.6556291390728455,0.48746518105849224,0.362303664921464,0.2933255269320868,False,-0.0052718271876670995
2022-11-29 00:00:00+00:00,0.27762506871907267,0.042690815006467674,0.18703643985811047,0.14059361749609472,0.7636096125551703,False,-0.006833250312982799
2022-11-29 01:00:00+00:00,0.29358974358974527,0.001703050007741698,0.03510572777663612,0.16923757394814093,0.40230448639372063,False,-0.0071662111709467
2022-11-30 00:00:00+00:00,0.10273618998452066,0.10802820104616831,0.31138643067846744,0.0015543309311851882,0.15189309576837667,False,-0.006337271602822599
2022-11-30 01:00:00+00:00,0.7078991596638698,0.5599585599585633,0.5054656385052124,0.3161272947618838,0.16172506738544543,True,0.0121816666003523
2022-12-01 00:00:00+00:00,0.9999999999999959,0.7189087488240786,0.32014278429372633,0.44042610330319615,0.0831287267625432,True,0.0133691183659668
2022-12-01 01:00:00+00:00,0.9999999999999902,0.7013194722111117,0.2949016289401308,0.42147154095326306,0.09014966933519582,True,0.0136235610448973
2022-12-01 15:00:00+00:00,0.050793650793634536,0.16387959866220222,0.3047296449629928,0.35329873980726645,0.21348940914157666,True,0.0101549983795409
2022-12-01 16:00:00+00:00,0.4953586497890336,0.4193548387096763,0.12688265250839553,0.26556055493063396,0.1397905759162338,True,0.0103829888369713
2022-12-02 00:00:00+00:00,0.3905429071803542,0.4412171507607091,0.2833281781626969,0.08055299539170413,0.022095959595960335,True,0.0112926487922206
2022-12-02 03:00:00+00:00,0.01946902654867892,0.16902237926972996,0.31264398970049984,0.04858814551004676,0.09469696969697167,False,-0.0055085712256240996
2022-12-03 00:00:00+00:00,0.7973364215402394,0.16147605338916568,0.07826584632994904,0.050381244210077024,0.4537540805223231,True,0.009620834213553
2022-12-03 01:00:00+00:00,0.34293628808864884,0.5621260119676132,0.19733079122974642,0.04766669048810195,0.4913176710929456,True,0.0091218007698808
2022-12-04 00:00:00+00:00,0.7475022706630055,0.46085932901706783,0.4571670907548862,0.13596491228070307,0.047191011235954844,False,-0.0034910573877493002
2022-12-04 04:00:00+00:00,0.49782040104617153,0.02142544818538533,0.13220176906526232,0.02983339790778722,0.027180527383369582,True,0.005170850564435001
2022-12-05 00:00:00+00:00,0.7560137457044921,0.6822773186409361,0.3613445378151195,0.0681951105392436,0.08246597277822351,False,-0.0051455133900029995
2022-12-05 02:00:00+00:00,0.9254593175853123,0.8470626846078133,0.5089924917059495,0.2375958047599853,0.07721439091100506,False,-0.005350358489783999
2022-12-06 00:00:00+00:00,0.3812412505832974,0.6494938132733463,0.26215443279313644,0.012007781579122424,0.2170403587443931,True,0.0091920499811312
2022-12-06 01:00:00+00:00,0.6774193548387057,0.3787422141852536,0.22883365989481477,0.04882459312838958,0.20888083371092117,True,0.0095841096773326
2022-12-07 00:00:00+00:00,0.7304964539006895,0.39655172413794176,0.09582417582417241,0.08619054072367578,0.5864010394109985,True,0.006624415493046201
2022-12-07 01:00:00+00:00,0.5250000000000054,0.3289581624282323,0.07341227125941543,0.138512579485763,0.37684630738523006,True,0.006380147544104301
2022-12-08 00:00:00+00:00,0.8173374613002581,0.2120300751879691,0.34553152880689725,0.18183415319747093,0.06489945155393377,True,0.0053356254494943
2022-12-08 01:00:00+00:00,0.05206463195693314,0.25693160813309096,0.34750489974370746,0.18952314653672406,0.12787723785166266,True,0.0054022663279321
2022-12-09 01:00:00+00:00,0.35109717868338963,0.66884364195158,0.5007944915254163,0.11306532663316553,0.29641462548810227,True,0.009694154954572501
2022-12-09 02:00:00+00:00,0.3996062992125573,0.6610302791977857,0.5092423847956211,0.12412985043765817,0.2277004140007481,True,0.0096425742894835
2022-12-10 03:00:00+00:00,0.5155963302751931,0.23000619962803548,0.13880631145666517,0.25050883334689983,0.43412526997840023,True,0.0038800133355560004
2022-12-10 04:00:00+00:00,0.3888888888888565,0.05817932922655734,0.17702670763412962,0.27533130298789643,0.23687580025608485,True,0.0032741293822552003
2022-12-11 20:00:00+00:00,0.2539489671932237,0.023423423423411638,0.022303473491767905,0.137653990358862,0.5409729023832991,True,0.0034407532177309005
2022-12-11 22:00:00+00:00,0.30715642811907207,0.27437400106554355,0.06895414054766776,0.029211295034079935,0.3405600722673929,True,0.0036753537619543
2022-12-12 00:00:00+00:00,0.8412921348314626,0.373470386686255,0.18389694041868812,0.10974822466107173,0.044847328244283405,True,0.0052474788056102
2022-12-12 01:00:00+00:00,0.9090909090909107,0.6144578313253127,0.5048566690357705,0.2664893617021292,0.06970260223048624,True,0.0054547127994894005
2022-12-13 00:00:00+00:00,0.8335607094133709,0.7851922465840484,0.48922372687393706,0.06772661573404869,0.5231039188925715,True,0.0056210880585141005
2022-12-13 01:00:00+00:00,0.4469096671949279,0.5234636871508406,0.353105373342646,0.008117045796170601,0.7765522875817024,True,0.005729600197417
2022-12-14 02:00:00+00:00,0.31771321462045043,0.19544846050869905,0.44080221300138606,0.4465067149539791,0.6385011021307762,False,-0.007510565428524799
2022-12-14 03:00:00+00:00,0.2763419483101432,0.1328467153284696,0.4468435122352469,0.44606091115026664,0.6868381240544392,False,-0.0054182961001568
2022-12-15 00:00:00+00:00,0.7525169320885879,0.11676020688895997,0.011768690204045123,0.250918836140888,0.2024147727272708,True,0.019994032487718902
2022-12-15 01:00:00+00:00,0.00588235294117092,0.11197167514936919,0.00629364600396516,0.249818307003787,0.22950257289879622,True,0.021480868440754
2022-12-15 15:00:00+00:00,0.6946738820848811,0.5132530120481945,0.39743253864290895,0.13236197665232893,0.015030946065424683,True,0.0092371638462547
2022-12-15 16:00:00+00:00,0.6862745098039253,0.5195755579948779,0.4460131238814846,0.14359063615002968,0.028205873800525617,True,0.0088064152111967
2022-12-16 00:00:00+00:00,0.27816677275621815,0.7274160847037733,0.433819878860095,0.21149133157846872,0.5009557792787069,True,0.0106299906337706
2022-12-16 01:00:00+00:00,0.0918977705274493,0.23875224955008906,0.23286774334351604,0.16262201128324463,0.5289872504209765,True,0.0104711014879462
2022-12-17 00:00:00+00:00,0.5797101449275232,0.5620970002803457,0.5300714238034848,0.45286980867942167,0.03994583615436367,True,0.0138174660496441
2022-12-17 07:00:00+00:00,0.4397463002114248,0.34070307318150506,0.5395380434782558,0.3977033802361299,0.19255547602003614,True,0.0104962258675724
2022-12-18 00:00:00+00:00,0.8397365532382041,0.3495104299701902,0.13256647180840708,0.3093244529019967,0.11920529801324914,True,0.0052008041751572
2022-12-18 01:00:00+00:00,0.5153707052441251,0.33642495784147847,0.15455594002306924,0.3051261187957673,0.01896733403583866,True,0.0050562363569671
2022-12-19 00:00:00+00:00,0.1598023064250486,0.08682452944747494,0.02898165381547851,0.03493356193741787,0.10953825412874758,True,0.0054176301437441005
2022-12-19 01:00:00+00:00,0.23227917121048708,0.330168776371314,0.15550869794412128,0.11373137528138223,0.2394720301697001,True,0.0056337789281883
2022-12-20 00:00:00+00:00,0.4126563092080269,0.5965598123533988,0.4177904243473928,0.2555282555282538,0.6712069617858532,False,-0.0061500102445139
2022-12-20 01:00:00+00:00,0.33956162414660845,0.4894966309948478,0.39280505590665743,0.208604631995385,0.4924137931034487,False,-0.006522952019468399
2022-12-21 01:00:00+00:00,0.4078590785907821,0.10512597741094794,0.2932767478221999,0.030785157739878853,0.07908351810791385,True,0.0107154950582301
2022-12-21 02:00:00+00:00,0.06128782001552603,0.09110169491524593,0.18778077268643137,0.08006454125632925,0.17374005305040296,True,0.0105864310568004
2022-12-22 00:00:00+00:00,0.22824102251977546,0.01766620176662518,0.020842075814801235,0.21118443904133263,0.19189061763319903,True,0.007437223065379101
2022-12-22 02:00:00+00:00,0.21357519016968682,0.04757568859549571,0.04251585909029544,0.06307712316295992,0.6318799142244428,True,0.007382063918947501
2022-12-23 01:00:00+00:00,0.5918987341772196,0.00019735543713941928,0.0486880875543716,0.057088487155090295,0.16899618805591501,False,-0.0048775914634146
2022-12-23 02:00:00+00:00,0.1842105263157663,0.3028050827139734,0.07246376811594177,0.03247282608695848,0.2692793931732084,True,0.0085884650123012
2022-12-24 03:00:00+00:00,0.14594594594594132,0.04686468646865984,0.011399466407957129,0.02175201015658115,0.027953110910716648,True,0.0038681854249782007
2022-12-24 07:00:00+00:00,0.10220440881768143,0.1813403416557089,0.07943805874839965,0.0078740157480302,0.08649468892260352,True,0.0025435709068637
2022-12-25 15:00:00+00:00,0.01020408163269068,0.0055865921787913095,0.046676096181062506,0.005498446091328923,0.41299117882917397,True,0.0020981895280140998
2022-12-25 16:00:00+00:00,0.46036161335191556,0.3107454017425179,0.25235718247365974,0.07862679955703193,0.25968202201385554,True,0.0023089926436961
2022-12-26 00:00:00+00:00,0.42063492063489305,0.05663430420711851,0.03338533541340735,0.04810725552050709,0.17139334155365746,False,-0.0032836535611742
2022-12-26 02:00:00+00:00,0.7777777777777118,0.08855640921957325,0.08351309707241249,0.05193542112429524,0.4451313755796191,True,0.0047186719969128
2022-12-27 00:00:00+00:00,0.8537815126050271,0.28899082568806245,0.23882167280379174,0.11066856330014509,0.2778810408921877,True,0.0038719665201074
2022-12-27 01:00:00+00:00,0.19339298004127867,0.1335215812827642,0.043029259896729205,0.03384861407249617,0.22146430195543879,True,0.0039813866627803
2022-12-28 00:00:00+00:00,0.4742776603241708,0.27429467084639736,0.2755852842809364,0.12051356871899373,0.148954703832749,True,0.006682505787270001
2022-12-28 01:00:00+00:00,0.005504587155949902,0.3323139653414837,0.292503674669279,0.1612208961064361,0.20924033762772098,True,0.0070901208465938
2022-12-29 00:00:00+00:00,0.595567867036001,0.229848193286292,0.20321239064964536,0.24680073126142388,0.1684981684981661,True,0.0075279227164722
2022-12-29 15:00:00+00:00,0.6868327402135206,0.40446927374301056,0.11061315950295254,0.12805398278135519,0.10074626865670043,True,0.0043422389303582
2022-12-29 16:00:00+00:00,0.16780821917807312,0.2497273718647741,0.016614090431120634,0.12431842966194209,0.10280373831776103,True,0.0042169709989258
2022-12-30 00:00:00+00:00,0.019404915912031893,0.11294416243654655,0.14521276595744537,0.045405405405406385,0.5030257186081647,True,0.004086708551285401
2022-12-30 01:00:00+00:00,0.25079365079372196,0.0847247990105207,0.2359357060849676,0.05913153380879271,0.5183284457477985,True,0.0041018400706223
2022-12-31 13:00:00+00:00,0.22285714285708316,0.10296411856472143,0.21283342659951246,0.03440621531631755,0.29287925696593137,True,0.0017857837445636002
2022-12-31 14:00:00+00:00,0.7989949748743609,0.17621776504299158,0.3793515018897952,0.02797553394164024,0.270753512132803,True,0.0020077564999276005
2023-01-01 00:00:00+00:00,0.43109987357776,0.25821596244130274,0.12621359223301368,0.08819621870209728,0.17433570965651832,True,0.0033648246592156003
2023-01-01 01:00:00+00:00,0.45321992709597997,0.5119478638667567,0.12469607502605469,0.0788767293000216,0.07246376811594081,True,0.0034947505800464003
2023-01-02 00:00:00+00:00,0.7027027027028219,0.5174311926605429,0.3163691606532441,0.06455628667970702,0.45277963831213186,True,0.0019470279027282002
2023-01-02 01:00:00+00:00,0.3147826086956612,0.299293008641002,0.10139603232916508,0.025878320479860356,0.43404958677686084,False,-0.0025412082436332
2023-01-03 00:00:00+00:00,0.3876945885841135,0.19585062240663234,0.16308376575240713,0.16642720306513303,0.09252217997466514,True,0.0038880086831696
2023-01-03 01:00:00+00:00,0.283950617283953,0.005446166736486064,0.245011086474496,0.16612767996166808,0.30989583333332477,False,-0.0032566698230835
2023-01-04 00:00:00+00:00,0.835694050991581,0.17692680562288218,0.06014831090359259,0.09624514458351392,0.5124411566913128,False,-0.0031686214503573
2023-01-04 01:00:00+00:00,0.38166311300635963,0.3071253071253056,0.04172500700084423,0.10808157923437482,0.46096654275091514,False,-0.0033380527702363003
2023-01-05 02:00:00+00:00,0.3419540229885154,0.012070006035003192,0.16889514426460164,0.15931249371796122,0.025493025493040083,True,0.0071067830380329
2023-01-05 03:00:00+00:00,0.1565377532228458,0.0602331606217576,0.06300630063006266,0.14635639926515706,0.08262910798121627,True,0.0070474752193522006
2023-01-06 00:00:00+00:00,0.2538461538461452,0.046363636363638695,0.011406844106457533,0.171878193337421,0.7235127478753336,True,0.0035073404162430004
2023-01-06 01:00:00+00:00,0.070607553366219,0.3935860058308963,0.07422623938646557,0.16142384105960222,0.27675675675673955,True,0.0036892901950024
2023-01-07 00:00:00+00:00,0.5112443778111013,0.5433382862803408,0.15802171290712017,0.13035244608100904,0.5218181818181903,True,0.007219058843336901
2023-01-07 07:00:00+00:00,0.45977011494247705,0.03770739064856665,0.2450377656771488,0.11177194421657118,0.026624068157617916,True,0.0041019684833519
2023-01-08 16:00:00+00:00,0.6600877192982412,0.4703125000000154,0.3538899430740148,0.2744845360824877,0.8074534161490726,False,-0.0024707713311962
2023-01-08 17:00:00+00:00,0.0822015725518213,0.03890410958905362,0.026047565118905387,0.1704142011834329,0.753492193919471,False,-0.0025245603444127
2023-01-09 01:00:00+00:00,0.9268817204300999,0.6052256532066562,0.5036669970267661,0.3459412278149689,0.2239583333333317,False,-0.0040113739816424
2023-01-09 03:00:00+00:00,0.907572815533967,0.5024875621890553,0.4707585408222383,0.3408603687294635,0.2879330943847194,False,-0.0043466953465312
2023-01-10 00:00:00+00:00,0.770889487870615,0.18959687906371114,0.0152621101526223,0.22494832389682803,0.020639417239977354,True,0.007100339483884801
2023-01-10 03:00:00+00:00,0.03485670023237813,0.21167512690355644,0.017206634630287633,0.2036973639164678,0.4032921810699444,False,-0.0044368958955741
2023-01-11 00:00:00+00:00,0.010794896957787226,0.590341382181505,0.35857754362857175,0.19968038353974868,0.25723472668810354,True,0.0062175367787562
2023-01-11 01:00:00+00:00,0.25832012678289806,0.5962800875273412,0.44071954210955544,0.22856015779092545,0.24632952691680024,True,0.006525702758969
2023-01-12 00:00:00+00:00,0.9999999999999978,0.7569663889686813,0.5425917535115518,0.4773730320795681,0.0016397282736020557,True,0.0122253175646079
2023-01-12 01:00:00+00:00,0.9999999999999986,0.8418577307466177,0.6757160647571614,0.5908043454405733,0.16227958088423042,True,0.0132362256242612
2023-01-12 15:00:00+00:00,0.4185760039418534,0.3516772298655111,0.39836910900587597,0.30184104176021426,0.49387247278382307,False,-0.0076521482268208
2023-01-12 16:00:00+00:00,0.21528070915998462,0.1777378815080792,0.42373076039512897,0.34194449293070284,0.42533151567728333,False,-0.0072004050494057
2023-01-13 04:00:00+00:00,0.1491666666666782,0.4774230843342517,0.2852976496826193,0.41715842033590406,0.2926165681583621,False,-0.0104559844923688
2023-01-13 05:00:00+00:00,0.10241758241758041,0.02804567121161643,0.3244354090246173,0.3956191327670982,0.40600069372181763,False,-0.0101854512427221
2023-01-14 00:00:00+00:00,0.9999999999999984,0.7982678811408063,0.5709270704573559,0.3820943613348674,0.013463718820861628,True,0.030206577529178803
2023-01-14 01:00:00+00:00,0.9999999999999994,0.8908964859829268,0.7069926055981371,0.5097481414049463,0.008263285368287592,True,0.0318489743080562
2023-01-15 00:00:00+00:00,0.699313335742668,0.07818622877402004,0.031277284166194595,0.4433327269419675,0.10654562828476062,True,0.022609179984720302
2023-01-15 01:00:00+00:00,0.05053738852046272,0.24492131616595075,0.07589880159786841,0.3858619945457039,0.10461049284578502,True,0.0216657478396476
2023-01-16 00:00:00+00:00,0.37249666221630096,0.31360946745562907,0.09109311740890748,0.005781739339918311,0.17307338605848785,False,-0.0071375038299228
2023-01-16 01:00:00+00:00,0.5257315842583433,0.4062354583527302,0.15396090131114318,0.013905701042190115,0.38833260774923417,True,0.0156821793076857
2023-01-17 00:00:00+00:00,0.3735305271141372,0.5217219067740612,0.11215915867078485,0.13218280600830887,0.2449744463373082,True,0.016850091999775302
2023-01-17 02:00:00+00:00,0.694868238557557,0.21764211032328024,0.09884218331146896,0.11345095807247296,0.33043970560483593,False,-0.0091640980765183
2023-01-18 02:00:00+00:00,0.39882854100106735,0.050652340752113285,0.10330105969352764,0.008500031955006879,0.2267618198037407,True,0.0169609832385442
2023-01-18 03:00:00+00:00,0.043965771614039154,0.16221822707786335,0.12191116088092781,0.06849225111636524,0.24122710218494509,False,-0.0085553539585975
2023-01-19 06:00:00+00:00,0.767904509283819,0.2035093755375868,0.2680768531426133,0.08704869161974105,0.31297388374051666,True,0.0134509418756579
2023-01-19 07:00:00+00:00,0.7562674094707443,0.13514467184191778,0.29708617482950983,0.10290361607742965,0.47073086248700446,True,0.0110653667052317
2023-01-20 00:00:00+00:00,0.21238938053097572,0.45432692307692385,0.3454987834549875,0.04735733913850335,0.07620383356708989,True,0.012676127957049
2023-01-20 01:00:00+00:00,0.11258278145695866,0.3857322350970252,0.31283497884343847,0.06890090090090087,0.1587701612903181,True,0.0129301781392897
2023-01-21 00:00:00+00:00,0.9999999999999993,0.9509987327258475,0.7714998321262375,0.6190836804240794,0.43433211985438175,False,-0.0102331359710887
2023-01-21 01:00:00+00:00,0.857381615598887,0.8857909472701837,0.6894657067070836,0.5718344657195781,0.31625835189309676,False,-0.010283632034248199
2023-01-22 00:00:00+00:00,0.5651222181685404,0.20370814353072508,0.09058813398777268,0.3845367014298098,0.006116664180215672,True,0.0212926005020419
2023-01-22 04:00:00+00:00,0.07383672332125889,0.3579874213836466,0.06766740940541734,0.3854001606286221,0.04990810123002915,True,0.0204376707665433
2023-01-23 02:00:00+00:00,0.7051282051282061,0.2664940630300867,0.009807857757383772,0.035063244047618874,0.13716350075748782,False,-0.0082505004589581
2023-01-23 03:00:00+00:00,0.6362951807228926,0.04036791006642816,0.007265861891410908,0.04858513299520362,0.19865113427345343,False,-0.0084086817920445
2023-01-24 01:00:00+00:00,0.4681059862610395,0.14274595267746024,0.14002842719207945,0.04734828905200058,0.36357927786499705,True,0.020251125181683
2023-01-24 02:00:00+00:00,0.23392226148409767,0.3672408189795244,0.16003638278519713,0.09660507311557182,0.3108958014618434,True,0.019850079282740702
2023-01-25 00:00:00+00:00,0.8916544655929662,0.43498817966902964,0.25156784492588535,0.03310613437195677,0.0687499999999999,True,0.0161626946175394
2023-01-25 03:00:00+00:00,0.68909878000787,0.4575163398692821,0.36876385809312834,0.03162906699920607,0.09323784602671867,True,0.0168387034898761
2023-01-26 00:00:00+00:00,0.2039371023886682,0.15801654309347127,0.13880200450677582,0.01823970889242602,0.17745980233072456,True,0.0245899192574116
2023-01-26 01:00:00+00:00,0.2708482216480662,0.26759393813576904,0.2505019408379059,0.033234793514287826,0.061736546715083114,True,0.0249593656660716
2023-01-26 15:00:00+00:00,0.20548819400126536,0.15839094908862567,0.15783270357402776,0.02308031774051155,0.2240106498850288,True,0.013810791808062
2023-01-26 16:00:00+00:00,0.04134509371554531,0.333234553267148,0.1097678252507205,0.016976662572380608,0.26267166042447326,True,0.014061158918905501
2023-01-27 00:00:00+00:00,0.1597633136094497,0.22748152586378553,0.19871033429492257,0.08180431667976133,0.007918781725887666,True,0.0139099320642095
2023-01-27 03:00:00+00:00,0.5243073706220599,0.21411937737467945,0.23265519040167015,0.029192546583850554,0.24314068884996937,False,-0.007691463918250399
2023-01-28 00:00:00+00:00,0.2716464202636285,0.1764559171966558,0.083552521125972,0.055138255649948585,0.6304909560723428,True,0.0139704242460152
2023-01-28 01:00:00+00:00,0.2586339217191161,0.293535853055454,0.3188296128137216,0.004263972710574647,0.4555256064689968,True,0.014261512086617101
2023-01-29 00:00:00+00:00,0.11201814058957381,0.1876253222572331,0.1969029907393312,0.03852251109702003,0.5028701107996251,False,-0.0037844634177858997
2023-01-29 02:00:00+00:00,0.8503740648379022,0.5485455232338574,0.19299987588432463,0.19733676975945133,0.6743949906921617,False,-0.0050406360729409
2023-01-30 00:00:00+00:00,0.10417409917944745,0.3246263970865265,0.41102627151546606,0.25932062966031594,0.7125131440588842,True,0.0153130099495455
2023-01-30 01:00:00+00:00,0.4016187552330385,0.2852206273258938,0.36389684813753664,0.2990233242652638,0.6931193175440546,True,0.013777406257694101
2023-01-31 04:00:00+00:00,0.6675786593707321,0.4642519259359357,0.4737738963736095,0.12162039419903747,0.311337579617824,False,-0.0073910657800739
2023-01-31 05:00:00+00:00,0.43224299065420796,0.3567103224897875,0.4637190607150408,0.11688624920859743,0.5502645502645388,False,-0.0070941186296876995
2023-02-01 00:00:00+00:00,0.0767414403778043,0.2865092123160605,0.20570350178234348,0.18469480008165753,0.048030221262815614,True,0.0127989624436804
2023-02-01 01:00:00+00:00,0.14317019722424837,0.05771683673469421,0.1685591895015966,0.1758740640292421,0.10309571144561117,True,0.0131458387736829
2023-02-02 00:00:00+00:00,0.9999999999999984,0.7147722435078745,0.49900778507098315,0.32502424481879133,0.6012432012431957,True,0.0181563091341089
2023-02-02 01:00:00+00:00,0.9999999999999988,0.8057971014492749,0.6210380463021785,0.42094721597386864,0.4190627122481238,True,0.019245387340781902
2023-02-03 00:00:00+00:00,0.6204475647213692,0.18948891031822593,0.30455552177878104,0.10224903735314965,0.07604464053984443,True,0.0181250484551362
2023-02-03 01:00:00+00:00,0.3446123977256936,0.128575658868817,0.18880856257628142,0.10680559283570426,0.36666073652374315,True,0.0180461412499621
2023-02-04 00:00:00+00:00,0.025979744605906945,0.12193379376041756,0.10750142845482034,0.2143354403943073,0.010466222645097587,True,0.0133801738684665
2023-02-04 02:00:00+00:00,0.24171952078930456,0.26532846715328195,0.08906106806631492,0.15612849195429723,0.18839129347009992,True,0.0129890802294784
2023-02-05 00:00:00+00:00,0.9537037037036972,0.23293852227862785,0.12822809374533684,0.12233151946421215,0.2605489553461702,True,0.0067816307776492005
2023-02-05 01:00:00+00:00,0.9588759424263122,0.7383561643835541,0.1250936329588013,0.1375835475578398,0.330594594594597,True,0.006901315766901601
2023-02-06 00:00:00+00:00,0.4538970962811959,0.4403354937094872,0.3536729857819886,0.279003434425751,0.3335988846843213,True,0.012376696622249701
2023-02-06 01:00:00+00:00,0.5995517370190391,0.17823171682519556,0.24207283928247772,0.17816889678529801,0.3082489146164914,True,0.0126916178968758
2023-02-07 05:00:00+00:00,0.7842261904761811,0.39079925650557895,0.09447599380485276,0.2251585623678637,0.45900564082383094,False,-0.005157464546
2023-02-07 06:00:00+00:00,0.8269689737470103,0.18138175746191093,0.1477162293488823,0.1994825355756791,0.008706693270450401,False,-0.0047290854063354
2023-02-08 00:00:00+00:00,0.9987029831387728,0.18947914864163287,0.27958747327380273,0.06647889358321553,0.6912016432728577,True,0.0144536388140162
2023-02-08 01:00:00+00:00,0.998292787025171,0.28883333333333017,0.2942336126170535,0.12417266187050398,0.6610296880871918,True,0.015223119146928102
2023-02-09 00:00:00+00:00,0.2768544791244566,0.21824542518837123,0.35168550178692143,0.0613705096997869,0.3229451647436667,True,0.0105085110577272
2023-02-09 01:00:00+00:00,0.43245469522241126,0.1766599597585529,0.3040727560300548,0.048562563086469994,0.23342803030303108,True,0.0106055261446781
2023-02-09 15:00:00+00:00,0.26611957796014996,0.3679763413603742,0.12280945757997394,0.06846232964772439,0.685348208838141,True,0.0124677398111316
2023-02-09 16:00:00+00:00,0.410268487988705,0.0793082886106105,0.2484908044363331,0.1176545978852935,0.66663588512328,True,0.012608317621142501
2023-02-10 00:00:00+00:00,0.9212921420330694,0.8183621933621913,0.6047191587586558,0.5086632013861133,0.17941864350150172,True,0.0179116081249541
2023-02-10 01:00:00+00:00,0.64808470881345,0.84060617126164,0.5762292547160093,0.4890354548193796,0.22612018061826566,True,0.017971482867897702
2023-02-11 07:00:00+00:00,0.3873626373626459,0.2260127931769718,0.19636100152966646,0.3531816752280096,0.11800241643174912,True,0.0074279997865237
2023-02-11 08:00:00+00:00,0.4473358116480968,0.07643884892086264,0.16064837104798194,0.3623698283140986,0.06708760852407389,True,0.007163860898423101
2023-02-12 02:00:00+00:00,0.5450540648778743,0.148325358851686,0.2580864828055914,0.05679573291189222,0.2675285927399232,False,-0.0040133545243358
2023-02-12 03:00:00+00:00,0.09021113243760383,0.21382289416847336,0.23970690858339785,0.005828648063134688,0.41301529686284855,False,-0.0039476842905763
2023-02-13 00:00:00+00:00,0.549156486329275,0.06338153901089096,0.03900871959614504,0.0796697764950651,0.2301088456231759,True,0.0103019659239843
2023-02-13 01:00:00+00:00,0.5238912732474907,0.013269819666552005,0.002912186379926673,0.11375484560887673,0.2087600441153283,True,0.0113376121781155
2023-02-14 01:00:00+00:00,0.42060920285157116,0.19820148256166803,0.020993413830953794,0.028450313850168104,0.02590460526315477,True,0.0116315784553255
2023-02-14 02:00:00+00:00,0.15620542082738345,0.04777070063694224,0.035931068164375635,0.04346068324236884,0.5299136819128871,True,0.0111897101893766
2023-02-15 00:00:00+00:00,0.37895716945996266,0.27533866492573755,0.2870162297128593,0.12249415038259623,0.7007046191701098,False,-0.008623865688950001
2023-02-15 01:00:00+00:00,0.3417431192660556,0.37449428320140266,0.27005051127263413,0.14151580436669833,0.6278771009527842,False,-0.0087198992658247
2023-02-16 01:00:00+00:00,0.9625157419068083,0.9213224724484916,0.8305915064049509,0.6219183935056588,0.25540765391015274,True,0.0258359397349319
2023-02-16 02:00:00+00:00,0.9088288288288298,0.9316796598157339,0.8555643773984367,0.6245014003224962,0.3620539599651875,True,0.0237490122312802
2023-02-17 01:00:00+00:00,0.7514731593602261,0.28998174260964105,0.2824154149597941,0.25455088972450807,0.09178117708063181,True,0.0293745980903827
2023-02-17 03:00:00+00:00,0.5436900007007202,0.6179531860782732,0.28225120914553753,0.2598689271099344,0.29636013383352316,True,0.0280149092397423
2023-02-18 10:00:00+00:00,0.29647829647830476,0.20223060521568048,0.3219727345629519,0.012424328335807089,0.29384965831435117,False,-0.0075868404270974
2023-02-18 12:00:00+00:00,0.2844686648501394,0.18403402584655754,0.2581254426693953,0.013416300393435072,0.2285604900459435,True,0.0096892711382102
2023-02-19 00:00:00+00:00,0.49389852280023744,0.029850746268660043,0.001066098081020869,0.237153333677633,0.09198813056380054,True,0.00888791199909
2023-02-19 01:00:00+00:00,0.8415094339622772,0.32139180564134573,0.06209422340602819,0.23185730258197068,0.10094438614899988,True,0.0089677064625341
2023-02-20 00:00:00+00:00,0.5540889526542266,0.32711124491946314,0.26549655632081726,0.12271678206396208,0.679528522183923,True,0.0174938610276253
2023-02-20 01:00:00+00:00,0.8628117913832145,0.3387084843553522,0.2767446948151386,0.1507386586481894,0.6846482109640021,False,-0.0096130718029442
2023-02-21 00:00:00+00:00,0.07430093209054961,0.043750890694029716,0.40087445346658496,0.030642923219241395,0.23171230077646301,False,-0.0071450784163082995
2023-02-21 01:00:00+00:00,0.05333333333332876,0.006220379146920493,0.3963878925177784,0.0426694570398799,0.2911514683153013,False,-0.006846734447699399
2023-02-22 00:00:00+00:00,0.3280086638689572,0.1270740321183424,0.16838072191974132,0.05750947085421054,0.28094145806323156,True,0.0181111722362029
2023-02-22 01:00:00+00:00,0.28482927532055874,0.10799400789867752,0.1837207444684072,0.04363725012189167,0.08711066092681677,True,0.0191579303322405
2023-02-23 00:00:00+00:00,0.9999999999999977,0.040451552210724606,0.1155540494747554,0.15061372471934714,0.146336540402341,False,-0.0077587054126734
2023-02-23 01:00:00+00:00,0.7593136148114702,0.012542341847478546,0.029275808936825347,0.16267197369559586,0.1179056492356147,False,-0.007518091669753499
2023-02-23 15:00:00+00:00,0.3724647414372029,0.4016172506738515,0.12660165303712784,0.11295984416533116,0.007027697395616037,True,0.0188668337510443
2023-02-23 19:00:00+00:00,0.4350797266514764,0.4137517009525292,0.02801226323967941,0.15980889440784635,0.31582491582491934,True,0.0190253072398551
2023-02-24 00:00:00+00:00,0.26979865771811584,0.037738365115347804,0.08460781683212619,0.1104886113152099,0.15944658652755603,True,0.0198400218585233
2023-02-24 01:00:00+00:00,0.07936507936507954,0.08250825082508256,0.10713470580179876,0.054863747370456885,0.4451329202478525,True,0.017199048758283
2023-02-25 00:00:00+00:00,0.30926888956866866,0.5685637736461834,0.46071983737893346,0.24002852631042787,0.24274955936548648,True,0.0187499231698793
2023-02-25 01:00:00+00:00,0.05528455284552232,0.5349610571453595,0.5076080340839947,0.2634400288644921,0.28664858829159523,True,0.0187895437602265
2023-02-26 02:00:00+00:00,0.6170072511535826,0.2370960973562702,0.027755749405233832,0.30688595029077326,0.08355691835952886,True,0.0089540857447929
2023-02-26 03:00:00+00:00,0.7203369434416292,0.38746630727762355,0.14405494603514318,0.2558106424630706,0.06839920591951179,True,0.0088275471238069
2023-02-27 00:00:00+00:00,0.1696029450433883,0.4476558944014539,0.31174144279285404,0.15051000545043897,0.19668458781361894,True,0.0117471376921584
2023-02-27 01:00:00+00:00,0.020087739552068367,0.31318804762974467,0.2501651036851135,0.11871396387796293,0.22162319685268728,True,0.0121367312266394
2023-02-28 00:00:00+00:00,0.8774277082434085,0.07495397562899987,0.0014491840463734349,0.125741970674111,0.0657294832826717,True,0.0170948186749818
2023-02-28 01:00:00+00:00,0.5183246073298411,0.31395220790661676,0.0834169593577524,0.09699397533356476,0.04634361233480681,True,0.017288980843117502
2023-03-01 00:00:00+00:00,0.8425742574257289,0.4187649085608191,0.21967213114753947,0.12008443702972302,0.5052640038575852,False,-0.0069246054465666
2023-03-01 01:00:00+00:00,0.7164511814533897,0.409610983981685,0.2522893772893764,0.15565924451916127,0.398125221082415,False,-0.0072066115763451
2023-03-02 00:00:00+00:00,0.10197915092914299,0.12714688541399824,0.2615460607557411,0.06242525711552197,0.48153875894065734,True,0.013910978723301201
2023-03-02 01:00:00+00:00,0.7410661980081962,0.11741835147744874,0.189024390243903,0.052101941169465,0.4308149405772513,True,0.0146102742773505
2023-03-03 00:00:00+00:00,0.16272189349112656,0.22233420681314287,0.13696467337675505,0.1197988111568356,0.5904001773639285,True,0.009400704557161601
2023-03-03 02:00:00+00:00,0.920256965295721,0.6568194680249025,0.6068683417988961,0.2844827586206902,0.06679527369182571,True,0.0208244171380473
2023-03-04 06:00:00+00:00,0.6716417910447325,0.03544088460447919,0.059150169000482165,0.34056904586705933,0.2009237875288607,True,0.0064927501038438
2023-03-04 07:00:00+00:00,0.348965517241347,0.019313923320843498,0.008468595624559693,0.3154160395613853,0.38412246351012985,True,0.0061702487179257
2023-03-05 00:00:00+00:00,0.09773828756058614,0.11216517857143096,0.036918707845223726,0.36262992179300335,0.05347808604744409,False,-0.0037204449286485997
2023-03-05 01:00:00+00:00,0.6282847587195515,0.07079646017699798,0.07091577657152778,0.13537727616498862,0.22095435684647222,True,0.0068523080562932995
2023-03-06 00:00:00+00:00,0.009937888198748664,0.03397880891488116,0.04824475387330954,0.03888236384991131,0.1573426573426568,True,0.005430583590690601
2023-03-06 01:00:00+00:00,0.27406417112299547,0.08139059304704281,0.1794871794871822,0.06554621848739461,0.2374376678174047,True,0.0064343239306103
2023-03-07 00:00:00+00:00,0.36326225215113894,0.013725111154066287,0.04718038092867082,0.014629901560884265,0.044936708860761135,True,0.0065962541504882
2023-03-07 01:00:00+00:00,0.12321981424148877,0.05828666251814592,0.045503500269250034,0.11030763573967421,0.4373219373219229,True,0.0069266343847212
2023-03-08 00:00:00+00:00,0.013641133263383775,0.3131218905472633,0.224770642201835,0.14020700186641,0.3504009870450357,True,0.014454063445089
2023-03-08 01:00:00+00:00,0.44380514000767146,0.17974606088419617,0.25714285714285307,0.07694946261148007,0.30021598272138406,True,0.0147394085891548
2023-03-09 00:00:00+00:00,0.6114088820826924,0.3656304985337236,0.3590512359251122,0.2820962788657118,0.33395406579763864,True,0.0144988691208199
2023-03-09 01:00:00+00:00,0.5460170146945137,0.3208397580358231,0.3122491349480995,0.31138579529229354,0.010999999999994615,True,0.0149228083345515
2023-03-09 15:00:00+00:00,0.4115365971885596,0.13384924047003943,0.37875457875457963,0.23311529671368944,0.7514720429601023,True,0.008129745189876301
2023-03-09 16:00:00+00:00,0.009061254077564253,0.23416117587429566,0.42321520287622,0.23272225507589261,0.7525212251981801,True,0.00935891942245
2023-03-10 00:00:00+00:00,0.5660540915395287,0.633912340941224,0.5919395465994963,0.49379483688537623,0.1549295774647876,True,0.0254684948167682
2023-03-10 01:00:00+00:00,0.595442055923711,0.7481411764705863,0.6278811881188122,0.51508615284292,0.049794238683126546,True,0.0279394343254008
2023-03-11 00:00:00+00:00,0.7254807692307721,0.15672280902083846,0.012044507322295736,0.30461085042851077,0.11671253440080195,True,0.0246688156732884
2023-03-11 01:00:00+00:00,0.6265533028123021,0.027889757301523183,0.03983542173181222,0.2856402081852925,0.39071506465181655,True,0.0258392265657606
2023-03-12 00:00:00+00:00,0.8032447359337223,0.6808035714285656,0.10799640610961246,0.06897043542044455,0.22128851540616024,True,0.0135199190565165
2023-03-12 01:00:00+00:00,0.8151494093120061,0.6455783485605854,0.06819035355974128,0.07021337358736826,0.12852664576803033,True,0.0133443600180597
2023-03-13 00:00:00+00:00,0.606793550092519,0.7036519917971995,0.5899280575539589,0.3674797083789421,0.24663888670492903,False,-0.0146473557035698
2023-03-13 01:00:00+00:00,0.9999999999999994,0.7535486225141413,0.6699035539701426,0.37848039613605006,0.12757652537149786,False,-0.0151312146277753
2023-03-14 00:00:00+00:00,0.37560122431132426,0.7455468837521952,0.4260468884500479,0.5239751907036436,0.7245795270212569,False,-0.0148414192692789
2023-03-14 01:00:00+00:00,0.29146141215106847,0.7145131556896275,0.49172103662498956,0.5353957755493922,0.6351895951639475,False,-0.014966373175238499
2023-03-15 01:00:00+00:00,0.40096858313671907,0.5580790660652684,0.08242176937636696,0.30205278592375295,0.09755301794453382,True,0.0471738560352952
2023-03-15 02:00:00+00:00,0.6731346269253817,0.45970668655232344,0.1563928050559057,0.33393345903533794,0.0960045755372169,True,0.0386234974104289
2023-03-16 00:00:00+00:00,0.3929539295392873,0.40333704115683955,0.16715693484335836,0.016433128275233706,0.4274574865201165,False,-0.0145054459483226
2023-03-16 02:00:00+00:00,0.0051836826684761835,0.2737971616476274,0.19225003747564015,0.007608663965250939,0.4090753424657556,False,-0.0120452666288303
2023-03-17 00:00:00+00:00,0.2814192849404119,0.22151742318148193,0.3241299495742751,0.04746399019307438,0.5999583000312739,False,-0.0096581046989598
2023-03-17 01:00:00+00:00,0.06249054319867196,0.06388329979879011,0.24179605539236126,0.0029242046163443507,0.3464307398733625,False,-0.0107845435592223
2023-03-18 00:00:00+00:00,0.665925038507619,0.39607554316376786,0.5188548947390461,0.4362832587385709,0.09366970334034302,False,-0.0136308177499743
2023-03-18 04:00:00+00:00,0.31021742219695714,0.462148962148962,0.37160560471284154,0.3980978439600626,0.01723136495643806,True,0.0264695076356816
2023-03-19 01:00:00+00:00,0.417985853822837,0.2761681460391901,0.10859151834761557,0.2080934171391737,0.09100817438692482,True,0.0230545230460404
2023-03-19 02:00:00+00:00,0.34941736418841723,0.38381912285481107,0.07963348236023288,0.22613540635206872,0.23739855983540772,True,0.0217218343158783
2023-03-20 00:00:00+00:00,0.44305713204691205,0.3523883722062607,0.3205967976710325,0.06440142236270231,0.2080320449461586,True,0.0257376749441462
2023-03-20 01:00:00+00:00,0.4935198990709901,0.3043723289343893,0.24967694618097952,0.09550365981178122,0.06435053625446757,True,0.0261787923693589
2023-03-21 00:00:00+00:00,0.37601365770380135,0.22458670418571963,0.02642552481711848,0.08883055296807463,0.25022488755622185,True,0.0233959064306475
2023-03-21 01:00:00+00:00,0.10160934048595938,0.013068949977468353,0.03984302089066485,0.10206125344237674,0.1072116707954852,True,0.023337653472488902
2023-03-22 02:00:00+00:00,0.06215424666449317,0.15564260961277634,0.10946380034593493,0.09486022659683999,0.6350492334538229,False,-0.008040063081034601
2023-03-22 03:00:00+00:00,0.1661307609860693,0.006447346668870324,0.09189189189189209,0.11397785977859781,0.6050182112505086,False,-0.0079228563203714
2023-03-23 15:00:00+00:00,0.4580863674851811,0.48988591026807377,0.1097048119692686,0.0021290884929194014,0.20989366620434638,True,0.0181929152616093
2023-03-23 16:00:00+00:00,0.6683080289974009,0.6985572059841324,0.01144384041278882,0.03317181226637118,0.19929721815519755,True,0.0186935150815151
2023-03-24 00:00:00+00:00,0.49343434343434417,0.2933195272610421,0.2570737987021519,0.03408356870543221,0.14068537404193185,True,0.0270021705438928
2023-03-24 01:00:00+00:00,0.4168456215700368,0.29865194320952265,0.2811052504752465,0.013960527145469559,0.18360118071498654,True,0.0268719004828366
2023-03-25 02:00:00+00:00,0.15087834509932938,0.3350603313109273,0.23506166110240492,0.022497801764652037,0.15551804178096598,True,0.0201870123279052
2023-03-25 03:00:00+00:00,0.6041108132260986,0.2661796081980994,0.20862781704227185,0.036145658933269424,0.10891432535553619,True,0.0188657891327711
2023-03-26 00:00:00+00:00,0.032979749276757016,0.008795875037913962,0.06184793726559836,0.16552294521313407,0.5954847688263486,False,-0.0066291445349324
2023-03-26 01:00:00+00:00,0.999999999999997,0.032543443917849045,0.022955233927971667,0.16139522451888727,0.6810145104255583,False,-0.006673954637509199
2023-03-27 00:00:00+00:00,0.3809173411822384,0.03918495297805617,0.22629635408539936,0.12027967987056055,0.30006131207847864,True,0.015035541449334201
2023-03-27 01:00:00+00:00,0.40047505938242356,0.14665170220725585,0.21261843010638815,0.14479427340976536,0.193443549526632,True,0.0144068467554133
2023-03-28 00:00:00+00:00,0.08162773898387124,0.3423009623797032,0.3292742880913666,0.08861034947991474,0.012895248189367745,True,0.0203712027782106
2023-03-28 01:00:00+00:00,0.00926334362593899,0.375849722380781,0.3268559283437076,0.1339015555082038,0.16616206589492288,True,0.0213195164214597
2023-03-29 00:00:00+00:00,0.21496774193548343,0.2329512657705949,0.12670049895518032,0.1423687992852426,0.6920443814919718,False,-0.0084024213519214
2023-03-29 01:00:00+00:00,0.48893105629348343,0.3435304579813252,0.08885428253615171,0.1115388471177944,0.666787571031315,False,-0.007929125650934
2023-03-30 00:00:00+00:00,0.09925352502073996,0.08270133622246226,0.3857958600999295,0.268861427435157,0.19939097887458107,False,-0.007066627113196999
2023-03-30 01:00:00+00:00,0.3207412687099078,0.08903434053618149,0.36241198772341554,0.24809243084445698,0.10107552439241685,False,-0.0070992368321145995
2023-03-31 00:00:00+00:00,0.20282476597142304,0.4187534022863355,0.09885419744574594,0.1290394017341532,0.1298855112514802,True,0.018596849507507802
2023-03-31 01:00:00+00:00,0.34731746672045,0.1766743648960744,0.03248295647345613,0.1521061359867325,0.18621503201887596,True,0.0194304475514606
2023-04-01 01:00:00+00:00,0.07359307359307629,0.0770433229120137,0.13926238955051895,0.017585340623614065,0.4219124373774763,True,0.015431170320525999
2023-04-01 02:00:00+00:00,0.460488208522961,0.09926991391522424,0.20955309005034944,0.0706176020613574,0.5042032505137296,True,0.0157809084786036
2023-04-02 01:00:00+00:00,0.06657515442689738,0.0950681375730018,0.23458856345885468,0.06272153799940007,0.18880859736890945,True,0.007020389203482601
2023-04-02 02:00:00+00:00,0.24669073405535832,0.13809256136406312,0.18353601496725902,0.0725946301500924,0.24943988050783578,True,0.006752050203983801
2023-04-03 00:00:00+00:00,0.029887683228632625,0.1166025083819667,0.13871849826324759,0.10343501173212175,0.03648449039881678,True,0.0115266783898113
2023-04-03 01:00:00+00:00,0.4465240641711218,0.2015074785066525,0.19657258064516075,0.2010766943875291,0.525908960778703,False,-0.0073709037041927
2023-04-04 00:00:00+00:00,0.4459102902374675,0.23517250290735178,0.10841546626232068,0.13041664735598152,0.6813320698524492,False,-0.009593428579665499
2023-04-04 01:00:00+00:00,0.4221698113207547,0.3352169525731602,0.020833333333333058,0.14423054701763346,0.3570324574961369,False,-0.0097848201920561
2023-04-05 00:00:00+00:00,0.24417520969245837,0.12287762545591904,0.2644412570087391,0.012186668455535453,0.2522842639593939,True,0.0136940699407098
2023-04-05 01:00:00+00:00,0.7492269635126808,0.48604427333975186,0.4313508064516147,0.20988464990041006,0.3641269156054406,True,0.013242276910764201
2023-04-06 00:00:00+00:00,0.39332949971248427,0.3812186108215692,0.34616711515904447,0.11608680675163716,0.11773392401664769,True,0.015141394182465701
2023-04-06 01:00:00+00:00,0.8022764227642345,0.3850645070157276,0.37870443220561373,0.050625537462897996,0.24344461957300595,True,0.0157766055957092
2023-04-06 15:00:00+00:00,0.15939904727006085,0.28175769766362696,0.05284822732704985,0.021995739045316324,0.12574322836379143,True,0.009890020050357301
2023-04-06 16:00:00+00:00,0.678888888888874,0.033383706553097005,0.09328572339475862,0.0019192774484897803,0.09464082098061394,True,0.0099239673293617
2023-04-07 00:00:00+00:00,0.4749999999999903,0.2559440559440488,0.03243937690701592,0.2208073125632356,0.36105860113421145,True,0.0088603908288136
2023-04-07 01:00:00+00:00,0.5040397762585289,0.3826437202489893,0.03142834177316802,0.16722537845372182,0.2902277736958106,True,0.008670644880434
2023-04-08 01:00:00+00:00,0.07941325240263324,0.03425774877650397,0.1870203902652885,0.08009631547862335,0.2249228395061658,False,-0.0036545696666733995
2023-04-08 02:00:00+00:00,0.21208850512681715,0.0212080536912786,0.12016156176371277,0.0614246152449259,0.14764531183708146,False,-0.003354775283484
2023-04-09 00:00:00+00:00,0.5440931780366548,0.2501186521119961,0.07534056157909406,0.0961584347411092,0.28559892328397357,True,0.0041984828779536
2023-04-09 01:00:00+00:00,0.8034433285509603,0.045306270387822464,0.16253304796676055,0.011691167959254865,0.48700173310224126,True,0.0042628286376014
2023-04-10 00:00:00+00:00,0.5108262601766836,0.4963503649635012,0.2472343709801899,0.22137558661754914,0.3145685122177564,True,0.0086576867295141
2023-04-10 01:00:00+00:00,0.4548262548262511,0.5650611071171755,0.25660569105690817,0.23576027736503039,0.2774698402347541,True,0.0090368295618875
2023-04-11 01:00:00+00:00,0.8685208596712992,0.8450002466577876,0.6974890736138505,0.5169090200011133,0.04208498123922525,True,0.020548027971551402
2023-04-11 02:00:00+00:00,0.9999999999999991,0.8581425798004433,0.7374633544206166,0.568401477251892,0.025324860096747344,False,-0.0107748890255864
2023-04-12 00:00:00+00:00,0.11825017088175599,0.10450664649302488,0.1298032095009071,0.40864011514156484,0.09732153678341979,True,0.0123400560780364
2023-04-12 01:00:00+00:00,0.40907049842836263,0.025241276911656937,0.011759460513848529,0.4364686093558208,0.13636363636363907,True,0.0128203429268727
2023-04-13 02:00:00+00:00,0.3573441904165427,0.04970691676436272,0.0929566202438863,0.0073537860507866554,0.3530891197375573,False,-0.0069377461471078995
2023-04-13 03:00:00+00:00,0.45435187649720504,0.18495887191539515,0.12282510632813647,0.00011407711612988151,0.4187113047466177,False,-0.006372596531101699
2023-04-14 00:00:00+00:00,0.19987661937075546,0.11354428993758972,0.24342885683960802,0.04495630499414421,0.12530210076222276,True,0.0121831128063642
2023-04-14 01:00:00+00:00,0.6988636363636389,0.48195790177079934,0.3636172670937912,0.15990910833082347,0.06576283123514465,True,0.0129964065229944
2023-04-15 05:00:00+00:00,0.821596244131477,0.2491467576791822,0.2421749930996429,0.06506597776258093,0.32602637934237616,True,0.0080042091417296
2023-04-15 06:00:00+00:00,0.5005117707267391,0.3610842207163667,0.30734371368812624,0.10453397290332495,0.15857373230603847,True,0.0067841117258322006
2023-04-16 00:00:00+00:00,0.03211991434689594,0.24240687679082798,0.08744175967060153,0.14834722713959259,0.058617672790906454,True,0.0049885475295363005
2023-04-16 01:00:00+00:00,0.22838345864661333,0.1121558092679623,0.09216341489705815,0.16424399740428408,0.04196255648805628,True,0.0053743208756309
2023-04-17 00:00:00+00:00,0.5843777324395227,0.05337037578593342,0.015971951694582875,0.03801214347670809,0.3614318706697455,True,0.009390860552312601
2023-04-17 01:00:00+00:00,0.7683560753736197,0.36157390996100597,0.27464886663885313,0.21705909223038977,0.6048251982575646,True,0.0101435804822453
2023-04-18 00:00:00+00:00,0.4511352418558657,0.1638269986893814,0.2797344892982913,0.2875405844155832,0.7355996222851741,True,0.0108150662799525
2023-04-18 01:00:00+00:00,0.4823091247672098,0.06434463794683412,0.4001943364797294,0.2927549855636863,0.7488601539726435,False,-0.005484278926740699
2023-04-19 00:00:00+00:00,0.6605399195864482,0.07730364873222031,0.4506024096385544,0.14090019569471582,0.6463860393821472,True,0.0131317205983837
2023-04-19 01:00:00+00:00,0.2979857819905314,0.05845511482254735,0.4119952959623692,0.0999144659467557,0.5260740654613082,True,0.011397006402966101
2023-04-20 00:00:00+00:00,0.9497549019607711,0.47131659661479,0.586570929555598,0.11501158522832151,0.03398961700460429,True,0.0151037301669656
2023-04-20 01:00:00+00:00,0.5388489208632987,0.4577377602701166,0.5027984359426494,0.09011085941102172,0.10646142501613029,True,0.0153746374900092
2023-04-20 15:00:00+00:00,0.20949640287769958,0.16279069767441706,0.2861447375376642,0.31483393563930473,0.2157324540744234,True,0.014799811477888
2023-04-20 17:00:00+00:00,0.23958477508650283,0.40538618789440567,0.4127321707074974,0.3378810488168828,0.3175668477681918,True,0.0154097070447098
2023-04-21 01:00:00+00:00,0.9127061105722558,0.5554378905008979,0.3153952296471508,0.4182342559510981,0.06649367499189113,True,0.0184698462255831
2023-04-21 02:00:00+00:00,0.03329969727547107,0.5535942152275597,0.2830305532617669,0.42588305261145526,0.15572840706530336,True,0.0158003470181228
2023-04-22 04:00:00+00:00,0.2017684887459834,0.6874940741443064,0.425058004640371,0.36985711208443983,0.3048477721155125,True,0.0137075957974001
2023-04-22 05:00:00+00:00,0.30699774266365526,0.5967139656460098,0.38589963747376543,0.37156414004649024,0.33674105473132865,True,0.0132944396420628
2023-04-23 03:00:00+00:00,0.1481272350837581,0.12123352165725053,0.17445764462809768,0.19250066015315587,0.11924803591470313,True,0.0116619764708811
2023-04-23 04:00:00+00:00,0.7556818181818181,0.027952656761522136,0.13536389868547774,0.1820686334822269,0.028225286763760266,True,0.0108236714575653
2023-04-24 00:00:00+00:00,0.9484609878310796,0.0326560232220615,0.03688524590164037,0.124821955879799,0.3034084247550461,True,0.0126171086047763
2023-04-24 01:00:00+00:00,0.979286536248567,0.23934250968863272,0.18396874773927652,0.1677843480558964,0.09684258347845716,True,0.0136044120206861
2023-04-25 00:00:00+00:00,0.6459438968915804,0.05248947828158369,0.12073041493437714,0.009187205579990997,0.09518874907475873,True,0.0159208100987536
2023-04-25 01:00:00+00:00,0.27736131934032576,0.14541426672574348,0.11922260329903651,0.023575436248520758,0.08117859290438989,True,0.0158605433855575
2023-04-26 00:00:00+00:00,0.9232147427693872,0.719108280254775,0.4343256536370702,0.1111712443061381,0.8599711280676431,False,-0.007420525329656699
2023-04-26 01:00:00+00:00,0.9200958849380733,0.7919190243092981,0.4814220796578453,0.12490299018488954,0.7432103769760859,False,-0.0074265665361827994
2023-04-27 00:00:00+00:00,0.42298443235033534,0.4267882072760118,0.019471811468521734,0.12600172768954782,0.20319823545629823,True,0.0408702210256242
2023-04-27 04:00:00+00:00,0.3194325021496119,0.18478065892013676,0.07849934304324714,0.1626018943269198,0.0421765955294832,True,0.0388392817473008
2023-04-28 00:00:00+00:00,0.5896931549960576,0.4217630853994477,0.07468994028479552,0.1211069088804842,0.4742358078602527,True,0.021541385413865702
2023-04-28 01:00:00+00:00,0.2454601101815981,0.4245767939140547,0.2828434627616793,0.12083436698916707,0.5722406442444257,True,0.0212105871756878
2023-04-29 03:00:00+00:00,0.24169184290030268,0.4786507258753189,0.04259129486880044,0.12397971007029293,0.13795121951219333,True,0.0092383015037389
2023-04-29 04:00:00+00:00,0.007119126720455689,0.18602150537634735,0.1301043098568778,0.0672452362342663,0.20123583934088224,True,0.008306619117353701
2023-04-30 00:00:00+00:00,0.32233676975945796,0.1096448670677267,0.041512622794970845,0.14175447725597126,0.29341317365269426,False,-0.004173069616388
2023-04-30 01:00:00+00:00,0.5498030388294867,0.4942115768463071,0.12904165452956617,0.16025287453858775,0.5349737351396106,False,-0.0041541508363560995
2023-05-01 00:00:00+00:00,0.6710577295621905,0.0037506697624582553,0.06712002720163272,0.011574074074074042,0.54918219855458,True,0.0128169488468144
2023-05-01 01:00:00+00:00,0.11444652908067862,0.022013399460540702,0.14480476505625392,0.017863370403378327,0.06750590086545634,True,0.017608222523431902
2023-05-02 02:00:00+00:00,0.5087854798223571,0.3146787372876364,0.26345903771131257,0.2684718358831704,0.3778904022806479,False,-0.0087055102040816
2023-05-02 03:00:00+00:00,0.08849874596918826,0.10770905626998646,0.23028870504811638,0.2501606339687299,0.45363501483679464,False,-0.0085522359475149
2023-05-03 00:00:00+00:00,0.24708171206224946,0.4890129054761067,0.34472272903190176,0.13276952130716785,0.2791892663431296,True,0.016181320069794
2023-05-03 01:00:00+00:00,0.5436320754716938,0.41065675340768126,0.3024526079040375,0.0008765487669092712,0.23205938960682201,True,0.016285639371582502
2023-05-04 01:00:00+00:00,0.8229119123687832,0.41106549843759677,0.2127993218902303,0.2587031997747957,0.32445369406868113,True,0.0198199713080218
2023-05-04 02:00:00+00:00,0.781161872532433,0.5645653616456552,0.23744059742023174,0.25072319438516644,0.28804569563443566,True,0.0190855136629971
2023-05-04 15:00:00+00:00,0.4629768137621534,0.33192701191857366,0.1983543199102353,0.060818570555895166,0.3119792630994224,True,0.011580391185937
2023-05-04 16:00:00+00:00,0.6481294236602577,0.23440860215053586,0.16648662662576125,0.0956310088840211,0.2905689194348939,True,0.0114483822859395
2023-05-05 00:00:00+00:00,0.14214463840399247,0.252536900369,0.13108854902968664,0.08452272497216287,0.015442861412772659,False,-0.0061296372907541
2023-05-05 01:00:00+00:00,0.1436699857752403,0.26750826570483527,0.0822675848499767,0.09859716442827499,0.18064516129032243,True,0.012526320549813
2023-05-06 00:00:00+00:00,0.2365008252770538,0.44058063486999505,0.25156146179401967,0.11799146063968446,0.816903429473391,True,0.0162787127813869
2023-05-06 01:00:00+00:00,0.25115633672524956,0.4130543933054378,0.16850393700787256,0.14813442971084165,0.8241212956581759,True,0.0166286054799503
2023-05-07 00:00:00+00:00,0.3689715281812909,0.23928844682479125,0.4703012912482103,0.020596284027077492,0.052951388888891594,True,0.0117166224294035
2023-05-07 01:00:00+00:00,0.5020576131687104,0.007905939590512168,0.3537760644822176,0.09968444467435787,0.07984420642648167,True,0.0130996161405977
2023-05-08 00:00:00+00:00,0.7843137254901967,0.5573149741824354,0.3828717255873259,0.39093636507184554,0.4863447277988807,True,0.0115220303634258
2023-05-08 01:00:00+00:00,0.5212111654313203,0.3411067193675881,0.21956705088557704,0.3047514505253259,0.2611977856064449,True,0.0132204789640997
2023-05-09 01:00:00+00:00,0.5661851764148758,0.23729395604395415,0.2503032437297031,0.3017235412196303,0.11930080116532867,True,0.0150266247908401
2023-05-09 02:00:00+00:00,0.4788051209103856,0.23137388926862573,0.22199701709434436,0.25484467371208147,0.14833075080997682,True,0.0147396025208015
2023-05-10 00:00:00+00:00,0.18576388888888928,0.11659309270319386,0.023059185242121416,0.20142836013269388,0.4971281209705807,True,0.0128822654415097
2023-05-10 01:00:00+00:00,0.10009593859929357,0.11440084092501557,0.02663968054264025,0.10479912944991049,0.5793248423395638,True,0.012778071832087701
2023-05-11 01:00:00+00:00,0.2214716525934841,0.32530480218960023,0.06571570505996792,0.039875667965340256,0.544383346425765,True,0.0255862005295519
2023-05-11 02:00:00+00:00,0.4306301215032483,0.27031811055479743,0.0419836573682732,0.01813443834504595,0.5701793389654657,True,0.0232394878613071
2023-05-12 00:00:00+00:00,0.013084112149537667,0.39489918055427364,0.3445303587273401,0.17531708194656842,0.5412971657103158,True,0.0172229295550951
2023-05-12 01:00:00+00:00,0.5065842515452742,0.18422968896286052,0.32770058830892307,0.14918712860186137,0.4146765928647402,True,0.0181182126359371
2023-05-13 11:00:00+00:00,0.6905901116427181,0.10390848427073576,0.39046391752576937,0.16510760401721666,0.12524271844660032,False,-0.004738197369101
2023-05-13 12:00:00+00:00,0.7710944026733328,0.041066282420754587,0.3531504065040617,0.16405217491237112,0.17791970802919901,False,-0.0044877594106118
2023-05-14 00:00:00+00:00,0.03323652791222753,0.11471382952591794,0.0913573085846878,0.09376594969012067,0.40292016154083904,True,0.008260249529980201
2023-05-14 03:00:00+00:00,0.18310911808669686,0.006318449873631047,0.006075669704503605,0.09272892712383216,0.5598971722364994,True,0.0082592265362664
2023-05-15 00:00:00+00:00,0.04440275171981511,0.07660533233196092,0.1995318899941467,0.04836866827472438,0.5614466957015727,False,-0.0050478070507576
2023-05-15 01:00:00+00:00,0.33565217391303986,0.18071498852082546,0.06982569669136529,0.01801533979427986,0.2532380527020977,False,-0.0059895219356889
2023-05-16 00:00:00+00:00,0.9058584490348677,0.42712815715621566,0.22927013264600513,0.1645371781346449,0.17397487556292868,True,0.0107090958280341
2023-05-16 02:00:00+00:00,0.7480708125283678,0.5356992565577198,0.09894613583137996,0.07781278962001884,0.13641025641025262,True,0.0123146118890161
2023-05-17 00:00:00+00:00,0.06210691823899292,0.047801147227533654,0.128794218333967,0.08042622505768979,0.5445746306673526,True,0.008982383163917
2023-05-17 01:00:00+00:00,0.8723623262995519,0.25856014047410675,0.06586122996895699,0.03995087692366682,0.7184182590233555,True,0.009254411329224001
2023-05-18 00:00:00+00:00,0.6580766813324869,0.7499490523741574,0.17457262538208906,0.06416006616407453,0.17169470318365157,True,0.013826899230920701
2023-05-18 01:00:00+00:00,0.12630662020905548,0.7382591093117352,0.10794671566375749,0.11283347747987403,0.09369241672572423,True,0.012716704805491901
2023-05-18 15:00:00+00:00,0.5058139534883562,0.18074802562956147,0.28531397274232484,0.07023050183928962,0.19064309661688583,True,0.009600078511489701
2023-05-18 16:00:00+00:00,0.6313253012048067,0.2829942618674999,0.11270894788593956,0.010166655942346774,0.1470918481922305,True,0.0098251941841625
2023-05-19 03:00:00+00:00,0.4683870967741978,0.22087663098679663,0.26744956908798145,0.06788347889754685,0.1090599951420978,True,0.0158022633470909
2023-05-19 04:00:00+00:00,0.2245065789473642,0.18122253911970954,0.22470180838784165,0.06080993324155094,0.097955301949589,True,0.0140527158364052
2023-05-20 05:00:00+00:00,0.07370336669698238,0.13426219126029426,0.0025675510453582813,0.12233390536896271,0.6427076064200868,False,-0.0034332650089718003
2023-05-20 06:00:00+00:00,0.2309552599758378,0.07728653391831858,0.046665832603527156,0.12033136759337239,0.3380068207654417,False,-0.0031348087811534
2023-05-21 00:00:00+00:00,0.40354894104179034,0.3443333333333345,0.31930351997995765,0.12907801418439796,0.5115706548498226,True,0.0060695869881948
2023-05-21 01:00:00+00:00,0.626255380200868,0.475931465868918,0.41088464874241,0.24442928603910796,0.4747617366748972,True,0.0064960962806586
2023-05-22 00:00:00+00:00,0.6523076923076805,0.677443056576039,0.5627906976744135,0.055958663148635866,0.14614499424625976,True,0.0079081361941438
2023-05-22 01:00:00+00:00,0.9633956386292744,0.730839975475161,0.5683243727598511,0.1098210987387201,0.578356164383559,False,-0.0047139725081809
2023-05-23 00:00:00+00:00,0.31809523809522533,0.21597737716507995,0.18248712288447555,0.18871680341797303,0.5247843588269083,False,-0.0052565025025503994
2023-05-23 01:00:00+00:00,0.36693191865605806,0.5740740740740818,0.2323619631901859,0.16645882176884283,0.33243823845327236,False,-0.0057460658190530995
2023-05-24 00:00:00+00:00,0.6791808873720223,0.14713572617066215,0.3056890404588435,0.23650139461304753,0.6259768256534561,True,0.0062818203921048005
2023-05-24 01:00:00+00:00,0.18428571428570298,0.1897018970189685,0.1377568204782735,0.23887382690302383,0.7141680395387096,True,0.0062073410884393
2023-05-25 00:00:00+00:00,0.4075211051419778,0.39327767073431436,0.49630159866379836,0.16553931434981914,0.2251409709806079,True,0.0136863196296693
2023-05-25 05:00:00+00:00,0.33847702113383676,0.09295593438404401,0.36793463702115714,0.4196367313039352,0.10907140302777414,True,0.011426953863702
2023-05-26 00:00:00+00:00,0.6069812540400567,0.12863988204938973,0.18390170906513273,0.2256234331706014,0.07084404956745183,True,0.0093621750608712
2023-05-26 02:00:00+00:00,0.68922783603433,0.09051297286590783,0.23832276134772043,0.24641683103221482,0.5249666617276632,False,-0.0052381907926608
2023-05-27 01:00:00+00:00,0.7364238410595849,0.21267474370922335,0.2389662027833014,0.23783370098590803,0.30136986301369756,True,0.008125957015223
2023-05-27 02:00:00+00:00,0.153806317969965,0.10691823899370789,0.2967345007098909,0.25923653416312337,0.2504113195130058,True,0.0074820704664796
2023-05-28 00:00:00+00:00,0.9999999999999934,0.2932891466445679,0.2619300106044511,0.20937396853339077,0.17700915564598318,False,-0.0046019713570987
2023-05-28 01:00:00+00:00,0.999999999999997,0.7158926562751039,0.391009515476319,0.3328288179203873,0.223422126229902,False,-0.0047114873494347
2023-05-29 00:00:00+00:00,0.7430480037284418,0.8162037856005685,0.6512665704160644,0.564702588103523,0.5134173941157493,True,0.014384821016804201
2023-05-29 01:00:00+00:00,0.9339464882943109,0.8301177240026182,0.6759558509665213,0.5767405678724219,0.43674403399804473,True,0.0135899756493506
2023-05-30 02:00:00+00:00,0.5354037267080879,0.04742572430337845,0.2765778636860279,0.228101378390396,0.17697651339728698,True,0.0091004269766963
2023-05-30 04:00:00+00:00,0.7670230725942485,0.537117903930137,0.1170683274663794,0.2284722222222233,0.07777654499056723,False,-0.0051092653663907
2023-05-31 00:00:00+00:00,0.260192735359521,0.29015979814970166,0.015020546974635488,0.19192300434044152,0.7568078248304951,True,0.010230589802987
2023-05-31 01:00:00+00:00,0.36710896662646136,0.0631532459885187,0.007879555367947533,0.15447336088462008,0.6760395179676458,True,0.0097858006903093
2023-06-01 00:00:00+00:00,0.6674364896073811,0.2060815896432301,0.34782608695652156,0.16451782660176245,0.15514152633464173,True,0.0103279069742887
2023-06-01 01:00:00+00:00,0.16170555108608062,0.05771741969182647,0.39534056553441255,0.22275881920235302,0.20891111616275992,True,0.010150770749267
2023-06-01 15:00:00+00:00,0.04761904761905825,0.2580086580086529,0.00846233230134102,0.25547301295115205,0.12770535375268743,False,-0.005403849951166199
2023-06-01 16:00:00+00:00,0.2745098039215732,0.1990846681922159,0.031151557577878717,0.2696506187995604,0.04424242424242552,True,0.0087838420647552
2023-06-02 00:00:00+00:00,0.7145488029465907,0.20181405895692,0.1749501615453343,0.2974050632911379,0.40784366216034573,False,-0.0064318556614689
2023-06-02 03:00:00+00:00,0.25477239353890646,0.08811854988091934,0.14917308007204833,0.21355557601989097,0.10513661202185819,True,0.0121041673262017
2023-06-03 03:00:00+00:00,0.2455889365760633,0.10683601045947115,0.10576392719249945,0.1366911791877612,0.572135785007069,False,-0.0042198566421102
2023-06-03 05:00:00+00:00,0.5178933153275007,0.20113851992410106,0.008163265306121915,0.11588208753195862,0.003451676528603135,False,-0.0038995995643090996
2023-06-04 00:00:00+00:00,0.3733867378727066,0.1890432098765423,0.14198218262806186,0.11829992256732344,0.5993993993993932,False,-0.0039627615552015
2023-06-04 01:00:00+00:00,0.37643932683790315,0.2761770906535411,0.16646382691007217,0.0825048857167137,0.6023845007451503,False,-0.0041377752314428
2023-06-05 00:00:00+00:00,0.3511759935117547,0.26109169131486903,0.1454106965527035,0.0368666711763513,0.5447870778267255,True,0.0065464866925499
2023-06-05 01:00:00+00:00,0.5927457842825298,0.5016517225106187,0.013828526274199981,0.06825469537333916,0.5187680461982679,True,0.0067839422953979
2023-06-06 00:00:00+00:00,0.9999999999999938,0.6477265139881119,0.6178337913389538,0.44329470198675497,0.2434727901855889,True,0.0179505743392095
2023-06-06 01:00:00+00:00,0.46089597570235336,0.6889302820649248,0.6390482460265192,0.4646520272595852,0.11563059606037478,True,0.017708940109427
2023-06-07 00:00:00+00:00,0.6656285037996738,0.8634444161790882,0.5928958597624245,0.042718119391666746,0.29281167520571527,True,0.021129085331934
2023-06-07 02:00:00+00:00,0.34619966642839806,0.663463326926652,0.5189616868690795,0.03487367511642109,0.3478956521739152,True,0.0203795967777015
2023-06-08 01:00:00+00:00,0.1666369631081805,0.33624931656642876,0.28391698052728565,0.14390417960537774,0.0760169335542044,True,0.0156253535864541
2023-06-08 02:00:00+00:00,0.16068204613842046,0.0011461915181850378,0.20815951943934607,0.13257768223568522,0.35690879300928213,True,0.0152017272160016
2023-06-09 01:00:00+00:00,0.28760271525544584,0.06232578882818311,0.010137480905428754,0.15996492546661653,0.3284114052953124,True,0.0109091517014507
2023-06-09 04:00:00+00:00,0.33061640346408644,0.03930316549819373,0.05736879942487348,0.1150683523486481,0.008271298593879123,False,-0.0053492719297772
2023-06-10 00:00:00+00:00,0.1795620437956085,0.48045522018802544,0.027948364456697707,0.04028601325427163,0.6451637413570389,True,0.0064232602602115
2023-06-10 01:00:00+00:00,0.4611211573236909,0.44444444444444325,0.05059678256357006,0.008779709116707696,0.5718157181571811,True,0.0071618595675419
2023-06-11 01:00:00+00:00,0.004419445560460161,0.0647906657515429,0.2343460069128626,0.2092893584989827,0.2537126124241758,True,0.01585464536819
2023-06-11 07:00:00+00:00,0.17444494789306902,0.0693832599118929,0.06838785967678339,0.18704179128179393,0.5313746826260404,False,-0.0064265458422174
2023-06-12 00:00:00+00:00,0.1418511066398324,0.23186227626725098,0.13778064932967368,0.13346323656364822,0.0553459119496869,True,0.0108102087600054
2023-06-12 01:00:00+00:00,0.16919907288179417,0.3588936053676568,0.11651770936775854,0.10617296198011027,0.1830296437313019,True,0.010914569609044
2023-06-13 00:00:00+00:00,0.37270341207347113,0.06039627596084723,0.057351407716371094,0.06649561684840707,0.32757023772769095,False,-0.005118041553780799
2023-06-13 01:00:00+00:00,0.24821002386635677,0.20847405587964488,0.06285929695598635,0.019089446449537546,0.117005203961728,False,-0.0054311652986763995
2023-06-14 00:00:00+00:00,0.25598086124401215,0.2215447154471511,0.044590752655991744,0.015363070966678731,0.058847736625511286,True,0.0111240695220278
2023-06-14 01:00:00+00:00,0.4115421002838174,0.06706450696220548,0.01731435167372065,0.021603808128891417,0.11746590409151234,True,0.0109627946662803
2023-06-15 00:00:00+00:00,0.5844194312796177,0.5590136161134422,0.4146271096792785,0.21357687329210362,0.4173650687227677,True,0.0165171549350881
2023-06-15 01:00:00+00:00,0.48214543877403415,0.47873633049817504,0.40055222317433054,0.22049294144873846,0.015610981518034877,True,0.0171491574383937
2023-06-15 15:00:00+00:00,0.21137206427688982,0.08955223880596738,0.41165509063188244,0.22455855368047384,0.692200718507359,False,-0.0051244429073035
2023-06-15 16:00:00+00:00,0.10391439031259223,0.11639937920331188,0.42034548944337796,0.2751272749443645,0.6157010224468209,False,-0.0051289415603383
2023-06-16 02:00:00+00:00,0.25342142520057115,0.5690481625199721,0.2961538461538487,0.13858063119146893,0.10917478216299509,True,0.0119365719051665
2023-06-16 04:00:00+00:00,0.3564862104187905,0.6761765423067557,0.3672026614915455,0.11383480665979719,0.48614834673815893,True,0.0115247277511828
2023-06-17 00:00:00+00:00,0.06672226855712986,0.6603230990442364,0.5233363998773364,0.3543624577401454,0.2536372453928255,False,-0.0072597008277991
2023-06-17 01:00:00+00:00,0.27151277013752817,0.7169596781247217,0.4860409950732895,0.4003591815791162,0.4732721382289419,False,-0.0073813449061725
2023-06-18 03:00:00+00:00,0.20285035629452203,0.12252677436921346,0.15882440255306488,0.29298451953336124,0.026171987345408668,True,0.006658154867771101
2023-06-18 04:00:00+00:00,0.07242693773824048,0.13755575379126056,0.14382837286599254,0.32119766493001134,0.20701754385965596,True,0.0065203484711976005
2023-06-19 04:00:00+00:00,0.015281757402104803,0.4246467817896482,0.14725952014087712,0.020280811232449354,0.157224418093986,True,0.0076862235685814
2023-06-19 05:00:00+00:00,0.5098039215686183,0.38470341407591724,0.11416899591485938,0.13492022512521515,0.34838709677419205,True,0.0077085199672047005
2023-06-20 00:00:00+00:00,0.9199359487590049,0.3430901575242947,0.35962241169305653,0.17173524150268385,0.18864678899082796,True,0.0138227913377027
2023-06-20 01:00:00+00:00,0.9087035909920854,0.43449339631735995,0.3920208152645265,0.20868227653392687,0.1466907884818321,True,0.015069417776146302
2023-06-21 00:00:00+00:00,0.5125716806351972,0.7954819607413088,0.523201396049812,0.4863118730988701,0.3938140919616276,False,-0.0096682987093928
2023-06-21 02:00:00+00:00,0.923393014382157,0.9010610198325645,0.6423632504963364,0.5338853532242969,0.5029497524920322,False,-0.0106181769444982
2023-06-22 00:00:00+00:00,0.23084745762711806,0.5526524935426186,0.4930486593843098,0.5154880486596384,0.024848065235786972,False,-0.0121965603153794
2023-06-22 01:00:00+00:00,0.03642476884281291,0.4810418347355076,0.45338954694505795,0.5473534779963494,0.0550432685487297,False,-0.0120257788408505
2023-06-23 03:00:00+00:00,0.14426691729323665,0.1457061457061464,0.12086422705891817,0.2156948929048409,0.7131266299623293,False,-0.007761189390562999
2023-06-23 04:00:00+00:00,0.26237623762377293,0.05044107667948665,0.13557610758854577,0.20915723441974704,0.5895891589589168,False,-0.0064479067242019
2023-06-24 03:00:00+00:00,0.18227946916471702,0.3455109669229146,0.23560475917795953,0.08094961137841696,0.3972437137330781,True,0.0228791679552076
2023-06-24 04:00:00+00:00,0.16904670011578085,0.2855493109554244,0.22969764128542022,0.06758816232500477,0.2074357572443989,True,0.021729786894379
2023-06-25 00:00:00+00:00,0.6884422110552755,0.20246789221858524,0.028133667943470178,0.11506602509173255,0.18391077361177102,False,-0.0053164433914113995
2023-06-25 01:00:00+00:00,0.6953316953316987,0.16172578083642322,0.061934389140270996,0.13031470634089848,0.10197153675414845,False,-0.0054664136207682994
2023-06-26 00:00:00+00:00,0.03529411764706111,0.36812008577554944,0.03636622932116366,0.008049662323486811,0.031825114387394896,True,0.0097347512347621
2023-06-26 01:00:00+00:00,0.1387107661154168,0.4582478295185432,0.15163641560668625,0.07517524776407956,0.44128248909125406,False,-0.0062348073990585
2023-06-27 00:00:00+00:00,0.2498932080307488,0.0701965503409542,0.05327354260089797,0.06706183483766695,0.45635973222179926,False,-0.0068713840312704
2023-06-27 01:00:00+00:00,0.38059964726629997,0.27704384453379244,0.083762149799885,0.06717684783487338,0.27104087942287947,False,-0.0069206279573412995
2023-06-28 00:00:00+00:00,0.015207131620343942,0.01577487118509541,0.16627703097603827,0.06971522829847164,0.54653784219002,True,0.0133664268184341
2023-06-28 01:00:00+00:00,0.08872675923746808,0.0005641066967529441,0.11228833601362297,0.10265674814027637,0.32346266075867197,True,0.0130774219028535
2023-06-29 00:00:00+00:00,0.5843765648472695,0.031039136302293182,0.305965876560175,0.07096308889060615,0.6327861217836803,False,-0.006821303602367899
2023-06-29 01:00:00+00:00,0.09990108803167028,0.1716157814024845,0.2571532935589928,0.07581246118815987,0.4769599042489563,False,-0.0069994660830057995
2023-06-29 15:00:00+00:00,0.02827665265571132,0.31828811973807586,0.02240010328577937,0.015002410595275678,0.3380782918149449,True,0.0099160030026524
2023-06-29 16:00:00+00:00,0.7653592502603275,0.3081761006289337,0.15847071203086513,0.06778447401396301,0.4197214484679652,True,0.009888263363472701
2023-06-30 00:00:00+00:00,0.4064190407500739,0.3025926570384501,0.2578125000000023,0.05049934049368744,0.45168717745137044,False,-0.0059325333737679
2023-06-30 01:00:00+00:00,0.5250936329587951,0.23291866028708066,0.20382916053019134,0.019904045643154022,0.12218541456622964,False,-0.0058181594993920996
2023-07-01 08:00:00+00:00,0.42369263607254964,0.23725981620718276,0.19309092693458998,0.018183662600491264,0.5385735080058147,False,-0.0038203636848465
2023-07-01 09:00:00+00:00,0.40717299578058985,0.24333522404992783,0.16654840344652946,0.002577780046450715,0.51898734177215,False,-0.0035966004814606996
2023-07-02 00:00:00+00:00,0.7245179063362355,0.1309595654797667,0.25416204217536426,0.04340399572975427,0.17036011080332214,True,0.0039319007380759
2023-07-02 01:00:00+00:00,0.7874396135266265,0.1056047197640243,0.31242740998839014,0.059924397347710774,0.17122103078519138,True,0.0035308023852220006
2023-07-03 02:00:00+00:00,0.4063604240282695,0.11700269884108726,0.12896580140090622,0.17868294067555987,0.047646057855923914,True,0.0094998706946018
2023-07-03 03:00:00+00:00,0.7375913813005063,0.4109126026074347,0.23503649635036308,0.24044639837673304,0.46424945612762103,True,0.0095789010445777
2023-07-04 00:00:00+00:00,0.14285714285714246,0.467787114845938,0.3575222459819246,0.2397376129378252,0.08950500063299258,True,0.0108118189096123
2023-07-04 01:00:00+00:00,0.41915836101881804,0.41201832390191384,0.3017388339584027,0.22060197408505594,0.4375094912680305,True,0.0114783767402623
2023-07-05 00:00:00+00:00,0.36274509803921834,0.5156045598953428,0.2615849056603781,0.04445232187167575,0.6760067370999852,True,0.0074982981085707
2023-07-05 01:00:00+00:00,0.3661504424778796,0.47815582846788285,0.4549861495844842,0.03265262329673436,0.6587361721472973,True,0.0075036256754173
2023-07-06 00:00:00+00:00,0.024660291897321465,0.3345836459114772,0.2217820112956231,0.24416709726141653,0.09074846625766744,False,-0.0049568735760074
2023-07-06 01:00:00+00:00,0.0775821037601096,0.0921371666089369,0.308332659823809,0.35998681065039756,0.047307727231454,False,-0.0049698601565507
2023-07-07 03:00:00+00:00,0.20594095272595828,0.321975040694519,0.1111046831159067,0.162147816301832,0.28457476688013156,True,0.0145601419366037
2023-07-07 04:00:00+00:00,0.04877112135176962,0.21005677210056942,0.09550642970668956,0.14937741702435045,0.3037628278221193,True,0.0124060528766981
2023-07-08 00:00:00+00:00,0.9999999999999942,0.22211445198836333,0.2108963093145882,0.015607626734752548,0.2648291069459677,True,0.008356745921643401
2023-07-08 01:00:00+00:00,0.3063357282821479,0.18690644574661455,0.1466262975778537,0.03937949955649096,0.20630914826497757,True,0.008074630948450701
2023-07-09 00:00:00+00:00,0.3108788230739419,0.28268376911691623,0.006403539410874301,0.10072005619950716,0.016029593094950237,True,0.004099921372722
2023-07-09 01:00:00+00:00,0.9999999999999956,0.3122043519394484,0.03773794946009243,0.10974920676315879,0.23220012828736544,True,0.00430266016091
2023-07-10 00:00:00+00:00,0.7367240089753284,0.43928571428571905,0.27719187785298616,0.08199896694214817,0.12079484050897518,True,0.0065689261004474005
2023-07-10 01:00:00+00:00,0.8099352051835937,0.43655472955652663,0.3457757515315588,0.13238136808629924,0.27854671280276766,False,-0.0044171158401429995
2023-07-11 01:00:00+00:00,0.6302091168948437,0.14651454014192242,0.18438027190632106,0.030858384643244217,0.2201480527840353,True,0.013615095182489
2023-07-11 02:00:00+00:00,0.25785357097064043,0.18327674588908863,0.18976735015772903,0.09816925734024101,0.0706566916043224,True,0.0136977415233876
2023-07-12 00:00:00+00:00,0.889696969696982,0.3443526170798892,0.15386949924127677,0.1571466642977707,0.4410958904109598,False,-0.005015456674473
2023-07-12 01:00:00+00:00,0.38643067846607443,0.10133124510571692,0.05722676402888992,0.13539427043988625,0.2555879494655036,False,-0.0050393070710749
2023-07-13 01:00:00+00:00,0.6025437201907834,0.37890963036221575,0.13223515188151708,0.08769502728460404,0.4483210483210461,True,0.010323392486748
2023-07-13 02:00:00+00:00,0.4623655913978445,0.4618610747051083,0.17761710154039578,0.03930165501441711,0.3548881397486991,False,-0.005246977649676099
2023-07-13 15:00:00+00:00,0.0017164435290078725,0.4537980927326497,0.039749457961936525,0.010089160018770211,0.350343733474353,True,0.0089031478532659
2023-07-13 16:00:00+00:00,0.5492348121811741,0.6550721628075973,0.2819988497667584,0.09918392969240444,0.38083006624307036,False,-0.005609740556864099
2023-07-14 00:00:00+00:00,0.2137976636543983,0.46352523659306144,0.43511692429647264,0.24362921377383404,0.42102440332528607,True,0.0187280910967289
2023-07-14 01:00:00+00:00,0.29306647605432473,0.41826846703733067,0.4256102440976383,0.2382708035830188,0.18768432228382392,True,0.019277489724642702
2023-07-15 09:00:00+00:00,0.38931297709923074,0.31611316113160215,0.461200585651535,0.055955702636644886,0.1881676253081327,True,0.004516734599689601
2023-07-15 10:00:00+00:00,0.5633187772925634,0.4856046065259098,0.4333557289782396,0.04845152699626268,0.15807413719641605,True,0.0036650470267455
2023-07-16 00:00:00+00:00,0.4265975820379282,0.3003643935450142,0.09252157238734113,0.4103706847764555,0.026584867075670975,True,0.0022231118057740003
2023-07-16 01:00:00+00:00,0.3152866242038087,0.11318681318680457,0.07830612727702553,0.39805273257053336,0.13467048710602664,True,0.0023305668411012998
2023-07-17 00:00:00+00:00,0.2378878606423534,0.14178112538768198,0.09210028978203606,0.08020254818686771,0.009419152276291014,True,0.0051466309687398
2023-07-17 01:00:00+00:00,0.21787709497206584,0.20149090111817922,0.06439885743962434,0.09937535491198199,0.0023382696804401986,True,0.0056411419738668
2023-07-18 00:00:00+00:00,0.5615359369871935,0.05996950703032606,0.04760685948297986,0.06903236682400629,0.49747541854903227,True,0.0111978454680535
2023-07-18 01:00:00+00:00,0.5120525931336705,0.11156510925563876,0.08373601641623019,0.04229415008696247,0.5101165751038464,True,0.011058495156539101
2023-07-19 00:00:00+00:00,0.1522811344019762,0.07841369986480236,0.18583099621997518,0.10996808477674844,0.20147658830386422,True,0.011787142671693701
2023-07-19 02:00:00+00:00,0.679951323395182,0.07992824397050054,0.06601131622563848,0.07686379131465788,0.30107364282473514,True,0.010418984148141101
2023-07-20 00:00:00+00:00,0.6855546687948807,0.05319537431527799,0.11031282742104541,0.08031635000157578,0.41588354523677906,False,-0.0054693727816288
2023-07-20 01:00:00+00:00,0.15530799475753806,0.0005775672865888889,0.0038598791056727554,0.06633906633906596,0.45054945054945117,False,-0.0054413901571838
2023-07-21 01:00:00+00:00,0.12377560106856135,0.4618507338399083,0.13474893162393087,0.07568449179303818,0.13811007268950956,True,0.010436299975174701
2023-07-21 02:00:00+00:00,0.4481396114586809,0.16391275611368217,0.06499401122107942,0.048753256419798455,0.0512181085747177,True,0.010483801826051001
2023-07-22 00:00:00+00:00,0.46453900709217527,0.07394084732214191,0.11679404271996816,0.037007749486002724,0.42269883824843363,True,0.0054903135604814
2023-07-22 01:00:00+00:00,0.731638418079095,0.32389515974746264,0.1023700458076064,0.002041995761895299,0.25596072931275815,True,0.0054253349445699
2023-07-23 01:00:00+00:00,0.9768786127166607,0.3101830126701018,0.2791491069636714,0.06145179874535862,0.17021897810219258,False,-0.0030215756581531
2023-07-23 05:00:00+00:00,0.49726775956285413,0.22695738354807393,0.06414848583523539,0.05211097708082089,0.4981273408239778,True,0.003800616121757
2023-07-24 00:00:00+00:00,0.3206033988924996,0.17311653116531292,0.23568575233022704,0.0556494249741097,0.5832520447212414,True,0.0066778851611575
2023-07-24 02:00:00+00:00,0.4655420695330203,0.02019718579496371,0.022936122525215506,0.011123817444641634,0.5754147236449805,True,0.007853934147101801
2023-07-25 01:00:00+00:00,0.027692307692325047,0.1384990848078136,0.45015445099691076,0.22478667464340948,0.4833612640651242,False,-0.0043437417072091
2023-07-25 03:00:00+00:00,0.24116553006820998,0.08848167539266885,0.3521211392861439,0.22557985001424039,0.14475945017182457,False,-0.0041748077047696
2023-07-26 00:00:00+00:00,0.2373438527284775,0.2014226881317811,0.1374695863746957,0.2907170650361311,0.11662904439428311,False,-0.0039605860438998
2023-07-26 01:00:00+00:00,0.22511690046760413,0.26990740740740954,0.1003883723667166,0.2813966585320067,0.3029723622457872,False,-0.0040295731602623
2023-07-27 15:00:00+00:00,0.7779565567176032,0.08673214582986091,0.02181818181818107,0.07233969694375465,0.10324324324324391,True,0.004647393947674001
2023-07-27 16:00:00+00:00,0.7733059548254443,0.3419444929307002,0.008818342151675413,0.027266530334014934,0.039145907473306804,True,0.004548711592470301
2023-07-28 00:00:00+00:00,0.6715391229578848,0.5874363327673986,0.12807595427242652,0.023224043715847593,0.09886219974714974,True,0.0050053417308254
2023-07-28 01:00:00+00:00,0.7300353356890614,0.3785482123510221,0.12393822393821954,0.05729940959096175,0.07149901380670491,True,0.004928421869092901
2023-07-29 01:00:00+00:00,0.06560636182901168,0.05648179652943299,0.06261324743305853,0.036466257668710825,0.4748160724391454,True,0.0052916049368303
2023-07-29 02:00:00+00:00,0.2867981790591745,0.24210526315790104,0.14728074473297265,0.025643516270035128,0.4920634920634755,True,0.0048277952933667
2023-07-30 15:00:00+00:00,0.6093128904031397,0.3084935897435813,0.24679487179486445,0.001943844492439794,0.0960030844364492,True,0.0022943564876653005
2023-07-30 16:00:00+00:00,0.3126447429365306,0.0984308131240998,0.10124069478907526,0.010386551022594056,0.027896717270014606,True,0.0025855386779704004
2023-07-31 00:00:00+00:00,0.1549541684853782,0.049910628351440556,0.07518539646320688,0.03180443136293108,0.026587887740032914,True,0.0071338224643569
2023-07-31 01:00:00+00:00,0.5447188213322238,0.20233998623537583,0.13257685966443541,0.061081764749647424,0.24415443175639948,True,0.007305226670186
2023-08-01 00:00:00+00:00,0.23882352941175475,0.5285426460711915,0.3190243902439073,0.06555342434841506,0.5168711656441649,True,0.005658263370392501
2023-08-01 01:00:00+00:00,0.6698615548455755,0.20385884742320262,0.22331626624655826,0.022609855008055475,0.4651195698316068,True,0.0064446439768203
2023-08-02 00:00:00+00:00,0.838641998855618,0.784134751105667,0.23245352555416954,0.09620902031291816,0.488838390589497,True,0.011070647036953301
2023-08-02 01:00:00+00:00,0.8673565380997185,0.8221689223916346,0.33674830585347304,0.13752571260652255,0.5566983800462868,True,0.0120803956155925
2023-08-03 00:00:00+00:00,0.5039246467817818,0.3883360972913253,0.4394237956105228,0.02977508448898752,0.11505762327602075,True,0.0090617895443902
2023-08-03 01:00:00+00:00,0.22670375521557082,0.35584339979624907,0.4624889070926382,0.008219667639526529,0.1048296518157997,True,0.0093024127164348
2023-08-04 00:00:00+00:00,0.49277266754271315,0.1147042564953025,0.01763907734057174,0.2326244244683197,0.0386836027713556,True,0.0074661416237319
2023-08-04 01:00:00+00:00,0.23747276688454877,0.05488344644437544,0.015511551155118087,0.22230677247527098,0.1252693136349645,True,0.007413731159757601
2023-08-05 00:00:00+00:00,0.21632653061224402,0.21273230525899983,0.1419854494250167,0.02654867256637176,0.3398450656786901,True,0.0068099423612028
2023-08-05 01:00:00+00:00,0.37843933243121075,0.24346239610784023,0.09704228794915294,0.06576402321083193,0.19091242213264734,True,0.006888775527755801
2023-08-07 00:00:00+00:00,0.0008525149189987014,0.17922827262892418,0.04161272424634635,0.027498577659776043,0.04260651629072582,False,-0.0030828986921418
2023-08-07 01:00:00+00:00,0.20904729266621666,0.1571125265392835,0.03700975879212262,0.02109382456810006,0.21845682557916768,True,0.0041350463016311
2023-08-08 00:00:00+00:00,0.7941747572815343,0.2214608056159103,0.1351024289048314,0.08644548665392761,0.46531354135109754,True,0.007459651240640401
2023-08-08 01:00:00+00:00,0.7741477272727058,0.3916819776181692,0.10740410347903778,0.1299680219278215,0.27105505189856577,False,-0.0047977049360347
2023-08-09 01:00:00+00:00,0.3166614567052342,0.49809342230696013,0.3901143535587072,0.22283375670335803,0.02872570194384289,True,0.0124782087923135
2023-08-09 02:00:00+00:00,0.42682926829268564,0.4986311153434135,0.41069919091897117,0.22906240156791347,0.07311028500619758,False,-0.006677455553432399
2023-08-10 00:00:00+00:00,0.20062794348507657,0.5476614699331812,0.11292501027658618,0.09334660305008258,0.16018003706645256,True,0.0096105161443762
2023-08-10 01:00:00+00:00,0.8218368151359701,0.3440410311782909,0.13696082548443125,0.14115641171367907,0.1595298068849698,True,0.0094383286846762
2023-08-10 15:00:00+00:00,0.10075051171252922,0.13519517613456122,0.20512622558480598,0.010927901713546467,0.18442477876105612,True,0.0062016731855715004
2023-08-10 16:00:00+00:00,0.2056549591340884,0.12449799196787129,0.047724750277471105,0.09604014849443178,0.05678233438486389,True,0.0063503856771383
2023-08-11 00:00:00+00:00,0.4725274725275078,0.24541958832843272,0.20614784093681288,0.12541949582455184,0.15741007194244933,True,0.0059899483233067
2023-08-11 01:00:00+00:00,0.6534296028881137,0.5619858156028311,0.14730365544697574,0.14685648387481526,0.05964715765891771,True,0.0058476222827734
2023-08-12 00:00:00+00:00,0.7227456258411916,0.004594180704441027,0.08338278931750882,0.12958338809304817,0.15443037974683466,True,0.004047088629949401
2023-08-14 03:00:00+00:00,0.31890515595161484,0.16423470971747434,0.20919644889596922,0.1014944769330714,0.5464583894424975,True,0.0039922422592718
2023-08-14 04:00:00+00:00,0.4505971769815465,0.11706555671176004,0.02462656439241206,0.01777137367915378,0.5821339950372157,True,0.004224936342263601
2023-08-15 03:00:00+00:00,0.18108651911468365,0.40596245859404245,0.019350606756314302,0.020570392580712756,0.20123491439798522,True,0.0059304852550917005
2023-08-15 04:00:00+00:00,0.5089974293058683,0.49102263856361694,0.01857111645182429,0.006387309609042057,0.24907651715039653,True,0.005062766699049
2023-08-16 00:00:00+00:00,0.5105519480519627,0.29008308290614443,0.3049792531120392,0.04062746868299327,0.2104221635884014,True,0.005302063770786201
2023-08-16 01:00:00+00:00,0.32617037605526555,0.24645602049530607,0.23798419484389166,0.023133953955070116,0.4536199095022671,True,0.005348229798794101
2023-08-17 00:00:00+00:00,0.9999999999999977,0.5787939032471789,0.47319655857048404,0.382533692722374,0.15465587044534676,True,0.0099844293140567
2023-08-17 01:00:00+00:00,0.9999999999999981,0.6166003136687139,0.5678646934460884,0.42078381795196174,0.42723706332897554,True,0.0101638859219182
2023-08-18 00:00:00+00:00,0.5328700779111395,0.6105194805194818,0.547509792949078,0.5450665327642495,0.31647150663544016,True,0.0376840598768976
2023-08-18 01:00:00+00:00,0.47133963942113416,0.5392166359908304,0.5227135069654764,0.5163237649377855,0.299744081893792,True,0.0384409816619043
2023-08-19 00:00:00+00:00,0.5863247863248182,0.3599478147423367,0.33274725274725286,0.44015901799414187,0.39897698209719296,True,0.0168898787801789
2023-08-19 01:00:00+00:00,0.3225190839694579,0.19501039501039477,0.26142299305238476,0.4427752934600334,0.23194303153611906,True,0.016680493427775802
2023-08-20 00:00:00+00:00,0.11836283185841734,0.25883161512027486,0.0009191944514068299,0.19308059465539845,0.015237526142809868,True,0.0071244942333402
2023-08-20 03:00:00+00:00,0.035976015989337806,0.18555417185554318,0.09586480803675672,0.0960002525491688,0.01141107709434595,True,0.0076366879968549
2023-08-21 02:00:00+00:00,0.5886157826649435,0.17478632478632422,0.06317917614354289,0.0686754431823585,0.016512549537648427,True,0.0061082568405371
2023-08-21 03:00:00+00:00,0.5667574931880148,0.023364485981308577,0.00831225153596128,0.05901191541468454,0.19760166840458862,True,0.0058402203609243
2023-08-22 00:00:00+00:00,0.4147627416520283,0.18662952646239794,0.009605662285134603,0.02537348826179739,0.20586132952108374,True,0.0082160710657619
2023-08-22 02:00:00+00:00,0.24278438030560254,0.09602104570865001,0.03987477343878811,0.02250365319045322,0.275928052047453,True,0.0076076255985945
2023-08-23 00:00:00+00:00,0.18058830830333913,0.01267437225986564,0.027178517890893036,0.02995927865037727,0.5549857549857455,True,0.0146827736371315
2023-08-23 01:00:00+00:00,0.37635653306323064,0.03351773511226869,0.00553001532413837,0.03782805429864242,0.06643220007815502,True,0.014955571027507702
2023-08-24 02:00:00+00:00,0.3587945695957052,0.2133131618759458,0.1565546855266488,0.08196062675773458,0.4112513635655372,True,0.0152580488544985
2023-08-24 15:00:00+00:00,0.809899039645412,0.5730415146777952,0.01696933611193851,0.0461883525024121,0.2340056386900886,True,0.0076268390439065
2023-08-24 16:00:00+00:00,0.9999999999999979,0.6674528301886865,0.20815632965165778,0.005411843911028634,0.21155200751350292,True,0.008104028462085201
2023-08-25 00:00:00+00:00,0.9510104102878079,0.27840983392179935,0.2545537340619334,0.04351132942481362,0.0849080372889818,True,0.0096882433761591
2023-08-25 01:00:00+00:00,0.566410537870462,0.2825380314653504,0.1751763520322501,0.028675638284491645,0.19045390734675008,True,0.0094622126004091
2023-08-26 04:00:00+00:00,0.4304461942257297,0.3040471832418108,0.0551444679351671,0.15436526463222955,0.17506874427131267,True,0.0064275756838345
2023-08-26 05:00:00+00:00,0.17023959646909628,0.40861159929700747,0.018113342898135373,0.14821940062417135,0.1525423728813465,True,0.0052274774248633
2023-08-27 19:00:00+00:00,0.09648466716529314,0.18759145449224143,0.15170008718395608,0.14128202356501693,0.6518441916580285,True,0.002631830563499
2023-08-27 22:00:00+00:00,0.4459330143540761,0.022328548644342097,0.07885445272655424,0.017301038062283718,0.44584717607972973,True,0.0032845727083126
2023-08-28 01:00:00+00:00,0.6385093167701634,0.1283768698370165,0.03717598908594699,0.027239838263462626,0.16279069767441623,True,0.0040876091495953
2023-08-28 02:00:00+00:00,0.4661921708184779,0.2988948856335089,0.05112680793811214,0.049461898032394695,0.23040380047505934,True,0.004203049008471
2023-08-29 00:00:00+00:00,0.09090909090909492,0.04178272980501344,0.11278718960315604,0.08209625077677356,0.2900621118012524,True,0.007022705800017501
2023-08-29 01:00:00+00:00,0.8337129840546802,0.09127337488868992,0.1260715510344022,0.09559774103558515,0.1937391304347869,True,0.007338501001679201
2023-08-30 00:00:00+00:00,0.43830074173971817,0.5778772422886091,0.49065260135451527,0.41366149630571997,0.414664202094886,True,0.0234260282186821
2023-08-30 01:00:00+00:00,0.3844448549787545,0.5307710445649624,0.466801793501629,0.38255903244384787,0.2979537514556624,True,0.0240848034954429
2023-08-31 00:00:00+00:00,0.09709480122324461,0.06452806909315052,0.22025073645269386,0.24461279461279486,0.08063261602282096,False,-0.0062882740683144
2023-08-31 01:00:00+00:00,0.17430441898527463,0.17678160919539904,0.22629324994901467,0.233091485280627,0.11988086373790671,False,-0.0062027114397534
2023-09-01 02:00:00+00:00,0.10065035614741556,0.7111031261228907,0.5765054766346212,0.411264983125799,0.5525974025974041,True,0.0186148507715648
2023-09-01 03:00:00+00:00,0.08354822073234072,0.5809075630252116,0.5448068991376078,0.38127769043875837,0.4004978767022976,True,0.0181330977175404
2023-09-02 09:00:00+00:00,0.19277108433732107,0.09333333333332472,0.1726721612969153,0.3871249318057835,0.20303151176704803,False,-0.0037970602828082
2023-09-02 10:00:00+00:00,0.2623239436619985,0.1870420362514486,0.12875068194217157,0.3768716324154559,0.12979094076654968,True,0.0034979085979860002
2023-09-03 00:00:00+00:00,0.9999999999999815,0.2682242990654137,0.17322138753866223,0.08816975099312153,0.08216292134831649,False,-0.0031887305270134995
2023-09-03 01:00:00+00:00,0.9999999999999739,0.22513607125185603,0.2275830678197567,0.057292445774122285,0.07988787666432447,False,-0.0031351316464201
2023-09-04 00:00:00+00:00,0.15820149875104206,0.17090119435395637,0.1369918153763545,0.1536477830463323,0.17534942820838842,True,0.0071082645804169
2023-09-04 01:00:00+00:00,0.42607174103236906,0.04780411970462957,0.059250000000001204,0.11246590726776863,0.0795622596864877,True,0.007196222720274601
2023-09-05 00:00:00+00:00,0.2245214692188271,0.053800763623741935,0.09674523007856452,0.027087504416440852,0.137822198842708,True,0.0076429510964394
2023-09-05 01:00:00+00:00,0.29192253188473744,0.1868204283360763,0.14844989948153622,0.0545891508354301,0.03781138790035591,True,0.007545189119293201
2023-09-06 00:00:00+00:00,0.2738927738927746,0.08814055636895594,0.03089926562283389,0.07218594620499626,0.271137026239072,True,0.0059547651356126
2023-09-06 01:00:00+00:00,0.9999999999999919,0.25417439703153893,0.07161729940203036,0.06231771918338253,0.12346735101226106,True,0.0060104831378461005
2023-09-07 02:00:00+00:00,0.7210884353740893,0.18949067958314664,0.09331131296449294,0.04072747313309338,0.05029721079103767,True,0.0109171586203834
2023-09-07 15:00:00+00:00,0.13623651618057933,0.18448816652409583,0.1682388497115118,0.00665749656120965,0.5011221545367072,False,-0.0033864322112316
2023-09-07 16:00:00+00:00,0.10513245033113205,0.10945865556216264,0.1661004499127723,0.015818773080527326,0.5260913705583722,False,-0.0037178281601648
2023-09-08 00:00:00+00:00,0.6525297619047566,0.681603501900701,0.422589156523956,0.1912022207986333,0.6218880946512293,True,0.012529933684837801
2023-09-08 02:00:00+00:00,0.39927224611313533,0.5032457167181001,0.35937840389223663,0.16037086521721577,0.5307078637457328,True,0.0130808679605084
2023-09-09 01:00:00+00:00,0.3733733733733977,0.07030430220356679,0.34648139847602394,0.04460028050491011,0.217525773195883,True,0.0053900743876678005
2023-09-09 02:00:00+00:00,0.3928934010152239,0.11766476075835992,0.33868092691622514,0.046739434648755275,0.23213354199269925,True,0.004976857183708601
2023-09-10 01:00:00+00:00,0.046087888531610506,0.2505050505050419,0.01887755102040272,0.2444591029023789,0.2672357189757229,True,0.0023194195556110004
2023-09-10 02:00:00+00:00,0.09293680297397809,0.035588972431070225,0.09560327198364427,0.256901041666671,0.4305481639169849,True,0.0023356902390404997
2023-09-11 00:00:00+00:00,0.46323223930203944,0.08781609195402519,0.05650941823636989,0.017992802878848677,0.009714632665449127,True,0.008342845587892101
2023-09-11 01:00:00+00:00,0.2506168487839328,0.15601783060921176,0.18054147965832015,0.12609758305422655,0.09702422145329057,True,0.0086786354964326
2023-09-12 00:00:00+00:00,0.001762425096933347,0.5281663516068024,0.3292171481826644,0.2930232558139538,0.671493345034365,False,-0.007138861459266
2023-09-12 01:00:00+00:00,0.9999999999999946,0.41410089258850313,0.2808792742498256,0.2642448979591839,0.7771503339990323,False,-0.0070527423289202
2023-09-13 02:00:00+00:00,0.2976424361493129,0.15541023807090804,0.2968224446994575,0.051237606600568544,0.3972244042943253,False,-0.007698215257931199
2023-09-13 03:00:00+00:00,0.4455537497097726,0.3162136026646623,0.05547423148755602,0.03906089105512381,0.47354601549166525,False,-0.007252171761686
2023-09-14 01:00:00+00:00,0.9156942129078457,0.49882498453927543,0.3721051942954378,0.33584099788870936,0.5827625570776305,False,-0.00725560563974
2023-09-14 02:00:00+00:00,0.05981925118347579,0.0366560688236404,0.14411957233253525,0.21944910831782968,0.6029871011541124,False,-0.0069265086457665995
2023-09-15 01:00:00+00:00,0.6115550092194176,0.1409132539578695,0.20524196300593822,0.15477969749506837,0.23450500933944296,True,0.0126176131154613
2023-09-15 02:00:00+00:00,0.26246933769419417,0.3538270454898293,0.15659858032739407,0.17799897753586283,0.6073074391046673,True,0.0117170388569323
2023-09-16 00:00:00+00:00,0.42649006622516245,0.25886563279470265,0.08331707317073032,0.022985421697522074,0.23701109165206727,True,0.0106416137868263
2023-09-16 01:00:00+00:00,0.4014169690685996,0.2814573023059879,0.08397244248017668,0.15075725080014504,0.3226205191594389,True,0.0097350977922278
2023-09-17 09:00:00+00:00,0.17525773195876562,0.05020268163393232,0.08031939877876802,0.029392492745482897,0.26777609682299464,True,0.0031010891467677
2023-09-17 10:00:00+00:00,0.15844838921763102,0.058649289099523355,0.052886165752981586,0.02867031476544538,0.31430363864492045,True,0.0030906207696354
2023-09-18 00:00:00+00:00,0.16735173223723174,0.16077170418006378,0.10210111621799171,0.08185219831618264,0.884273287068717,False,-0.0034209019713744996
2023-09-18 01:00:00+00:00,0.1804281345565727,0.2332549941245619,0.049572649572651756,0.14352515272644797,0.6952163207879001,False,-0.0033861441582647995
2023-09-19 00:00:00+00:00,0.1452236333517447,0.572402044293013,0.1442034908881097,0.10820529584831699,0.44210729448089975,False,-0.0070506355438484
2023-09-19 01:00:00+00:00,0.4020618556701019,0.5593914569923905,0.10034218070840657,0.06584948688711494,0.2301963439404213,False,-0.006874416413647199
2023-09-20 00:00:00+00:00,0.617732558139537,0.06708180016982582,0.2524924867623914,0.17515026296018069,0.165446559297215,True,0.0129344092800403
2023-09-20 01:00:00+00:00,0.2472049689441144,0.25918503674014565,0.24271564573516732,0.1741302868938987,0.23746599300427818,True,0.012932088717067
2023-09-21 01:00:00+00:00,0.37792207792207244,0.15677615235991924,0.19839625793518198,0.09310214851111925,0.5926684215657527,True,0.0109086526711321
2023-09-21 02:00:00+00:00,0.4476557482337617,0.13308740068104627,0.10175964058405139,0.05735343012301887,0.3433788335401478,True,0.010888519483602801
2023-09-21 17:00:00+00:00,0.3248327759197338,0.4970689306650457,0.34605455157705384,0.18551915305747474,0.04852780806979078,True,0.010104786218436801
2023-09-21 18:00:00+00:00,0.012981298129816153,0.4017223431437474,0.28428571428571153,0.1556764551651799,0.0363783346806791,True,0.0099879764841379
2023-09-22 04:00:00+00:00,0.1746857390550454,0.12421580928481775,0.3281705150976901,0.15472819932049758,0.09562331466500144,True,0.0057837264529225
2023-09-22 05:00:00+00:00,0.3556258472661574,0.013650885855360801,0.3050484883057597,0.1360874848116636,0.1825214300648057,True,0.0054658948657013
2023-09-23 00:00:00+00:00,0.15113122171945725,0.024679787566377877,0.0808642773968154,0.20745651110023264,0.15439170758318663,True,0.0044160399343739
2023-09-23 01:00:00+00:00,0.8635778635778725,0.018001241464925852,0.029198010965188554,0.18787395293178757,0.034267912772583904,True,0.004356777370247301
2023-09-24 19:00:00+00:00,0.02118863049094844,0.10449981405726681,0.034076979651879426,0.0734358430540844,0.395147581517539,True,0.0046585885881828
2023-09-24 20:00:00+00:00,0.42137628111274095,0.3757047667862615,0.2623104287586605,0.1085115864527646,0.5633448601068797,True,0.0051707664172757
2023-09-25 00:00:00+00:00,0.7079520032540164,0.512362441046164,0.386500120105694,0.307942485450188,0.2970576380491734,True,0.009023953526989
2023-09-25 01:00:00+00:00,0.5501710376282835,0.4866387404304537,0.40900768949102884,0.28489483747609984,0.0029838022165418567,True,0.009876623555401101
2023-09-26 01:00:00+00:00,0.5951557093425379,0.24782386072708726,0.11421260758315968,0.18381437464629302,0.4225202965054625,True,0.0066063864011825
2023-09-26 02:00:00+00:00,0.11695376246601087,0.4123246492985955,0.10704654707468565,0.15895617485733404,0.6584362139917471,True,0.0062831481391099
2023-09-27 00:00:00+00:00,0.1574697173620375,0.0180086938522059,0.0530538302277425,0.017843650101714917,0.66139826285063,False,-0.0045030087620847
2023-09-27 01:00:00+00:00,0.05247225025227636,0.15940249641907223,0.05414507772020547,0.05664670658682725,0.45142430650578474,False,-0.0043733935715646
2023-09-28 02:00:00+00:00,0.9999999999999948,0.5949905482041546,0.1353017321087342,0.03916933986155607,0.5487427726233637,False,-0.00595982823709
2023-09-28 03:00:00+00:00,0.44603381014305293,0.20783690759862428,0.06419662509170948,0.013627568034913747,0.6700072321520801,False,-0.0055479533082701
2023-09-29 01:00:00+00:00,0.1892537313432909,0.45447809576734277,0.37110075295804895,0.2441944411021531,0.1752949674933766,True,0.013273571539573101
2023-09-29 02:00:00+00:00,0.24722838137473657,0.27522321428571234,0.3992803561627096,0.24363330226404817,0.025853449507211194,True,0.0139368674481083
2023-09-30 18:00:00+00:00,0.9934924078091155,0.471717171717167,0.23623188405797074,0.03240159726183662,0.35342305441778576,True,0.0026931737675453
2023-09-30 21:00:00+00:00,0.6946902654867267,0.45888157894736603,0.44723854289071785,0.037939524019947504,0.6219442865264329,False,-0.0030523145991274998
2023-10-01 00:00:00+00:00,0.2305122494431909,0.12863652295829195,0.059575345289634055,0.06460862668537495,0.6677829872739469,False,-0.0031843432185101996
2023-10-01 01:00:00+00:00,0.1837171933583233,0.056546489563572666,0.2014434302695851,0.030399412808121133,0.6295202952029662,False,-0.0031534934406569
2023-10-02 00:00:00+00:00,0.9818579234972683,0.7289271163422401,0.7159147601739047,0.5534426914638003,0.388660311088814,False,-0.006285150792712599
2023-10-02 01:00:00+00:00,0.8516381619616726,0.6354916067146286,0.6343667454469657,0.5344445017802804,0.5180150671470712,False,-0.0064272873861413
2023-10-03 02:00:00+00:00,0.3982623318385612,0.4570158102766804,0.13848290456980394,0.11859314245316481,0.25767899028258545,True,0.0199275378254591
2023-10-03 03:00:00+00:00,0.3211637193382735,0.32803415029072097,0.1882657463330466,0.11849576879736672,0.2866501016489694,True,0.0190490308160617
2023-10-04 07:00:00+00:00,0.5313859540086929,0.3216270282284925,0.09041427275476077,0.22156433475967724,0.221143473570656,True,0.008126163232584001
2023-10-04 09:00:00+00:00,0.5399633923123776,0.2767772511848293,0.019470107658242267,0.1884805185239744,0.09438695515835688,True,0.0077266311940047995
2023-10-05 00:00:00+00:00,0.903465346534656,0.35952712100138845,0.4147172178901112,0.12733775426570196,0.1796756756756693,True,0.0093426989329828
2023-10-05 01:00:00+00:00,0.9999999999999947,0.8443816561617048,0.41857359095360674,0.09318261004219573,0.39648048967099503,True,0.0095961705472303
2023-10-05 15:00:00+00:00,0.742477636215773,0.5099272005294467,0.47296151890150717,0.2534554606593205,0.012164216928533284,True,0.0094821247017325
2023-10-05 22:00:00+00:00,0.003738317757022657,0.3149159438912092,0.21469478977510761,0.014952287925463575,0.4735152487961453,False,-0.0063193141740216
2023-10-06 00:00:00+00:00,0.8748674443265809,0.32751734286314665,0.279156941792202,0.03952553747707763,0.19794792372471073,True,0.0113428353835494
2023-10-06 01:00:00+00:00,0.1215277777777798,0.7313228238519524,0.1984092552422269,0.04651973505829413,0.007617673001363122,True,0.011333670182320201
2023-10-07 08:00:00+00:00,0.25644916540213697,0.28249336870026465,0.14025259727032008,0.07156049368239027,0.3079200592153874,True,0.0079032637124352
2023-10-07 09:00:00+00:00,0.6759259259259153,0.10609093508722332,0.1585925039872392,0.09195171603062093,0.11033274956217538,True,0.0075606287039421995
2023-10-08 01:00:00+00:00,0.9999999999999901,0.13474494706448728,0.12304423411242305,0.1672909799220852,0.21894245062645235,True,0.0029666432833985006
2023-10-08 02:00:00+00:00,0.9999999999999891,0.257331681123504,0.25811209439528254,0.1753839305586465,0.16817063166529705,True,0.0032996344270249
2023-10-09 00:00:00+00:00,0.882352941176479,0.3930197268588914,0.07247223845704028,0.00032878513890992816,0.5109926715522978,True,0.0058640537219461
2023-10-09 01:00:00+00:00,0.6026936026936197,0.3500391542678275,0.26504199366652753,0.06048667439165657,0.6403876753941856,True,0.0065290394338954
2023-10-10 01:00:00+00:00,0.39160045402951615,0.058468100231025666,0.32679425837320975,0.21826501250059013,0.3683816651075792,True,0.0087501791819524
2023-10-10 02:00:00+00:00,0.15187611673615026,0.16209306289415898,0.2687834014460872,0.1931691965938531,0.49173975117275553,True,0.0085275159621102
2023-10-11 00:00:00+00:00,0.25828729281768265,0.08979233694062644,0.17637830569251092,0.18705161854768082,0.284246904099068,True,0.007802070996680101
2023-10-11 01:00:00+00:00,0.3862857142857038,0.1785345717234266,0.1384882333803278,0.22278298485940964,0.2844529750479833,True,0.0075191028089562
2023-10-12 00:00:00+00:00,0.6978527607361857,0.34574593448031943,0.3118552610696709,0.23607074067588746,0.04352763058289095,True,0.0100909073459943
2023-10-12 02:00:00+00:00,0.2083668543845479,0.3624985647031789,0.20909588374779617,0.3194065786212512,0.39662363455809113,True,0.0096367825837953
2023-10-13 03:00:00+00:00,0.36624907885040603,0.45531019978968695,0.05369834166885925,0.08306373341960552,0.11467546095038107,True,0.0065620319500071
2023-10-13 04:00:00+00:00,0.19690122659780193,0.33590733590734423,0.05257609698247638,0.14303659659994838,0.008955223880594939,True,0.0059410975951782
2023-10-14 10:00:00+00:00,0.3685714285713938,0.2619926199261956,0.08684822318166913,0.06088317277128459,0.11762437331276006,True,0.0055745359557206
2023-10-14 11:00:00+00:00,0.1992753623188212,0.07112526539278811,0.04562965499529104,0.01816152597402559,0.09160892994610692,True,0.0041956824966612
2023-10-15 01:00:00+00:00,0.21681997371879239,0.26357615894039516,0.16181953765845572,0.02963702963703026,0.19648093841641867,True,0.0022863170427697005
2023-10-15 04:00:00+00:00,0.7260787992495409,0.23109691160808177,0.06434247628812519,0.044081449988813096,0.22102009273571127,True,0.0021065460574754002
2023-10-16 00:00:00+00:00,0.2738965214849455,0.5595744680851028,0.4254606365159126,0.22820265168144388,0.640698975639144,False,-0.0049164236478623
2023-10-16 01:00:00+00:00,0.2935589195607027,0.5084653194975407,0.3682368382674649,0.20265604249667976,0.6586243559335841,False,-0.0050911348389958
2023-10-17 03:00:00+00:00,0.13280475718533877,0.2887918762456096,0.446140564297765,0.4465567468540691,0.19640781827786255,True,0.015478352415563099
2023-10-17 04:00:00+00:00,0.5519696250593289,0.1610958418299503,0.3884473514089052,0.40473966845668896,0.39867684478371385,False,-0.0072789453669666
2023-10-18 00:00:00+00:00,0.1342865152789507,0.18575593502707308,0.0637975778546713,0.2843557794875281,0.04011939250285366,False,-0.0060554927270364
2023-10-18 01:00:00+00:00,0.648444863336474,0.09351250137680496,0.012369066191219481,0.26979700073152824,0.023924299232279265,False,-0.0060323419699565995
2023-10-19 00:00:00+00:00,0.13364595545134142,0.017016224772461817,0.03301915475828694,0.012291583679507511,0.16493530162201406,True,0.007066248117358901
2023-10-19 01:00:00+00:00,0.7491785323110454,0.10054779996465442,0.01785184745863149,0.008822773605915489,0.5936727632229226,False,-0.0050359525901689
2023-10-19 15:00:00+00:00,0.8494558645707275,0.7924242424242313,0.38015725770827546,0.06885964912280669,0.447525224437911,False,-0.0047909309553302
2023-10-19 16:00:00+00:00,0.7620874904067493,0.7609890109890047,0.3144448713023433,0.030157285844273764,0.5489494163424132,True,0.008986742799603601
2023-10-20 00:00:00+00:00,0.18432919954904378,0.29869801542156876,0.24391700253769366,0.11009746332819204,0.48078397021789077,False,-0.0062934519961965
2023-10-20 01:00:00+00:00,0.34817073170731433,0.18168150803746835,0.3130071693059142,0.09041678754472476,0.5115871871459468,False,-0.0062839536652576
2023-10-21 00:00:00+00:00,0.9999999999999946,0.2860055607043559,0.43637208909175446,0.33918515189170617,0.16961902450861832,True,0.0113934790987415
2023-10-21 02:00:00+00:00,0.20456621004567446,0.1028877005347646,0.2573686657368658,0.3543677638439523,0.4984886649874063,False,-0.0051570730572359
2023-10-22 02:00:00+00:00,0.36915683704675306,0.05605457646389928,0.26596952494771453,0.24514663362247016,0.012606647141217132,True,0.0115772348915179
2023-10-22 03:00:00+00:00,0.4532374100719522,0.07178742882661568,0.16129430653328522,0.1708840139009565,0.10391260162601511,True,0.011248412340040601
2023-10-23 01:00:00+00:00,0.49722072798995587,0.20812425328554332,0.11768345501794365,0.17557206181861806,0.1721056194989844,True,0.0097547072324707
2023-10-23 02:00:00+00:00,0.6396813158571037,0.47674068120164587,0.27204313152869647,0.24569479965899407,0.24397180660319076,False,-0.0058767119820751
2023-10-24 00:00:00+00:00,0.7709782477584314,0.677799826713992,0.5676699642180584,0.45271752553355205,0.3517854204377172,False,-0.0193415831097664
2023-10-24 02:00:00+00:00,0.8242192321935548,0.7673802791616164,0.627996575342465,0.5491078788186202,0.06749388982891455,True,0.0490374952833639
2023-10-25 01:00:00+00:00,0.24189731453853067,0.1773877444362187,0.03236299941613237,0.33855623950755415,0.17239726847969045,True,0.0290768375696313
2023-10-25 03:00:00+00:00,0.16078003545615982,0.17497360084477298,0.015368061565810621,0.30183229699400244,0.4563677960562159,False,-0.012627529522084199
2023-10-26 00:00:00+00:00,0.399623883403846,0.1040236845646602,0.14512571680635103,0.11371179443294373,0.3274815422477375,True,0.018984233646821
2023-10-26 01:00:00+00:00,0.15971951694584816,0.11137804471137841,0.14353357113545115,0.05752723874172938,0.39763563767321464,True,0.0183375794462175
2023-10-27 00:00:00+00:00,0.36209887250650624,0.08040826487428554,0.2046532733798093,0.022030102598823133,0.08868179768525432,True,0.0134938775510204
2023-10-27 02:00:00+00:00,0.6029072859422067,0.24999999999999983,0.33760230372840094,0.02740494130015785,0.14974555768749323,True,0.0135495715500878
2023-10-28 00:00:00+00:00,0.8274577242762999,0.21559996478563337,0.051449422258261115,0.15065875890618094,0.23820998278829514,False,-0.0061202111407288
2023-10-28 01:00:00+00:00,0.7613005551149938,0.24284428442844527,0.021087873385799295,0.15544186418322076,0.32980012113869595,False,-0.0059830722766757
2023-10-29 00:00:00+00:00,0.35578947368420905,0.08883826879270816,0.164192063905531,0.01838458565671025,0.45800643086816045,True,0.0069859580077244
2023-10-29 01:00:00+00:00,0.1809421841541874,0.12368703108252682,0.1420711686928745,0.06818774068390426,0.511063716342307,False,-0.0040016557911737
2023-10-30 00:00:00+00:00,0.2316554656425798,0.06973058637084069,0.21774944839421423,0.19763254313719417,0.14019097222221802,True,0.0106535742262785
2023-10-30 01:00:00+00:00,0.15721378065293,0.05724802255462389,0.22519855951852488,0.16809169764560164,0.24934929724101626,True,0.0104115278830599
2023-10-31 00:00:00+00:00,0.5072285450630399,0.13235986811115463,0.00948723740682332,0.10312766342105992,0.20022992910519463,True,0.011168911591225501
2023-10-31 01:00:00+00:00,0.3479853479853301,0.1779982849442634,0.053016659162537214,0.1341285550578183,0.21739945626699492,True,0.0109958954829417
2023-11-01 00:00:00+00:00,0.3362794612794687,0.3328033389645261,0.06141163845666181,0.04773986434008219,0.3310759148006508,True,0.0107082448156698
2023-11-01 01:00:00+00:00,0.05752212389380045,0.28234056793192874,0.030010413708227733,0.023003033367037407,0.0949770868901035,True,0.0104655419811301
2023-11-02 00:00:00+00:00,0.6771088140140463,0.26576341844710744,0.28434266538234326,0.1689485873089398,0.08503472953062836,True,0.0226252455207232
2023-11-02 01:00:00+00:00,0.6972938452941657,0.39469026548672825,0.290566273334582,0.18361375274323374,0.5303683226278514,True,0.022869608115112
2023-11-02 15:00:00+00:00,0.979263181116269,0.6382915469229995,0.21752492828848555,0.11707680835197694,0.025569434239532153,True,0.0153061002060067
2023-11-02 16:00:00+00:00,0.9872887085868896,0.6931741761936795,0.061133656237726035,0.03554687499999948,0.14737228959941245,True,0.015195930065472402
2023-11-03 00:00:00+00:00,0.16813846697280088,0.2811762325487314,0.20457067696987416,0.07392596786750578,0.09813298997516483,True,0.016441227298597802
2023-11-03 01:00:00+00:00,0.5778703152885246,0.2821445409847135,0.3946069402490239,0.0009070070416728515,0.012293344637558278,True,0.0169010668020182
2023-11-04 00:00:00+00:00,0.9999999999999946,0.2950130182255144,0.09008102018313498,0.14907811741872942,0.11157222665602379,False,-0.005819034300032899
2023-11-04 01:00:00+00:00,0.7996051332674953,0.12245138479670058,0.04408284023668693,0.18743776966478576,0.09727497935590294,True,0.0104435456357769
2023-11-05 00:00:00+00:00,0.4835418038182831,0.39270359906643987,0.2704428710259523,0.15709935716702086,0.11536503411057981,False,-0.0042392165270262
2023-11-05 01:00:00+00:00,0.4086576027504235,0.33829084041547663,0.15674261719556037,0.11024862189222479,0.20330434782608675,True,0.0064531703285580005
2023-11-06 00:00:00+00:00,0.029568589432866853,0.051083254836606334,0.01811870290407361,0.08879633914339981,0.17025956885174134,True,0.0130367988361299
2023-11-06 03:00:00+00:00,0.42015602611048786,0.017476621186567454,0.16502549674696765,0.05494728304947112,0.09156452775774927,True,0.0127750798427272
2023-11-07 00:00:00+00:00,0.28652751423150274,0.180382725086272,0.009488072902705558,0.01746428821920474,0.2535319804777709,True,0.0093575236001805
2023-11-07 01:00:00+00:00,0.4237288135593207,0.11574909747293138,0.025643872113675227,0.030911075501058077,0.21756487025948298,True,0.0091849586890348
2023-11-08 01:00:00+00:00,0.146188065654247,0.36476184667927175,0.17355507311678162,0.11392405063291146,0.05281846426985847,True,0.0137042168796301
2023-11-08 03:00:00+00:00,0.42870745060699533,0.3749121349606997,0.1673144953487357,0.07608028335301019,0.07355813045176483,True,0.0129829673225793
2023-11-09 00:00:00+00:00,0.04428697962798727,0.18394540136496057,0.1313120642298742,0.1580568774858037,0.5331289300005173,False,-0.0078466079882611
2023-11-09 01:00:00+00:00,0.352826510721232,0.3072625698324002,0.2263618402483753,0.19934411893309945,0.5848428835489805,False,-0.0081446659827596
2023-11-10 02:00:00+00:00,0.2221276595744677,0.4248807492775321,0.06018379029828215,0.17595717149163934,0.12250273013426076,True,0.030251844701263
2023-11-10 04:00:00+00:00,0.22808660035108588,0.2452173913043495,0.007503126302625803,0.17234039920307873,0.34180641365107023,True,0.0251810827632985
2023-11-11 00:00:00+00:00,0.39673607203151806,0.12328240607284034,0.30876795162509607,0.17675036214389217,0.25299905647660687,True,0.0139549898638753
2023-11-11 06:00:00+00:00,0.5638662101659087,0.2794706599338306,0.20126248432703575,0.042302265527247904,0.03358974358973982,True,0.0098126384951588
2023-11-12 05:00:00+00:00,0.30310701956270836,0.1042191118719155,0.03873358033007726,0.06010103394551679,0.06727066817666369,True,0.0095525309972393
2023-11-12 06:00:00+00:00,0.6388361796331474,0.002376599634367939,0.012593383137672593,0.1199904807234643,0.03915171288744753,True,0.0093757611165606
2023-11-13 00:00:00+00:00,0.4592626308602594,0.09725490196077988,0.14155770324047862,0.07579787234042515,0.19769258502584008,False,-0.0039171149839677
2023-11-13 01:00:00+00:00,0.08496732026144418,0.033788037775442314,0.12809161774612512,0.011958997722095095,0.42984142239308126,True,0.006667323466996701
2023-11-14 00:00:00+00:00,0.573783675110575,0.47283049472830524,0.3469342864998645,0.15484426088453018,0.09916279069767366,False,-0.006550461869431899
2023-11-14 02:00:00+00:00,0.7253532306715315,0.39655172413792766,0.40937831959127957,0.18373134809371902,0.1416415529161469,True,0.0111474641459187
2023-11-15 00:00:00+00:00,0.7085828343313448,0.3542379488067914,0.2102012470817707,0.28756251960947227,0.57938179061737,False,-0.010673819714865
2023-11-15 01:00:00+00:00,0.4776361529548124,0.46107784431137744,0.25260136347327,0.31694233348234324,0.554119012100115,False,-0.0106741542891321
2023-11-16 00:00:00+00:00,0.9999999999999978,0.8744617938475898,0.7619903691813815,0.24676515070502125,0.5515641113784839,False,-0.0098408553769488
2023-11-16 01:00:00+00:00,0.596968345965216,0.8710646230323109,0.7491873287016375,0.2196097590766125,0.5578715471953962,True,0.0205144474265439
2023-11-16 15:00:00+00:00,0.9999999999999984,0.6718916993231241,0.0972204988211946,0.08610930685719655,0.043587443946189,True,0.0144807865651978
2023-11-16 16:00:00+00:00,0.9999999999999989,0.7374759495474981,0.012915604685128068,0.02005265137269591,0.0863139036406688,True,0.014723218649711
2023-11-17 01:00:00+00:00,0.8144671452236275,0.24324952093374255,0.37118836784619147,0.14651199247530952,0.21362530413625286,True,0.0198445930532336
2023-11-17 02:00:00+00:00,0.8585660165567516,0.08330167688717585,0.31835950440601535,0.16420018421860602,0.35131663455362777,True,0.0199054496851047
2023-11-18 04:00:00+00:00,0.5145631067961127,0.2739283204497531,0.023099850968703296,0.184733770593399,0.38784868169660297,False,-0.006658915402596099
2023-11-18 05:00:00+00:00,0.9049773755656173,0.1485411140583552,0.003367518750957779,0.18930865391256282,0.36661231656842697,False,-0.0064060549930735
2023-11-19 01:00:00+00:00,0.6299533799533827,0.03807991418610087,0.043951064793835655,0.024010008179762968,0.0025839793281590535,True,0.0062372507655878
2023-11-19 03:00:00+00:00,0.3351541162699871,0.36507378777230903,0.058981233243965495,0.00782649230844754,0.09382422802850544,True,0.006095050840086501
2023-11-20 00:00:00+00:00,0.8762748704230257,0.8485373364126414,0.5928622974480131,0.3401650811415787,0.17220077220076901,True,0.009367590196639101
2023-11-20 01:00:00+00:00,0.6429872495446425,0.7458151382824011,0.5250703504732694,0.3096408317580352,0.21110176619007595,True,0.009266158158342001
2023-11-21 01:00:00+00:00,0.7508503401360311,0.2382159550027741,0.04513214366388093,0.2415433403805487,0.5879496581111786,True,0.0176992703446259
2023-11-21 02:00:00+00:00,0.13222560262110808,0.16134658991801754,0.1245132963300456,0.29151961278612437,0.6655405405405311,True,0.0183713359355254
2023-11-22 06:00:00+00:00,0.6222832875343282,0.24900108118271636,0.25185691946833333,0.13109856246773618,0.4066089415090967,False,-0.009158062413383199
2023-11-22 07:00:00+00:00,0.8071969696969653,0.21964654578838494,0.1892113184828396,0.11567123879468469,0.5059276995853536,False,-0.0079163134389402
2023-11-23 01:00:00+00:00,0.03482587064676814,0.4118586088939556,0.4163686660819095,0.04322112969209737,0.17466802860061528,True,0.0156607625869614
2023-11-23 03:00:00+00:00,0.5863576738084891,0.5305026842362102,0.3433247322470011,0.019420402187486814,0.30637822989098223,True,0.0153420385409129
2023-11-24 00:00:00+00:00,0.276501111934798,0.0187917770210547,0.013942120757650833,0.24730643948884995,0.4350811485642925,False,-0.005368304066957499
2023-11-24 01:00:00+00:00,0.13704686118480158,0.07504793207340872,0.0679850222326224,0.2543204697986589,0.40894742571024506,False,-0.0051341947629641995
2023-11-25 02:00:00+00:00,0.13670133729570272,0.009212283044060682,0.16722903464735436,0.10409702989208337,0.3854517214600123,True,0.012638470100814
2023-11-25 03:00:00+00:00,0.011295681063127993,0.3539315780046611,0.21166423661737005,0.12211788880128085,0.24519357387410382,True,0.0121172649651484
2023-11-26 00:00:00+00:00,0.27667731629394654,0.14446417998814096,0.06678517013712364,0.14386546369606448,0.3290717065036202,True,0.0032613631863136006
2023-11-26 01:00:00+00:00,0.40042372881355875,0.03729541185940771,0.07422186751795143,0.10480062548866481,0.41676733510510267,True,0.0030088298588398007
2023-11-27 00:00:00+00:00,0.3282051282051323,0.13519813519813356,0.1775564731600677,0.11174970656089285,0.61028544468035,True,0.0112972175042614
2023-11-27 01:00:00+00:00,0.2213967310549743,0.017099638276884863,0.11856713488315185,0.12578384360014802,0.6159032783073751,True,0.011513365063692601
2023-11-28 00:00:00+00:00,0.45302233902759714,0.19988263771730305,0.11075935054949801,0.12720558063192455,0.044956344046072946,True,0.012344625814179
2023-11-28 01:00:00+00:00,0.7125164195909225,0.22410241318423063,0.10146886545913202,0.11002749390465259,0.17293356270992272,True,0.0115962442122471
2023-11-29 00:00:00+00:00,0.25063035804336514,0.31762996783231223,0.18768308921438068,0.0636629630337923,0.20884773662551012,False,-0.007230073482051199
2023-11-29 01:00:00+00:00,0.3694091662065077,0.2764880624931262,0.2348856343590618,0.08104447287230129,0.15555929069669377,False,-0.0072295510384904
2023-11-30 00:00:00+00:00,0.033602500651214826,0.3472625698324051,0.032599204424179594,0.1141616255622762,0.09247039681822643,True,0.010229857765217001
2023-11-30 01:00:00+00:00,0.22557726465363673,0.3729068269643641,0.07650247466415354,0.10987928536938718,0.02008777852801798,False,-0.0055714836130015995
2023-11-30 15:00:00+00:00,0.12109542148052684,0.4317474433081388,0.08808875648466816,0.02827278621529774,0.6315629742033191,False,-0.005472725201102899
2023-11-30 16:00:00+00:00,0.10403489640130203,0.4024547048509673,0.07217141363992631,0.053561289508547535,0.6813230082687846,False,-0.0054117196932157
2023-12-01 00:00:00+00:00,0.13592233009703655,0.2953156822810497,0.026732611281535708,0.0501833364558518,0.43139215196200975,False,-0.0048216449113096995
2023-12-01 01:00:00+00:00,0.48865726548128435,0.11282051282050831,0.01282702565405399,0.06795755968169837,0.32291666666666646,False,-0.0049123654992578
2023-12-02 03:00:00+00:00,0.27661643169664546,0.38131313131312383,0.3110649110649081,0.17815296122709645,0.04099222198864973,True,0.0080109554210541
2023-12-02 04:00:00+00:00,0.43419689119172267,0.0481283422459877,0.2858921559237584,0.21619022174725822,0.1527192454344798,True,0.007725442148821201
2023-12-03 00:00:00+00:00,0.5604182804027893,0.5087187263078086,0.4053022037966434,0.4125437164840285,0.1341764791394058,True,0.0102345482910225
2023-12-03 01:00:00+00:00,0.13226299694189095,0.515441561354967,0.4079504724666042,0.3821329605924605,0.2032589144005942,True,0.010380722682263
2023-12-04 00:00:00+00:00,0.6917397323488577,0.3807792207792168,0.22177835629965495,0.3131794634822596,0.5539160839160838,False,-0.0063461478130399
2023-12-04 01:00:00+00:00,0.7677598794761763,0.367261628292746,0.30405350297691924,0.3443536404160494,0.4470816658081378,False,-0.0072134528848288
2023-12-05 00:00:00+00:00,0.28976132054427367,0.10012037473177113,0.3721676064309211,0.3465072894355005,0.04227678906660884,True,0.016714599669553
2023-12-05 01:00:00+00:00,0.10788679787386668,0.09587612741775794,0.29542077536134026,0.33660717959973135,0.014315253698107261,True,0.0149259845533063
2023-12-06 00:00:00+00:00,0.4124841352255622,0.7878129563018614,0.5207749541018446,0.430420495683653,0.07341877960434766,True,0.0233677765346933
2023-12-06 01:00:00+00:00,0.386949193354197,0.820596836134302,0.5730644334301818,0.4092038220240088,0.18418263350998992,True,0.024266444268227102
2023-12-07 00:00:00+00:00,0.39999999999997327,0.26975102920995264,0.15498004723511558,0.2772338096594739,0.2772479564032696,True,0.0138260002724179
2023-12-07 01:00:00+00:00,0.36430423509076143,0.2644216691068807,0.019991115059973336,0.30707733228551004,0.41691903896628446,True,0.0116881121723227
2023-12-08 00:00:00+00:00,0.05064516129032425,0.09075274507209732,0.18262970669172307,0.15622614070169064,0.2554766133807009,True,0.0128879682158804
2023-12-08 01:00:00+00:00,0.28128309880466146,0.07019728649144535,0.17014211714703198,0.08584115375286822,0.11141859392501677,True,0.0123532038000153
2023-12-09 00:00:00+00:00,0.3461399711399726,0.2089239843972969,0.2271384722302661,0.056276000792405516,0.33135802469135645,True,0.0124977713492052
2023-12-09 01:00:00+00:00,0.24747162022704092,0.3147439213657545,0.2253166024284929,0.04173431677258763,0.14020912547528402,True,0.0117839242030055
2023-12-10 00:00:00+00:00,0.6719439397871823,0.22646310432569772,0.2760371083493774,0.05981351800982788,0.10821507867554618,True,0.007853816046966701
2023-12-10 01:00:00+00:00,0.37518177411538006,0.26178010471204416,0.2023020579002444,0.07076075942106548,0.045031350940529624,True,0.0078778699212434
2023-12-11 00:00:00+00:00,0.13062200956937192,0.1549082081626405,0.005899705014749209,0.11437287745351979,0.5092787928630159,True,0.006985374543242901
2023-12-11 01:00:00+00:00,0.3277839437661762,0.2914387482508516,0.09881981834991889,0.1411426498088129,0.47095331714274463,True,0.0082293900827871
2023-12-12 02:00:00+00:00,0.8601047120418789,0.0777578559969813,0.07214769779959176,0.2939009704611449,0.1738030713640482,True,0.019913094484807402
2023-12-12 03:00:00+00:00,0.8305428716387555,0.024509368617353804,0.12689432800820766,0.27873764386323346,0.1733923810384581,True,0.0193129889255721
2023-12-13 00:00:00+00:00,0.23775577557755323,0.14409221902017236,0.04853770260747025,0.21763327774765434,0.10965648427884019,True,0.0171802816415782
2023-12-13 01:00:00+00:00,0.3898606581677992,0.1579113176340862,0.05900289678304637,0.19130756622428954,0.2602442986942641,True,0.0183247420571128
2023-12-14 01:00:00+00:00,0.0998916576381347,0.683427613660174,0.48648875696564076,0.12757336581024417,0.16814054246543042,True,0.0159663288168141
2023-12-14 02:00:00+00:00,0.08374641273153881,0.7172228536005806,0.5033709735593599,0.1150021976455491,0.06430699141405209,True,0.0157170910912581
2023-12-14 15:00:00+00:00,0.19799541323366715,0.03725961538461536,0.2188790560471985,0.16368302692263723,0.1690975816316922,False,-0.008673617725631
2023-12-14 16:00:00+00:00,0.3895631067961104,0.13931123408370621,0.16643389890945803,0.13396062894639074,0.11496441816177183,False,-0.0087053825464642
2023-12-15 00:00:00+00:00,0.2712337769015888,0.026380392004051203,0.06351268927842144,0.2072548257546314,0.24683371298405415,True,0.0207459786683768
2023-12-15 01:00:00+00:00,0.40474765609414903,0.15611697205256264,0.014066196926756544,0.24711266945920204,0.5166163141993955,True,0.0197779916655535
2023-12-16 06:00:00+00:00,0.7403726708074639,0.16369016168234388,0.1105476289596181,0.09260532846933472,0.3327157226045548,False,-0.0056943576976158
2023-12-16 07:00:00+00:00,0.35880659513216095,0.10773564027763664,0.19240980790254697,0.10049945904287581,0.14511627906977065,False,-0.005443871442064699
2023-12-17 00:00:00+00:00,0.8536585365853405,0.22529874672106867,0.2311518324607346,0.14566695893267512,0.21152542372881003,True,0.0081945550479045
2023-12-17 01:00:00+00:00,0.8601747815230742,0.3249523809523794,0.04439236692333128,0.19615312264860849,0.17838219710349618,True,0.0091044496487119
2023-12-18 00:00:00+00:00,0.9629585374596715,0.32739951244401433,0.2886858696062495,0.12495642676210045,0.21182126696832654,True,0.013553867510290401
2023-12-18 01:00:00+00:00,0.9600978246878609,0.2909818920695621,0.2530722270673107,0.169780391967794,0.1748135874067945,True,0.0150474892033566
2023-12-19 00:00:00+00:00,0.8171382376717873,0.6039085674402371,0.25688275751438683,0.06680275847629508,0.14533945637333728,False,-0.0083938872216871
2023-12-19 01:00:00+00:00,0.8182694625210908,0.5437369351985846,0.3717437019870391,0.09309420356845705,0.42122426162302606,True,0.0178104431870127
2023-12-20 01:00:00+00:00,0.07885657959585936,0.17524090767795938,0.24763497765225007,0.1616158218694286,0.749345154140639,False,-0.0076458037072686
2023-12-20 02:00:00+00:00,0.09095439820583028,0.026330275229358192,0.2190915300546434,0.1574373010110026,0.7435976709434712,False,-0.0077446997704287
2023-12-21 05:00:00+00:00,0.07400107507615554,0.22564734895190908,0.23683337162696777,0.08683080920658683,0.025230613706247195,False,-0.0076393231007074
2023-12-21 06:00:00+00:00,0.13549682167949056,0.3951924274504883,0.16480741981192915,0.07634281100991508,0.10420541668557126,True,0.0138207726811875
2023-12-22 00:00:00+00:00,0.4946466809421898,0.08773424190800415,0.07463418621760846,0.18531553243308718,0.166924170323223,True,0.0145659095261108
2023-12-22 01:00:00+00:00,0.41594128690903454,0.15269153669388166,0.10464399753515378,0.198195411188451,0.2907239045731112,True,0.0151207075649471
2023-12-23 00:00:00+00:00,0.024157562701949846,0.28760271525544817,0.04387592788971186,0.05609647163912401,0.12166993426363645,True,0.0097145946086848
2023-12-23 01:00:00+00:00,0.36114519427403025,0.0767169651671154,0.10985387525597892,0.05186832740213577,0.12260704369428625,True,0.009965310801794301
2023-12-24 00:00:00+00:00,0.3845504432249982,0.02633269107258131,0.08829260980362899,0.03141082519964636,0.0789734552263511,True,0.0050240995855933
2023-12-24 01:00:00+00:00,0.11622554660531108,0.017421602787456098,0.07882613888414937,0.09675897532669626,0.01977930460129072,True,0.005220270956368901
2023-12-25 00:00:00+00:00,0.9603876949009716,0.6750050433730082,0.39009108618965027,0.2562008840864425,0.6786808433952103,False,-0.0055507547359978995
2023-12-25 01:00:00+00:00,0.9611890999174262,0.8982545764155033,0.4541627197137148,0.22661985317586866,0.6426137502505551,False,-0.005650793223316
2023-12-26 00:00:00+00:00,0.253384912959386,0.10672797676669603,0.3434562545191642,0.03525789068514298,0.3959216405086468,True,0.0100879978347015
2023-12-26 01:00:00+00:00,0.04360155973060245,0.2388811488586449,0.21663472991868987,0.08053877839832341,0.45761340652990107,True,0.009937485221968901
2023-12-27 00:00:00+00:00,0.782101167315151,0.19577749494646818,0.3091676131753991,0.07947999377238076,0.3360097323600995,True,0.0126565265547483
2023-12-27 01:00:00+00:00,0.46325878594248604,0.25184566095556565,0.36430534061838526,0.1313625077591565,0.2897738256331,True,0.012695365197105901
2023-12-28 00:00:00+00:00,0.4345106696100157,0.5240957612187823,0.4055732300969787,0.006411575121716056,0.6134667301889837,True,0.0131555045871559
2023-12-28 01:00:00+00:00,0.634202103337904,0.5943208536805885,0.4164879407006078,0.008579052251157298,0.5519589634739575,True,0.013085911505053
2023-12-28 15:00:00+00:00,0.7369658957271685,0.6486248236953509,0.12365281777046455,0.05441257636602433,0.19370441458732965,True,0.0108285567682109
2023-12-28 16:00:00+00:00,0.9707187222715115,0.6843022334864608,0.24931205283434224,0.02183776605555379,0.15219378427787641,True,0.0112655392082562
2023-12-29 00:00:00+00:00,0.13598825472563444,0.21138286989677496,0.4282777230479314,0.04015874887029003,0.27134106607585146,True,0.0121375602145478
2023-12-29 01:00:00+00:00,0.3650344705674398,0.31897047940136636,0.43122549855122067,0.00849682098345303,0.33556955093099383,False,-0.0069903686692495
2023-12-30 00:00:00+00:00,0.005831713412936824,0.32307692307692576,0.09038034744011725,0.23493872453360493,0.07295673888101452,True,0.0168052339653018
2023-12-30 01:00:00+00:00,0.030809098761879452,0.3030152829409337,0.0627028698026693,0.21100393450945606,0.09054740019207091,True,0.0162508726621163
2023-12-31 00:00:00+00:00,0.8250075688767688,0.16686940174720064,0.01793797150041733,0.04339051463168594,0.05067305659313647,True,0.0090899357978364
2023-12-31 01:00:00+00:00,0.00020020020019728357,0.3026656793780054,0.07682609723426057,0.00312851572734071,0.2239278366830188,True,0.0095271459706786
2024-01-01 00:00:00+00:00,0.9098591549295874,0.18856297756963386,0.03636282114513683,0.037749111055982575,0.15466597348583416,True,0.0098921957687518
2024-01-01 01:00:00+00:00,0.2725688393168393,0.008736766368588798,0.1303259265882775,0.061194029850746644,0.09800295857988237,True,0.0104656221224089
2024-01-02 00:00:00+00:00,0.7615763546798004,0.6973245653544673,0.5117209495302715,0.3167187311230387,0.08416150559316118,False,-0.007451592842060199
2024-01-02 01:00:00+00:00,0.827354260089685,0.7830788598728132,0.6057901662878327,0.45236716154010304,0.3517541423678597,True,0.0163414273726398
2024-01-03 00:00:00+00:00,0.2407918968692405,0.15446351401407277,0.04432034747152397,0.2802353873139811,0.6319897700935081,True,0.019432450145757
2024-01-03 01:00:00+00:00,0.10081801763518729,0.22660486269022295,0.054368844718261165,0.2837935228142865,0.7327475745927177,True,0.0185171322848863
2024-01-04 02:00:00+00:00,0.011743719339975311,0.19081127368852085,0.38085527763515015,0.24609922621756902,0.34810969116080714,True,0.0238605018258143
2024-01-04 03:00:00+00:00,0.247540077390823,0.059297091412742135,0.2966832504145941,0.2002735786187783,0.5038432391469081,True,0.0228815247424771
2024-01-05 02:00:00+00:00,0.49335283169369815,0.12385757412844836,0.05700803468945286,0.17349660740820289,0.007528230865747782,True,0.0267236421045441
2024-01-05 04:00:00+00:00,0.6829307829469937,0.21412037037037118,0.07667795259908378,0.1555745240826201,0.1565354063123907,True,0.0264902817893381
2024-01-06 00:00:00+00:00,0.9285959491932606,0.14579815914166136,0.013977986359645771,0.15520082642595326,0.4272405440655837,True,0.0197782728504645
2024-01-06 01:00:00+00:00,0.711239719768497,0.04816488482310233,0.18744409205497167,0.16775236200895047,0.24494212854051323,True,0.0194359135672284
2024-01-07 00:00:00+00:00,0.10356731875719447,0.4765998089780344,0.060510435697283704,0.03963087036217725,0.0437679494543345,True,0.008505892828810301
2024-01-07 01:00:00+00:00,0.511882129277574,0.5213376590965877,0.08449117536612878,0.13159057567562762,0.4281587057010762,False,-0.0052389794729946
2024-01-08 00:00:00+00:00,0.20736880378135453,0.08995173321632233,0.07502691465270708,0.03197992407180966,0.5531652661064433,True,0.012618778684052501
2024-01-08 01:00:00+00:00,0.6364761708273095,0.43747908533183905,0.12001130182948139,0.06999938181293586,0.436526731252243,True,0.0126701142973522
2024-01-09 00:00:00+00:00,0.0038302436034931935,0.5822020176858874,0.5690003565909899,0.32143862850448796,0.27991606383566225,True,0.0267031436748263
2024-01-09 01:00:00+00:00,0.35774958632101256,0.5328969199674206,0.4888805126272152,0.3019487725840105,0.11022722464350679,True,0.0257946135916862
2024-01-10 00:00:00+00:00,0.20444718962322347,0.014910175285475315,0.09576116989015458,0.20571192736277338,0.4760699216395421,True,0.0329952727837923
2024-01-10 01:00:00+00:00,0.3867310196889599,0.26151444184231104,0.11697542035471031,0.17616133337673762,0.28924923660102997,True,0.0333579190748569
2024-01-11 00:00:00+00:00,0.06714180666327518,0.4316989837000293,0.11279575357163013,0.0014695575501345204,0.301912515093678,True,0.0416871368583426
2024-01-11 01:00:00+00:00,0.10203376159474449,0.37332917376592833,0.10427296827342407,0.007673682532694633,0.32655977139228665,True,0.040055499591610304
2024-01-11 15:00:00+00:00,0.9067591918107586,0.569832248853748,0.41815250774768337,0.12066080694694477,0.30731009561093187,True,0.0259515664928662
2024-01-11 17:00:00+00:00,0.24006988934187531,0.006239463301875578,0.04431337503723583,0.04128662914806925,0.18844550327576096,True,0.0313009650787372
2024-01-12 00:00:00+00:00,0.2960456756185228,0.2048201637383854,0.04226020892687521,0.031385145203483636,0.31618257261411176,True,0.033072335381001
2024-01-12 02:00:00+00:00,0.15007579585648936,0.5713514148174226,0.053051796429736967,0.010206772866336295,0.4360174584097672,True,0.0322941470055289
2024-01-13 05:00:00+00:00,0.108313211452218,0.38647513638682973,0.590333838615293,0.23718109146583885,0.14095567682683616,True,0.0278449570378126
2024-01-13 06:00:00+00:00,0.37333333333333285,0.160869039461485,0.5131274726403942,0.20399982444077103,0.2275933475700508,True,0.0236082532209354
2024-01-14 01:00:00+00:00,0.19762611275964356,0.041091642115056476,0.0010968403920314717,0.4068515420681866,0.10637928037545626,True,0.0103175751235874
2024-01-14 02:00:00+00:00,0.1945540647198034,0.07484191147042321,0.08228993269161224,0.3948072273677565,0.03303055326176671,True,0.0100120897434656
2024-01-15 03:00:00+00:00,0.09905254091300673,0.23931255684810396,0.08583052494155426,0.035714873245924025,0.17234080084671086,True,0.0159297163179113
2024-01-15 04:00:00+00:00,0.2093223377554699,0.16214760280122031,0.004860013715374824,0.04652670423377944,0.03800499791753371,True,0.01562003849946
2024-01-16 02:00:00+00:00,0.6732240437158563,0.273999717234553,0.057178526841446746,0.02901629890430137,0.0012729124236252561,True,0.014530909185797702
2024-01-16 03:00:00+00:00,0.03751803751803432,0.2919194704908996,0.041350639459234693,0.0016494907764715134,0.17434659389104543,True,0.0141137185395249
2024-01-17 00:00:00+00:00,0.17414469994391113,0.013772424658229747,0.16497517409362167,0.12958083098418943,0.26977651649521506,True,0.0162043467103941
2024-01-17 01:00:00+00:00,0.12549933422104173,0.17122336894200402,0.15394846732036446,0.12316246477264042,0.3012559402579782,True,0.0164361178330204
2024-01-18 00:00:00+00:00,0.697499999999982,0.0019476303830292404,0.14913734282093744,0.03373161938199684,0.1951652438508991,True,0.0125255827547383
2024-01-18 01:00:00+00:00,0.1527936145952019,0.07044214923987026,0.14425763442968578,0.014711876968686595,0.07129519606178841,True,0.0126332152784485
2024-01-19 00:00:00+00:00,0.16249790162833486,0.41074383204029724,0.3453930511427677,0.2911371540655023,0.04995722840034369,True,0.0199958797130885
2024-01-19 01:00:00+00:00,0.376275862068969,0.4559743742550638,0.33864871861247525,0.2807158387690241,0.10898183636060377,True,0.0201636275517127
2024-01-20 10:00:00+00:00,0.4161549362304975,0.25880228708997627,0.010338211288982652,0.12468200198163035,0.5166557805355996,False,-0.0041467928713279
2024-01-20 11:00:00+00:00,0.4121526142251455,0.18161128812015756,0.02020547945205562,0.13475541385785492,0.21374950612406798,False,-0.0040366952356217
2024-01-21 04:00:00+00:00,0.4637681159420121,0.23693230505568957,0.07670454545454855,0.11698617380918631,0.1035749611417311,True,0.0046665119997148004
2024-01-21 05:00:00+00:00,0.12555391432790827,0.19617437722420283,0.050055865921790094,0.09673416203023903,0.06131307650569344,False,-0.0033642203601016996
2024-01-22 00:00:00+00:00,0.21946941460205796,0.1728791062935563,0.048621026527389484,0.03692651995523972,0.387326432719008,True,0.0062188296488412
2024-01-22 01:00:00+00:00,0.14045519786754207,0.23374054682955545,0.007363557609012731,0.005277729711024525,0.24141876430205736,True,0.0073509345105274
2024-01-23 00:00:00+00:00,0.5050593044294011,0.4847081311571792,0.4436809972558417,0.34036662680405466,0.4400569582123861,True,0.0247559473764925
2024-01-23 01:00:00+00:00,0.04407991914794132,0.3616289653777434,0.3170566149799538,0.28077892397038356,0.4869015356820204,True,0.0245249027963098
2024-01-24 00:00:00+00:00,0.9999999999999988,0.4016469327096435,0.00536331287710867,0.19847319649150355,0.08184925346285242,True,0.0187257882200802
2024-01-24 02:00:00+00:00,0.4202211690363308,0.4083258067164767,0.06898080108241841,0.16842972340240975,0.10675822190097249,False,-0.0090769711021787
2024-01-25 00:00:00+00:00,0.3914104441190774,0.02927095327555642,0.02658388088492497,0.02803463180291444,0.2464328899637262,True,0.01393004281403
2024-01-25 01:00:00+00:00,0.42121141796240236,0.10979971387696974,0.13258561986781592,0.04424095615833046,0.06181752549408861,True,0.0138938501057073
2024-01-25 15:00:00+00:00,0.03911735205617058,0.002578268876614096,0.016360133123137794,0.1256300284882439,0.253025936599423,True,0.0096176045537832
2024-01-25 16:00:00+00:00,0.4273492479646779,0.12574656981436869,0.13430996714129229,0.07420211124143365,0.4235500878734599,False,-0.0055791291831593995
2024-01-26 00:00:00+00:00,0.2792042563034958,0.09760443476539753,0.09201581730128258,0.03780397154082993,0.5789424470522165,False,-0.0062222523209419
2024-01-26 01:00:00+00:00,0.2692530399536693,0.016842929886405088,0.04024796881604112,0.023861089662706194,0.4823265214462101,False,-0.0060838972429508
2024-01-27 00:00:00+00:00,0.8965740142210705,0.34429891359528914,0.466449241852651,0.25627452201531853,0.0544375644994913,True,0.0156773528639278
2024-01-27 01:00:00+00:00,0.8951507208387902,0.4104612762330893,0.4494505226735518,0.2865616429619223,0.10444563470809136,True,0.0139041760996575
2024-01-28 00:00:00+00:00,0.816731016730988,0.7340971947846594,0.257062587794599,0.4078949794420771,0.2900638847356225,False,-0.0036794943813532
2024-01-28 01:00:00+00:00,0.1983122362869222,0.3968809675366016,0.1246364165212365,0.37160690956597486,0.22393211563354062,False,-0.0038976702494355996
2024-01-29 00:00:00+00:00,0.09675599435824986,0.3038911434709989,0.016458340969903708,0.06006674082313591,0.11835515332572219,False,-0.006241259640671799
2024-01-29 01:00:00+00:00,0.3044791142425807,0.3314482231562908,0.04531140009632961,0.03527945546927387,0.14822627037392683,True,0.0116697288669099
2024-01-30 00:00:00+00:00,0.5953357806089247,0.572429572429567,0.4127317676143372,0.21736391964463214,0.1917232460394396,False,-0.0071773129109799
2024-01-30 01:00:00+00:00,0.27489214840380094,0.5396966161026849,0.314456129336053,0.176342812006319,0.140139860139855,True,0.0145543212853757
2024-01-31 00:00:00+00:00,0.5399258343634104,0.3162369906809038,0.08410593580319757,0.15878389482333657,0.22180787589498974,True,0.014252526873308401
2024-01-31 01:00:00+00:00,0.9500232810802448,0.26304985337243597,0.20894726041452774,0.13033010630541975,0.012471738020566371,True,0.0147293885729382
2024-02-01 00:00:00+00:00,0.7435694499406406,0.02154110794010653,0.09041475363582738,0.08856049491022941,0.22888015717092167,True,0.018448316036463
2024-02-01 03:00:00+00:00,0.3250298923874098,0.4598691804540236,0.17624748674830973,0.1985536312930952,0.40293716395152307,False,-0.0093153524317484
2024-02-02 01:00:00+00:00,0.070704225352118,0.44415875835631147,0.37705022250476344,0.051406608658516484,0.3746343142316245,True,0.015046841701994499
2024-02-02 03:00:00+00:00,0.030583501006030297,0.3389759289273057,0.36634615384615105,0.019738080512007213,0.12596875384426165,True,0.0139022808671565
2024-02-03 00:00:00+00:00,0.549118898116256,0.03753470294280857,0.010079782058766773,0.11631054819684769,0.3330602212208045,True,0.011606874058245101
2024-02-03 01:00:00+00:00,0.4319979586629209,0.390496760259178,0.041941047350266096,0.2163775252744938,0.3159663865546194,True,0.011571016208476401
2024-02-04 00:00:00+00:00,0.9812206572770238,0.11841038118410546,0.22518850621560813,0.04569689864053697,0.027767584097855732,True,0.0047897866628569
2024-02-04 01:00:00+00:00,0.8272425249170181,0.10681955340977387,0.20912547528516964,0.03092841795770677,0.0627371616493882,True,0.004804895287853801
2024-02-05 00:00:00+00:00,0.28451940216645943,0.3760238272524268,0.2255404619694495,0.22346155182598468,0.79932576295245,False,-0.0054555632335315995
2024-02-05 01:00:00+00:00,0.3530068195908263,0.4897896514663011,0.3284922606535502,0.2781886889958351,0.8028414538481664,False,-0.0055768179056651
2024-02-06 04:00:00+00:00,0.6344789961811236,0.09247039681822522,0.03232781922370137,0.013699149969641233,0.27361802890503234,False,-0.005996176513871999
2024-02-06 05:00:00+00:00,0.3240379252649048,0.08452979181622064,0.014922137514902466,0.012518759142113839,0.33322217590662506,False,-0.005323743024038099
2024-02-07 00:00:00+00:00,0.2097401268671995,0.28262699971933564,0.24227189008909913,0.145013033337906,0.017574140906952147,True,0.0093185733950628
2024-02-07 01:00:00+00:00,0.44716242661447436,0.22000813338755748,0.2195797027165538,0.1147095229398755,0.07231533209187117,True,0.0093040747363689
2024-02-08 00:00:00+00:00,0.8267564966313747,0.7769075445144674,0.4287875141806141,0.3525416836112205,0.02290768881833119,True,0.0123461995944297
2024-02-08 15:00:00+00:00,0.603199015687478,0.4733303847854945,0.6655246964909374,0.3569795391921195,0.2739643957548768,True,0.0093727933914771
2024-02-08 16:00:00+00:00,0.6994408201304749,0.6557721980642429,0.6844681518669613,0.4207070988859755,0.4314564600663575,False,-0.0058653029510172
2024-02-09 00:00:00+00:00,0.030878859857488013,0.3240315167432671,0.2260279028567214,0.36817509413663096,0.6586025835131906,False,-0.0066539894203739
2024-02-09 01:00:00+00:00,0.010810810810817341,0.19076122316200572,0.23693911748277888,0.3789539670975722,0.6504502127378862,False,-0.0066565680219076995
2024-02-10 01:00:00+00:00,0.9946962391513678,0.24349418072446538,0.3507114199899131,0.3279326162182454,0.005507618872774029,True,0.0181917693981146
2024-02-10 02:00:00+00:00,0.33430091920658056,0.1746483088895529,0.25376067729986984,0.34605395387687354,0.03594270786415771,True,0.0166635618619887
2024-02-11 00:00:00+00:00,0.5057612159843101,0.40402871034961857,0.2620695140380188,0.33874178094414387,0.31078436853581054,False,-0.0057867220354244
2024-02-11 01:00:00+00:00,0.3310258023914437,0.35420393559928426,0.19041048637461208,0.3171626522174708,0.2267043373620077,False,-0.005629231415371599
2024-02-12 00:00:00+00:00,0.05547550432277055,0.020132141469103217,0.18919094693028202,0.21957577488930247,0.4746140510195626,True,0.0110586509224624
2024-02-12 01:00:00+00:00,0.3865949233828474,0.4079311853039758,0.3024275836861508,0.2336822174301801,0.45481024586652313,True,0.0110233783271289
2024-02-13 00:00:00+00:00,0.1282120455925,0.4465273221482813,0.2428772198799026,0.25068820795162255,0.16192846849207282,True,0.0183724973281083
2024-02-13 01:00:00+00:00,0.3975969790593897,0.4991513372173041,0.2976787103544364,0.28009481852539314,0.3390703793027886,True,0.0190655634936773
2024-02-14 00:00:00+00:00,0.7718854097268516,0.06400846859562488,0.09828922625326758,0.10812402079653528,0.718760571003313,False,-0.0093446082804037
2024-02-14 01:00:00+00:00,0.4966797974113579,0.021036315323294898,0.14900749889722226,0.09967418968300344,0.7653365863054117,False,-0.009146320206211799
2024-02-15 00:00:00+00:00,0.9999999999999971,0.16196000610593425,0.5477686105381555,0.19216493912098762,0.001021251762877903,True,0.0156254538231159
2024-02-15 02:00:00+00:00,0.20465549348230627,0.006081220366936122,0.4755072520426886,0.20474547925159306,0.2825977174022832,True,0.0151329487049029
2024-02-16 02:00:00+00:00,0.2749769915124254,0.24025741866285172,0.023528426693460884,0.24647256661824032,0.1153809387247877,True,0.016695222311481
2024-02-16 03:00:00+00:00,0.9999999999999988,0.09597814021005965,0.03963259057662894,0.26060594225680683,0.19845437431883417,True,0.0165898584070264
2024-02-17 00:00:00+00:00,0.24796747967479818,0.18185516680228167,0.06638369588964035,0.024224374457706796,0.4705783738474377,True,0.0111973987784637
2024-02-17 01:00:00+00:00,0.5144912641315568,0.3064026402640243,0.017652787923058157,0.012458027154606218,0.7097426470588222,True,0.0109589842207691
2024-02-18 00:00:00+00:00,0.5475138908676529,0.03437164339420065,0.13275607819412402,0.042987145754076694,0.06544444444444603,True,0.0121957579133017
2024-02-18 01:00:00+00:00,0.46995994659546536,0.315575620767499,0.10722001137009746,0.04396691996712105,0.05548432218207068,True,0.0127546829518862
2024-02-19 00:00:00+00:00,0.5509499136442143,0.48979763204299115,0.155638770938513,0.02565912540147557,0.0737300192484713,True,0.0090317119877441
2024-02-19 04:00:00+00:00,0.4680082559339568,0.23868567885926747,0.19684672439905196,0.011453410149377553,0.2219531880548824,True,0.0085442637647589
2024-02-20 00:00:00+00:00,0.34196281477993595,0.3100031357792368,0.1456227145622699,0.0177529015864297,0.38198324022346347,True,0.010200857248471801
2024-02-20 01:00:00+00:00,0.39336081579517174,0.31494396014943526,0.16137659230065338,0.0186448541920849,0.5819176778491578,False,-0.006044309600721299
2024-02-21 00:00:00+00:00,0.7683934690586548,0.023578934973947942,0.1298585657783021,0.009971656789487422,0.40900122146011403,True,0.0177832215270148
2024-02-21 02:00:00+00:00,0.2828121433462716,0.029506930023666333,0.07993308307491503,0.006126914660831316,0.4737942861923278,True,0.0173281810686545
2024-02-22 02:00:00+00:00,0.19228474845893653,0.10964478170020832,0.1628570312194738,0.04772130756382727,0.025663667972846253,True,0.0152029647893091
2024-02-22 15:00:00+00:00,0.5755691505365578,0.12541633864228122,0.04908506155040543,0.034745198116509585,0.2204644604062936,True,0.0114324672809275
2024-02-22 16:00:00+00:00,0.09587906398840222,0.09327022971256989,0.05684618092221082,0.022848178966034652,0.11677544540483424,True,0.0116886864988
2024-02-23 00:00:00+00:00,0.3105339105339098,0.09514257620452338,0.05903340140365697,0.09677208572922093,0.3145489027363894,True,0.0131299734306387
2024-02-23 01:00:00+00:00,0.047731813808924606,0.12340461860246633,0.051866214251090635,0.07086223984142744,0.17780634104541623,True,0.0133559743275222
2024-02-24 00:00:00+00:00,0.999443207126954,0.25386677665497637,0.2904913743765846,0.11590343563102995,0.15725267379679364,True,0.009590347578309101
2024-02-24 01:00:00+00:00,0.423869944488511,0.16319112301512018,0.17155940796467728,0.0522962411611468,0.5774382586856295,False,-0.005739496635089199
2024-02-25 01:00:00+00:00,0.37281153450051213,0.3917410714285646,0.48757831065023854,0.039306056785076565,0.10920319325199657,True,0.0058535279240817
2024-02-25 03:00:00+00:00,0.11192277589355648,0.4457007625558675,0.40259186176736395,0.10781290156772023,0.11520138588132857,True,0.0067205286584357
2024-02-26 00:00:00+00:00,0.5758538522636925,0.07383986769141092,0.13365400205372233,0.2116974252678368,0.2918791683012979,True,0.006802949836212201
2024-02-26 01:00:00+00:00,0.06776379477250502,0.07363096975002101,0.0018912529550810212,0.29566331980345745,0.18375037684655177,True,0.0070561537716959995
2024-02-27 00:00:00+00:00,0.6567915864316339,0.8693316140124628,0.5311702654328041,0.41903428971308604,0.5170108795869434,False,-0.0085853650648872
2024-02-27 01:00:00+00:00,0.12763554216866518,0.8780012636899724,0.6031374385389835,0.4096397536728624,0.3835064285504123,False,-0.0096036441775971
2024-02-28 00:00:00+00:00,0.0656260490097328,0.08201002187874999,0.34513817238783073,0.4278064180953522,0.567931633835461,False,-0.009289771740028499
2024-02-28 01:00:00+00:00,0.34227633887111725,0.0402687215965231,0.20265119573649915,0.45083611496885356,0.7417198782598344,False,-0.0094057244644174
2024-02-29 05:00:00+00:00,0.017648002566982207,0.19312510208896677,0.4149809979159005,0.35107859215340015,0.4177304579281885,True,0.0442106718820256
2024-02-29 06:00:00+00:00,0.7515159334279458,0.27235381687301025,0.41416404511624355,0.3447424096412236,0.6250732965873128,True,0.0427944554932803
2024-03-01 08:00:00+00:00,0.3648707082936978,0.1738882959800771,0.2029422474692302,0.10737327937854528,0.2324773450596442,True,0.0198302862674595
2024-03-01 09:00:00+00:00,0.520313520574789,0.19671775592828153,0.10923906299549216,0.1394663802545808,0.08560046865846581,True,0.0182673550134393
2024-03-02 00:00:00+00:00,0.021302681992333684,0.03696033136848738,0.12607048626976933,0.067808519371378,0.13867577847978635,True,0.0178282724805925
2024-03-02 02:00:00+00:00,0.9999999999999988,0.02340268555408083,0.154977700506463,0.017976932624855536,0.19393007553980565,True,0.0170242797408445
2024-03-03 00:00:00+00:00,0.06397952655150325,0.06563400983662018,0.09975903614457654,0.04571124972943164,0.30707140393239085,True,0.0081857274620717
2024-03-03 01:00:00+00:00,0.353333943108023,0.03783909651880272,0.08844699280224383,0.049842944348959604,0.3712676056338034,True,0.008061237284303401
2024-03-04 00:00:00+00:00,0.6669580419580257,0.41938958707360774,0.37511896668932687,0.11154398762157354,0.49669947191550745,False,-0.0080310284244
2024-03-04 01:00:00+00:00,0.9999999999999987,0.4583141409488702,0.4234243275792851,0.19877634076724437,0.4781087926667463,False,-0.0083730966414835
2024-03-05 00:00:00+00:00,0.960580541121662,0.8342988010238476,0.6745737688627701,0.5859954183877784,0.1222898570549197,True,0.0255017561447659
2024-03-05 01:00:00+00:00,0.5946480731178858,0.7605834130699092,0.6301699775869064,0.5580984659293633,0.12927979078490162,True,0.0260473356654438
2024-03-06 00:00:00+00:00,0.06839617730954202,0.33122896768166005,0.25880839916790555,0.008419261810411057,0.2645289741171541,False,-0.0241107968541293
2024-03-06 01:00:00+00:00,0.7832689011996324,0.4035854589719453,0.30786503362151685,0.004607802435846254,0.336125632684454,False,-0.024466262553152998
2024-03-07 02:00:00+00:00,0.3056762629006076,0.14923413566739424,0.27056983240223476,0.05741767209968713,0.471408718925316,False,-0.011477132594171999
2024-03-07 15:00:00+00:00,0.45062169501215343,0.6979271841777142,0.10341707974442586,0.01026858523090887,0.05329531746902742,True,0.0176820628679149
2024-03-07 16:00:00+00:00,0.4783552720857678,0.7424003365940935,0.03153565829923438,0.07298339877385195,0.12594268476621706,True,0.0173835515519302
2024-03-08 02:00:00+00:00,0.5312303406129227,0.04978414120990549,0.21861747243426385,0.2368914071603193,0.3981193118253573,False,-0.0080520498760031
2024-03-08 03:00:00+00:00,0.11559778305621712,0.07390429338104453,0.3432803546329354,0.22421391864820178,0.11396492258017327,False,-0.0079209688967531
2024-03-09 06:00:00+00:00,0.24413068461666387,0.15162252890712258,0.10665299320599984,0.21995262644559055,0.12305986696230894,True,0.0143478436667521
2024-03-09 08:00:00+00:00,0.23964441081898533,0.39216967382017576,0.16965246870933132,0.15599891317005044,0.019295474833485867,True,0.0113892166280131
2024-03-10 00:00:00+00:00,0.16986120290816273,0.1468830821368024,0.08231035568146486,0.12998424497478123,0.5927201180521381,False,-0.0038654174306436
2024-03-10 01:00:00+00:00,0.5019050917907947,0.0003858769052756455,0.17825326783781428,0.14959637808055332,0.15841016365962618,True,0.006951563747198601
2024-03-11 00:00:00+00:00,0.17388751907948538,0.3070906246589267,0.11601102480581468,0.1095151678958015,0.8325949906287274,True,0.0171656070766689
2024-03-11 01:00:00+00:00,0.5506427165766427,0.3941148401463345,0.16261274582285992,0.021107741874348156,0.649884936816178,False,-0.0088151191547114
2024-03-12 00:00:00+00:00,0.2668916683210939,0.028063416802488268,0.49616466535311043,0.26604724342482927,0.06053943579103796,True,0.0177363755226186
2024-03-12 01:00:00+00:00,0.025076339409633865,0.1619385738687738,0.46638957113168084,0.22400206405956188,0.05351251866514052,True,0.0167727098434513
2024-03-13 00:00:00+00:00,0.022438860408435055,0.18508065497189813,0.07700901981088322,0.21641872922649927,0.48781763045069126,False,-0.0124894006173466
2024-03-13 06:00:00+00:00,0.7910259111017283,0.34665989566501165,0.01634430315842705,0.18752357195317895,0.12215182161569432,True,0.017634272024910802
2024-03-14 00:00:00+00:00,0.07094495142772048,0.0852093842039387,0.2835749124132745,0.08030934869967485,0.0035049195557632007,True,0.016131569664903
2024-03-14 01:00:00+00:00,0.4775962548963429,0.2592708988057848,0.15106144841379132,0.0285154078922987,0.3241679626749587,True,0.0162056594080295
2024-03-15 00:00:00+00:00,0.45101708424298936,0.21634731260544635,0.1603841669905063,0.0013880679289889782,0.4334061371450818,True,0.0317303270960326
2024-03-15 01:00:00+00:00,0.8991847430484786,0.003170515812343613,0.10844779127114564,0.007059797890743244,0.33659203195627135,True,0.0319669655309822
2024-03-16 00:00:00+00:00,0.18026499302650012,0.20560312491916022,0.14244994110718545,0.1263225416949666,0.6004231937476503,True,0.0299693305955061
2024-03-16 01:00:00+00:00,0.23862097698156512,0.16256936774791783,0.11929056039318349,0.12443024718796374,0.5747339362899947,True,0.0294508933774108
2024-03-17 00:00:00+00:00,0.7311564165468221,0.5634417995195456,0.5778721817528053,0.2688084719334721,0.23653979238754427,False,-0.012135804521553
2024-03-17 01:00:00+00:00,0.7273624158194982,0.5533659539289947,0.5615039840637431,0.2630208972816346,0.1806450414987833,True,0.0259571206129473
2024-03-18 00:00:00+00:00,0.22545266425245106,0.5508885298869136,0.350359243767038,0.0746302725951205,0.4239777014854342,False,-0.0098176445138927
2024-03-18 02:00:00+00:00,0.3580039248668347,0.009235115167318612,0.1373808071403361,0.0819554030874783,0.1907808601566164,True,0.0207372370174153
2024-03-19 00:00:00+00:00,0.6707992030108515,0.2437337720764048,0.043795193067712304,0.1405569035784119,0.5891000237103273,True,0.0222656083474123
2024-03-19 01:00:00+00:00,0.1195668298472017,0.13494280589290705,0.07689019959824067,0.056412734851687914,0.4858111688036458,True,0.0246559785230104
2024-03-20 00:00:00+00:00,0.8833702882483336,0.2722540008998004,0.42651011691759644,0.27662262300301443,0.13530043805273162,True,0.033104134794784
2024-03-20 01:00:00+00:00,0.27824090854174116,0.04327225516309104,0.214572839587196,0.21523999472055627,0.21394230769230796,True,0.0346794418534832
2024-03-21 00:00:00+00:00,0.9980212713331729,0.5433918802188323,0.3534223385017894,0.02759797375260566,0.14400827182942794,True,0.0341510030316113
2024-03-21 01:00:00+00:00,0.8369497276542603,0.6085345176827188,0.4273633980669203,0.07084819932585568,0.33167490631986457,True,0.0326409486155352
2024-03-21 15:00:00+00:00,0.01562801466331971,0.09533412778439868,0.3679077415140686,0.12720559169152296,0.13390522501032168,True,0.0200133470838967
2024-03-21 16:00:00+00:00,0.3356014580801847,0.07134917040635214,0.39862281792639925,0.07356276182514387,0.15518168010281655,True,0.0204050695360013
2024-03-22 00:00:00+00:00,0.3967378819205114,0.47097398408944685,0.33044211171557925,0.11453109455261615,0.3841823390210479,True,0.023112084053472
2024-03-22 01:00:00+00:00,0.5194876486733783,0.26697965571205085,0.2976891572748193,0.1782452732655594,0.4693938873626361,True,0.0238401869277493
2024-03-23 01:00:00+00:00,0.1548507462686545,0.11185995623632496,0.181575867897542,0.25650828326961556,0.21156130394614964,True,0.0266548635049999
2024-03-23 02:00:00+00:00,0.2890729107176851,0.2826707207863889,0.16476544475775332,0.20458993698682407,0.5194727381665638,True,0.0264914725021554
2024-03-24 00:00:00+00:00,0.8523530477859018,0.21051379638439502,0.06780135306414718,0.11494651378286531,0.35862553490451277,True,0.0171923509770383
2024-03-24 01:00:00+00:00,0.21209960183039367,0.017666543982332673,0.06807747371192491,0.0456421584095927,0.26374572998663165,True,0.0171009141156462
2024-03-25 01:00:00+00:00,0.3731388028380185,0.3689183935887098,0.3161565284773342,0.19368986873368885,0.43830463900186734,False,-0.008901851046048
2024-03-25 02:00:00+00:00,0.23861031097525753,0.29982747957423384,0.35160530101306864,0.21587329297033023,0.5944716739524005,False,-0.0087312498194007
2024-03-26 00:00:00+00:00,0.45781724702033166,0.47263412407216426,0.3968104499414482,0.35628103623636376,0.38150343400131914,False,-0.0104768632679085
2024-03-26 02:00:00+00:00,0.26166483190786805,0.22341458556382793,0.42008261464830277,0.3955723875837492,0.06303664921465907,True,0.0223820140974395
2024-03-27 00:00:00+00:00,0.041044776119407156,0.33668823388449604,0.014171684208913654,0.2297948320587546,0.1439008113519013,True,0.019150143028979702
2024-03-27 01:00:00+00:00,0.6867368421052671,0.06324986156402118,0.049205035758614735,0.2623801166939734,0.14749396663285588,True,0.0197335898438712
2024-03-28 00:00:00+00:00,0.999999999999999,0.1894910721308884,0.1700045038282531,0.030342530233905485,0.4450306134236947,True,0.0225738507100243
2024-03-28 01:00:00+00:00,0.9999999999999991,0.05859385446473699,0.09711445198835912,0.042871488151519456,0.5965679676985154,False,-0.0108167510066433
2024-03-29 00:00:00+00:00,0.38819928583573304,0.02595456938089869,0.21545020329214595,0.014545180495892412,0.2608084358523703,True,0.0132623442077875
2024-03-29 01:00:00+00:00,0.10679133858269609,0.05246690734055439,0.2643616802857935,0.034654141759180385,0.13575556083274085,True,0.0128609043698787
2024-03-30 08:00:00+00:00,0.1309904153354605,0.15588333892054967,0.023655605037587558,0.08081889342342803,0.16436882761316787,True,0.007015501046215601
2024-03-30 09:00:00+00:00,0.2882787750791927,0.38734319153409813,0.05491990846681705,0.06542775456344842,0.28308650127345086,True,0.0069200522540682
2024-03-31 00:00:00+00:00,0.9712395743456972,0.6389862766703219,0.15820069204151974,0.15913990381957738,0.4990419253468171,False,-0.0038870960386969003
2024-03-31 01:00:00+00:00,0.03551590641304754,0.2388724035608188,0.047746243739563494,0.1227713230176148,0.4621461487820935,True,0.005720722691545201
2024-04-01 00:00:00+00:00,0.4860363180964198,0.48621476592856777,0.49193438140805856,0.25637209302325437,0.3973000177630355,True,0.0090587304194398
2024-04-01 01:00:00+00:00,0.12904066736183312,0.3458078445483972,0.39485186983972714,0.21943165348841484,0.3105021343152259,True,0.0095286298531002
2024-04-02 00:00:00+00:00,0.6535502696967097,0.05485280260415381,0.22298289219320055,0.02250674397068937,0.8698003779568563,True,0.0157485175990537
2024-04-02 01:00:00+00:00,0.3938191097249937,0.14048487106474614,0.2169161808220781,0.06875981786005322,0.8865564984367976,True,0.0157388169512022
2024-04-03 03:00:00+00:00,0.21207561365559974,0.4258401168858238,0.1383055501769104,0.31515480571363474,0.10833643575131162,True,0.0210560803371704
2024-04-03 04:00:00+00:00,0.3228257355318419,0.32769576693713603,0.06478585995921092,0.28243576485561994,0.03686438407544517,True,0.0195969367564468
2024-04-04 00:00:00+00:00,0.0598309364364917,0.006725837658546829,0.09194066580080584,0.2495528638524969,0.2087626287886342,True,0.0165705472626095
2024-04-04 01:00:00+00:00,0.4943007235603055,0.13077011626568308,0.08088286168961585,0.22352421903921213,0.45661811272957553,True,0.0157178274484396
2024-04-04 16:00:00+00:00,0.9273081743489798,0.953177557518951,0.310905127809949,0.19663514109770402,0.028593811202508344,False,-0.006824386557943599
2024-04-04 17:00:00+00:00,0.9321857746021468,0.954507821691579,0.40645074646910256,0.20398794871551232,0.47849250197316556,True,0.014568206206770299
2024-04-05 00:00:00+00:00,0.06618251575774553,0.44852681053216814,0.36804995970991106,0.2518542937201254,0.3814792462951772,True,0.0197401308047551
2024-04-05 01:00:00+00:00,0.08012798692899198,0.38568935427574175,0.4140615763962778,0.2339111208628001,0.14540942928039843,True,0.0208184374523219
2024-04-06 05:00:00+00:00,0.11544139356361967,0.1632984381122972,0.1379406597376161,0.15873510051592205,0.18746863574449849,True,0.0116059773267296
2024-04-06 06:00:00+00:00,0.13989755264654985,0.2104595879556228,0.14139464904821142,0.16485149972036597,0.13960373491231737,True,0.0106794179718617
2024-04-07 00:00:00+00:00,0.5426834718870249,0.65985088115682,0.2932344108814716,0.026990055348063636,0.18647965049436246,False,-0.0055275715734779
2024-04-07 03:00:00+00:00,0.5755490567119722,0.5551596546526076,0.40809734036826106,0.13261248172259432,0.14127471029310096,True,0.0110159745269132
2024-04-08 00:00:00+00:00,0.050543384509232875,0.01058141708730695,0.07990303799188805,0.18399818161154516,0.7369413443408253,False,-0.0065001468532231
2024-04-08 01:00:00+00:00,0.30954080418749647,0.004927961479137459,0.048841208325844016,0.2135904737250856,0.6241326706362857,False,-0.0068015682219104995
2024-04-09 00:00:00+00:00,0.37067905451564326,0.3726293530694557,0.4281616065025084,0.2705026052754277,0.3374816983894599,True,0.0121566531411781
2024-04-09 01:00:00+00:00,0.4226623213837997,0.35594600094973194,0.36327031760648537,0.20220904156099997,0.48040763599827796,True,0.012493081868845301
2024-04-10 00:00:00+00:00,0.42700964630225946,0.5226064280150344,0.4438627561644893,0.014910149657845725,0.3456910569105626,True,0.0163545030429691
2024-04-10 01:00:00+00:00,0.2651273885350209,0.3611602084749618,0.42771313560170704,0.025760554151456668,0.2911808924063185,True,0.0170173174347884
2024-04-11 00:00:00+00:00,0.7120756338633417,0.7239451906118576,0.2120543293718166,0.06454756114536517,0.10297285652736085,True,0.0197963886932089
2024-04-11 01:00:00+00:00,0.3738395225464206,0.6475148198814429,0.177066007022931,0.06134253553528912,0.07573122529644113,True,0.0198343952735279
2024-04-12 01:00:00+00:00,0.16745124411566023,0.007294832826746572,0.041730200715729956,0.07522612283599879,0.15552411272256153,True,0.0151547125829277
2024-04-12 02:00:00+00:00,0.256219785402649,0.3583358950712201,0.11813749147126748,0.12625216291502783,0.4902223318417275,True,0.0138030216243201
2024-04-13 00:00:00+00:00,0.6351407284768122,0.6634920634920634,0.4512895596350959,0.2532059785973296,0.15014105109184145,True,0.0260394535979645
2024-04-13 01:00:00+00:00,0.1124437781109452,0.6299117628388238,0.4638937030618158,0.2664434572656118,0.5776976892092466,False,-0.0131253362039843
2024-04-14 00:00:00+00:00,0.3971797165014772,0.37163546084617827,0.2236169361412042,0.3081362050294798,0.21158624974114731,True,0.0452703466225072
2024-04-14 01:00:00+00:00,0.182223108629172,0.3922571515212782,0.1764964788732401,0.3162025629560578,0.15678631094011075,True,0.045917664725685
2024-04-15 00:00:00+00:00,0.4593569968407336,0.22920175835010842,0.221407792564766,0.05966962879940257,0.15448669094193848,True,0.0253440505655008
2024-04-15 02:00:00+00:00,0.5733921057904248,0.292971197683716,0.25894646435728685,0.06191472381339165,0.17724447305425384,False,-0.011523077841326
2024-04-16 00:00:00+00:00,0.35956219494156705,0.6224587190989773,0.2665416693605745,0.01744172059566484,0.05745450758857597,True,0.0283821228646428
2024-04-16 01:00:00+00:00,0.04489795918367499,0.6220889961067171,0.26240230946281606,0.029893221413112393,0.11013345786123281,True,0.0282951217960862
2024-04-17 00:00:00+00:00,0.43312382842650443,0.15540498409993023,0.06090654832073581,0.10211114335461394,0.740395051009338,True,0.0234350375147926
2024-04-17 01:00:00+00:00,0.7423957084973996,0.2831686549008721,0.10038151371850235,0.07628427964465034,0.5286939942802696,True,0.0223954010220298
2024-04-18 01:00:00+00:00,0.2973747016706438,0.19180305227539501,0.29679497082555956,0.0942011682692027,0.3128393572094556,True,0.0295126153030074
2024-04-18 02:00:00+00:00,0.4973400964988226,0.07775420485116237,0.2636257198155368,0.10276215854531806,0.4603871912483578,True,0.0288192730741526
2024-04-18 15:00:00+00:00,0.7556677694584696,0.4213734817346326,0.42519675490826125,0.11953672229847977,0.35919161488733975,True,0.0222948842945818
2024-04-18 16:00:00+00:00,0.5624645182835178,0.4330547342444052,0.39174610693350576,0.0461232775062398,0.2024430871737923,True,0.0225455568053993
2024-04-19 00:00:00+00:00,0.7598852694119868,0.3575198654370377,0.2922375798279005,0.03625047227027784,0.34389300627109004,True,0.024103484353348602
2024-04-19 01:00:00+00:00,0.8504161441112638,0.018446548798511406,0.14703303928551817,0.08214213556924929,0.7979427346375053,True,0.0269627634660421
2024-04-20 04:00:00+00:00,0.0442864953526503,0.01652439024390162,0.20047833057373493,0.13371908550198738,0.32123008521674584,True,0.0186251001751672
2024-04-20 05:00:00+00:00,0.2927600967801961,0.1773305084745761,0.27716526942879544,0.18006351155131076,0.4502036441586259,True,0.0183446060666015
2024-04-21 00:00:00+00:00,0.05152838427947748,0.45651097540847957,0.37571875315242315,0.1558495713447687,0.14075012963069722,False,-0.006518182831348599
2024-04-21 02:00:00+00:00,0.2834467120181392,0.3800007527003103,0.28384725342045997,0.28718507946180843,0.3062691933188504,True,0.0122181008889738
2024-04-22 00:00:00+00:00,0.1917525773195873,0.03453502219335449,0.05037537328012047,0.19514092358752202,0.3968058968058969,True,0.011935934638309201
2024-04-22 01:00:00+00:00,0.5946121389159476,0.013178822994776487,0.012329882517155442,0.16580860888487897,0.5477356413468474,False,-0.0069881695278557
2024-04-23 00:00:00+00:00,0.5047094930680459,0.4228047182175685,0.4074137451605339,0.24656824344682254,0.42921370278061893,True,0.0129465961039231
2024-04-23 01:00:00+00:00,0.5154276247670261,0.45419393218322984,0.5071697301945637,0.24944473124992578,0.12799254774103444,True,0.013004163580867801
2024-04-24 00:00:00+00:00,0.7252596511855545,0.1275515003292246,0.14550029958058455,0.16694251351649614,0.21382449454853447,True,0.0112636925262807
2024-04-24 01:00:00+00:00,0.48734873487348396,0.1206863860447502,0.004745571582952824,0.22790545335444143,0.3089234204894396,True,0.0108877819427701
2024-04-25 00:00:00+00:00,0.14549160438707362,0.5499468085106389,0.4375331893652432,0.2700888022525441,0.4198660714285719,True,0.0180955399697756
2024-04-25 01:00:00+00:00,0.4804073882271697,0.4061750119980796,0.37074576271186427,0.21865631296997065,0.28440200914068575,True,0.0190117899467825
2024-04-26 01:00:00+00:00,0.8536489923693936,0.4619358205061267,0.062233423807676304,0.2301079359041415,0.042714932126697615,True,0.0174084239353568
2024-04-26 03:00:00+00:00,0.3538246594481373,0.28546647560147614,0.051924312039918284,0.20325125140512879,0.2943305186972241,True,0.0144040414820365
2024-04-27 00:00:00+00:00,0.3164302468446294,0.1314947323001683,0.11349978840456956,0.08228871166300895,0.08264229706098052,True,0.015535495922383999
2024-04-27 08:00:00+00:00,0.1643634225227919,0.4549076421586369,0.2704879559919644,0.09999086841384368,0.12590945836701564,True,0.0124986611996889
2024-04-28 00:00:00+00:00,0.35350509286997783,0.2368541905855339,0.07571058696332525,0.09781993525456718,0.025421308197662057,True,0.010877519905833301
2024-04-28 01:00:00+00:00,0.5401662049861451,0.22763188473158458,0.3298995788791719,0.08839537206405483,0.10823991386407925,False,-0.0059522490078881
2024-04-29 00:00:00+00:00,0.9999999999999988,0.28218673218672846,0.16345264826310948,0.009932293375488213,0.2539290613364678,True,0.009207488041239501
2024-04-29 01:00:00+00:00,0.6199595414700044,0.3241563055062177,0.1077868982347184,0.10618096958266028,0.38816571850994946,True,0.009120883683564
2024-04-30 00:00:00+00:00,0.9453324505816669,0.38029613099725545,0.1045061013020666,0.02867133640960941,0.8165828535335159,True,0.0167205608975812
2024-04-30 01:00:00+00:00,0.965395437945277,0.7469551096160557,0.20856136713569226,0.10225313962078318,0.7864456638569924,True,0.0188722235154229
2024-05-01 00:00:00+00:00,0.10583882901720953,0.12943212648517202,0.4664855396274991,0.1720616698925452,0.4827696167010346,True,0.0235432864459228
2024-05-01 01:00:00+00:00,0.5201768933112214,0.13537746806039555,0.4289577062394788,0.1937266014975048,0.5374700581726927,True,0.0231044844479532
2024-05-02 00:00:00+00:00,0.170610506389021,0.05284249630702105,0.1654593976362941,0.3072749679630387,0.3497255762897913,True,0.0320141960210859
2024-05-02 01:00:00+00:00,0.3997603833865833,0.06717070639685686,0.19774773649183283,0.29288767936169063,0.7655505140428476,False,-0.0151086590595086
2024-05-02 15:00:00+00:00,0.8503737228279521,0.82328248182656,0.24060234493869184,0.09443211696171629,0.16034228799887915,True,0.0155048989315145
2024-05-02 16:00:00+00:00,0.8698147041243254,0.8706472325069123,0.24553174462030933,0.059318234013932936,0.21336364969928198,True,0.0151974325566617
2024-05-03 00:00:00+00:00,0.20656207278172092,0.16530471595943552,0.24418735679675382,0.06770125423670488,0.4525104839623695,False,-0.0091971994017255
2024-05-03 01:00:00+00:00,0.20620033867395993,0.19455004205214557,0.4054650373387654,0.06352827319231275,0.5508078577240477,True,0.017649688284349402
2024-05-04 00:00:00+00:00,0.7612068965517266,0.8276230081330744,0.6156887857200022,0.44113793103448246,0.27087399696378367,False,-0.010536867333812299
2024-05-04 01:00:00+00:00,0.7528991971454079,0.7480365788058113,0.6103238373508634,0.5334092600729972,0.22876913399035526,False,-0.0107336164612856
2024-05-05 00:00:00+00:00,0.26833572295136,0.08924757884281348,0.14371393998912746,0.4000395393663815,0.14003006012024116,True,0.0143250492113026
2024-05-05 01:00:00+00:00,0.39475991039251906,0.1092869632795809,0.110282601293838,0.3425382335410018,0.4487889466912851,False,-0.0072273317050487
2024-05-06 00:00:00+00:00,0.1726844583987418,0.16328990414968547,0.15216675151987022,0.10007744782880895,0.16372413419032866,True,0.0106358933587722
2024-05-06 01:00:00+00:00,0.5185014586212116,0.06142158125160534,0.2687000508844917,0.14365275061644428,0.06489364438385845,True,0.010857275400711401
2024-05-07 00:00:00+00:00,0.2640337513184068,0.1568824458159884,0.16077910443150328,0.03368002477794752,0.042493892578192145,True,0.0173661291686685
2024-05-07 01:00:00+00:00,0.2953682611996957,0.11975548763545539,0.08823572874643593,0.02211442150951524,0.2232297639685287,True,0.0175977165620832
2024-05-08 00:00:00+00:00,0.8378961829064759,0.43010441767067964,0.2019007111052026,0.14677365429622172,0.1911153723234266,True,0.0161932898287979
2024-05-08 01:00:00+00:00,0.3992673992673935,0.21280577008131055,0.21807068649076342,0.11813050038679844,0.040906168076369674,True,0.015115173895721801
2024-05-09 00:00:00+00:00,0.9999999999999993,0.44828470115777325,0.3338232853654486,0.22397662488459885,0.051867505857491586,True,0.015250200931012502
2024-05-09 02:00:00+00:00,0.0199445251617997,0.4190631671480613,0.279612464483674,0.20742309514829724,0.04827854503014933,True,0.0144084553062628
2024-05-10 02:00:00+00:00,0.2085643869377726,0.455524328717031,0.22107969151671103,0.012229918433602856,0.5438741721854297,True,0.015174595338370702
2024-05-10 03:00:00+00:00,0.3009255533199222,0.31861519555913614,0.22189670138888978,0.001060423761649518,0.5646142475410754,True,0.014001517629952701
2024-05-11 05:00:00+00:00,0.11871723712611636,0.3093333333333307,0.3753789721899923,0.07460783770300987,0.11240721102863131,True,0.0123675416756391
2024-05-11 06:00:00+00:00,0.31901041666666397,0.2071934187870653,0.4357271235445813,0.06200071212716038,0.15974400803112002,True,0.0103093915791162
2024-05-12 00:00:00+00:00,0.9999999999999972,0.09746084841112677,0.02269202514080419,0.2594859873434077,0.16924738926899252,True,0.0082847623407028
2024-05-12 01:00:00+00:00,0.3606630824372681,0.010584215351282763,0.04437704525500993,0.24179644225994198,0.32151506345054526,True,0.0080621269267823
2024-05-13 00:00:00+00:00,0.24307826466099947,0.23513211760327724,0.20531312390498277,0.1391266444761455,0.36865989651069614,True,0.008416885904992401
2024-05-13 01:00:00+00:00,0.20965171864329443,0.23347754736685203,0.2717771503223907,0.12924106695524945,0.3826629021888024,True,0.0089901535282647
2024-05-14 00:00:00+00:00,0.15136000000000022,0.05195234943745667,0.2628475613126713,0.2477753058954386,0.6751030017657448,True,0.0109311677537104
2024-05-14 01:00:00+00:00,0.502642395772165,0.018801410105756252,0.25765666574915064,0.24733383876674242,0.522213732125316,True,0.0113397162488015
2024-05-15 00:00:00+00:00,0.3546134663341564,0.011375554659135633,0.401364045811351,0.0075033238915545985,0.8029532800774621,False,-0.0071581420839261
2024-05-15 01:00:00+00:00,0.3926892950391598,0.20704916713607735,0.39484210868646386,0.002208114821970408,0.8105592127136102,False,-0.007246040026324899
2024-05-16 15:00:00+00:00,0.3545615123884078,0.1298299845440462,0.18120859917909563,0.3872945843115027,0.11861882823770654,True,0.0121160891852748
2024-05-16 16:00:00+00:00,0.15542191317421025,0.0035020256815256534,0.21002176086572974,0.45009578249690063,0.1796947991279974,True,0.013085670420235701
2024-05-17 00:00:00+00:00,0.23001274813330128,0.2754454080336758,0.17564510723860624,0.36324317099019354,0.35079039459394373,False,-0.0075991831498475
2024-05-17 01:00:00+00:00,0.435212396473417,0.30518733058556763,0.09869751638216924,0.3635348570883229,0.22094164697327529,False,-0.007445808516176399
2024-05-18 02:00:00+00:00,0.16498693542364898,0.08697251563403116,0.2909250392894974,0.09957350014216661,0.1171618801550188,True,0.0120773571661413
2024-05-18 03:00:00+00:00,0.1824209130516839,0.186573780873971,0.2487936258556811,0.08788369253485477,0.13935340022296777,True,0.011007954062945701
2024-05-19 00:00:00+00:00,0.4715974075485903,0.05189750243269485,0.011929911768359,0.1950965845270596,0.05157047144876417,False,-0.0041322036830682
2024-05-19 01:00:00+00:00,0.008344923504847406,0.09660476458450448,0.039514866979659335,0.22308161730269555,0.06375526733431877,False,-0.003984875004805
2024-05-20 00:00:00+00:00,0.3389812997210431,0.3234682080924833,0.19169471834132543,0.12605921542579931,0.198427962204201,True,0.010197578033485
2024-05-20 01:00:00+00:00,0.7186234817813542,0.34051522248243304,0.13155884931971923,0.10129921259842574,0.22911137917169522,False,-0.0058352624726613
2024-05-21 02:00:00+00:00,0.6413998744507294,0.6835397299871938,0.5259710586443296,0.32929319873627794,0.40761516886309496,True,0.0226224456396636
2024-05-21 03:00:00+00:00,0.6385923289837951,0.6707787991661864,0.5355437178545213,0.3439557089776655,0.4896752171415018,True,0.0223331183780369
2024-05-22 00:00:00+00:00,0.18135180197511938,0.35386312184361574,0.22181229529796828,0.27038614197821015,0.2065422713660501,True,0.014075968586440701
2024-05-22 01:00:00+00:00,0.7948168355416945,0.18021799970540323,0.193405521412544,0.2636955781450381,0.26534763313610027,True,0.0135228327228327
2024-05-23 00:00:00+00:00,0.5962258499325931,0.1898497006231896,0.19768246281563567,0.2133754449290614,0.049157547333678005,True,0.015536507388737502
2024-05-23 01:00:00+00:00,0.12926467471922162,0.029381519024533686,0.1338518215309062,0.15665806707680144,0.47136648961854477,True,0.0151364870881796
2024-05-24 00:00:00+00:00,0.3644192128595929,0.34699596295417034,0.2603694784527057,0.19591207096027963,0.16544557774266003,True,0.0233296553303484
2024-05-24 01:00:00+00:00,0.4195646402973158,0.06513904943224524,0.27379751649333056,0.21262143013658794,0.2733488992661771,True,0.0227137763211238
2024-05-25 00:00:00+00:00,0.5098014093529898,0.3439937597503957,0.13802249714429726,0.08564000747869879,0.3875958741073805,False,-0.0062298790771024995
2024-05-25 05:00:00+00:00,0.5601910027644649,0.09800421872465007,0.3286382903567652,0.0618858604569115,0.23674052894924477,False,-0.0047328538324432
2024-05-26 02:00:00+00:00,0.1633810423980603,0.17916014919987405,0.1606798346348209,0.16157324928052622,0.23374058990496951,False,-0.0036551702811145996
2024-05-26 03:00:00+00:00,0.4181064270905398,0.02390438247012019,0.06427428186336741,0.1366958574168202,0.12083729781160499,False,-0.0035618615352679
2024-05-27 00:00:00+00:00,0.53231323132314,0.34384676315979384,0.21983281650262998,0.005650343452247485,0.12209049717583696,True,0.0070257778386403
2024-05-27 01:00:00+00:00,0.09507268750803446,0.19943441095186504,0.10003343566674039,0.040435540990538935,0.08322847384505093,True,0.0078252095488698
2024-05-28 00:00:00+00:00,0.35154365653642167,0.2106857471144323,0.11214042826946098,0.03264067777205401,0.3245985018105436,True,0.0133122860864167
2024-05-28 01:00:00+00:00,0.11302007865866001,0.126989879840531,0.06023821302180245,0.025794554230032688,0.2510192195690181,True,0.0148156724780097
2024-05-29 00:00:00+00:00,0.4602561852956636,0.07044930093661074,0.14726178688399646,0.03408129757699373,0.32714849175045385,True,0.014561286917456399
2024-05-29 01:00:00+00:00,0.09781492887519598,0.2706106144188696,0.018265770353772914,0.04678922185847449,0.3896563534650016,True,0.014550805760746799
2024-05-30 00:00:00+00:00,0.4039006501083497,0.16355555555555615,0.2508073834849311,0.1714960677013239,0.2850637522768648,False,-0.0062819115562657
2024-05-30 01:00:00+00:00,0.5625231910946402,0.18673992221741803,0.29216715603404314,0.10946590239459925,0.36494382022471894,True,0.0117328769828987
2024-05-30 15:00:00+00:00,0.4435737824972466,0.10992401565737757,0.25438252736630096,0.000609622278036525,0.0034370477568767535,False,-0.0065602264166038
2024-05-30 16:00:00+00:00,0.437393557941496,0.15409864764321843,0.25371963496587185,0.1058853998057614,0.07952459174799173,True,0.0119802028177633
2024-05-31 00:00:00+00:00,0.9163285546839871,0.07678347061287137,0.1618060145406463,0.015776830872855467,0.1129270870024688,True,0.0127366210897996
2024-05-31 01:00:00+00:00,0.3817821782178378,0.05689627617069223,0.141630356614068,0.01105370659617922,0.18608964451313736,True,0.012801376835781
2024-06-01 14:00:00+00:00,0.03788748564871035,0.006582556225985008,0.12326785018643252,0.09626438960763192,0.12337558158191024,True,0.0037108452377267002
2024-06-01 16:00:00+00:00,0.20492957746476725,0.016673129119795887,0.2869452313503271,0.15405338452963424,0.2399871835949958,True,0.0033360411658020003
2024-06-02 00:00:00+00:00,0.13835956917976266,0.0988235294117577,0.10508083140877043,0.1493944600427438,0.029076338230756088,True,0.0032609468396473003
2024-06-02 01:00:00+00:00,0.5925465838509534,0.2982777574202878,0.30089485458612325,0.11455592105263061,0.2015336217066404,True,0.0035636608855077
2024-06-03 00:00:00+00:00,0.12179915386326984,0.13249331806032533,0.03590184576640947,0.026228246848761287,0.6787586643678958,False,-0.0054706672965014
2024-06-03 01:00:00+00:00,0.1995128881672366,0.29338915053199344,0.02313737818296252,0.060092098664113074,0.5890349297803393,False,-0.0053754569212373995
2024-06-04 01:00:00+00:00,0.36288832913515634,0.241965161923453,0.09477601050634823,0.1342194758241867,0.19122139784276265,True,0.015533244736750301
2024-06-04 03:00:00+00:00,0.06090118166471077,0.2750058018101637,0.1298534959206958,0.141553852122939,0.5337489163191943,True,0.0134180679063332
2024-06-05 02:00:00+00:00,0.8045238760122851,0.5181314824923992,0.4381814294876346,0.2577336192230645,0.00923745698242375,True,0.014850146228262001
2024-06-05 03:00:00+00:00,0.37869544814642553,0.21134646875495777,0.3923158919219544,0.24469017732616172,0.27776066194269794,True,0.013520962334845201
2024-06-06 05:00:00+00:00,0.11606096131303555,0.4588769143505441,0.015061143339598262,0.2530114670878913,0.11458395466746539,False,-0.0051659304832528
2024-06-06 06:00:00+00:00,0.25896805896808905,0.22040625729629304,0.058922239965355026,0.23919005938610613,0.11001544493288118,False,-0.0049470435460691
2024-06-07 00:00:00+00:00,0.26010418537812746,0.1780943900267164,0.06876924512457074,0.0013258514242850748,0.19741613780597833,False,-0.0057783992562024
2024-06-07 01:00:00+00:00,0.6490658001624685,0.10456683222715332,0.0757959988729194,0.01291786087830472,0.3512922465208735,False,-0.0057499002197182
2024-06-08 07:00:00+00:00,0.7735849056603321,0.09150485436894414,0.3801827125790562,0.21085574451863587,0.24319103728027464,True,0.0082816714978323
2024-06-08 08:00:00+00:00,0.40798747063431495,0.26823069403714733,0.3140319931877618,0.16199844931188215,0.15778159931211688,True,0.005584909765182801
2024-06-09 00:00:00+00:00,0.6492573071393953,0.0981090100111362,0.06954515491100506,0.2485088837480145,0.47957087422962563,True,0.0028401771222883003
2024-06-09 01:00:00+00:00,0.7289284201609524,0.37611056268506765,0.1556083488885098,0.24570742571911544,0.14820067363942332,True,0.0026620789150977
2024-06-10 00:00:00+00:00,0.42205323193911637,0.08733850129197662,0.21367107017331421,0.0815664065197916,0.20162767039676227,True,0.0052310252427797
2024-06-10 01:00:00+00:00,0.5102040816326193,0.20033984706882857,0.1660744451564069,0.03529249257545826,0.20518314457709458,True,0.0054059411009736
2024-06-11 00:00:00+00:00,0.5215925509712693,0.09425342630440064,0.01564271140331325,0.0559604014849436,0.7953623379622009,True,0.0077439720335298005
2024-06-11 01:00:00+00:00,0.1893362350380651,0.0061427909133088664,0.07040691872713205,0.031248600975960508,0.7546759460635073,True,0.0096262893353101
2024-06-12 00:00:00+00:00,0.3104010433648299,0.12020105728398842,0.3996441614383352,0.28174828805221147,0.6705755918702819,False,-0.006837555251501299
2024-06-12 01:00:00+00:00,0.4750705550329115,0.17535803591725682,0.3220539717451951,0.2978287285358333,0.6788539118833571,False,-0.0068157304068383
2024-06-13 00:00:00+00:00,0.21939703548898767,0.22578194250981318,0.13309457219149773,0.08875482444635957,0.25436826514403266,True,0.020417881028690202
2024-06-13 01:00:00+00:00,0.6070945438148262,0.20776804565503512,0.14412869714314488,0.03233787723583588,0.18708167563772254,True,0.0209125310857321
2024-06-13 16:00:00+00:00,0.9999999999999993,0.3320770680306095,0.42523023739433247,0.0032777739033407523,0.18413163215506365,True,0.0169907523055681
2024-06-13 21:00:00+00:00,0.2645122074764502,0.2580597674076219,0.3676668159426758,0.05382822981147205,0.04113389626055275,True,0.015556603661717402
2024-06-14 02:00:00+00:00,0.1417482281471535,0.22198868229587718,0.20308181165255693,0.046739122002684055,0.018535439237693126,True,0.0123357908868922
2024-06-14 03:00:00+00:00,0.06669463087246029,0.28295969334418325,0.11634156719593261,0.03540569990331294,0.19152463347665688,True,0.011412576749943601
2024-06-15 08:00:00+00:00,0.5063655030800323,0.2614174492334962,0.26532045654082353,0.174049038788204,0.25123944794318015,True,0.007642875867526001
2024-06-15 09:00:00+00:00,0.1334981458590795,0.044543661094392145,0.1774656551158481,0.1410594396991093,0.12856622556755196,True,0.0072356445297963
2024-06-16 00:00:00+00:00,0.2530864197531031,0.1472294212020268,0.02375893374540855,0.0827287319422159,0.40212704800228627,True,0.0036082373373763
2024-06-16 01:00:00+00:00,0.03811463485599781,0.16303294573642504,0.05880002663648067,0.10509184660006322,0.4822436110189048,True,0.0036719430791916008
2024-06-17 00:00:00+00:00,0.2113648433351315,0.06876122082585975,0.23001344023729126,0.12656614992567508,0.5108573867577259,True,0.0055214140315071
2024-06-17 01:00:00+00:00,0.05309325946445261,0.17278701198299892,0.17964285714285447,0.13248832555036688,0.5810255004113015,True,0.005631128845331601
2024-06-18 00:00:00+00:00,0.5373511367737295,0.23814248311974895,0.01697317729155968,0.04062669385437419,0.2698130008904761,True,0.016353167096527
2024-06-18 01:00:00+00:00,0.6448999376774481,0.13932846419152237,0.11775450957367034,0.05103243447105427,0.1688528499880789,True,0.0189636244186756
2024-06-19 02:00:00+00:00,0.17022366399181058,0.249018863147233,0.1354645227156707,0.13043564415293582,0.23196528656662585,True,0.0166751359049354
2024-06-19 03:00:00+00:00,0.17515274949083065,0.3454705947258053,0.05075138023678116,0.08739453223952164,0.2997575079276252,True,0.0160327706709011
2024-06-20 00:00:00+00:00,0.014785992217896182,0.21181610942249457,0.06275219145679789,0.11614003878625406,0.49249298795577584,False,-0.0047803647726604
2024-06-20 01:00:00+00:00,0.3840331591277664,0.005991335606968412,0.019486118296258067,0.006192437054034758,0.006218857429795871,False,-0.0046082233290338
2024-06-21 00:00:00+00:00,0.7178779515486012,0.6194477118691541,0.0583860583860588,0.039339103068450135,0.3732530478739254,True,0.0098471687965423
2024-06-21 01:00:00+00:00,0.7074721780604111,0.3122089491799985,0.09072608829367858,0.030167870835688285,0.4923545184433684,True,0.0097657312650245
2024-06-22 05:00:00+00:00,0.5338697119127822,0.5836776859504098,0.07063483082494189,0.1376720306149132,0.29817518248174996,True,0.006783146296746501
2024-06-22 06:00:00+00:00,0.9999999999999971,0.33534909290818815,0.04795537361104794,0.1240373547874166,0.2785765636232877,True,0.0065358462521078005
2024-06-23 02:00:00+00:00,0.5641180012041138,0.36846455879314877,0.16081926796889687,0.053774402365054305,0.5123386174211391,True,0.0021181939028713003
2024-06-23 03:00:00+00:00,0.5540498922082123,0.39147749900438494,0.17119310732347093,0.0011712926811951708,0.5152696556205224,True,0.0022202825238561005
2024-06-24 00:00:00+00:00,0.7713842708243637,0.6383531362254781,0.5516773826706896,0.2351836803317719,0.5492666804379263,True,0.0065824123507253005
2024-06-24 01:00:00+00:00,0.8503250356746445,0.650464693942957,0.5751823607427059,0.2952591568762947,0.49944306400479893,True,0.007312421933351
2024-06-25 02:00:00+00:00,0.9015849612974537,0.21609538002980502,0.3376286479627792,0.3958281917886645,0.30897406733393984,False,-0.0105276922931958
2024-06-25 03:00:00+00:00,0.8404064554692123,0.05160993030355292,0.30325752240495973,0.36670387560464496,0.17202139620455914,True,0.0224545917592936
2024-06-26 00:00:00+00:00,0.9817275747508118,0.32010331467929437,0.2575777214064848,0.09780188672027379,0.20091214594335327,True,0.014692606666083501
2024-06-26 01:00:00+00:00,0.9706796979120097,0.2528196336731922,0.2369713378769483,0.1204977435315862,0.19403341288782633,True,0.014861680757839002
2024-06-27 00:00:00+00:00,0.09484649122806327,0.35231316725978296,0.2737631931255644,0.05472199745694141,0.24807873803424405,True,0.0109581643781762
2024-06-27 01:00:00+00:00,0.042003652491515976,0.5774775454751218,0.36332433603252007,0.05811890995369807,0.4557962529273995,True,0.0108468845651982
2024-06-27 16:00:00+00:00,0.36101391804680855,0.20095064295717707,0.09546156587857878,0.030006938839089798,0.008735767569691293,True,0.010876191278831101
2024-06-27 17:00:00+00:00,0.38414268585131717,0.4178899082568778,0.13619102416570725,0.049722063556193304,0.11750995435563784,True,0.0106988114591486
2024-06-28 00:00:00+00:00,0.2822617419060624,0.16916936891992998,0.20272943605034494,0.008423091597452725,0.07750558824871197,False,-0.0055053378193757
2024-06-28 01:00:00+00:00,0.23871983210913025,0.2941565746806977,0.13752913752913856,0.07963641296974544,0.4451282051282032,True,0.010639714640664
2024-06-29 11:00:00+00:00,0.5971443141254491,0.5401368410908751,0.21561055896689088,0.02696231805196532,0.24218455743879483,True,0.0049368423267263
2024-06-29 12:00:00+00:00,0.6334106728538268,0.417551568412059,0.08603306896088164,0.03169201754745624,0.06669313219531316,True,0.0050520284928511
2024-06-30 01:00:00+00:00,0.29515418502200924,0.18762430939225191,0.09237524950100195,0.2005990323323852,0.5204427533725371,True,0.0039655582268932005
2024-06-30 02:00:00+00:00,0.472237493128094,0.1421236872812142,0.16462376574735577,0.1515151515151513,0.518132209711954,False,-0.0032958092269712996
2024-07-01 00:00:00+00:00,0.5817733990147732,0.5566062516417084,0.4899885183007044,0.4030392928497897,0.025462123957954486,False,-0.0055411593285569
2024-07-01 02:00:00+00:00,0.8218216224291606,0.7310654685494195,0.6585687072270147,0.5161325171047869,0.38091419406575966,False,-0.0064084091139952
2024-07-02 00:00:00+00:00,0.8489337822671094,0.007024678805803198,0.009380004575611955,0.23051663477562953,0.041488712629648296,True,0.0106788189257268
2024-07-02 02:00:00+00:00,0.8531849396163854,0.05618578767123233,0.1468523453394076,0.2621180852670246,0.5430202683414292,True,0.0102870808049054
2024-07-03 00:00:00+00:00,0.2896940173542397,0.3746933052926746,0.26475423586646546,0.1085277619705714,0.7413480374374225,True,0.009176927968134801
2024-07-03 01:00:00+00:00,0.39408425455631707,0.30552774997219434,0.2771370981065988,0.23151316768338043,0.3602997828675508,True,0.0114201732196093
2024-07-04 00:00:00+00:00,0.02634265877067408,0.05841673039199295,0.3240462848914877,0.30761444412851874,0.6693790870287419,True,0.014000083797304101
2024-07-04 01:00:00+00:00,0.6919981710105247,0.06434155141310766,0.21754106087524028,0.27739570023887566,0.378040033904935,True,0.0187118438940711
2024-07-05 01:00:00+00:00,0.45719489981784933,0.012428144770222862,0.19385889699577652,0.31389952559079776,0.1777151288401745,True,0.022549657235744
2024-07-05 02:00:00+00:00,0.5664991942364181,0.08589813634432084,0.3003765537005552,0.3114406936536023,0.00411640819452467,True,0.0264116924950063
2024-07-06 00:00:00+00:00,0.17676981771937694,0.6199137965123187,0.07927880846616135,0.21658619710309535,0.0789386766486815,True,0.0216600008937676
2024-07-06 06:00:00+00:00,0.18792523656839233,0.10123512492245265,0.33982146673461633,0.15042882705003996,0.7295567290766526,False,-0.0073479934758386
2024-07-07 00:00:00+00:00,0.6978613681177019,0.72971649610733,0.4233589883127314,0.06339504795895591,0.2579356368266219,True,0.0127963248453822
2024-07-07 01:00:00+00:00,0.08495994584226099,0.44867118290776326,0.45403044341495735,0.05606096408317555,0.48869307548346697,True,0.0135911280279029
2024-07-08 00:00:00+00:00,0.8497057492077892,0.5587937816070412,0.4202781371280708,0.08246268656716425,0.43156573580169205,True,0.016684089619679
2024-07-08 01:00:00+00:00,0.8988421694088989,0.6014213197969531,0.549041631943185,0.11870302634214193,0.48395557905869707,False,-0.0090485344984525
2024-07-09 06:00:00+00:00,0.7932267564156452,0.500577338219787,0.21851253673647683,0.02731486342568257,0.17042373537841887,True,0.0168521017765134
2024-07-09 07:00:00+00:00,0.8228988379425227,0.49770260035344077,0.21529217844419538,0.00782595558241413,0.3215254089040495,False,-0.0082007442756446
2024-07-10 01:00:00+00:00,0.37018123560628596,0.06179550723479046,0.1969035415216522,0.20230522741403184,0.014199494127370808,False,-0.0084408474392709
2024-07-10 02:00:00+00:00,0.11080444841302098,0.2898545010054803,0.12372842347525877,0.19428364397568487,0.04645899554990389,False,-0.0084188049350141
2024-07-11 00:00:00+00:00,0.17882436260623105,0.3753791257805554,0.047681749261830705,0.12263552892578909,0.4447765655357945,True,0.014026555835499001
2024-07-11 01:00:00+00:00,0.5415605464227833,0.13651498335182852,0.034845961698584865,0.10895932929366758,0.12437985687315932,True,0.015187368838154799
2024-07-11 15:00:00+00:00,0.319798250654404,0.09599007146831134,0.02394511456885408,0.030013809170416454,0.19958084797678793,True,0.0197263801298348
2024-07-11 16:00:00+00:00,0.6012668966687398,0.1489514679448748,0.06060103626942884,0.025931373909503456,0.26865862495205023,True,0.0193930882814175
2024-07-12 02:00:00+00:00,0.9980318189273444,0.41068390609050837,0.19709768708640923,0.09055163199083757,0.21082328802257286,True,0.0179139455396514
2024-07-12 03:00:00+00:00,0.14197120708749197,0.03690412686096994,0.04890394912985346,0.08046672592144337,0.56350409214914,False,-0.008682624885362901
2024-07-13 00:00:00+00:00,0.3568125222340794,0.22703868327245766,0.15213041555214055,0.025468048292085547,0.4188196041300359,False,-0.0068932625213153
2024-07-13 01:00:00+00:00,0.5873573309920957,0.0013394053040450139,0.19530635433965582,0.04614686094027385,0.3125672245407234,False,-0.0068405433744848
2024-07-14 00:00:00+00:00,0.4657991324658017,0.2210947109471096,0.3262814516322481,0.22581436038024047,0.05205646803311863,True,0.0114687077894133
2024-07-14 02:00:00+00:00,0.6373146338659603,0.41060993425858117,0.37995277956643103,0.26530566611511214,0.22016502314348996,False,-0.0064877182599542
2024-07-15 00:00:00+00:00,0.3866262932122135,0.4585833874851881,0.18808535116575956,0.28725298461718163,0.5926977000296473,False,-0.0072954323481535
2024-07-15 01:00:00+00:00,0.568226504128982,0.5172460804362663,0.2535625956895547,0.3122013051030477,0.6100883951017742,False,-0.0076737529261889
2024-07-16 00:00:00+00:00,0.6368102006688957,0.5470811022593703,0.5644812098103199,0.40752971716325354,0.27304238222782157,True,0.0169458739709979
2024-07-16 01:00:00+00:00,0.68262154176739,0.46822843630564503,0.5255525880290338,0.4006261699814439,0.4351341418596077,True,0.0170448858047011
2024-07-17 00:00:00+00:00,0.15952168935250174,0.32463238057065574,0.05992687079576849,0.2841513809198195,0.41509638293264023,True,0.0201971397019692
2024-07-17 01:00:00+00:00,0.20727098206251185,0.503583882216195,0.08908963055119724,0.29845875943244965,0.2548737155478708,True,0.0200704734537534
2024-07-18 03:00:00+00:00,0.4658925979680639,0.017903081850163205,0.2346749806605891,0.00534398759250842,0.4225249021417471,True,0.0143257466704099
2024-07-18 04:00:00+00:00,0.6282159426402328,0.3799411138257211,0.22730979843877427,0.030780863699311174,0.2058932542624171,True,0.0138842945874002
2024-07-19 01:00:00+00:00,0.04616072426512015,0.35855608203421485,0.2115147415748217,0.2187559849339259,0.4476762028165169,True,0.013747674070968701
2024-07-19 02:00:00+00:00,0.001525642530222887,0.07014654335064757,0.1668071735131821,0.18746536454793583,0.5391094038981353,True,0.013757840955396
2024-07-20 04:00:00+00:00,0.1936507936508032,0.11090857305610674,0.466861691013048,0.1886394989001151,0.1669666966696624,True,0.012015319702202801
2024-07-20 05:00:00+00:00,0.0006651147323058275,0.05602165087956837,0.4696222386000705,0.17985584397229942,0.6349451681754607,False,-0.0062031930475979
2024-07-21 00:00:00+00:00,0.5213381272471368,0.39107453901134986,0.2768130745658832,0.41825054380772275,0.09745454545454539,True,0.0090931569709634
2024-07-21 01:00:00+00:00,0.3549610280176859,0.31248507997135033,0.2740601356384018,0.3913253828104194,0.3865151515151601,True,0.0097202419317659
2024-07-22 00:00:00+00:00,0.7819225251075954,0.31302621327502156,0.2076056706326209,0.21924100195773077,0.22296489752556564,True,0.0185660715516993
2024-07-22 01:00:00+00:00,0.6791838888400215,0.3724765868886541,0.17846630518977213,0.23154908265556848,0.2953030911280667,True,0.0194424042959257
2024-07-23 00:00:00+00:00,0.056144643828161624,0.04974631852493579,0.12100518983884247,0.0434822603048446,0.3993886284899134,True,0.014152175223265501
2024-07-23 01:00:00+00:00,0.9999999999999986,0.14313360625232813,0.06778679026651253,0.020193332460781917,0.47029008950717077,True,0.014141067259803
2024-07-24 01:00:00+00:00,0.44643179765131225,0.08674644642957506,0.2549947175047698,0.17640870877344328,0.37800881455531304,False,-0.0082422863166444
2024-07-24 02:00:00+00:00,0.43495610534717233,0.6102386934673371,0.3173273297418981,0.20838775972273002,0.4418981950922668,False,-0.008285102399972601
2024-07-25 00:00:00+00:00,0.2847465197647576,0.2298834967275885,0.07566694800190674,0.17753607926063783,0.5900257953568331,True,0.0160313777968401
2024-07-25 01:00:00+00:00,0.10853898231055255,0.22539098436062535,0.030005854800936652,0.15914389707978985,0.31272072072071994,True,0.0186506321972419
2024-07-25 15:00:00+00:00,0.4752978114322583,0.41429138097126783,0.2295845515740797,0.1658489831939949,0.6222956647318597,True,0.013483739839012101
2024-07-25 16:00:00+00:00,0.6536590415070858,0.34165366614664683,0.27947958128035494,0.1068503728992653,0.6171710063335695,True,0.013419238306999301
2024-07-26 01:00:00+00:00,0.8082021342776511,0.6201707577374631,0.36812384383214886,0.0612694668514706,0.6917684948375603,False,-0.0087750616320869
2024-07-26 07:00:00+00:00,0.6873657069187749,0.7742314470334858,0.552226415094341,0.08471915289379565,0.41250380749314963,False,-0.007537908119472699
2024-07-27 02:00:00+00:00,0.290840652446673,0.14364502381549324,0.14616324264297834,0.34547568689167285,0.4258748107915593,False,-0.0067331907617117995
2024-07-27 03:00:00+00:00,0.1223602484471867,0.18585898709036505,0.20344777572881964,0.3836161784124826,0.49175593851886135,False,-0.0063300753810264
2024-07-28 00:00:00+00:00,0.22956722114207379,0.11544534224946597,0.004421481444681322,0.13843567865821477,0.01632986323739533,True,0.0206041504435907
2024-07-28 01:00:00+00:00,0.11055792634740229,0.3618710134656301,0.050138565380756416,0.13937126431537128,0.05394011458220896,True,0.0208738952450928
2024-07-29 00:00:00+00:00,0.017734784361150634,0.1794871794871857,0.08476283589607049,0.038903438371208396,0.4685952903697915,True,0.008864422202001801
2024-07-29 01:00:00+00:00,0.7017028772753955,0.3929123367972333,0.17106287063622047,0.10823311748381159,0.2771995507300653,False,-0.0052838608591354
2024-07-30 00:00:00+00:00,0.6356951207393552,0.6988452655889191,0.291226382479821,0.11232167006342697,0.02802829354553234,True,0.019700678964129
2024-07-30 02:00:00+00:00,0.8401319090974251,0.6081259766798952,0.5556255700190705,0.1782656623185753,0.246643222506399,True,0.0208437277123914
2024-07-31 00:00:00+00:00,0.6294478527607452,0.21226982923892693,0.09161135652289645,0.2230279292154057,0.09244368975677517,True,0.0146727765111947
2024-07-31 01:00:00+00:00,0.662246365234068,0.020477493630276747,0.03222326454033634,0.1940807793286955,0.09311775894863955,True,0.014849712460256702
2024-08-01 00:00:00+00:00,0.7179302774518341,0.4209858844287607,0.3041300293098838,0.19148605306638125,0.10158912841397051,True,0.0174202100512661
2024-08-01 01:00:00+00:00,0.43167835169552365,0.5637268286763141,0.29285294065213147,0.15629001522469005,0.28510198812290233,True,0.0187292889132478
2024-08-02 01:00:00+00:00,0.620445940260834,0.029221460882180007,0.09827475682153972,0.10509181276390046,0.19363997728563326,True,0.021198123782188
2024-08-02 02:00:00+00:00,0.090286425902864,0.15173002990175144,0.07465739415013294,0.10943736610666321,0.2512048950169748,True,0.023291419832739302
2024-08-03 03:00:00+00:00,0.40364545053652817,0.7089147982062791,0.42144361021729704,0.16355771121452478,0.4410537870472007,True,0.0275163589858935
2024-08-03 04:00:00+00:00,0.3980438892085143,0.45632371272413735,0.33557386162632136,0.1196125345836106,0.32664828277763835,True,0.0237274969394818
2024-08-04 00:00:00+00:00,0.8889963256623303,0.5445603324005773,0.10204851370783374,0.3413768399114247,0.16552919510345449,True,0.0174647464223609
2024-08-04 01:00:00+00:00,0.9255493008897755,0.5263753299534892,0.14373088685015287,0.3231365469496597,0.04117675521362478,True,0.0180094210656345
2024-08-05 00:00:00+00:00,0.2824390944335421,0.46821034197596983,0.3222018394419281,0.24176235240542565,0.6873019135288324,True,0.0326576408122698
2024-08-05 01:00:00+00:00,0.8606322239242457,0.586733536631468,0.45699575106223456,0.3666302636617642,0.25569173244702975,True,0.0437585200925073
2024-08-06 00:00:00+00:00,0.39839861501839413,0.45119247780502647,0.11520578612019985,0.23511083601724705,0.3549752999294283,True,0.0549467612856558
2024-08-06 01:00:00+00:00,0.6480745373066304,0.44340175953079153,0.08604194319086796,0.15379561256411015,0.13970245760157843,True,0.0541230895518559
2024-08-07 02:00:00+00:00,0.2889131622064418,0.28885983623477557,0.15311590457797183,0.08600122213661339,0.22321815334377448,True,0.0274507516808944
2024-08-07 03:00:00+00:00,0.1896660365469438,0.12687671812222479,0.14782373248493907,0.11130875858827924,0.26077549198063105,True,0.0255801208484125
2024-08-08 00:00:00+00:00,0.3229548229548255,0.610339658927005,0.18445697396109365,0.06803965980170079,0.6607052896725464,False,-0.0115982949343774
2024-08-08 15:00:00+00:00,0.5260998251042679,0.47621623013727243,0.3217443017417867,0.17209283197850603,0.3908373210572007,False,-0.0114112117912411
2024-08-08 16:00:00+00:00,0.5914994781398614,0.6444660903445778,0.3569771224113638,0.17978352097565017,0.21471512878495436,False,-0.011105373661611899
2024-08-09 00:00:00+00:00,0.6474883337908324,0.5535598800634964,0.5930422514294212,0.3150653012244715,0.28104238995328074,True,0.0322428568860336
2024-08-09 01:00:00+00:00,0.4464197040421087,0.5940940488040287,0.44910489105717993,0.250771145305598,0.41659659216640776,True,0.0329834997063321
2024-08-10 07:00:00+00:00,0.006595927731582801,0.2445472571050921,0.10808917032154287,0.24267928768632038,0.10259339654975272,True,0.015512379292239302
2024-08-10 09:00:00+00:00,0.4561673331282622,0.007550588945937811,0.004550264550265713,0.24614088843065254,0.10800223838835832,True,0.0142547991483994
2024-08-11 00:00:00+00:00,0.11451758340847489,0.1550208236927358,0.13345327547888777,0.03849242326123528,0.39902478667208074,False,-0.004943820097484
2024-08-11 01:00:00+00:00,0.15880217785844303,0.560163154316794,0.21535881728893458,0.03989313412704577,0.4385051718385018,True,0.0080779109708782
2024-08-12 00:00:00+00:00,0.6084092612314116,0.5834756337843149,0.5232429563448163,0.24163865155400785,0.4245868114921707,True,0.019875483852829
2024-08-12 01:00:00+00:00,0.5397951142631984,0.6109083100708592,0.5566156691324792,0.2591419484649833,0.09740641832254562,True,0.0194974677563314
2024-08-13 00:00:00+00:00,0.6610252237591505,0.05633887142643319,0.09210567162325724,0.12014288384457188,0.29758186847505896,True,0.0324616334016037
2024-08-13 01:00:00+00:00,0.638713034428927,0.2932745115692802,0.12016526107840861,0.08880230938490372,0.14035159277236114,True,0.031008482167531604
2024-08-14 01:00:00+00:00,0.02992609936343111,0.36070000519291656,0.1658073011692657,0.13391911336986764,0.32046742209631884,False,-0.0092349349103482
2024-08-14 02:00:00+00:00,0.04024902273056207,0.22785169874693267,0.16449557858704958,0.10907876358778125,0.49324681204255977,True,0.0184459451855094
2024-08-15 00:00:00+00:00,0.3178230162027455,0.7641427607697047,0.4421714357799157,0.10024559856779204,0.08573208168350042,True,0.0215982059172939
2024-08-15 02:00:00+00:00,0.55343803305688,0.4886860763312742,0.4909660141073547,0.10733342856902814,0.5148407148407173,True,0.0216008239876304
2024-08-16 02:00:00+00:00,0.751194539249152,0.42143919253818884,0.13764896139171942,0.27421660807696924,0.056450380512851304,True,0.0256373039408909
2024-08-16 04:00:00+00:00,0.2309507754551594,0.3287367348162369,0.07006123462238674,0.2405025426263846,0.08122468815810985,True,0.0242413238342324
2024-08-17 09:00:00+00:00,0.5203583061889225,0.3133651551312655,0.12855369205193604,0.06962897623904317,0.009111298009531702,True,0.0073865450155127
2024-08-17 11:00:00+00:00,0.14782608695652033,0.2336173345955619,0.1496985721840299,0.029153517357088907,0.26392534266549605,False,-0.004163560932989
2024-08-18 00:00:00+00:00,0.19557373105605108,0.21094177413051712,0.15432519217670312,0.23034855223745143,0.11779825220451305,True,0.0065707437783754
2024-08-18 01:00:00+00:00,0.37483641802205336,0.26144842721287165,0.2000184094256269,0.2390941008872791,0.1584771115937855,False,-0.0044794375303894
2024-08-19 00:00:00+00:00,0.7277908561516567,0.696082381911796,0.2639005543423485,0.10881776990037315,0.03889296571967551,True,0.011652727863412501
2024-08-19 01:00:00+00:00,0.8583023972818231,0.6864809939494693,0.23877356032311242,0.1288796420326604,0.18371222110870886,True,0.011842289619820501
2024-08-20 02:00:00+00:00,0.8186717767531049,0.7579200530767991,0.3868037034627812,0.03541673731927094,0.33333333333333476,True,0.0160978543821341
2024-08-20 03:00:00+00:00,0.9518942407736138,0.8258772659238355,0.388249545729861,0.14552142408995297,0.4857235124734251,True,0.014368935410291701
2024-08-21 01:00:00+00:00,0.768124449662459,0.5409217038075346,0.27379385552589114,0.043250406001853,0.357279745934405,True,0.016934320891213002
2024-08-21 02:00:00+00:00,0.03993796044978834,0.07876135981150992,0.2240148873511718,0.06065793463694239,0.02013956364278718,True,0.016917644792850302
2024-08-22 00:00:00+00:00,0.314462843625093,0.4652218313854536,0.41397344776719985,0.06290533003081951,0.01995045859275574,True,0.0198525548961577
2024-08-22 01:00:00+00:00,0.9944067119456677,0.2587322875969451,0.29297387797035934,0.034609049332388495,0.05583024309847494,True,0.0199036616812789
2024-08-22 17:00:00+00:00,0.999999999999999,0.21110808603321365,0.06727895865340794,0.1263425112282759,0.4232081911262779,False,-0.006792302423915399
2024-08-22 18:00:00+00:00,0.9999999999999986,0.3101116688863845,0.11406945342512706,0.09524784325193733,0.4782800441014303,False,-0.006807574063193
2024-08-23 02:00:00+00:00,0.13667117726657874,0.16203703703703573,0.1467612864260916,0.1379580347496855,0.1597970830691158,False,-0.0062542254962144
2024-08-23 03:00:00+00:00,0.1270125223613667,0.1443044386753624,0.02247702735285486,0.1286285843483048,0.34315634760242464,False,-0.0058891691749869
2024-08-24 07:00:00+00:00,0.4920856610800784,0.253611556982344,0.5104856701561686,0.3179410791128757,0.051219889616754666,True,0.014661383273195699
2024-08-24 08:00:00+00:00,0.622687186581365,0.34592585150206145,0.5103007828594966,0.3426016062302262,0.1503846559173779,True,0.0137099271411442
2024-08-25 00:00:00+00:00,0.06605842617773688,0.024784625579853475,0.04533471181183779,0.3405140661397244,0.37804878048779833,True,0.0103170876592196
2024-08-25 01:00:00+00:00,0.023410202655488137,0.026124953514319555,0.08902944615711661,0.3401659346022436,0.08097327483047666,True,0.0103733694622773
2024-08-26 00:00:00+00:00,0.09249688112634744,0.2811526479750682,0.02819774418046525,0.04478202247190955,0.3104058839553255,True,0.0081008321515533
2024-08-26 01:00:00+00:00,0.12578428443381515,0.019846414680364077,0.023364485981308167,0.04679563384848182,0.1111111111111099,True,0.008533846867259701
2024-08-27 00:00:00+00:00,0.8339222614840958,0.37170839878037204,0.34693091109275903,0.24632976761342482,0.16096802841918365,True,0.0142556187614038
2024-08-27 01:00:00+00:00,0.7937266038466467,0.4845255744996285,0.33650269862132465,0.25773345685066956,0.4378849506101112,True,0.0147794289271975
2024-08-28 00:00:00+00:00,0.9925113071846917,0.7363742918538764,0.560575227241894,0.48547261928207797,0.2263554963844721,True,0.0223524374017176
2024-08-28 01:00:00+00:00,0.9999999999999997,0.7452692180642713,0.6564975164451602,0.49386165266334847,0.006910883433210547,True,0.0227810018102684
2024-08-29 01:00:00+00:00,0.30340162729144,0.03818696883852757,0.021308225966303412,0.2716354442018155,0.963647093537913,False,-0.0104598828367063
2024-08-29 02:00:00+00:00,0.3846530412434222,0.05349725404923217,0.0428150547782728,0.2776851733128178,0.9645181729163029,False,-0.0104312942664173
2024-08-30 00:00:00+00:00,0.23497932376550418,0.28273289028797916,0.02837359226391783,0.021034477448760913,0.18928530457726495,True,0.0189969777434461
2024-08-30 01:00:00+00:00,0.06640260950605816,0.4359854171134459,0.042310329528496476,0.012775172542726695,0.23731923159939933,True,0.0177710779336409
2024-08-31 03:00:00+00:00,0.2805923616523783,0.39073697721681444,0.027881040892193346,0.0050721881057188955,0.15946304764714922,True,0.015548339101924099
2024-08-31 04:00:00+00:00,0.0,0.28546937068785366,0.03559366929342431,0.0032394762393042273,0.2907139524031705,True,0.0124586127175148
2024-09-01 01:00:00+00:00,0.22689611217337516,0.024829075206905526,0.17108529440969125,0.034941518673522964,0.2591614906832299,True,0.0057171561652528
2024-09-01 02:00:00+00:00,0.34298642533938617,0.3860477314450585,0.17935610715163558,0.04469633463328135,0.25867226042030933,True,0.0067381491372994
2024-09-02 00:00:00+00:00,0.9999999999999992,0.28437016157846684,0.32459705398386246,0.2737340434525325,0.4045496873752828,False,-0.0087489566305791
2024-09-02 01:00:00+00:00,0.747028740185841,0.2724984266834488,0.2657861831822446,0.24969933231037256,0.3176088855609622,False,-0.0086962997922507
2024-09-03 00:00:00+00:00,0.5655058043117803,0.3373789656864905,0.3710689026288853,0.021274405870788764,0.07329222011385039,True,0.011605107185187001
2024-09-03 01:00:00+00:00,0.6655161078237984,0.4984459804239893,0.40310553557329404,0.0436230230909146,0.42567538173750147,True,0.0113521934926836
2024-09-04 00:00:00+00:00,0.4215157536190766,0.5894455339632741,0.39562225834465103,0.0009007425633819961,0.26607438638759195,True,0.015452503141450701
2024-09-04 01:00:00+00:00,0.7153569754725858,0.5237622533813144,0.47595623780849766,0.030381066902195202,0.1628785710196372,True,0.0191022582650042
2024-09-05 00:00:00+00:00,0.4519459888800628,0.40763004404237735,0.1568741009210316,0.12598131574815466,0.6624956723873553,True,0.0154059093333858
2024-09-05 01:00:00+00:00,0.17466802860062391,0.4602343631106381,0.24394896864194604,0.1357445460664372,0.41909064043567856,True,0.0155834685999309
2024-09-05 16:00:00+00:00,0.5202187927329548,0.5014240377573423,0.5027857749425233,0.1652680318869635,0.14704545454545612,True,0.0162849499074464
2024-09-05 17:00:00+00:00,0.1976212763614347,0.30596376087887034,0.3316773378444936,0.1259478180558767,0.07044554766543001,True,0.0152248975479687
2024-09-06 00:00:00+00:00,0.5264886477224134,0.1748236878477525,0.3783962342059626,0.09378299120234623,0.23089897115871136,True,0.0165262044488908
2024-09-06 01:00:00+00:00,0.5673392773345928,0.3505805663067833,0.38422623984076804,0.061152171712058306,0.18437173587782094,True,0.0174606807997015
2024-09-07 08:00:00+00:00,0.9111617312072825,0.6975996786180579,0.19218942189421884,0.21795517602565026,0.10767579173376234,True,0.0143268644199245
2024-09-07 09:00:00+00:00,0.9215554810593305,0.4986679986679995,0.1958667489204194,0.196336771314947,0.1581932347579512,True,0.0130784684721476
2024-09-08 02:00:00+00:00,0.17662379944652337,0.18337099910653448,0.15196110210697011,0.2170208261663442,0.1263277693474975,True,0.009999767682023101
2024-09-08 03:00:00+00:00,0.9073949202067928,0.2406876790830926,0.1659653149706724,0.19952694711944519,0.3600162742206161,True,0.0096743945423088
2024-09-09 00:00:00+00:00,0.7420711974110084,0.2797735503475834,0.19409135914795558,0.14027628617245075,0.19786232345082022,True,0.014213103267376301
2024-09-09 01:00:00+00:00,0.9999999999999986,0.272168938246677,0.20152716281782684,0.17728596389050627,0.31519200477974896,True,0.0150348804796223
2024-09-10 00:00:00+00:00,0.34130391703547047,0.3861603067372656,0.33644640037625584,0.2937500634022132,0.1320976757869961,True,0.0193750993005996
2024-09-10 01:00:00+00:00,0.11398656657447764,0.31427043061735616,0.3145554099902578,0.27555564634744184,0.07902924704418103,True,0.019709440069611
2024-09-11 00:00:00+00:00,0.061647456910221214,0.14886129065006384,0.14274051475959343,0.24379526481969052,0.2687042152035544,True,0.014950567019385002
2024-09-11 01:00:00+00:00,0.5506086956521774,0.36126704089815753,0.16056817437978746,0.23892370764808477,0.28788188861277497,True,0.0173113843628059
2024-09-12 01:00:00+00:00,0.034482758620684346,0.6250667378537119,0.13845386689106035,0.06013250816629858,0.295408507765024,True,0.0203295804371641
2024-09-12 02:00:00+00:00,0.565848308445122,0.6597419901883607,0.18174283684584447,0.11154589293542701,0.24310928433269088,True,0.0205095081375196
2024-09-13 00:00:00+00:00,0.049248202222702306,0.19465390346322062,0.11442808403663168,0.041593100638326753,0.06480705731605124,True,0.0148751168806091
2024-09-13 01:00:00+00:00,0.4620357459754031,0.18131892664196256,0.02959994025243195,0.11881251310666831,0.04291161847757939,True,0.015140361797535602
2024-09-14 01:00:00+00:00,0.6153419593345678,0.7329759715772769,0.4285660177259302,0.239134596974919,0.4300972203204123,True,0.0148974660843792
2024-09-14 02:00:00+00:00,0.5753424657534194,0.6928940338379341,0.45110033856571297,0.26670146137786976,0.24829522663457596,True,0.0146214628303615
2024-09-15 01:00:00+00:00,0.7566995768688254,0.31427162928271746,0.16426056338027928,0.2497782954560489,0.06118321254003484,True,0.0060935653527759
2024-09-15 02:00:00+00:00,0.7446336047372261,0.3563165201295656,0.026862130327938702,0.2830469137090255,0.06295579699359351,True,0.0059262103345
2024-09-16 00:00:00+00:00,0.9999999999999988,0.5657030980076021,0.36338096983021767,0.2681153293311902,0.06304753698118458,True,0.0112433636814758
2024-09-16 01:00:00+00:00,0.9999999999999992,0.7132761707340032,0.5708236680290134,0.33247218955445296,0.051376502520356415,True,0.0118329280129546
2024-09-17 00:00:00+00:00,0.3688212927756565,0.11642156862745119,0.09349618571751624,0.2321873955413845,0.7152279660318192,False,-0.0078422946252978
2024-09-17 01:00:00+00:00,0.21820136151916633,0.25995471698113215,0.17990215227784243,0.3164935685995604,0.41499922444547444,False,-0.0079484044638475
2024-09-18 00:00:00+00:00,0.2125595020139126,0.21129815840018004,0.3897216586633177,0.13337726899200203,0.1116173120728942,True,0.0188470654343372
2024-09-18 01:00:00+00:00,0.42346516630812986,0.3088360963937788,0.34985392164206913,0.13195894718879236,0.23275729054158475,True,0.0190546055511266
2024-09-19 00:00:00+00:00,0.4919178493332766,0.4379312885243486,0.24297258754555587,0.3114776383161898,0.3635644608489293,True,0.0214321873976624
2024-09-19 15:00:00+00:00,0.7507075738707133,0.5077970297029668,0.5731141325663474,0.1664344954196147,0.22689268125071535,True,0.0128741293903865
2024-09-19 16:00:00+00:00,0.792947813822287,0.5962316431144342,0.5541027260468041,0.2100445644335141,0.12326276139758217,True,0.0132246284434215
2024-09-20 00:00:00+00:00,0.8124999999999908,0.016188373804269317,0.18959753625858727,0.257527359328633,0.29912901469787734,False,-0.0073123717898799
2024-09-20 01:00:00+00:00,0.7589202606267355,0.14073772990549652,0.20312000851879328,0.24927473641715053,0.07903148473709282,False,-0.0073695998433139995
2024-09-21 00:00:00+00:00,0.7207418460882516,0.1146500076808863,0.10475549034228973,0.11900873131853924,0.017275155832592443,True,0.012566383906301
2024-09-21 10:00:00+00:00,0.7166301969365293,0.06592025591225503,0.17915502219299773,0.10474485228290095,0.26986998304126864,False,-0.0038454295294505
2024-09-22 00:00:00+00:00,0.1978126485972319,0.2323784619041948,0.08965025708903811,0.09433103627616723,0.3432030225923338,True,0.0049136980108499
2024-09-22 01:00:00+00:00,0.05397489539749551,0.04500430663221655,0.21786628733997138,0.030096763430097036,0.34456755924899646,True,0.0052769256265573
2024-09-23 00:00:00+00:00,0.29994253974334456,0.27941023055255987,0.0858936873891579,0.06614462644826208,0.12406248507141672,False,-0.0074224254313528994
2024-09-23 01:00:00+00:00,0.22142480211081622,0.36651314812063196,0.1350200400801598,0.12373669316803587,0.3189015834836649,True,0.014737389913112901
2024-09-24 00:00:00+00:00,0.20675818373811983,0.006099792607051325,0.0668952768773264,0.01289180990899894,0.36525860867140497,False,-0.0060025148414582
2024-09-24 01:00:00+00:00,0.5071512924812971,0.13905418102098335,0.2308124968042135,0.015551679237402416,0.3860985640126715,False,-0.0062654734654429
2024-09-25 00:00:00+00:00,0.32277367124251727,0.2988876928597057,0.32144210725791117,0.08260256624692358,0.30563065710591103,True,0.013417590815786801
2024-09-25 02:00:00+00:00,0.11640646398246979,0.42618166287016007,0.2840465168793043,0.05403452238505344,0.28137978772496597,True,0.0145637610099172
2024-09-26 00:00:00+00:00,0.24053030303029846,0.21349907831923123,0.25456498388829096,0.028357972093704914,0.7824600785674158,False,-0.0058620669047606995
2024-09-26 01:00:00+00:00,0.2683316227619968,0.3738961579361038,0.3832139147111301,0.0008959396017249816,0.7148426622110771,False,-0.005980635935020099
2024-09-27 00:00:00+00:00,0.10048780487805128,0.2832949687602746,0.506021079469141,0.12471321073215923,0.24791197799449705,True,0.0146188362748036
2024-09-27 02:00:00+00:00,0.6416103603603688,0.26345849573573316,0.42165398468621035,0.08392760507486029,0.5966200672447355,False,-0.0076676644312598
2024-09-28 00:00:00+00:00,0.17264081931235556,0.018324731284630774,0.12998005545556487,0.33020989942076634,0.30182951841824657,True,0.011032450386991601
2024-09-28 01:00:00+00:00,0.5957494912955151,0.1058466350798134,0.19178748662060965,0.3238505341427836,0.4021985691851291,True,0.0108555044417068
2024-09-29 00:00:00+00:00,0.40770042194093,0.3248552522746098,0.024564292575818547,0.09454873758600431,0.052247873633055324,True,0.0056666776487085
2024-09-29 01:00:00+00:00,0.09829469246982554,0.13267921859807771,0.1365093304061436,0.08659908517740156,0.05399424651470427,True,0.0058931219631595
2024-09-30 00:00:00+00:00,0.2916860916860801,0.02976567447751087,0.039888590470504734,0.07051018073667262,0.4168911795712792,True,0.0060954264572678
2024-09-30 01:00:00+00:00,0.8101851851851605,0.3318764845605588,0.20349639625823623,0.11830584402361848,0.30767358575849296,True,0.0076246081004562
2024-10-01 00:00:00+00:00,0.002495840266224476,0.33755517175206184,0.38681990107652064,0.3061139028475712,0.09681236594926626,True,0.0122858355653402
2024-10-01 01:00:00+00:00,0.040416166466581124,0.15958096490816157,0.24468510230179125,0.30304454540706965,0.2909056134646672,True,0.0121320994634242
2024-10-02 01:00:00+00:00,0.37223796033994166,0.589287447035611,0.4688892747583505,0.36287035050420396,0.07391723617458444,True,0.0231159364336006
2024-10-02 02:00:00+00:00,0.4918178705922646,0.32859594712595247,0.3421220497554762,0.2758077454647377,0.2933177609076497,True,0.02339076880939
2024-10-03 00:00:00+00:00,0.07185225952424615,0.03646459972235036,0.0593386092137333,0.24299741080735693,0.16565325097319794,True,0.0199286518570734
2024-10-03 02:00:00+00:00,0.15258181818181846,0.01316466111282447,0.12000127254795884,0.19921230769230744,0.315116242880705,True,0.0187647643528497
2024-10-03 15:00:00+00:00,0.4709257514772621,0.4400218102508168,0.26111934766493633,0.1870566234867465,0.10507435429167626,True,0.015447672161519599
2024-10-03 16:00:00+00:00,0.29904704280744204,0.21226053639846643,0.16970269680889696,0.13565664574549208,0.31386363636363485,False,-0.0083020833021561
2024-10-04 00:00:00+00:00,0.04102186195037369,0.1088537458155347,0.040650406504064845,0.022836159616718282,0.5748069890288489,False,-0.0079810206632771
2024-10-04 03:00:00+00:00,0.16417477137465267,0.13501925975548398,0.06653298450644693,0.0542087542087541,0.32612882516584557,False,-0.0076144296061274
2024-10-05 00:00:00+00:00,0.6701772412021673,0.06042363433667742,0.30613354037267115,0.09858495661253744,0.10835197038636556,True,0.0124195215441251
2024-10-05 01:00:00+00:00,0.44875222816399946,0.24350622577719203,0.2084846337791157,0.10185924284958288,0.060351187841230045,True,0.0124534607911182
2024-10-06 02:00:00+00:00,0.5746958637469624,0.08981636060099984,0.11576070711815119,0.1485534573294818,0.7258675998833465,True,0.0049859474870308
2024-10-06 03:00:00+00:00,0.17440525020509062,0.15394165114835487,0.04046818578010204,0.1421172541638959,0.8740091781393372,False,-0.0035635068554908996
2024-10-07 00:00:00+00:00,0.10905172413793476,0.3528023598820057,0.3564533428673585,0.12942247916213032,0.35412547186769994,True,0.009671416922519901
2024-10-07 01:00:00+00:00,0.6155294117647038,0.5656821601076889,0.4960179193628672,0.2773083211427593,0.1380443403708888,True,0.0100262732369166
2024-10-08 00:00:00+00:00,0.2609149780655942,0.1343667175327291,0.20223159764627616,0.028228512025704998,0.0790125309522046,True,0.0182597267330297
2024-10-08 01:00:00+00:00,0.37783053323593757,0.19154680052305126,0.17237552611278753,0.043558333565867975,0.2191148520228074,True,0.0179545797703211
2024-10-09 00:00:00+00:00,0.06516248526687397,0.10728546673698568,0.09783562811928008,0.1315688996876089,0.11325659116227026,True,0.0142736307738149
2024-10-09 01:00:00+00:00,0.20147154295607972,0.4221297595432754,0.11999795312659882,0.1458975913672355,0.3914678423236472,True,0.014681107301269699
2024-10-10 03:00:00+00:00,0.017136414881620148,0.43959042275974136,0.3000654255635506,0.19100657815789704,0.036490930306563606,True,0.013051032413813701
2024-10-10 04:00:00+00:00,0.09371471584493345,0.34097627803013975,0.2952449395137128,0.2004914651805694,0.23546988763098986,True,0.012442733628203001
2024-10-11 00:00:00+00:00,0.8885895916388362,0.23000717875089832,0.02682093084407071,0.19017138137517978,0.6909587131989965,False,-0.0076771086626139
2024-10-11 01:00:00+00:00,0.5560091247448736,0.2591006423982864,0.14157945691761453,0.23216431086177478,0.6751708984374957,False,-0.0080325617930283
2024-10-12 03:00:00+00:00,0.274562584118436,0.15028237771609004,0.46422479150871626,0.18966811160769265,0.4881248961966542,False,-0.0063850447392286
2024-10-12 04:00:00+00:00,0.17054500918554888,0.14779436470983526,0.45139613303898196,0.19032156932998898,0.3614928169893847,False,-0.006250331367483699
2024-10-13 00:00:00+00:00,0.6167774467109801,0.16144675692059232,0.16875480573522122,0.45561665357423364,0.48172569706104157,True,0.007090130591161
2024-10-13 01:00:00+00:00,0.4526993561168825,0.11166951452407103,0.20646185451489368,0.4160120074088262,0.28340713727533146,True,0.0071573906283385995
2024-10-14 00:00:00+00:00,0.819868022115213,0.12508510243238602,0.11552683673850372,0.007507476958760059,0.6481893309172786,False,-0.0056177219183701
2024-10-14 01:00:00+00:00,0.36109717344037556,0.07387405746892181,0.13279132791327863,0.043184233407400366,0.6630820603160423,False,-0.0056554524361418996
2024-10-15 00:00:00+00:00,0.23518477210200722,0.43543093607305655,0.5556589868900778,0.30759979745126154,0.058322651529021455,True,0.0132400051675957
2024-10-15 01:00:00+00:00,0.003106049400974039,0.29220005954152933,0.5095293120714893,0.32768482615308814,0.45083998898375116,True,0.0129340617284486
2024-10-16 04:00:00+00:00,0.2675149230285913,0.09224148949767658,0.15579087255967014,0.19898771764070683,0.35393835616437846,False,-0.0086258680408887
2024-10-16 05:00:00+00:00,0.07638295853496573,0.07515517530616081,0.17306271877709606,0.20770030793074645,0.325678030472272,True,0.0150287891448047
2024-10-17 00:00:00+00:00,0.32902004102888655,0.12259383339957806,0.17941816936214175,0.12467847322827684,0.21692614770458843,True,0.013028439235899301
2024-10-17 01:00:00+00:00,0.0015948963317385084,0.23577235772358193,0.09400832027662319,0.13612449710420405,0.3562838001452908,True,0.0123241022113836
2024-10-17 15:00:00+00:00,0.08627755011630346,0.233964690173584,0.1650098360655765,0.11744712588567345,0.009762532981527508,True,0.0118678046988866
2024-10-17 16:00:00+00:00,0.2760555063478026,0.15221938182663253,0.05423559849042302,0.07934778984339327,0.12176827851714503,True,0.011856349863854001
2024-10-18 00:00:00+00:00,0.6800554016620489,0.11990464839094155,0.06342205323193789,0.061744966442953644,0.17746544134681852,False,-0.006442253292939099
2024-10-18 01:00:00+00:00,0.43754444181085017,0.0912385022763214,0.14823773324118755,0.018213845340848103,0.04221932467065055,True,0.013025679960600901
2024-10-19 03:00:00+00:00,0.062263293440398736,0.18318965517241512,0.24562688145797634,0.09428223844282242,0.196731503685941,True,0.0088733028976273
2024-10-19 04:00:00+00:00,0.5313387202445751,0.23987712929349833,0.2016191100595727,0.13445340299986494,0.23297430243405895,True,0.0079730320637816
2024-10-20 01:00:00+00:00,0.10320284697510503,0.11736017432811845,0.056346623270946215,0.02020633460375876,0.3538356007774278,False,-0.0030662048543553
2024-10-20 02:00:00+00:00,0.20761996624063578,0.17371885284437025,0.1611960548974565,0.0071633935968042324,0.4537547115106028,False,-0.0030178532964469
2024-10-21 00:00:00+00:00,0.5044694017877869,0.5183857692818343,0.36217749800515336,0.16800757217227036,0.49911456935873255,True,0.0076721367434499
2024-10-21 01:00:00+00:00,0.7340355497037798,0.496425844958016,0.44256348246675764,0.19283746556474213,0.700319204216465,True,0.0083172875823266
2024-10-22 00:00:00+00:00,0.04220143571895119,0.37222464083587276,0.42905900733084895,0.12737210118929712,0.0782389231632051,True,0.0132522293332482
2024-10-22 01:00:00+00:00,0.8529371491168057,0.12051719931690962,0.48096358853661897,0.14847148560872706,0.2983285497214291,True,0.0136624338624338
2024-10-23 00:00:00+00:00,0.08051378446114436,0.19890025690719415,0.06284560493770389,0.19959794862423094,0.5341964537010964,True,0.0117596299327183
2024-10-23 01:00:00+00:00,0.39930421337458033,0.07591134204757667,0.08091408626748266,0.23038382392413045,0.3405471872118007,True,0.0113713521936854
2024-10-24 00:00:00+00:00,0.5461462715960931,0.08631724615118488,0.11821323375930545,0.05440887942149264,0.038996510039960325,True,0.0137496635123286
2024-10-24 01:00:00+00:00,0.6539721539721529,0.1957488275778033,0.01810480011404484,0.008211659269741852,0.291277258566979,True,0.0143934962907477
2024-10-25 00:00:00+00:00,0.4085318559556816,0.36357254711378045,0.1959780621572242,0.11404187553970672,0.057297627222098954,True,0.0115116880518035
2024-10-25 01:00:00+00:00,0.49648162627052306,0.04728483911259175,0.18511425687741112,0.07012702633254739,0.23346897253305965,True,0.0111152346864287
2024-10-26 08:00:00+00:00,0.3455773696432293,0.038851824858442,0.1456595716287434,0.01817051951280106,0.13637268564602734,True,0.0114598124350802
2024-10-26 09:00:00+00:00,0.41109422492402115,0.10549393861232323,0.15958668197474013,0.028864357190274033,0.11473488917097864,True,0.0106472357053876
2024-10-27 00:00:00+00:00,0.14227121250961042,0.0604651162790801,0.18305504019789492,0.13470906835305027,0.40314578275096247,False,-0.0035549221096375996
2024-10-27 01:00:00+00:00,0.49051490514902385,0.1486818980667964,0.15699813517463784,0.14316104868913693,0.49122649149643893,False,-0.0035415508075742003
2024-10-28 00:00:00+00:00,0.5612998522895158,0.41019015437620765,0.4074737441992987,0.2849995532922354,0.6461937716263072,True,0.0074442689678178
2024-10-28 02:00:00+00:00,0.016666666666666642,0.03444100632315173,0.26120498250103524,0.19708858822757816,0.66116498619229,False,-0.0045055328978845
2024-10-29 00:00:00+00:00,0.9968806862490315,0.5443050986842168,0.5905723905723985,0.47724182583360436,0.3658985006498219,False,-0.0062680537158135
2024-10-29 01:00:00+00:00,0.9909766454352567,0.6211287363763943,0.6434638912243138,0.47258954517256213,0.42763948497853876,False,-0.0064859195665119
2024-10-30 00:00:00+00:00,0.32793026989830704,0.481100359575529,0.42582960732426955,0.4836635469777834,0.22195954820067945,True,0.0169305382951188
2024-10-30 01:00:00+00:00,0.20279339742427394,0.16524594304476853,0.30289385206532204,0.43837004742236685,0.25107573149741613,True,0.016818153055490802
2024-10-31 01:00:00+00:00,0.19865204477952061,0.0680312274486629,0.05285463955336546,0.16129418301491552,0.40777829529576,True,0.0136982569615735
2024-10-31 02:00:00+00:00,0.5454946023352931,0.015512188147828256,0.004118993135010826,0.10888697152717895,0.6063141492496853,True,0.0136319826920494
2024-10-31 15:00:00+00:00,0.6921482015685573,0.5785159933270442,0.23215471000843063,0.14714429315544095,0.3850688842000723,True,0.0105013963814654
2024-10-31 16:00:00+00:00,0.9999999999999996,0.5863026376677446,0.25993559118094384,0.19406937709809663,0.2506725209486385,True,0.010784274379701201
2024-11-01 00:00:00+00:00,0.27233972782423893,0.5201142723880594,0.3415839758013914,0.18962698056014973,0.05996306748893479,True,0.0151052526641485
2024-11-01 01:00:00+00:00,0.07314714061177548,0.4077991222390063,0.40778910421567266,0.2145389901461337,0.6043800060833467,True,0.0165538194921007
2024-11-02 02:00:00+00:00,0.9884281581485306,0.42951223429886926,0.011583949473940406,0.2273450672045132,0.38683373110579367,True,0.0178152846622218
2024-11-02 03:00:00+00:00,0.9392305807400396,0.15002698327037228,0.04081728290922789,0.21593552874583224,0.19234002802427688,True,0.016018415543700402
2024-11-03 00:00:00+00:00,0.1828533154721791,0.08614831101338973,0.16603115807821403,0.08789939689464897,0.2724748075854975,True,0.0059911846635985
2024-11-03 02:00:00+00:00,0.9999999999999981,0.22178723404255798,0.29789966064385726,0.06645551593314603,0.19069685334745873,True,0.0081206817669098
2024-11-04 01:00:00+00:00,0.04307282415630855,0.24345218742097852,0.053905745642348527,0.12362559546800504,0.11561100211009605,True,0.0141695187025087
2024-11-04 02:00:00+00:00,0.01169456546664927,0.4335088037756418,0.15178073460282063,0.08700048687314989,0.3410764442420115,True,0.014477903724422099
2024-11-05 00:00:00+00:00,0.10704761904761825,0.298880229805569,0.13651051341689938,0.10897668436500371,0.5000300102034706,True,0.0164985778247366
2024-11-05 02:00:00+00:00,0.4842406876790816,0.1198608941675748,0.21655025963468708,0.019060010901482516,0.7703101920236334,False,-0.0085010048828443
2024-11-06 00:00:00+00:00,0.32517643448910105,0.09813344610830228,0.19562621938790417,0.04790512658463156,0.5039698516740984,False,-0.0107275891005049
2024-11-06 01:00:00+00:00,0.6854320826677978,0.32898282617878805,0.3597894121088034,0.14068864626183578,0.4571729261894651,False,-0.0112117658525018
2024-11-07 00:00:00+00:00,0.24601235809742036,0.39667160606405877,0.4652261151412228,0.41385945922305556,0.17201720172017546,True,0.0175386073089136
2024-11-07 01:00:00+00:00,0.44313877828492065,0.3846762346027809,0.43126823408271786,0.399165778525559,0.30556041265955886,True,0.0176159003680415
2024-11-08 06:00:00+00:00,0.029587523684598657,0.39098123189318645,0.214923071273823,0.14516060085323143,0.21520112254443405,False,-0.006650661132317499
2024-11-08 07:00:00+00:00,0.12887609577391257,0.40216383307573395,0.19564903151199786,0.22350813412863058,0.17733869386154077,True,0.0120020622771695
2024-11-09 05:00:00+00:00,0.26247086247083257,0.012670807453412527,0.06879236756214034,0.14272521502942603,0.31346977629699957,True,0.0093647840531561
2024-11-09 06:00:00+00:00,0.24776912853616265,0.1923358198040083,0.11645461955558695,0.1540756888110646,0.13765361152859532,True,0.0088243811565688
2024-11-10 00:00:00+00:00,0.5418473895582241,0.2956699227292611,0.11414818635035259,0.08123603148382112,0.6352238001078562,False,-0.0045282295228184
2024-11-10 01:00:00+00:00,0.9999999999999986,0.328934574246423,0.23945173808933615,0.1068265836176254,0.707678501576199,False,-0.0046407072130252
2024-11-11 00:00:00+00:00,0.06233488842673347,0.14208335017583604,0.3756038390330069,0.3353339089179282,0.4689537084322173,False,-0.0101529520107213
2024-11-11 01:00:00+00:00,0.2818656741899152,0.16518181996971246,0.41518037028396954,0.35903169760501336,0.19937982450352812,True,0.0224463509412331
2024-11-12 00:00:00+00:00,0.9999999999999997,0.9085473286996557,0.7696687861820252,0.5882069687898693,0.3406888636748952,True,0.0294450456507885
2024-11-12 01:00:00+00:00,0.9999999999999997,0.9999999999999999,0.7631478788706826,0.6088472562867532,0.30277076696043187,True,0.030736334972656598
2024-11-13 00:00:00+00:00,0.28574262663668637,0.23756923365772684,0.07780725651001813,0.29491318769025965,0.1190386345824529,True,0.0305908632405169
2024-11-13 01:00:00+00:00,0.21922450309547067,0.25817462891741233,0.038163934426229756,0.28021618080576516,0.1911375938903116,True,0.0299699488562417
2024-11-14 02:00:00+00:00,0.19303842538525504,0.13301753936755778,0.16289120131608245,0.09169417457193586,0.20890197804867064,True,0.0371989593942858
2024-11-14 15:00:00+00:00,0.6474685239753561,0.18954898911353119,0.2664219139293926,0.07465940826056656,0.04061361703493413,True,0.0244995129870129
2024-11-14 16:00:00+00:00,0.7983829960337635,0.30909090909090925,0.2897421080216638,0.03183113862511609,0.2990371580520682,True,0.0254090259186434
2024-11-15 00:00:00+00:00,0.47972844016686045,0.467344882192044,0.21369750947357127,0.02472307568623762,0.39926447409897947,False,-0.0131009353785019
2024-11-15 01:00:00+00:00,0.41164230349060565,0.34286599461404516,0.18902162407379403,0.013426530880329452,0.4177173935184233,True,0.0277785718256025
2024-11-16 02:00:00+00:00,0.17314240810268247,0.4273565984757313,0.268786451323463,0.047055167699032396,0.21491092575429807,True,0.0198917166386286
2024-11-16 03:00:00+00:00,0.26171471499672544,0.6601545966897586,0.29825478301446373,0.06050252421716111,0.317335243553011,True,0.0190100882681207
2024-11-17 00:00:00+00:00,0.40633505124789693,0.09242323299618353,0.07808507013459051,0.1676661453779751,0.07486615868339813,True,0.0108224549533262
2024-11-17 01:00:00+00:00,0.16926515786532217,0.018074771857519625,0.0769638062100528,0.1674867443020511,0.06658796413412918,True,0.0116308870049347
2024-11-18 00:00:00+00:00,0.04820737832688625,0.34763081068942436,0.1373383901758146,0.09169370384179142,0.10420429549884763,False,-0.0071151422326212995
2024-11-18 01:00:00+00:00,0.06486803519061922,0.1850162866449511,0.04995699865715161,0.10361751096640737,0.21733420879842014,False,-0.007358761061779799
2024-11-19 05:00:00+00:00,0.620938628158845,0.00782606998575414,0.06581261348851085,0.051347262619024135,0.20199038542633088,True,0.0194055728362299
2024-11-19 06:00:00+00:00,0.5532211953992434,0.35822092255447396,0.02082649792984959,0.05795679170251858,0.30446927374301774,True,0.0176868115331273
2024-11-20 01:00:00+00:00,0.5568123870010642,0.17571094930622383,0.13930927435002036,0.05411295418301885,0.7271637497003123,False,-0.0099069411039774
2024-11-20 02:00:00+00:00,0.3453848260750451,0.023770013903215707,0.07709231118167428,0.06208855935139638,0.8517059192262946,False,-0.009652133484491
2024-11-21 00:00:00+00:00,0.5962468562584645,0.22143838754008416,0.380335797218269,0.2055218497678732,0.44159746134629546,True,0.016498007107560702
2024-11-21 01:00:00+00:00,0.6291426032874324,0.10150137449777984,0.4396359042467043,0.25309600015455924,0.46638806359985496,True,0.0158963949234337
2024-11-22 02:00:00+00:00,0.055351328641961205,0.2863805452223595,0.37519188817968674,0.38988766126691304,0.35989659435765203,True,0.0175166112259699
2024-11-22 03:00:00+00:00,0.4840240195715057,0.5219017802658426,0.3162088974854926,0.3997448049580744,0.04140127388534921,True,0.0177625500363105
2024-11-23 04:00:00+00:00,0.08444962143273141,0.0985583718081588,0.020049294455093278,0.07681037223381812,0.4149331531444476,True,0.0111263309412549
2024-11-23 05:00:00+00:00,0.47099908897659737,0.10185880585805505,0.0298100660701812,0.08860724117211374,0.39586706027997237,True,0.0093850473173985
2024-11-24 00:00:00+00:00,0.15210297316896593,0.34617356279750783,0.2440265946395161,0.028022586943902576,0.4091609241994335,True,0.0081470929462033
2024-11-24 01:00:00+00:00,0.4084862608020329,0.20814977973567833,0.15781710914454047,0.010094026548671548,0.38772903277314064,True,0.0086417280078351
2024-11-25 00:00:00+00:00,0.6720742173934605,0.18791780143599854,0.002941290799073766,0.05959055277911729,0.08348950166367196,True,0.0142947289543947
2024-11-25 01:00:00+00:00,0.6818363273453062,0.09381990779465892,0.0639566820999763,0.07192749668277326,0.11198335753817291,False,-0.0076841325005096
2024-11-26 00:00:00+00:00,0.5348234531908019,0.6165139224953934,0.4436974789915969,0.26581252465429983,0.3226099565007271,True,0.0251680068447312
2024-11-26 01:00:00+00:00,0.18789655725313312,0.43444834419692957,0.30701280631253236,0.22797636833524634,0.6366507177033551,True,0.0256197128750456
2024-11-27 03:00:00+00:00,0.9853701200604317,0.020471820465255572,0.13411407162880848,0.21382508451070445,0.7023877202956182,False,-0.010412771721825
2024-11-27 04:00:00+00:00,0.508493923319681,0.27796908478726595,0.14790305947060844,0.22325748687602245,0.7123923433928274,False,-0.0097494787574561
2024-11-28 00:00:00+00:00,0.2020432220039337,0.5698971672487398,0.5097951914514677,0.10279385260001309,0.3506742464304627,True,0.015200661763966502
2024-11-28 01:00:00+00:00,0.04252998909487026,0.5624043823718127,0.5028685258964131,0.08858078784843988,0.18703778405270996,True,0.0152025618510674
2024-11-28 15:00:00+00:00,0.3621983187200719,0.03626364868096008,0.02803092200364451,0.1499756371043971,0.4526587358463478,False,-0.006927070642135999
2024-11-28 16:00:00+00:00,0.03240391861341575,0.28017837920960004,0.09946330032504301,0.0598961552725924,0.34823210152446055,False,-0.006747631827825
2024-11-29 00:00:00+00:00,0.2511934530575107,0.0522556922641736,0.15599590023915547,0.2594414069105459,0.3246228926353115,False,-0.0060751081424031995
2024-11-29 01:00:00+00:00,0.24901664145233982,0.0895177591683513,0.1400125322007938,0.19955138752591703,0.29999540166459543,False,-0.0057824337953971
2024-11-30 00:00:00+00:00,0.5554682898095553,0.18430248811853864,0.27013677811550113,0.06785140937091641,0.12998003232861238,True,0.0119182309014186
2024-11-30 02:00:00+00:00,0.6324666715769304,0.5680683736129578,0.041893943654051545,0.05426425164576796,0.05801073855742835,True,0.011125875160928401
2024-12-01 00:00:00+00:00,0.8381538461538269,0.08942351339082652,0.11666524738141841,0.07560509554140155,0.1400098344533715,True,0.0054327081021614005
2024-12-01 01:00:00+00:00,0.9999999999999984,0.04130538676862121,0.022820941569913156,0.03513322716750657,0.31112822487486086,True,0.0056581601573369
2024-12-02 00:00:00+00:00,0.05717367853290299,0.16421179847420767,0.15125563764631855,0.023119399277757684,0.4763052208835378,True,0.008404912465219301
2024-12-02 01:00:00+00:00,0.17728271101349544,0.14982712255090444,0.23771724306745826,0.10039397087359592,0.43497657818425345,True,0.0090141734146008
2024-12-03 00:00:00+00:00,0.1820973294872964,0.1288701669926291,0.1375884136072755,0.028748941610546308,0.3147964884277719,True,0.0186587760100728
2024-12-03 01:00:00+00:00,0.012984202553559658,0.020518919281084045,0.19537961355806788,0.01719246482069913,0.4583627737963054,True,0.0187171922787516
2024-12-04 01:00:00+00:00,0.30107422820091845,0.4383089792687391,0.026896224339752018,0.11134916325220909,0.21348737440258558,True,0.015901218928031
2024-12-04 04:00:00+00:00,0.25944977008806797,0.22120885227681517,0.015585880230066336,0.047803943580738695,0.3786426441829865,True,0.0132917407991377
2024-12-05 00:00:00+00:00,0.5485896188876122,0.3626967283150966,0.28227966118505926,0.147865925906423,0.5240231134504274,False,-0.0091857131820814
2024-12-05 01:00:00+00:00,0.2936751034445684,0.36514247846255576,0.20983788697540526,0.14647731755424076,0.5331453237410059,False,-0.009420783807349599
2024-12-06 06:00:00+00:00,0.2177116440335129,0.3870509303632225,0.32212055331246797,0.046519413361064924,0.5579270348641188,False,-0.0151202485155591
2024-12-06 07:00:00+00:00,0.03646281940856159,0.19013617386554446,0.3338260932441015,0.05254925275946374,0.5589383031689446,False,-0.0149467503904186
2024-12-07 00:00:00+00:00,0.798591207189698,0.31261480120874524,0.22801313115522906,0.051681712262493074,0.35177702646985803,True,0.0197651509570882
2024-12-07 01:00:00+00:00,0.4755888565621165,0.2668962684445018,0.2261016736663953,0.07444909384327554,0.3109221598877946,True,0.0199027448764541
2024-12-08 00:00:00+00:00,0.23233933981821814,0.176954379952878,0.092459925628691,0.1534091672150519,0.018848235831209884,True,0.0078394602483795
2024-12-08 01:00:00+00:00,0.0716880421083935,0.2639946726599212,0.016032278035139933,0.1290928683926938,0.16464622916423793,True,0.008015118565066
2024-12-09 00:00:00+00:00,0.7018039140628692,0.30942367005684307,0.16540051790491847,0.07236239207015115,0.24283164245204095,True,0.0130681952579443
2024-12-09 01:00:00+00:00,0.145858767589796,0.1533799914301455,0.02240624062406209,0.029720745186638822,0.11402837964143168,True,0.012742729088165301
2024-12-10 00:00:00+00:00,0.1871162090140179,0.17560272995274984,0.20070184910244207,0.1326455271266692,0.19797426772515736,True,0.0276595867301344
2024-12-10 01:00:00+00:00,0.32123144854654484,0.1518029068080496,0.13733339842796452,0.09650462884873945,0.0546585048440748,True,0.027561035172724402
2024-12-11 01:00:00+00:00,0.37401145350422615,0.17655590717299507,0.1334481054084921,0.13238126868150105,0.7193245960415647,False,-0.0114949103259268
2024-12-11 03:00:00+00:00,0.13638475836431063,0.20546698258436769,0.021490715491494807,0.07588693730371035,0.7177244487757273,False,-0.011625907490178099
2024-12-12 02:00:00+00:00,0.6117034068136314,0.21399578910811415,0.4057118700966039,0.18357708123205732,0.03333421170518332,True,0.0163908068325714
2024-12-12 15:00:00+00:00,0.48829710346361477,0.22684860038125973,0.14947790983514173,0.290415474863043,0.3594275368566237,True,0.012478057936427601
2024-12-12 16:00:00+00:00,0.7096063367280062,0.4011028878247017,0.13790975174873177,0.2701297017507985,0.2563657206377868,True,0.012216487760449
2024-12-13 00:00:00+00:00,0.2572896207886387,0.15033817476291542,0.0766346192204897,0.17918918512050735,0.07110488051380907,True,0.0159541360897747
2024-12-13 05:00:00+00:00,0.005615776413733326,0.290042981220238,0.07013336987302406,0.13004413369821372,0.35018502704241533,False,-0.0070257688427487995
2024-12-14 01:00:00+00:00,0.16863245138667346,0.19666980206936527,0.2695854744775617,0.04307812587256425,0.6078871833271057,True,0.0135777606942903
2024-12-14 02:00:00+00:00,0.3059885151763736,0.21707074450447547,0.33340836897526394,0.017662537191077084,0.33219470538002244,True,0.014000399461315401
2024-12-15 00:00:00+00:00,0.312381766034051,0.036740897376593334,0.02310551581149457,0.09842637022024911,0.4233648266001288,False,-0.0048537378254636
2024-12-15 01:00:00+00:00,0.09863210943124845,0.09471816568855153,0.153659505007279,0.16760335790013123,0.21990598152050767,True,0.0086199642890032
2024-12-16 00:00:00+00:00,0.6172248803827732,0.4691131498470947,0.44524565226930335,0.2619929821117473,0.5318592556004281,True,0.0135721064691867
2024-12-16 02:00:00+00:00,0.8050485697959734,0.647856562373018,0.5393130486170155,0.2861727452207062,0.20895487326458245,True,0.0142806853138216
2024-12-17 02:00:00+00:00,0.38460491390457957,0.2004427635826969,0.2046594439854314,0.27591060205294904,0.45060186747665726,False,-0.0078315617320347
2024-12-17 03:00:00+00:00,0.1557910673732025,0.017595307917886042,0.19065145380934867,0.2735541143628772,0.0700947033634796,True,0.015458580409933
2024-12-18 00:00:00+00:00,0.3611954610835878,0.16504221403657296,0.026123592714410084,0.03333750443179253,0.2364785479884926,True,0.0175413408840936
2024-12-18 01:00:00+00:00,0.3335000833750222,0.20207132715275936,0.028465811787311092,0.027910114474874438,0.16388642413486873,True,0.019080202069374
2024-12-19 00:00:00+00:00,0.8890976351416823,0.6418061204990297,0.47863456959258777,0.25192164863583016,0.21639610989905275,True,0.0211549905673919
2024-12-19 01:00:00+00:00,0.5174751668681424,0.4904253227603396,0.369145211122554,0.24521383116016252,0.49254747158510875,True,0.0224525656360128
2024-12-20 00:00:00+00:00,0.2735268581782508,0.5269260619258885,0.24060819712993672,0.3198718448476213,0.30175960620086534,True,0.031158089845766
2024-12-20 01:00:00+00:00,0.010050646862778028,0.5358194196606163,0.1925762142024212,0.3061394538499416,0.09950929843899947,True,0.0329958591521968
2024-12-21 01:00:00+00:00,0.18029026423750522,0.44797367037332736,0.07207597609877914,0.07428845024972708,0.0014935032608154439,True,0.0226469853673833
2024-12-21 02:00:00+00:00,0.48967206725684037,0.3470095937946519,0.018861997198842684,0.1076889120751233,0.06911789030931693,False,-0.0098316491748468
2024-12-22 00:00:00+00:00,0.09241760774372006,0.052551514313373064,0.03281800136198322,0.0021249503902636205,0.07021703447018043,True,0.0139975402505655
2024-12-22 01:00:00+00:00,0.02023552827997496,0.029969775317724462,0.01305537074000188,0.03902305206216974,0.022247794399692312,True,0.0141739621773085
2024-12-23 00:00:00+00:00,0.25383304940374485,0.3324319318392291,0.22347923049441903,0.144276639394913,0.36383442265795435,True,0.0175953830950846
2024-12-23 01:00:00+00:00,0.15959367945823724,0.4164845305745778,0.27005546227039057,0.17487442575478626,0.06930114553701823,True,0.0191102189504959
2024-12-24 00:00:00+00:00,0.7814949201741703,0.1797781723667621,0.037805301539530836,0.10256376779427186,0.06944286848973194,True,0.022235627400894
2024-12-24 02:00:00+00:00,0.304696486673018,0.04144236263571118,0.04330826170009628,0.11146922208529753,0.5740334317915549,False,-0.0107257866484771
2024-12-25 04:00:00+00:00,0.715666929755317,0.10350666760742405,0.3310893456568727,0.0934549924034213,0.07643962605074671,True,0.0144987390088458
2024-12-25 05:00:00+00:00,0.3922382671480011,0.13281344310581858,0.3325196387930408,0.11202045598371756,0.11101028433151498,True,0.0132164730442389
2024-12-26 00:00:00+00:00,0.3431137099300427,0.4052180736284585,0.17504809983584213,0.28678369068790494,0.7353843456920012,True,0.013526674599286
2024-12-26 01:00:00+00:00,0.0035159683562834155,0.1788138000694435,0.18357187305538267,0.28908381720143783,0.7328402949478199,True,0.0128605134671012
2024-12-26 15:00:00+00:00,0.02274008644992732,0.8366921637814709,0.4057355916068408,0.1924939053953472,0.12813844153246104,True,0.014301198369830001
2024-12-26 16:00:00+00:00,0.49995191845370823,0.5525355664928179,0.29823949365196256,0.16292853147225805,0.0839735099337726,True,0.0142827836048547
2024-12-27 00:00:00+00:00,0.03844100373731709,0.037113595790660925,0.4173918648875168,0.19090711648447192,0.17694412499504,True,0.0125167298664383
2024-12-27 01:00:00+00:00,0.389124566139598,0.03384557367776387,0.41814147876786695,0.16382046131674663,0.09608156814370708,True,0.0127000503869004
2024-12-28 06:00:00+00:00,0.28017296197380365,0.0368741104929482,0.23722190257000147,0.22314874663219283,0.21990179258119638,False,-0.0049042405111742
2024-12-28 07:00:00+00:00,0.1069651741293531,0.19491134401159643,0.09265385273484027,0.21093343733749267,0.36659436008677215,False,-0.0045678865934652
2024-12-29 00:00:00+00:00,0.893091470474729,0.44667677533485267,0.2828180435884446,0.042443675639186246,0.19627892673175337,True,0.0076430460702604005
2024-12-29 02:00:00+00:00,0.31534569983135474,0.14876784091516715,0.16159120390388426,0.1006362010894408,0.5146254010190666,True,0.0079299655179975
2024-12-30 01:00:00+00:00,0.010014137606032177,0.43019506432973126,0.3063811398665223,0.12706413588511797,0.3963469153148514,True,0.011985912064506301
2024-12-30 02:00:00+00:00,0.05500440917107803,0.21098484848485047,0.2870996735891051,0.05097544004329671,0.5171145396955124,True,0.0124653095662189
2024-12-31 00:00:00+00:00,0.5527207251197829,0.12207877933914688,0.0760153331068952,0.15958556240265442,0.9295951271945484,False,-0.0101552810862086
2024-12-31 01:00:00+00:00,0.5726864540206411,0.03123686790867068,0.14256226510622494,0.16108534887179454,0.9675165481735717,False,-0.0101862065319319
2025-01-01 00:00:00+00:00,0.18277456647399506,0.2054209796179703,0.16089212667851793,0.0003590500561365275,0.1970677902236845,True,0.0167198940511565
2025-01-01 01:00:00+00:00,0.09219165927240527,0.27086989784437804,0.25344474141733997,0.025750405474460936,0.17323236620437268,True,0.017647501816472202
2025-01-02 00:00:00+00:00,0.2536437444976925,0.3545991410164649,0.04215733824813067,0.16644810863239523,0.5707213343522605,False,-0.0058563352095133995
2025-01-02 01:00:00+00:00,0.3959306468213082,0.4363963119237419,0.31041505437660516,0.2017441686826153,0.5017153748411739,False,-0.006045593694125
2025-01-03 00:00:00+00:00,0.5976904451480668,0.03199404761904905,0.25378565077628157,0.20035702469164315,0.09028627355028006,True,0.0143988945088934
2025-01-03 01:00:00+00:00,0.7037989145958358,0.09196476898095451,0.2708038710035215,0.25926882623120234,0.24402713597482603,True,0.0142750793216973
2025-01-04 00:00:00+00:00,0.63319595354063,0.5657928790623744,0.28343372225264213,0.2481126751347501,0.04473438956197812,True,0.0093858905372754
2025-01-04 01:00:00+00:00,0.8976902366444504,0.5195005561336122,0.19735341090577155,0.25136741973840654,0.038203287798101906,True,0.0093075890816126
2025-01-05 00:00:00+00:00,0.2148517496215872,0.1642530858198084,0.06919938536533662,0.15683206760692114,0.29100260333989464,True,0.0058417073543019
2025-01-05 01:00:00+00:00,0.061715258565652964,0.12864163753357094,0.05076594709967039,0.14158818742006798,0.27896164277411734,True,0.005939172352361501
2025-01-06 00:00:00+00:00,0.42180180180179333,0.31103309929789436,0.04536411779539758,0.05826960237324106,0.33730373578776385,False,-0.0049213018940426
2025-01-06 01:00:00+00:00,0.12448247308860218,0.2547156227501803,0.027174361939373174,0.026248804729903933,0.28078972109056793,False,-0.0053039432979734
2025-01-07 00:00:00+00:00,0.3198824158204114,0.6235179073462894,0.5202562800328158,0.35097212112708154,0.6137917933130652,True,0.0157699463428085
2025-01-07 01:00:00+00:00,0.1454068896655022,0.5371243370654099,0.4475384699633101,0.3410928971262915,0.6122264078966144,True,0.015321966302037502
2025-01-08 00:00:00+00:00,0.15189571576186695,0.7234984354727908,0.6920564055098793,0.08321492474476366,0.4663712302443205,True,0.0176492145119865
2025-01-08 01:00:00+00:00,0.62579730687455,0.6195407805992695,0.6175020269282383,0.10078949655389073,0.2911252102125036,True,0.0172205442219007
2025-01-09 00:00:00+00:00,0.4456887515860372,0.038317299853252836,0.23569930479404533,0.41006839752689417,0.48248008467495,True,0.0199301760332315
2025-01-09 01:00:00+00:00,0.47079580765787626,0.05967505967505957,0.19234518945327359,0.39749376969012873,0.6196208491995242,True,0.0182993393751942
2025-01-09 15:00:00+00:00,0.27213600625695006,0.24458887986167707,0.2765569492910822,0.2809524333725962,0.11191201143354358,True,0.0186540598975015
2025-01-09 16:00:00+00:00,0.20528147498738045,0.030477603187470403,0.05369337638195906,0.1815131697986404,0.08430960652824006,True,0.0174970760400629
2025-01-10 00:00:00+00:00,0.2702854574061621,0.11798253912479445,0.23706049355754683,0.23057691838179672,0.8622852989556635,False,-0.0105172303685223
2025-01-10 01:00:00+00:00,0.9960964408725658,0.12957047654565118,0.20154905491363537,0.20360891904516093,0.12450893930890584,False,-0.0104328943815305
2025-01-11 10:00:00+00:00,0.29362613818960576,0.2640624047778548,0.09957697937918472,0.04653541293786789,0.044913560941705725,True,0.0058612059926317
2025-01-11 14:00:00+00:00,0.3955311642493347,0.017950008387849468,0.03735401877719267,0.09043352703774359,0.0073042462017919516,True,0.0054478170606306
2025-01-12 00:00:00+00:00,0.30605015381747325,0.027004140007524463,0.0015254754398454137,0.13529281767955842,0.08931515060692176,True,0.0057974977268913
2025-01-12 01:00:00+00:00,0.17120882795519415,0.034205040742844875,0.005051793641884692,0.10116452672439522,0.05289902280130151,True,0.005714072894540401
2025-01-13 00:00:00+00:00,0.27023189777567924,0.07774618377730814,0.02210909816838641,0.006994735411157703,0.886763104681911,True,0.0098228633624666
2025-01-13 01:00:00+00:00,0.30446194225721485,0.20953052847614007,0.15786306786435603,0.10149857497471704,0.6981046727280916,True,0.0114547831287963
2025-01-14 00:00:00+00:00,0.9999999999999997,0.7098705014305047,0.07549732211170541,0.004856216613510778,0.32535453373442236,False,-0.0111989955744769
2025-01-14 01:00:00+00:00,0.9591420721439279,0.6721456238585451,0.027913356940057952,0.006657649038303496,0.32283736277956293,False,-0.0109512694218338
2025-01-15 01:00:00+00:00,0.5006337135614654,0.1925685026293962,0.2728142312444376,0.15472658396229147,0.3546425817821376,True,0.0149267069459969
2025-01-15 02:00:00+00:00,0.7501551555988865,0.32053847553210774,0.30988224020980015,0.1771984141754213,0.5804860630676879,False,-0.0076748045335204
2025-01-16 00:00:00+00:00,0.6484285455751975,0.6221869162141869,0.4146363887101233,0.36296117675428136,0.16609692338628848,True,0.0160366151250571
2025-01-16 01:00:00+00:00,0.012929878212353606,0.21109676229130045,0.28451199314999137,0.29856678451937535,0.3302758261774705,True,0.0159612315294077
2025-01-17 00:00:00+00:00,0.2555548678591313,0.10363006736385114,0.01205038631786102,0.17029285469859048,0.530765951399751,False,-0.0083146960413741
2025-01-17 01:00:00+00:00,0.32437789033253817,0.1870563452585365,0.004734338281651687,0.1561243965420458,0.21407881073400703,True,0.0180557938439819
2025-01-18 00:00:00+00:00,0.2717239349569606,0.19012905970784444,0.3302273543237429,0.20133875209180127,0.275066023130863,True,0.0150091213023338
2025-01-18 01:00:00+00:00,0.5019117135905461,0.299118756725098,0.27083162898930363,0.21480144404332216,0.02022581431240185,True,0.0153382254748047
2025-01-19 01:00:00+00:00,0.1627527313826437,0.047418715067010675,0.013826000141185155,0.11520607548356582,0.10798969072164975,True,0.0136477606020508
2025-01-19 02:00:00+00:00,0.2820193206606418,0.10160255765789365,0.01592615432805699,0.16097246392617925,0.06408869659275143,True,0.0140237924605759
2025-01-20 00:00:00+00:00,0.594269249239634,0.5209617045781753,0.23279111453604207,0.14855277710339612,0.634687389614978,False,-0.0126898670620164
2025-01-20 01:00:00+00:00,0.9868090356582525,0.6127804889576862,0.35697352674385785,0.1905559734664573,0.6393374019180476,False,-0.0126953607637348
2025-01-21 03:00:00+00:00,0.008434469848349054,0.19763746669662657,0.026198317439010865,0.059665906538912655,0.14485160770315902,True,0.0408419540934257
2025-01-21 05:00:00+00:00,0.026510444404991763,0.07549480207916799,0.000271673624317134,0.06684893788235749,0.6276045087889848,False,-0.0170580556440657
2025-01-22 00:00:00+00:00,0.27659247299427325,0.2191541985970889,0.34721292295982054,0.15609294087258171,0.36179351526896936,True,0.0225362230683838
2025-01-22 01:00:00+00:00,0.40444579318716256,0.19870832281298648,0.3146134493198588,0.13162341807803532,0.5870810316196112,True,0.0226429252060803
2025-01-23 01:00:00+00:00,0.9999999999999993,0.18787790838291596,0.3541275598774927,0.08349142545878019,0.09566057624736647,True,0.0168312746621651
2025-01-23 02:00:00+00:00,0.9999999999999993,0.3486093854535042,0.3677185807449972,0.01759084073157744,0.36499504687522605,True,0.0173768546856542
2025-01-23 15:00:00+00:00,0.8508721210369085,0.4070949695866455,0.0919038566239145,0.060311246153246505,0.2121895474630486,True,0.0218432131345514
2025-01-23 16:00:00+00:00,0.8530528914632984,0.4988109116344133,0.1447186976520349,0.01428651694001897,0.07257096603120528,True,0.023167653857064402
2025-01-24 10:00:00+00:00,0.31473722016041317,0.27507116140111076,0.26276026851746404,0.0002754385568828402,0.1424715123354377,True,0.0157479553177573
2025-01-24 11:00:00+00:00,0.14157168566286735,0.3387971990183023,0.26250853630776216,0.012729376756489065,0.12308863512778555,True,0.0145589700902093
2025-01-25 01:00:00+00:00,0.6627236288982212,0.15559494792820894,0.13475499608039013,0.06773569000175976,0.013939903527017142,True,0.0140761067460738
2025-01-25 03:00:00+00:00,0.4079305524902381,0.30599769590670434,0.08264734935791825,0.09743228657590342,0.16185777110371768,True,0.013923955052003301
2025-01-26 00:00:00+00:00,0.36257944504726664,0.0012765181447971627,0.07915939464939085,0.09724134800175499,0.19710986562226135,False,-0.0039008889292079995
2025-01-26 01:00:00+00:00,0.6198601398601552,0.055179534243438286,0.03190027728510713,0.10496639795187428,0.22221495388238952,False,-0.0038825433862088995
2025-01-27 00:00:00+00:00,0.9999999999999997,0.7718861449431393,0.44964182255057944,0.20634956811085411,0.15201720169260322,True,0.0082100809027247
2025-01-27 01:00:00+00:00,0.9999999999999998,0.8521517390047068,0.544162322319316,0.3230897632066089,0.11559305952877301,True,0.0092775064846811
2025-01-28 04:00:00+00:00,0.41549354435651686,0.5190394511149209,0.15438342632142762,0.12010796221322537,0.3847694210495379,True,0.0197851821185499
2025-01-28 05:00:00+00:00,0.3754894980420095,0.7156834642358899,0.17409660401113958,0.10207884035828885,0.2326727482436864,True,0.0187606538999948
2025-01-29 05:00:00+00:00,0.7740423098913589,0.12645927375419672,0.15809196658599492,0.07743801692018526,0.05171611610178578,True,0.014018130496901501
2025-01-29 06:00:00+00:00,0.7414627763966952,0.013015381814871448,0.07496481626270465,0.16517195820154593,0.01648106904231409,True,0.0133713498885302
2025-01-30 04:00:00+00:00,0.9999999999999994,0.6840571390722628,0.43946262259952135,0.16612755834699208,0.07870435147614332,True,0.0173683135054437
2025-01-30 09:00:00+00:00,0.20847045356988847,0.5000564695252799,0.40395909727812024,0.15015412981475654,0.09563878912262735,True,0.0128778465488152
2025-01-31 00:00:00+00:00,0.5530149604755948,0.07648696273973977,0.10675427872860477,0.23008008274456285,0.06993798026290246,True,0.012320554638552101
2025-01-31 01:00:00+00:00,0.5218950064020417,0.0024353120243545785,0.09627247568837961,0.23085221963060543,0.025223825681696288,True,0.0125809337232795
2025-02-01 00:00:00+00:00,0.13081671415005236,0.397564793877197,0.2965221889398161,0.10640025558424983,0.10481881995826244,True,0.0144032603436317
2025-02-01 01:00:00+00:00,0.1218728162124347,0.3770265131874602,0.2724887328563281,0.11929595388955802,0.2826730231793537,True,0.0140369879177602
2025-02-02 00:00:00+00:00,0.9999999999999993,0.5707865168539322,0.37256879993543673,0.31792557497976004,0.5486338408993895,True,0.0093399004771192
2025-02-02 01:00:00+00:00,0.2537773666358309,0.20437001177547814,0.23907183447471878,0.25263714992061387,0.39489200794718976,True,0.009176255712402801
2025-02-03 00:00:00+00:00,0.1661884913116437,0.0646208321038644,0.2782195705930837,0.2615150902463945,0.18374917855552955,True,0.0260190153545593
2025-02-03 01:00:00+00:00,0.4760032318879595,0.2971447888495931,0.340931928454537,0.31173309725767884,0.1858821355425863,True,0.0331418181417761
2025-02-04 00:00:00+00:00,0.3790662312735244,0.6647051078182133,0.25011264935750943,0.00255969873158028,0.3096365358001313,True,0.024705816980229202
2025-02-04 01:00:00+00:00,0.36282149452727247,0.6394976508493847,0.46117151366927334,0.005616669750562901,0.4286127167630059,True,0.0249900908790007
2025-02-05 00:00:00+00:00,0.39903627166590855,0.2383171368321731,0.270229530102911,0.03910147921840968,0.07038483796296534,True,0.0242572059852419
2025-02-05 05:00:00+00:00,0.26418358983699486,0.2079636363636374,0.07767515591035573,0.14362466467818538,0.168334445185682,True,0.0214880332091881
2025-02-06 00:00:00+00:00,0.07451810061119024,0.361064563824542,0.24327255672158088,0.2282384635794033,0.4558936940143567,False,-0.0081177522368411
2025-02-06 01:00:00+00:00,0.43022528160199436,0.46391370033660506,0.15534345973775607,0.23391102431222988,0.44103845450667284,False,-0.0081462073891823
2025-02-06 15:00:00+00:00,0.3671200190885173,0.1279115159401431,0.034589397089396644,0.09034580326283562,0.028160737693800907,True,0.0117807788320456
2025-02-06 16:00:00+00:00,0.7725801303971223,0.07035360332803131,0.08059546348887996,0.10221106771063446,0.22662927710518613,True,0.013041544249571801
2025-02-07 01:00:00+00:00,0.3124924122860203,0.4667051407262749,0.08414023372287326,0.09128088457345651,0.4584024499170617,True,0.018913982363946102
2025-02-07 02:00:00+00:00,0.2918151691364947,0.09639647424818801,0.004387102861051156,0.03749098774333154,0.5574381565571008,True,0.0185789962026506
2025-02-08 00:00:00+00:00,0.45798860084574355,0.20627220937447185,0.0006246461964897016,0.017559520569568932,0.2738139021699202,True,0.0192046567479683
2025-02-08 02:00:00+00:00,0.7398737251092624,0.5673601364435825,0.11146328578975169,0.04603452175400083,0.3072688779110776,True,0.018891053603813702
2025-02-09 00:00:00+00:00,0.13296616837139535,0.2418741567521112,0.05286667717694367,0.003448227329664611,0.01238432852999808,False,-0.0041155733217374
2025-02-09 01:00:00+00:00,0.07435961203679102,0.20562909651715552,0.010819819581494885,0.06186887492180666,0.4550573427731589,True,0.0063914217273442
2025-02-10 00:00:00+00:00,0.08932416475654979,0.015522547838884699,0.014498414940128318,0.01792826800631984,0.17633354102890939,True,0.0136686970063564
2025-02-10 01:00:00+00:00,0.22370320631190177,0.2064114504190965,0.039550458009392546,0.01856858214609783,0.7729342302382347,False,-0.0078773722802358
2025-02-11 01:00:00+00:00,0.8091286307053924,0.2232950811384656,0.4068073721759846,0.061406744750837954,0.3783077018865568,True,0.0100445341602224
2025-02-11 02:00:00+00:00,0.9999999999999984,0.5702161729383546,0.40592438225662764,0.09687013607434027,0.2578552669050397,True,0.0100785917417318
2025-02-12 00:00:00+00:00,0.10668145868374579,0.35928100572746,0.25085824542060453,0.06527332298672224,0.02226644251552266,True,0.0137498512468896
2025-02-12 01:00:00+00:00,0.3906178837103369,0.1473588568124571,0.23945970104782266,0.03466768256945246,0.33159241381129584,True,0.0138765189148304
2025-02-13 00:00:00+00:00,0.7418689512930202,0.36294248218388436,0.22347680268306305,0.005068116217358877,0.660220721462698,True,0.0192418292876778
2025-02-13 01:00:00+00:00,0.609078458227328,0.6913448992412851,0.2022901244687675,0.010333035979780114,0.6112283394078946,True,0.0191355031285221
2025-02-14 03:00:00+00:00,0.10561216238072536,0.1812120216784364,0.1621612568251102,0.09096493922506525,0.0847292242641064,True,0.0115342277650893
2025-02-14 04:00:00+00:00,0.6304441943025242,0.5870536452990052,0.03158735175235704,0.11252641800422729,0.32314565309885657,True,0.0111957212900648
2025-02-15 10:00:00+00:00,0.07563025210084019,0.27367636092467734,0.08542204201990375,0.1153975533913675,0.11063569682150459,True,0.005966646933312301
2025-02-15 11:00:00+00:00,0.09340659340659323,0.12423197961935226,0.11827625059809364,0.14340033041933317,0.03217872514858945,True,0.005083000320065201
2025-02-16 00:00:00+00:00,0.11435832274459302,0.20033369085925926,0.052160440695470815,0.08697931960233163,0.31383269546199954,True,0.0036765271183412003
2025-02-16 01:00:00+00:00,0.154548316021416,0.1505934718100919,0.10390456618715889,0.11236123612361304,0.46386891429918475,True,0.0035772649265375005
2025-02-17 00:00:00+00:00,0.4518483356079065,0.41001929880990823,0.37439246658566266,0.21486787647246094,0.06996185798630782,True,0.006708561789376401
2025-02-17 01:00:00+00:00,0.44022602860674337,0.22070280125973468,0.3210861842425398,0.24051949740738804,0.05587952216497587,True,0.0071375552520940005
2025-02-18 00:00:00+00:00,0.2594414192868369,0.17074048371758252,0.0913758053957218,0.18097494378413095,0.16563097514340253,True,0.01041573702018
2025-02-18 01:00:00+00:00,0.06615254849982086,0.19154054324947145,0.14991923016796443,0.19813065526498838,0.016635724946306003,True,0.0109502790642441
2025-02-19 02:00:00+00:00,0.656065471874027,0.01687377370830608,0.08522630714326221,0.056545151725632015,0.025069834871466617,True,0.0144934033330082
2025-02-19 03:00:00+00:00,0.5333801827125787,0.06866973356334861,0.0514400186605575,0.02791676681160387,0.07726376249956406,True,0.0143252008833146
2025-02-20 15:00:00+00:00,0.172066346302901,0.047113470471132186,0.2017440025252541,0.11563770553369365,0.49574707109614136,False,-0.0044486965293134
2025-02-20 16:00:00+00:00,0.4039133473095724,0.151869626074788,0.12842530622553344,0.19978927959963222,0.34415279444764063,False,-0.0047409650259304
2025-02-21 01:00:00+00:00,0.269864626250736,0.2418988061398549,0.3053676516785726,0.25853512088489694,0.5472690202811492,False,-0.0052847106413719
2025-02-21 02:00:00+00:00,0.1987776080011287,0.5838220600373666,0.26071547977265314,0.23838525956692416,0.3056549101281346,False,-0.005250083399494399
2025-02-22 12:00:00+00:00,0.3542498573872975,0.3598959784526656,0.3288547124105673,0.07398530849563555,0.14536910716992688,True,0.004902135939469801
2025-02-22 17:00:00+00:00,0.09293576703357567,0.006558810668998628,0.09799340870218186,0.13902338862943966,0.3641198818066672,True,0.004232542455603201
2025-02-23 00:00:00+00:00,0.19036249186019516,0.22523106859088757,0.142077354959451,0.1665462892422158,0.591643050154877,True,0.0039523009573227
2025-02-23 01:00:00+00:00,0.01996171725458673,0.07206693287697531,0.1539200984350345,0.16531261736741049,0.28959533911722196,True,0.0041793716656786
2025-02-24 00:00:00+00:00,0.9171251719394565,0.3100282485875668,0.11531167418001254,0.013549673614780112,0.18292535873627938,True,0.0056104924023279
2025-02-24 01:00:00+00:00,0.8607880576288636,0.17737859435830783,0.06493165089379827,0.002297195364464459,0.16031228055681346,True,0.0062638956403749
2025-02-25 00:00:00+00:00,0.9429356670162405,0.8413771169595292,0.6234987431337846,0.4720217278071288,0.3863466100636767,True,0.0194080546030059
2025-02-25 01:00:00+00:00,0.7283907605476847,0.7238011866549968,0.5433914354484616,0.42073798837466064,0.4688293577981642,True,0.0206076828696298
2025-02-26 01:00:00+00:00,0.12227216467982414,0.1439541763706185,0.33510096211977247,0.4058849745551024,0.3192881111158309,True,0.0241381628421953
2025-02-26 02:00:00+00:00,0.275863922179821,0.4155241164581844,0.3121413777883415,0.36203220500741157,0.28727438506330544,True,0.0243152387224847
2025-02-27 05:00:00+00:00,0.46233051279437504,0.1697182430509439,0.2951288364584182,0.2991104233485777,0.24159149977067787,True,0.031148386184054404
2025-02-27 06:00:00+00:00,0.519934462042601,0.38915455241010133,0.26948204071890197,0.23471715130648962,0.33198023658691866,True,0.030137316320387998
2025-02-28 00:00:00+00:00,0.0307324494675125,0.30303881368308905,0.0022541907455223757,0.16486861499608738,0.4512299216264462,True,0.0218102426029603
2025-02-28 01:00:00+00:00,0.0686857760951843,0.33108108108108414,0.046973660916262636,0.21329508798362085,0.024838848302535448,True,0.027208521978910702
2025-03-01 00:00:00+00:00,0.1541435535384024,0.621361600895606,0.004699234143803378,0.0165184028967484,0.1714843600444112,False,-0.011545382982708699
2025-03-01 03:00:00+00:00,0.46196313277814,0.2836804760814818,0.41395599711171266,0.0005608291963525345,0.12305742053617545,True,0.0244702723538168
2025-03-02 01:00:00+00:00,0.7528027681661161,0.8365330638823486,0.21133764296370114,0.23567717465781204,0.24459640022007376,True,0.0101464789646337
2025-03-02 03:00:00+00:00,0.2906908088959041,0.407200832466181,0.06815964456719076,0.2906602077944858,0.32779462468325904,True,0.0105995622651736
2025-03-03 00:00:00+00:00,0.8967113276492051,0.6487827047696652,0.5367604469695499,0.46045161490161174,0.043984476067271384,True,0.0331108454092813
2025-03-03 01:00:00+00:00,0.10468275531404789,0.5646289865633575,0.43587466938454045,0.3804218363373472,0.0724531185703369,True,0.033953564699305
2025-03-04 00:00:00+00:00,0.20523600663591166,0.5062493944385227,0.35549584390145933,0.006006370727775365,0.32616088012573197,True,0.0370422008266985
2025-03-04 02:00:00+00:00,0.5135373523546566,0.5153112603658594,0.44408017186091503,0.062330225771891574,0.14049908514034043,True,0.0454575707870002
2025-03-05 00:00:00+00:00,0.14251592356687895,0.3885032609775202,0.07706388887159307,0.1666376256026022,0.6710103871576996,False,-0.0159849154321646
2025-03-05 01:00:00+00:00,0.5010572339891808,0.4634889617791423,0.24582466096751177,0.17224668756370082,0.3422461881740453,False,-0.016159972975499
2025-03-06 00:00:00+00:00,0.773005605864589,0.05435094931812844,0.386880938559777,0.17291823951864124,0.006030497085259736,False,-0.010968673839937399
2025-03-06 01:00:00+00:00,0.1860535016531376,0.14338446788111095,0.25537172774869177,0.27492185502560856,0.2251360408276212,True,0.0249851493473099
2025-03-06 15:00:00+00:00,0.36163377696191285,0.31170456916336414,0.1352093342484544,0.2615596857635563,0.29228461667967576,True,0.0200161455911311
2025-03-06 16:00:00+00:00,0.1528299443077324,0.2387567114920461,0.1692579096020022,0.27394395650355524,0.1381143948021727,True,0.0217011713242766
2025-03-07 00:00:00+00:00,0.6667988194352682,0.027173153111162113,0.009917096357761258,0.13130633094615,0.5350094127649246,False,-0.0162759101809607
2025-03-07 02:00:00+00:00,0.08966568808174584,0.1216837968089582,0.18980402175880104,0.026393863259742356,0.752094431276841,False,-0.0178393970588138
2025-03-08 00:00:00+00:00,0.6473791695030596,0.25741701304203335,0.08328274619617426,0.09860523797881737,0.1768054317262203,True,0.0353119504683148
2025-03-08 12:00:00+00:00,0.589104339796864,0.28334766837441,0.2681278093313354,0.14314767161949055,0.1451492283635874,True,0.0127111880390342
2025-03-09 00:00:00+00:00,0.34663051897754,0.014654023979309776,0.11852682298499828,0.03608958058883016,0.6921777197496238,True,0.0088172577322827
2025-03-09 01:00:00+00:00,0.35904255319149264,0.07584889019550028,0.08289372531346838,0.10737770790682402,0.7724020442930144,True,0.0089243051480032
2025-03-10 00:00:00+00:00,0.5467886304329503,0.607170742371716,0.6317454678670934,0.4473908174692046,0.32847690971062043,False,-0.0121863652509082
2025-03-10 02:00:00+00:00,0.32224865284722315,0.3008042720849194,0.44112229287431365,0.3216440669330585,0.27720069486297716,True,0.0276213260703322
2025-03-11 00:00:00+00:00,0.3302877070619025,0.5245060360808422,0.18029935275080902,0.3202421996384223,0.7132185515120059,False,-0.0171394230817005
2025-03-11 05:00:00+00:00,0.38059356203317796,0.19406553017286352,0.16101742923504003,0.23407004140949147,0.18928443006113008,True,0.0313193624025958
2025-03-12 00:00:00+00:00,0.329872204472845,0.2777914392039229,0.474073740602352,0.06154281206745164,0.22512816959955856,True,0.025463650234305902
2025-03-12 01:00:00+00:00,0.33531392354922696,0.3128516085565105,0.3701144746883763,0.03786008849823903,0.0930764453734421,True,0.02585821112367
2025-03-13 00:00:00+00:00,0.9552727272727418,0.07720394336484374,0.08587925332137462,0.2733756663816172,0.3074264849709857,True,0.0214232208023883
2025-03-13 01:00:00+00:00,0.5140743587280251,0.20136266406105668,0.014246111196673393,0.20849551042429457,0.6441967763197356,True,0.021772905769684
2025-03-14 00:00:00+00:00,0.14778421931806268,0.24314827828531269,0.26565746512318206,0.0830882987745738,0.6806913160504374,False,-0.0101602003486459
2025-03-14 01:00:00+00:00,0.710653416976624,0.051184798527921606,0.2796528002216174,0.09253719109872535,0.6892641737032617,False,-0.0102737323516249
2025-03-15 00:00:00+00:00,0.4904045858602674,0.16883821932681994,0.4042546260099061,0.03453559641678518,0.11090157394646842,True,0.0152016265291103
2025-03-15 01:00:00+00:00,0.17615431144566615,0.19968635650810443,0.4235685353591096,0.024171023893043757,0.06238138965411444,True,0.0153442786904275
2025-03-16 00:00:00+00:00,0.5876591576885043,0.16460065903027402,0.02144499302754849,0.31267104091793424,0.4454987545961284,True,0.004747263603947701
2025-03-16 02:00:00+00:00,0.999999999999998,0.24595639943741004,0.23599344559495056,0.18480204631369399,0.15396505200282776,True,0.0052040835245967
2025-03-17 02:00:00+00:00,0.009306409130815284,0.035012364961603794,0.09429921917843964,0.12294379631460506,0.11128404669260265,True,0.0167605842389857
2025-03-17 03:00:00+00:00,0.23966140076562462,0.027952590727922815,0.1535378681147329,0.11969454971600331,0.04970596471576608,True,0.0164007323817608
2025-03-18 00:00:00+00:00,0.6942551119766156,0.3632416787264764,0.174198575244879,0.01880603051205471,0.394220640569395,True,0.0149013338263954
2025-03-18 01:00:00+00:00,0.7566969227363116,0.27915951972556213,0.10191892938118818,0.005760080140244989,0.4578300973347585,True,0.015748036949913502
2025-03-19 00:00:00+00:00,0.6090035030185704,0.07182772906831421,0.14176485171122494,0.026973644532898185,0.27197225908643363,True,0.0139639935592967
2025-03-19 01:00:00+00:00,0.6029066686851968,0.4944711333466036,0.007699025864965135,0.009619945452389634,0.6846125529173497,False,-0.0074469882050974
2025-03-20 00:00:00+00:00,0.7076976023861398,0.6712938937900004,0.5372879164451843,0.20342546877287257,0.22641638692882363,True,0.0197065717429309
2025-03-20 01:00:00+00:00,0.2509769318038575,0.3776394841386316,0.4692370007277098,0.18726203292807836,0.1263262033909847,True,0.0195609537167647
2025-03-20 15:00:00+00:00,0.14762411887012228,0.08476567330283223,0.17463069222317165,0.3183206053534377,0.07732267732268043,True,0.0139405573754499
2025-03-20 20:00:00+00:00,0.7157109021746894,0.4031996562029968,0.13499065632255483,0.13785560835883143,0.21534047759682368,True,0.015957398170535802
2025-03-21 00:00:00+00:00,0.173427774200475,0.2570652173913028,0.24486735556343237,0.0736277031091961,0.42561374795417467,True,0.014407453369088401
2025-03-21 01:00:00+00:00,0.30593854194827086,0.2200707707861713,0.183339571191787,0.12792125445359195,0.3174771231944388,True,0.0144561454442457
2025-03-22 04:00:00+00:00,0.16792678074017117,0.09883174432658261,0.07950395469192312,0.11107823364973597,0.2499434517077713,True,0.008027383862252201
2025-03-22 05:00:00+00:00,0.5087121212121177,0.2274449837111848,0.02336930645929287,0.11451490701180306,0.08335087350031538,True,0.0071618236274232
2025-03-23 00:00:00+00:00,0.7101346562721403,0.38063129092153236,0.17619143780291147,0.08757073325155494,0.7035243996901516,False,-0.003053335933217
2025-03-23 01:00:00+00:00,0.2696698549830231,0.16034881651539107,0.03210368893319795,0.10355350331258803,0.7679775706599912,False,-0.0030101123091173
2025-03-24 00:00:00+00:00,0.9999999999999992,0.6023422943838187,0.6341344691207769,0.34859018570085265,0.31085439229843237,True,0.0090145711136021
2025-03-24 01:00:00+00:00,0.9123258496761117,0.49050325090872426,0.6023831347387734,0.3688604372566671,0.5251166349880259,False,-0.005265177266463399
2025-03-25 00:00:00+00:00,0.5911755436495536,0.05400952032222656,0.19759963402491748,0.3253533421243238,0.18365884250134187,True,0.0126981278211375
2025-03-25 01:00:00+00:00,0.42051922809940734,0.031886566369326165,0.28793140103465376,0.32720891251400697,0.1810825391116686,True,0.0135482908791909
2025-03-26 00:00:00+00:00,0.4177847113884584,0.13604476365458593,0.03600563130387748,0.10817742671471024,0.05845274306446328,True,0.012178425975449
2025-03-26 02:00:00+00:00,0.012224938875305692,0.08854632503814547,0.201331388301039,0.15846392954280533,0.1834231193613295,True,0.0120177386766647
2025-03-27 00:00:00+00:00,0.4372133382918089,0.26561060421434235,0.1204910230741457,0.059278104350996924,0.3383020090732274,True,0.0132309638710078
2025-03-27 01:00:00+00:00,0.4400937288031066,0.16224360137955854,0.08848005611708096,0.017195732291914036,0.5457333771497376,True,0.0132398338348515
2025-03-28 00:00:00+00:00,0.03556899968706721,0.1553837079756198,0.010403064333595056,0.03770785459677588,0.7923913416349394,True,0.0115141898297607
2025-03-28 01:00:00+00:00,0.2984315387876151,0.3473865347386541,0.005936904142834237,0.04430241450890468,0.7869989089501335,True,0.0113169568722025
2025-03-29 00:00:00+00:00,0.6413030412309209,0.25543635836474177,0.5491424925882842,0.2846699334687855,0.5923001591382077,True,0.0108353502106545
2025-03-29 01:00:00+00:00,0.7654512542022287,0.2524950099800383,0.5419835687463082,0.2990263419134238,0.40360375602741255,True,0.0105363654863654
2025-03-30 01:00:00+00:00,0.050911376492773636,0.022669268878548508,0.26631316957039636,0.4065337417686255,0.10050614605929296,True,0.0092603051282812
2025-03-30 02:00:00+00:00,0.6365543071161308,0.23963418055322247,0.17707282726598148,0.3765742722900291,0.24454064454064164,True,0.0093529246721059
2025-03-31 02:00:00+00:00,0.3700067913811222,0.30350082668392253,0.27828519707068283,0.1805916573833414,0.35823374705855343,True,0.0135984278087776
2025-03-31 03:00:00+00:00,0.22982866631443968,0.29352145539392505,0.24654239326518365,0.21808068662815175,0.4698289851454235,False,-0.0071445989546674
2025-04-01 00:00:00+00:00,0.5640766902119032,0.05479280138550823,0.1227928073870091,0.019725495543914666,0.3409146748095875,False,-0.0083752341103805
2025-04-01 01:00:00+00:00,0.3112198658691276,0.0359507293012921,0.09385023009343224,0.023609366444423983,0.33562128502688854,False,-0.0083126081158632
2025-04-02 00:00:00+00:00,0.07408585055642651,0.622871827818828,0.4724225114711115,0.273854069223574,0.028656188853122242,True,0.0139193707580125
2025-04-02 01:00:00+00:00,0.010167464114837271,0.4914869466515376,0.4109408710279021,0.23543801964933364,0.026135932160487898,True,0.0138749576387697
2025-04-03 00:00:00+00:00,0.7554693934949902,0.3257452574525747,0.2228878141716127,0.006883562684163466,0.3395923607767571,True,0.0276854048433957
2025-04-03 01:00:00+00:00,0.7249057423162749,0.24205970185344283,0.16791322223680222,0.02991137803064899,0.3791755018863733,True,0.0281880037680209
2025-04-03 15:00:00+00:00,0.6970370104976515,0.4679470293828862,0.4439015254698992,0.21269657632520686,0.3030805413116298,True,0.0139475768998799
2025-04-03 17:00:00+00:00,0.40319681602259505,0.32757269719658544,0.407154268725064,0.17986586050814468,0.4576831035761202,False,-0.007517443318184099
2025-04-04 00:00:00+00:00,0.8513222632226157,0.35709864385796436,5.4848617814032335e-05,0.09186976389946667,0.03150886428737069,False,-0.0081109445203048
2025-04-04 01:00:00+00:00,0.7448195913635637,0.2026606198034698,0.10183317000057618,0.11089712387039397,0.12079267831480188,False,-0.008455825463685101
2025-04-05 01:00:00+00:00,0.3745801661657936,0.12186514090155691,0.1212369581108922,0.002943448986349735,0.5860858010630104,True,0.020510774743267
2025-04-05 02:00:00+00:00,0.29427430093206214,0.44762326729540064,0.11940331638882093,0.013397895656606193,0.47771772836005255,True,0.0188002961090756
2025-04-06 00:00:00+00:00,0.4327904818158801,0.1020772665501872,0.058465931333039366,0.03651732512599153,0.6269618621578568,True,0.007824359319424901
2025-04-06 02:00:00+00:00,0.3979353979353872,0.26415659642464323,0.1289671361502316,0.03941836811572312,0.3384213054384382,True,0.0078133168350551
2025-04-07 00:00:00+00:00,0.264959273182956,0.619490837392713,0.6206900748493854,0.42702419008540105,0.1210533354406522,True,0.0241387387265747
2025-04-07 01:00:00+00:00,0.5961529483169081,0.6014335393539929,0.6207316182734172,0.4529750172267326,0.09163016455546345,True,0.025276125213195902
2025-04-08 01:00:00+00:00,0.3228937398520635,0.08659272741557499,0.007007007007006834,0.17591187075439751,0.18536942975336465,True,0.0362353663812975
2025-04-08 02:00:00+00:00,0.4687615003538553,0.18322326823099694,0.1271063155600846,0.10169906477990513,0.3210552730922826,True,0.0360054833310867
2025-04-09 00:00:00+00:00,0.6249491525423683,0.8329766490702383,0.280900287882753,0.07557519311811049,0.037329143754910574,True,0.0227923579440403
2025-04-09 01:00:00+00:00,0.2622132043077834,0.773513712497695,0.49842024051531886,0.1006445369205456,0.23597316222788717,True,0.0245756460115806
2025-04-10 00:00:00+00:00,0.39003759398496224,0.6115450482435985,0.38227508248961833,0.14039704165044767,0.24499692118227145,True,0.0297974110103133
2025-04-10 01:00:00+00:00,0.00998664886515975,0.5215673988206473,0.3978925732556006,0.07160520153700438,0.40996721705916306,True,0.028026249197809
2025-04-11 00:00:00+00:00,0.14035989717222996,0.3864638004498638,0.3408952855566724,0.1262538087787202,0.6569310219212757,False,-0.0103593237328851
2025-04-11 01:00:00+00:00,0.5145132288723382,0.35351472175119336,0.37555933994949814,0.12191140278917141,0.6068850365859695,False,-0.010912720086461299
2025-04-12 02:00:00+00:00,0.9999999999999983,0.40977420352613936,0.35810926528515186,0.05662598249792377,0.77521613832853,False,-0.0085519165025978
2025-04-12 03:00:00+00:00,0.9999999999999988,0.09350752702433882,0.24510852000099506,0.05705623084415029,0.7766152436230335,False,-0.007727517813587399
2025-04-13 00:00:00+00:00,0.10046222054523095,0.46509671993271606,0.36399574273984897,0.41957608505248506,0.41076598075267307,True,0.0125861237861237
2025-04-13 01:00:00+00:00,0.5492021276595697,0.38992805755395454,0.4275412408690931,0.3702071042685567,0.5209287531806551,True,0.013906530790426001
2025-04-14 03:00:00+00:00,0.6711433115391443,0.2823254259939859,0.03695614831537829,0.16087415809465289,0.0961500099740674,True,0.0201111917300882
2025-04-14 04:00:00+00:00,0.48888101704253867,0.07540997626734418,0.006505999696218986,0.09959966919648337,0.10898082744702318,True,0.020005150608886302
2025-04-15 01:00:00+00:00,0.004305190145887679,0.1281080822114694,0.0817648126853474,0.021568527530766986,0.26887501708661404,False,-0.0080853607547688
2025-04-15 03:00:00+00:00,0.5587771824771477,0.5363909210279487,0.09261902762616536,0.012027664891334859,0.19550342130987192,True,0.0147172956732237
2025-04-16 00:00:00+00:00,0.5973968674167237,0.8562652595101207,0.2780153977758764,0.05341868763884938,0.19422849281761176,False,-0.0063757462658343995
2025-04-16 01:00:00+00:00,0.6994400527009239,0.8695030389703251,0.3689925275958109,0.08221943696009464,0.0359566570432286,True,0.0120584053443102
2025-04-17 15:00:00+00:00,0.3323531955374917,0.041812599991350875,0.11238162773862803,0.06237241316506391,0.13899104196134315,False,-0.0053024669952837
2025-04-17 17:00:00+00:00,0.21239501882421083,0.19774093114184255,0.29318318212306455,0.03448935872613912,0.20143080706461178,True,0.009544526263306
2025-04-18 00:00:00+00:00,0.04758072628508528,0.06400193630925875,0.14784628632076566,0.13650831963070872,0.2088301263133236,True,0.0097320538996058
2025-04-18 01:00:00+00:00,0.02059625693594884,0.12376291859913519,0.09504231199106157,0.0918116834336258,0.4525347912524956,True,0.0094300089796457
2025-04-19 00:00:00+00:00,0.4113383380792093,0.19150770557172195,0.19977464788733368,0.03536428250893969,0.6057631188643329,False,-0.0031010445893339
2025-04-19 01:00:00+00:00,0.37493128092360434,0.15106936743238936,0.29475866153391156,0.013693000865903127,0.6254194067910417,False,-0.0030770227850292
2025-04-20 00:00:00+00:00,0.09164519690835851,0.11041180619608054,0.20073642221540167,0.05359224068111145,0.4950445986124918,True,0.005120211048496101
2025-04-20 01:00:00+00:00,0.12359937941733226,0.17688326624496867,0.19336058466492995,0.046870648151833616,0.6530585626712022,True,0.005163160550683101
2025-04-21 00:00:00+00:00,0.49908895146596677,0.37491919844860705,0.0033860642294066233,0.10481435174128709,0.1918864870012395,False,-0.0054038931045859
2025-04-21 01:00:00+00:00,0.7670261941448411,0.6543853746074463,0.26126514765284853,0.2477274337118967,0.17489218974604753,True,0.0100443497036311
2025-04-22 01:00:00+00:00,0.38092848180675704,0.17068268046935758,0.07789295691810035,0.21494258009741166,0.5924523416512906,False,-0.0080738219554121
2025-04-22 02:00:00+00:00,0.7012402133998427,0.056135434241757196,0.17160642636593254,0.2680481453521414,0.7551008561892355,False,-0.008231867912443
2025-04-23 01:00:00+00:00,0.4114971503726453,0.48493190379600026,0.5235098068816542,0.38082080179232053,0.10403601865251544,False,-0.0101867339600071
2025-04-23 02:00:00+00:00,0.430308751665928,0.3567769784172666,0.515292215292217,0.3547111647232267,0.017310252996003625,False,-0.0101004478232098
2025-04-24 00:00:00+00:00,0.08385241974125646,0.022149474124117746,0.12576582432762012,0.38591651448627845,0.23738513622440635,True,0.0148076890797278
2025-04-24 01:00:00+00:00,0.12052877138413812,0.12876381909547926,0.11392690025567231,0.32895801015605314,0.2839041525530078,True,0.0149579230830027
2025-04-25 00:00:00+00:00,0.6111953117106294,0.5348116673305895,0.13064022782406937,0.09572134334480803,0.13717662916688178,True,0.009338476972761701
2025-04-25 01:00:00+00:00,0.3758647194465835,0.4646140503035566,0.08355864006982702,0.11184305776748213,0.20089786756453706,True,0.0101364320150582
2025-04-26 00:00:00+00:00,0.2254553066778264,0.05430173044114191,0.09446286805346243,0.1000148517560249,0.49888384266029956,True,0.0141884989759577
2025-04-26 01:00:00+00:00,0.2770506108202477,0.1164282418089516,0.1550625383430792,0.10847496999496668,0.6692235441452689,True,0.0132706897526961
2025-04-27 00:00:00+00:00,0.3838209982788344,0.20857396712571324,0.0879060614858537,0.0650254923964616,0.5238006866474912,True,0.0051816670794562
2025-04-27 01:00:00+00:00,0.4287234042553214,0.3666734777278275,0.04240850642927669,0.10722004145900436,0.03473959848705942,True,0.0067744305545578
2025-04-28 00:00:00+00:00,0.5614159651080258,0.0004745083566239954,0.27839885491473393,0.1555225292170491,0.6673081633367105,True,0.0061812542915158
2025-04-28 01:00:00+00:00,0.8669626846554372,0.33550420168066597,0.19282263630089713,0.20875597834655812,0.27141256203639363,False,-0.0045644201010198995
2025-04-29 00:00:00+00:00,0.566783594171619,0.07017267385578209,0.21855393298446485,0.012316494509824343,0.09971627122825913,True,0.012545123192942601
2025-04-29 01:00:00+00:00,0.29714348254350975,0.3516025641025673,0.3078423949445244,0.08574919977748705,0.02541731582461898,True,0.012874663646519801
2025-04-30 01:00:00+00:00,0.4897162197344419,0.09451982111725671,0.06274180671838886,0.13376307406757268,0.4055362763295952,True,0.0101594029143065
2025-04-30 02:00:00+00:00,0.27487976322604296,0.21183126716032794,0.01774183167785758,0.08155288291475206,0.21555033385291913,True,0.0100618663293664
2025-05-01 01:00:00+00:00,0.2147764789863456,0.5777889363126669,0.020746344418793323,0.04050087689805398,0.39091591079588095,False,-0.0069214920954063
2025-05-01 02:00:00+00:00,0.0859991690901564,0.4783642661427984,0.00019253602027999498,0.0027615777329621904,0.5242508989212931,False,-0.0066156778043617
2025-05-01 15:00:00+00:00,0.5282362095089875,0.5500121881855815,0.5021905609973303,0.15817089655503436,0.1361644407345563,True,0.009810581688072601
2025-05-01 16:00:00+00:00,0.36976858690300124,0.5423266576678288,0.5174793913059027,0.15214204005349047,0.03104617792851551,True,0.0099834721542594
2025-05-02 00:00:00+00:00,0.5503963759909365,0.036962025316454435,0.38504868131458087,0.16768574166013406,0.08477984758679671,True,0.0107046759709865
2025-05-02 01:00:00+00:00,0.569469026548659,0.4485326325010897,0.41874404992771513,0.20702881247347912,0.08909923121361524,True,0.010743617258233501
2025-05-03 00:00:00+00:00,0.30821702172316406,0.09883512252423135,0.02880326181297011,0.2275199469920766,0.33513451368130476,True,0.008933318120005
2025-05-03 01:00:00+00:00,0.23250669460938594,0.018654727640976705,0.04995458673932811,0.19058200470344333,0.09680729760547561,True,0.0090151364943241
2025-05-04 00:00:00+00:00,0.41877004601869494,0.21546785486951653,0.2849419303163825,0.1440773926742811,0.2357861558976861,True,0.0040442626201484
2025-05-04 01:00:00+00:00,0.940122044241046,0.44290167186171864,0.2270771856223572,0.13509230254930998,0.4786290856159829,True,0.0046402308905664005
2025-05-05 01:00:00+00:00,0.4327308739787045,0.23872113676731788,0.32253143491124164,0.24373940749779777,0.13217612193056685,True,0.0077958305435509995
2025-05-05 02:00:00+00:00,0.6764163372859001,0.5001188919272406,0.4000491259671667,0.3200506708974429,0.15038630194194752,True,0.0088370139913706
2025-05-06 00:00:00+00:00,0.013098802395209478,0.1343764084733734,0.005956728506272766,0.10465409039621824,0.36358130058917776,True,0.009990804785246301
2025-05-06 02:00:00+00:00,0.03590790228968848,0.1334641490011878,0.009957842709696709,0.1475183265630106,0.08238308776425789,True,0.0103153784071277
2025-05-07 00:00:00+00:00,0.6876431538491369,0.5772881963102271,0.32750555490585864,0.1627765389913317,0.22831118411229412,True,0.0121787188047012
2025-05-07 01:00:00+00:00,0.8121586946509638,0.7234002200053118,0.4390322716607907,0.2704315034619195,0.12780518860417395,True,0.012484268381898
2025-05-08 00:00:00+00:00,0.24967349951734658,0.024297181526942817,0.08171791443850489,0.19903019977556918,0.46168518574585865,False,-0.006064373928207
2025-05-08 01:00:00+00:00,0.7718088440950911,0.21839677047289657,0.09648975321788146,0.2745222123781802,0.45545312547854666,False,-0.006440622083145
2025-05-09 01:00:00+00:00,0.6428630878069052,0.701316440661187,0.6047904191616754,0.40765371601913275,0.12418175278743414,True,0.0166709337620757
2025-05-09 03:00:00+00:00,0.1385449393211308,0.4246373474556736,0.44843240175911414,0.44599557006295043,0.10185663924794221,False,-0.0085140647742164
2025-05-10 01:00:00+00:00,0.4526932737929169,0.29291771716708687,0.03666602831342098,0.32855962902984637,0.2905190559362277,False,-0.005400580989881099
2025-05-10 04:00:00+00:00,0.6421800947867464,0.3993895792456967,0.06182329658827039,0.3007197686608642,0.09984787206411935,False,-0.0043291797955393
2025-05-11 01:00:00+00:00,0.5156864385509787,0.22718237064803615,0.2517595537250397,0.103633576203948,0.04549664599062694,True,0.008844960227491
2025-05-11 02:00:00+00:00,0.35388409371146706,0.16605504587155673,0.16821634140526603,0.12186109281365022,0.11904479030533414,False,-0.0054644811377606
2025-05-12 00:00:00+00:00,0.3355279004416004,0.17578546265008152,0.0514302850573939,0.10545828348022349,0.252408614338343,True,0.009337578719592501
2025-05-12 02:00:00+00:00,0.12760699812197898,0.04895383593490799,0.039731568879549733,0.06822914604695308,0.2661157024793404,False,-0.0060895406099889
2025-05-13 00:00:00+00:00,0.6970684039087905,0.19997797599383088,0.21787277255252738,0.11138242815185526,0.4132690555277947,True,0.015595346212047799
2025-05-13 01:00:00+00:00,0.21571258968667228,0.3729851532828129,0.21148595943837706,0.12440098649253759,0.396887747393866,True,0.0150379753527441
2025-05-14 00:00:00+00:00,0.21875862068964963,0.15789846851956746,0.29750751281598076,0.03062700375255779,0.04179090349756378,True,0.0098465579295764
2025-05-14 01:00:00+00:00,0.9999999999999989,0.06273922449658843,0.2378840671523598,0.007113696254727472,0.11878017789072186,True,0.0099112488977072
2025-05-15 00:00:00+00:00,0.025091799265596706,0.22867370182696883,0.09465290806753983,0.11463528532735658,0.3066341633292681,True,0.008757698885464701
2025-05-15 01:00:00+00:00,0.6266595145500926,0.06979647896116753,0.01510228364834557,0.12758262085975405,0.2408627920910697,True,0.0093724540212281
2025-05-15 15:00:00+00:00,0.1130060803796481,0.2185673546601923,0.2522763262074406,0.15259376205383993,0.19103304140127333,True,0.0120777671969154
2025-05-15 16:00:00+00:00,0.554729988510147,0.0756082933516104,0.014946520350049364,0.0380849276111692,0.0220448821348751,True,0.0127109649248966
2025-05-16 01:00:00+00:00,0.6778327338129444,0.33468711147948443,0.08599872908282144,0.002200252295596554,0.020775326622403334,True,0.014733713553862299
2025-05-16 02:00:00+00:00,0.6846737814941096,0.41777822621329763,0.11539600464681828,0.02370791844476046,0.24036158541297112,True,0.0146848563921042
2025-05-17 00:00:00+00:00,0.24744784731468805,0.014311575639583407,0.05891429927989291,0.023311032585164322,0.1623654211526313,True,0.0080843223633997
2025-05-17 02:00:00+00:00,0.9999999999999988,0.2875863892140916,0.26424138260288577,0.014862624766339448,0.07214511474508704,True,0.0090725224140593
2025-05-18 00:00:00+00:00,0.15777913361806034,0.09719731516114691,0.049239632880015684,0.06536029030585715,0.3769356419470649,False,-0.0038389893533480003
2025-05-18 01:00:00+00:00,0.2495378927911241,0.3353892821031363,0.13103841764929833,0.07005321420017237,0.6781079003301169,False,-0.0038069784537819997
2025-05-19 00:00:00+00:00,0.6108659593778382,0.39009592139125093,0.3875598086124387,0.24526246833095114,0.564892586011953,True,0.0174610471598967
2025-05-19 01:00:00+00:00,0.37043052264437265,0.0761325657749452,0.22398205122509277,0.1835537518659934,0.3205091327484539,True,0.0181644034712528
2025-05-20 00:00:00+00:00,0.8890888638920077,0.7091357686244929,0.03282923012615108,0.11932113750650218,0.2260916849894773,True,0.012950271932394201
2025-05-20 01:00:00+00:00,0.68767817548303,0.6566620823557934,0.07036146137831958,0.1334754935919636,0.5267139603675343,True,0.0139476827917232
2025-05-21 02:00:00+00:00,0.4795588726746061,0.3523166023166008,0.04159464367765763,0.09589873948478711,0.4073570767982163,True,0.016176158588913
2025-05-21 03:00:00+00:00,0.24872142782590292,0.29419327190914835,0.11836075590276296,0.1758082921262841,0.40399171530785044,True,0.0157045813116942
2025-05-22 03:00:00+00:00,0.9692910813459703,0.2047087642896026,0.28831661268662595,0.2161736422749336,0.11007995120144425,True,0.0246627444789428
2025-05-22 04:00:00+00:00,0.9789352370586197,0.3123970442886058,0.33352567374627307,0.24566915947981416,0.05143387902008591,True,0.0228326656595908
2025-05-23 00:00:00+00:00,0.01581722319859889,0.026880921971069494,0.19887358769188537,0.23134297048718708,0.6581455715917325,True,0.0112093333510884
2025-05-23 01:00:00+00:00,0.33364062379963444,0.25369886858137,0.19077668247092047,0.2410332547147645,0.2932884383886682,True,0.0108679108822111
2025-05-24 01:00:00+00:00,0.862786938247648,0.6594783917561525,0.4309973221866622,0.14054391381462225,0.2654792196776949,False,-0.0082079281974569
2025-05-24 03:00:00+00:00,0.3372357275669718,0.3624193086780926,0.351120688735505,0.23783552561223378,0.15540612658768216,True,0.0131258383987498
2025-05-25 00:00:00+00:00,0.8038341506910387,0.48601268183513935,0.059102551940042006,0.2450766279886818,0.031032954041672948,True,0.007825370885836
2025-05-25 01:00:00+00:00,0.9999999999999994,0.5152581127429443,0.006903322799374122,0.2460550273113497,0.051026533797575074,True,0.0083644530168699
2025-05-26 05:00:00+00:00,0.5331559759582154,0.6246408458797744,0.23109698035860932,0.10511464413557359,0.16998950682056913,True,0.0102808069231583
2025-05-26 06:00:00+00:00,0.16186095878294182,0.6305847754778776,0.2756943764483161,0.13703382480485676,0.3345056023554435,True,0.0100388619249864
2025-05-27 00:00:00+00:00,0.2834205624057509,0.14785540363363892,0.02556580996006114,0.17979787051812546,0.151684246342295,True,0.0097340482073853
2025-05-27 01:00:00+00:00,0.021749982172145927,0.16343042071197297,0.08386193436154254,0.13458317284868418,0.591537701679299,False,-0.0063293058439976
2025-05-28 00:00:00+00:00,0.8450566105019021,0.21858989191154665,0.03613164998407196,0.057201723169133134,0.17424076906270586,True,0.0113471164719186
2025-05-28 01:00:00+00:00,0.489635036496347,0.20991138825074027,0.14563780447723207,0.03181697697587964,0.28802863332391787,True,0.0118472116099483
2025-05-29 00:00:00+00:00,0.19152487961476722,0.27277642606109453,0.242198755868941,0.11393866426975165,0.05235440960229389,True,0.0094871161984165
2025-05-29 01:00:00+00:00,0.8715167262097977,0.05965266881200012,0.06582816350811624,0.009975607704600167,0.14793587507267553,True,0.0098998226829921
2025-05-29 15:00:00+00:00,0.6255726780508135,0.14430156414344847,0.07707082101155459,0.21015326628975375,0.21849644891048506,True,0.0107371133435495
2025-05-29 16:00:00+00:00,0.9674227262619487,0.17734938187036967,0.06025118060733681,0.2555425904317367,0.14384175339444574,True,0.0107846654768499
2025-05-30 01:00:00+00:00,0.36378124857701916,0.655724815724814,0.4169780126794808,0.27178483821983274,0.06134595389193351,True,0.0144144565798245
2025-05-30 02:00:00+00:00,0.2062993394554591,0.4069650910305681,0.33989856713772215,0.20557724018451626,0.24789609191869058,True,0.0144582591546249
2025-05-31 00:00:00+00:00,0.8630709334346105,0.4000380807311487,0.12616332328770793,0.2792707084397633,0.01997292925291336,True,0.0124290924426835
2025-05-31 06:00:00+00:00,0.2636078998073229,0.5010583169111721,0.28528167911032243,0.2850527081533636,0.33108283562710966,True,0.0103283662269278
2025-06-01 00:00:00+00:00,0.15485971167259824,0.36785456454682375,0.13639957828149654,0.029360767541325123,0.23760270662155367,True,0.0053052050260179
2025-06-01 01:00:00+00:00,0.4286713286713119,0.21970941250789608,0.23432579444603305,0.10525950476322629,0.06397965173156142,True,0.0057603692798921
2025-06-02 00:00:00+00:00,0.6726972173753359,0.7140041138155651,0.2667968927451987,0.18254614250830528,0.44390810438065204,True,0.0072225158770301
2025-06-02 01:00:00+00:00,0.2843641807803961,0.519496181160395,0.3020801718301348,0.2219267139479913,0.5050234210951413,True,0.007235721365665601
2025-06-03 00:00:00+00:00,0.9999999999999994,0.5839701376906026,0.07778373547810512,0.13777960752024263,0.4090737081108299,True,0.0103701054552755
2025-06-03 01:00:00+00:00,0.9999999999999996,0.8611111111111104,0.15170018956232773,0.20850047106129693,0.4704049844236772,True,0.0100930080894035
2025-06-04 00:00:00+00:00,0.3493842227892966,0.017366454165752106,0.1393300784871122,0.003924709651581898,0.24631838288818106,True,0.010127297166922301
2025-06-04 01:00:00+00:00,0.4404832405543091,0.014091410366376667,0.1595383357443872,0.008011874172079273,0.41638812924137164,True,0.0103148287416797
2025-06-05 00:00:00+00:00,0.3004096495220692,0.14590267537392065,0.1890176467759775,0.14819612850312602,0.2198850230950707,True,0.0079643716825965
2025-06-05 01:00:00+00:00,0.060143783973352107,0.0991111856448067,0.1343639616496184,0.13901370166971838,0.06557043221503635,True,0.007671683519287001
2025-06-06 00:00:00+00:00,0.41076986640958213,0.6364921554466236,0.36570347798675984,0.2840642354153547,0.8027877270961995,False,-0.0088764287537838
2025-06-06 01:00:00+00:00,0.010521297967242408,0.45671817819172067,0.29820616238408104,0.25825724744393563,0.8591570940105343,False,-0.0088586185139695
2025-06-07 00:00:00+00:00,0.23921481645779147,0.17157535339353375,0.4399031405928983,0.0455327132025327,0.3925894736842127,False,-0.005419318235427999
2025-06-07 01:00:00+00:00,0.34403562221701134,0.14418512658227625,0.4743546527100157,0.017065556711758238,0.47732305421143717,False,-0.005355490823594399
2025-06-08 00:00:00+00:00,0.10849588908593526,0.06684560327198906,0.2632113305243967,0.3809697032687245,0.13677703144503997,True,0.0048694326180783
2025-06-08 01:00:00+00:00,0.45902203856749796,0.08209204461959682,0.2645272759610808,0.3760071249559906,0.054784887809241754,True,0.005124715707598901
2025-06-09 00:00:00+00:00,0.6247274313126822,0.009825441622244748,0.06922157020885929,0.15836331643774648,0.6280184331797269,True,0.005558479841657101
2025-06-09 01:00:00+00:00,0.6320290784691002,0.05033702978908005,0.002027086577159784,0.1673923112552119,0.39284024601797907,False,-0.0038830646476367995
2025-06-10 00:00:00+00:00,0.9999999999999996,0.6360165766670822,0.6324189870793891,0.4421264955375639,0.10194503362064701,True,0.0113129129293122
2025-06-10 01:00:00+00:00,0.654719350787366,0.8022300307113435,0.5922845704888877,0.3842586699158017,0.19295968853921508,True,0.0108500042371838
2025-06-11 00:00:00+00:00,0.6934749620637202,0.15626322471434234,0.060850134240497546,0.33729195179020705,0.060370652449857384,True,0.011899797977169101
2025-06-11 01:00:00+00:00,0.19280205655526847,0.13371369294605956,0.0062956752823567184,0.31049500666979096,0.0386709322557073,True,0.01144404354875
2025-06-12 00:00:00+00:00,0.16596499002881032,0.4800072208683144,0.28253649678637205,0.1194651571712002,0.7206713193752096,True,0.009705092294385001
2025-06-12 01:00:00+00:00,0.011522001536267005,0.4241041768171179,0.21998316581670715,0.10100084112237809,0.6395932440099537,True,0.010082381785527901
2025-06-12 15:00:00+00:00,0.07743431221019775,0.11979765463324897,0.4313075804105395,0.1406956746493297,0.4153325920397284,False,-0.0051042413748613
2025-06-12 16:00:00+00:00,0.18781311895607183,0.28419163020307253,0.46425580510087616,0.16594299388255176,0.5592623047104431,True,0.0091086465037799
2025-06-13 00:00:00+00:00,0.997078159240318,0.2589433506650307,0.4063084205083336,0.35359612255965356,0.37526471833968966,True,0.0161999109533077
2025-06-13 05:00:00+00:00,0.45340987039243164,0.7188893205320297,0.3586444596677511,0.3619038101900103,0.4447101402442967,False,-0.0087075076725857
2025-06-14 00:00:00+00:00,0.8450066075136765,0.43746000142217145,0.4062488929823958,0.17569819236718248,0.5021248339973369,True,0.0104629323399983
2025-06-14 01:00:00+00:00,0.5658095009212535,0.3603176205376673,0.3461173279077676,0.17996605535486654,0.3797154202514833,True,0.0104340885176168
2025-06-15 00:00:00+00:00,0.4783976316032812,0.16954104231457273,0.1092552780993346,0.1703719224724981,0.12436417250276229,True,0.006198339466370301
2025-06-15 01:00:00+00:00,0.9591564080541864,0.27082341742027277,0.04741611977612802,0.19197842869885248,0.0426487919858585,True,0.0063633195138443005
2025-06-16 00:00:00+00:00,0.061029919086748215,0.11974082800404057,0.010373688553575419,0.0247834106534007,0.5357188120484925,True,0.006772877142832701
2025-06-16 01:00:00+00:00,0.08096363984918928,0.04295010845986929,0.003346480219912119,0.004768641051382982,0.5517030389557346,False,-0.0047458813406268
2025-06-17 00:00:00+00:00,0.5736220472440943,0.02370516556899334,0.20393171544135083,0.09713044567896102,0.6745951809095829,True,0.0123474194994839
2025-06-17 01:00:00+00:00,0.5318284597401584,0.02240400744502389,0.213128729752769,0.15117937285885172,0.6856169766832599,True,0.012526024361373001
2025-06-18 00:00:00+00:00,0.10514382882243987,0.2341414487364523,0.4046273110314713,0.06286506429463559,0.10958126330731058,True,0.0120272026967281
2025-06-18 01:00:00+00:00,0.11037543142917101,0.12230866224156907,0.34122643704910194,0.07047804651027434,0.11513911908876065,True,0.0121355267977098
2025-06-19 03:00:00+00:00,0.4371764705882416,0.021735409892177822,0.07391719745222865,0.21856180830675684,0.5808870545834998,True,0.0131098650386303
2025-06-19 04:00:00+00:00,0.2929626950501238,0.19665128993678185,0.0539459290514161,0.16758874884583275,0.5970491253562816,True,0.0120010337441207
2025-06-20 00:00:00+00:00,0.4568701602737556,0.04688145394464522,0.07599273293537256,0.017759293570386428,0.5495719178082168,True,0.0068647308054642
2025-06-20 01:00:00+00:00,0.9999999999999977,0.2684917083443051,0.02536813356983756,0.007781179026365459,0.33972815533980494,True,0.007170544772191201
2025-06-21 06:00:00+00:00,0.4106848670275124,0.1372217526063634,0.20286640505033157,0.1266452869537844,0.5020955574182812,True,0.0068862768033179
2025-06-21 07:00:00+00:00,0.17928548017041382,0.14296909986565104,0.4072366988458953,0.10415608765282451,0.5728052931869467,True,0.005170685122201001
2025-06-22 00:00:00+00:00,0.183439576834395,0.4080199034099228,0.2103172361856327,0.20723017954407713,0.03845318270692956,True,0.0121976855006431
2025-06-22 01:00:00+00:00,0.18576712621893327,0.15467360659292978,0.11236849390919314,0.14703018500486756,0.3685712247663913,True,0.013040202690585201
2025-06-23 04:00:00+00:00,0.31894079946026,0.3588587868616585,0.12945667106148764,0.12991466902276264,0.11652182356653813,True,0.015050805420222
2025-06-23 05:00:00+00:00,0.36318242343541224,0.4226788697972478,0.16003484782485117,0.13080203140179517,0.1361169023872592,True,0.0145074048672687
2025-06-24 05:00:00+00:00,0.3659925947023577,0.4936015010646522,0.3045473508552332,0.0925733893927105,0.19215709539629902,True,0.0169193116524859
2025-06-24 06:00:00+00:00,0.14568711795336423,0.5064214527894729,0.33066289363491846,0.12143058111592245,0.03742696505346779,True,0.015157411372893299
2025-06-25 01:00:00+00:00,0.809868141216511,0.3849670329670304,0.1497364563515569,0.3207172400428723,0.725912683477614,False,-0.005550613685195899
2025-06-25 02:00:00+00:00,0.5919075144508769,0.2902280672548669,0.2783355006501948,0.31134997490297645,0.48611170371635365,False,-0.0056359545735225995
2025-06-26 01:00:00+00:00,0.7359396433470482,0.27497255762898026,0.21841372912801768,0.17554068019104224,0.3752892701924759,True,0.0094889070799351
2025-06-26 02:00:00+00:00,0.16972848064701793,0.00528177100078081,0.2545454545454576,0.2744261316020166,0.2484500691704622,True,0.00960983015205
2025-06-26 15:00:00+00:00,0.13296455644335103,0.2210302708443939,0.10636092758129288,0.22995075532790044,0.06407811427263667,True,0.007678026690818001
2025-06-26 16:00:00+00:00,0.06621945376138365,0.2664899734960198,0.044395287823448995,0.1255235378031381,0.11998738220101746,True,0.007563497559473201
2025-06-27 00:00:00+00:00,0.34567697140022796,0.06350447398140707,0.0841604093137837,0.06666510724895336,0.003647245861780009,False,-0.0050950795405961
2025-06-27 01:00:00+00:00,0.6287442821307472,0.11566858080393623,0.22493289308026762,0.03362611208704001,0.16006097560975197,True,0.0091993867801488
2025-06-28 06:00:00+00:00,0.5291741472172509,0.5801115787413117,0.0031486600168227686,0.05265083102809727,0.05894378194207716,True,0.004928273138133
2025-06-28 07:00:00+00:00,0.6198586700489278,0.5895129652664778,0.14141022659742095,0.045919700153330474,0.17867758768742698,True,0.0037005958530964
2025-06-29 00:00:00+00:00,0.08373260323978271,0.02723259762309338,0.09484919543947745,0.08478861241257991,0.39397863386209864,True,0.0023793612818301998
2025-06-29 01:00:00+00:00,0.514200595829183,0.24674963498573987,0.15135893256509889,0.050178955924081343,0.4041304347826117,False,-0.0026623794989862996
2025-06-30 00:00:00+00:00,0.5775330052339719,0.07787732598207953,0.2286861614497549,0.19933930810877015,0.683433373349331,True,0.0063159877921563
2025-06-30 01:00:00+00:00,0.9342683099589248,0.29019346230820536,0.34146997676409574,0.23891489547291492,0.6485640034650398,True,0.006287357518522401
2025-07-01 00:00:00+00:00,0.08829043804329832,0.1425235917890853,0.332252563319789,0.03715156503748521,0.4605168528551602,True,0.0080070407533875
2025-07-01 01:00:00+00:00,0.39532342657343056,0.04699460217742418,0.2358676095234089,0.006432709889190909,0.17428276928363096,True,0.0080620313499313
2025-07-02 00:00:00+00:00,0.044661148897812405,0.2165805570402085,0.30987439259191746,0.28990003447087326,0.6440158673847812,False,-0.0052405591131742
2025-07-02 01:00:00+00:00,0.0033341882534057773,0.4371407606701767,0.3278325475067904,0.2960607498813487,0.6506630376301503,False,-0.0054538043985973
2025-07-03 00:00:00+00:00,0.43662329419232404,0.34124270128178513,0.46811903667865123,0.11191522357198276,0.08289241622574953,False,-0.005342670707456
2025-07-03 01:00:00+00:00,0.4828354297694028,0.2907556290229688,0.4497511324869979,0.13093591164443769,0.3307937815299078,True,0.0089125742365342
2025-07-04 00:00:00+00:00,0.1487311275297218,0.1250330736439809,0.10587669365830214,0.30676053874409676,0.4674946141173427,True,0.0089270631856206
2025-07-04 01:00:00+00:00,0.5028160200250122,0.32915257034408846,0.07725471548581299,0.27786494567630776,0.664575853268151,True,0.0090252067059522
2025-07-05 00:00:00+00:00,0.4617579908675816,0.26154490558134946,0.33469874637077796,0.08789794765929462,0.03016809529109557,True,0.0062974991161694
2025-07-05 05:00:00+00:00,0.25401355690333693,0.12769385699899768,0.20391766422005628,0.11799392807099396,0.045405275201729,True,0.0048193436891792
2025-07-06 00:00:00+00:00,0.6252220248667691,0.06392755777806028,0.012330606763518957,0.20211495277985675,0.0326420890937027,True,0.0018168520263204
2025-07-06 01:00:00+00:00,0.3460743801652771,0.11380753138075647,0.15118924508789808,0.20726772547702196,0.35802310654686664,True,0.0018087659581887
2025-07-07 00:00:00+00:00,0.9024756189047254,0.45638323353292937,0.31533028666389684,0.2121516865702911,0.21887155081682536,False,-0.0044255293911537995
2025-07-07 01:00:00+00:00,0.2595698140721869,0.033805437816607053,0.17843440416881853,0.16956416269103206,0.22396838525870688,True,0.0072280548847477
2025-07-08 00:00:00+00:00,0.254014272970552,0.05042896003348458,0.14027679464961712,0.005900015803612262,0.27145430723878533,True,0.006701606136827401
2025-07-08 01:00:00+00:00,0.2642692180798437,0.13471971066908328,0.18394241978813106,0.011120144771696545,0.689089587875024,False,-0.0045746931192356
2025-07-09 00:00:00+00:00,0.2877142167511371,0.011766545482972134,0.12656734326567554,0.010346299966059807,0.20807762916338518,True,0.0058006428505831
2025-07-09 01:00:00+00:00,0.3636363636363455,0.03503159241782196,0.28008673653776756,0.008479114601927925,0.21451170639104786,True,0.0060444126721644
2025-07-10 01:00:00+00:00,0.3946342369105109,0.2978858823731813,0.27737784868412474,0.2617428924598276,0.4195723164436967,True,0.012184563043892
2025-07-10 02:00:00+00:00,0.33965926245417843,0.3982505477821304,0.3280251119702936,0.27314507153894846,0.01216830376778014,True,0.0120748036360608
2025-07-10 15:00:00+00:00,0.2558380902957915,0.13739703459637626,0.3102533378979804,0.2639228614981033,0.670211337248344,False,-0.0036157546988261
2025-07-10 16:00:00+00:00,0.3531799729363957,0.1884057971014511,0.2925944348538493,0.2626420454545449,0.6120916205930942,False,-0.0040650522771554995
2025-07-11 00:00:00+00:00,0.6785331835871198,0.7260701044826445,0.6164181984850685,0.43867726046385025,0.544429409111412,False,-0.0075123513023941
2025-07-11 01:00:00+00:00,0.556906826881146,0.6396526193620694,0.5205910910081228,0.4146567040669794,0.5143493445361147,False,-0.007663589293923899
2025-07-12 03:00:00+00:00,0.04073638856247951,0.30311588499467296,0.11583350629859625,0.41312014156607446,0.3484929172435764,True,0.007999621409763201
2025-07-12 04:00:00+00:00,0.20674727571278545,0.17842912504775557,0.1359608063408838,0.41630367143746094,0.2437449118046065,True,0.0074250174457184005
2025-07-13 00:00:00+00:00,0.05706916008383311,0.0511891944797848,0.0024995581589134907,0.1643000944253419,0.5947873652598265,False,-0.0038117813015051995
2025-07-13 01:00:00+00:00,0.19569426159683756,0.09482235398478281,0.09005159205795095,0.12219351186508759,0.5790060173835496,False,-0.0037997853571147995
2025-07-14 00:00:00+00:00,0.07764073371283745,0.2831866045226988,0.4221286974820055,0.20086210027969836,0.47541255769166924,False,-0.005444574804414
2025-07-14 01:00:00+00:00,0.08570973394934382,0.22280945757997478,0.3845842400931225,0.17589755088820735,0.42256466349247274,False,-0.005443564707629999
2025-07-15 00:00:00+00:00,0.24322454157535753,0.52582694303141,0.07878933702266712,0.17957117541989417,0.617769778286829,True,0.011815170373715201
2025-07-15 01:00:00+00:00,0.5068072024593725,0.5423993747557673,0.039394056947784764,0.1363426347255083,0.11850940017905186,True,0.0126043890142145
2025-07-16 00:00:00+00:00,0.570273003033366,0.07937478169751942,0.1632077888803478,0.06190916539296379,0.13362465501379991,True,0.0167819460898413
2025-07-16 03:00:00+00:00,0.13913685482246396,0.20258036770239882,0.013330792117998017,0.16719888602961058,0.5203745219570051,False,-0.0076583740705826
2025-07-17 00:00:00+00:00,0.38621506602904465,0.0031735426757959297,0.0673493055751981,0.048246565135920856,0.31209165505495734,True,0.0126540944035083
2025-07-17 02:00:00+00:00,0.7660237003719396,0.21706170233183014,0.106720124796452,0.007693215471848339,0.1410870177414784,True,0.0140864219177552
2025-07-18 00:00:00+00:00,0.13449749826037802,0.2452144908737156,0.036563876651983324,0.06651802769444692,0.07203975900790045,True,0.0134607304224324
2025-07-18 01:00:00+00:00,0.26737786233607436,0.2657461152972568,0.19206067069558003,0.12449112371038212,0.3658242801880881,True,0.0142034310803828
2025-07-19 03:00:00+00:00,0.5902591599642582,0.18733452207272785,0.3040725198249733,0.005445613678772434,0.14557235421165712,True,0.009981591234712501
2025-07-19 04:00:00+00:00,0.6328328328328385,0.4467225292684364,0.31516958852943006,0.01101340060518841,0.08457711442785797,True,0.0078886977503298
2025-07-20 02:00:00+00:00,0.8505444986857268,0.18466284706919858,0.09039376455106557,0.22111988895012846,0.3570247933884234,False,-0.0037689090263031003
2025-07-20 03:00:00+00:00,0.9752591106653448,0.0650546919977001,0.116577983553311,0.23226351351351304,0.47628919409172515,False,-0.0038641512990245
2025-07-21 00:00:00+00:00,0.9999999999999992,0.3087618627234544,0.1869949257658314,0.06952604778691683,0.22140591536313364,True,0.0083405235726535
2025-07-21 01:00:00+00:00,0.7895971842002231,0.4215510008390167,0.15284960559995545,0.09863486133064928,0.3593720886901429,False,-0.0052150075477531
2025-07-22 00:00:00+00:00,0.21452211413097252,0.2295225952684532,0.0009143553794562694,0.052694448215012804,0.441367589723083,True,0.0121420913941802
2025-07-22 01:00:00+00:00,0.40389520055647093,0.5552066645305953,0.025598144201978285,0.07393023646705933,0.07882103585080076,True,0.013699866488651501
2025-07-23 00:00:00+00:00,0.1263364119787287,0.13391800784991154,0.2828284784629684,0.14999129296640162,0.4785449919037712,True,0.0119673948039524
2025-07-23 01:00:00+00:00,0.17596867512127273,0.3167593501253972,0.18678752374920934,0.12810311289407203,0.5478387323237395,True,0.0118110264495903
2025-07-24 00:00:00+00:00,0.2802901339649169,0.16740626406842715,0.10760670187490061,0.08699802711130891,0.14743711245295255,True,0.0108135434870278
2025-07-24 01:00:00+00:00,0.4113801452784537,0.3852898865115433,0.05947870980078124,0.07141624234055413,0.22423141913192715,True,0.0106378190355163
2025-07-24 15:00:00+00:00,0.360895004179259,0.13550135501354993,0.06103251334502958,0.007236251419601331,0.7352384368585709,True,0.0105695019919768
2025-07-24 16:00:00+00:00,0.48347466114709203,0.3146796649880145,0.19405214745141514,0.02466530806086091,0.4811605567535765,True,0.0113316159645852
2025-07-25 00:00:00+00:00,0.8370090812595694,0.05578985419929989,0.10405407332411115,0.08372878941882522,0.2777797814404724,True,0.0091099570043966
2025-07-25 01:00:00+00:00,0.9026897620053433,0.14955502496201267,0.18825728364724767,0.11845129463646122,0.2119047619047619,True,0.0093099831020636
2025-07-26 06:00:00+00:00,0.08200423429780153,0.4927811745363054,0.3089665827420475,0.00019182582215331013,0.4930442165763117,False,-0.0038542355171872003
2025-07-26 07:00:00+00:00,0.3404781533388247,0.35474499677210997,0.2860257680872152,0.06686365874910022,0.556334199238799,False,-0.0036513995878524
2025-07-27 00:00:00+00:00,0.26757543268493567,0.0035787321063369235,0.1387314079903952,0.020766477412984225,0.10532724505327785,False,-0.0029124850876521
2025-07-27 01:00:00+00:00,0.5163063393184333,0.17268351383874087,0.2893764775413677,0.046595207574768614,0.09170980452754132,True,0.0030653765791125
2025-07-28 00:00:00+00:00,0.38521472961689507,0.57213888420697,0.40578216532870093,0.29004432017608905,0.1710402598512657,True,0.0060510045511535
2025-07-28 01:00:00+00:00,0.22620904836192998,0.4269511647831574,0.31110161798472635,0.3164364850508409,0.2421069084088761,True,0.0064395079721927
2025-07-29 00:00:00+00:00,0.3415998054947698,0.3173425784084534,0.24632810555140636,0.01312311829192576,0.29067595377552813,True,0.0083597827074362
2025-07-29 01:00:00+00:00,0.16682554814108802,0.21616367339381645,0.23023137554029952,0.013691671861652379,0.2639444392769614,False,-0.0050806062145901
2025-07-30 01:00:00+00:00,0.3461043142305145,0.3586106857925673,0.006781027141632597,0.1252409927490575,0.08392193308550566,True,0.0086785439437074
2025-07-30 02:00:00+00:00,0.45280399777901253,0.013154935911855351,0.04749056569376292,0.1574395635223886,0.2304697809448435,True,0.008306340850069701
2025-07-31 02:00:00+00:00,0.5634814673532949,0.1439462377437481,0.00598438511433781,0.0030537120742572545,0.27890792291220545,True,0.0103552296029334
2025-07-31 03:00:00+00:00,0.6184495693248089,0.10601527156090501,0.03666717877810142,0.02730404490032985,0.07646555220114307,True,0.0101192593995437
2025-08-01 00:00:00+00:00,0.9704187280053037,0.6894926929608435,0.44138933870914365,0.14770397250372405,0.08313539192399008,True,0.011554958311266
2025-08-01 01:00:00+00:00,0.9588652482269497,0.7074478873239418,0.44019606219675744,0.17689394489023116,0.19394170700841581,True,0.0124861044745302
2025-08-02 02:00:00+00:00,0.17141282381039563,0.4287726092505379,0.22552545746578206,0.28830309034237706,0.26638496808414697,True,0.014532774008384802
2025-08-02 03:00:00+00:00,0.1171340736558124,0.38486177842768843,0.19757054642426228,0.289003855963447,0.4679659596983953,True,0.0124852394916911
2025-08-03 00:00:00+00:00,0.2122650465160498,0.3482624472849749,0.2541500293897087,0.18233841796015215,0.6668141872668638,False,-0.0057809012368595
2025-08-03 07:00:00+00:00,0.5406789755806952,0.5715576203381074,0.07928213148208173,0.09861306007897483,0.45602265951103643,False,-0.0048911223002917
2025-08-04 00:00:00+00:00,0.42569511025884965,0.15651752544015768,0.4427461966736417,0.047636582342184125,0.26589428785521246,True,0.0057043858665003005
2025-08-04 01:00:00+00:00,0.5671981776765395,0.5094219438399141,0.5347721822541979,0.14195837112384252,0.11668089808629524,True,0.0057307730210154
2025-08-05 00:00:00+00:00,0.09245172615564855,0.23370821136958891,0.033592685798721024,0.2672521318569437,0.3096296296296266,True,0.0068998927055311
2025-08-05 01:00:00+00:00,0.11274461110559111,0.014259469862656653,0.04669051460101411,0.22698638488112158,0.10495157715777438,True,0.0069903318403729
2025-08-06 00:00:00+00:00,0.6376362902140459,0.051624095232399976,0.12034352520804138,0.0723558399529272,0.016390629022567896,True,0.0100293348175264
2025-08-06 02:00:00+00:00,0.13068731848983364,0.43030433149052677,0.13958577328484237,0.09024111065982246,0.4632168832717275,False,-0.005206585665148499
2025-08-07 00:00:00+00:00,0.7936910804931273,0.38332914708098575,0.2162188568637017,0.008820897430434183,0.51908879983126,True,0.0075880741914971
2025-08-07 01:00:00+00:00,0.7637533734689852,0.24798800694334477,0.20758231310994874,0.015345553735170669,0.6358367869537334,True,0.0078537698903957
2025-08-07 15:00:00+00:00,0.6045641601197143,0.5956747518569612,0.19825799292309476,0.3340386706010236,0.01707779886147732,True,0.0070915851238459
2025-08-07 16:00:00+00:00,0.28869448183042257,0.7333921871551523,0.32078760088802244,0.3387370368942513,0.17003938611978756,False,-0.0048543649673516
2025-08-08 00:00:00+00:00,0.4998634700453118,0.31884690345288225,0.409515623258993,0.31194751861905445,0.34266672630496553,True,0.008820651651309401
2025-08-08 01:00:00+00:00,0.1688908528501995,0.18546618457708272,0.3962252250831694,0.2954689943126145,0.008704827222370077,True,0.008840212690778
2025-08-09 00:00:00+00:00,0.20216998191681004,0.06653693585809486,0.1198679679700079,0.15631582642887146,0.2656645487886773,False,-0.0042667335458365
2025-08-09 01:00:00+00:00,0.18884120171674773,0.1364489169367211,0.06498116801593075,0.1622527656721409,0.1938800370316185,False,-0.0041495634603902
2025-08-10 00:00:00+00:00,0.2353818615751633,0.5254882489241868,0.03838692236745725,0.09762092017302285,0.42826123670052246,False,-0.0033000481857854997
2025-08-10 01:00:00+00:00,0.22257126236184516,0.16752789635287685,0.05142283622623568,0.018896579196335507,0.46367996835286,False,-0.0032056740722016
2025-08-11 00:00:00+00:00,0.514193819046294,0.3672500465462678,0.4074333020831675,0.2794461557480903,0.08356688292584762,False,-0.0042538413104656995
2025-08-11 01:00:00+00:00,0.31496168839898453,0.30273194961859545,0.40607041940502114,0.2617163292052297,0.013719277211613702,False,-0.0044895789817274
2025-08-12 00:00:00+00:00,0.7604839818506851,0.3123010495130656,0.04684774482930618,0.12126166336165906,0.1367253021375467,True,0.0121539126860849
2025-08-12 01:00:00+00:00,0.12641397102600538,0.34242512170745126,0.12776000536900933,0.14649988269142855,0.043184984236376865,True,0.0113629631693988
2025-08-13 00:00:00+00:00,0.5868474271590114,0.23908303047246304,0.19875976347401947,0.06252808668738478,0.2281544000929191,True,0.0102962315725611
2025-08-13 01:00:00+00:00,0.04488950276243091,0.24029662795578574,0.11757891228794244,0.0252195569537295,0.6095679411840822,True,0.010209541768954401
2025-08-14 00:00:00+00:00,0.7280731175582819,0.5213602622683494,0.4319480519480516,0.29862454185206805,0.8822892092616854,True,0.0138739645601642
2025-08-14 01:00:00+00:00,0.6396266251805859,0.42629692971740496,0.506980454726765,0.3229232627215472,0.8813395106311757,True,0.0142776437380163
2025-08-15 01:00:00+00:00,0.3713013044861464,0.10447632215693003,0.6563426812328685,0.07526246605168874,0.34750840839680264,True,0.0163703947850148
2025-08-15 02:00:00+00:00,0.7723716847929747,0.05414656274485579,0.6231528603838327,0.049708015580039906,0.44052983749829633,True,0.0122531847688626
2025-08-16 00:00:00+00:00,0.11913465124953021,0.3777944659465066,0.14849951597289357,0.46500751275051155,0.0014012961989827905,True,0.0098382344262651
2025-08-16 01:00:00+00:00,0.5176539436894423,0.008560621142739465,0.16511025801267645,0.40254799673515507,0.08584966616411298,True,0.0098960195466352
2025-08-17 00:00:00+00:00,0.920621225194116,0.43801848779331326,0.11715802263861598,0.0859762838994986,0.5129498441484955,False,-0.0026555304819646
2025-08-17 01:00:00+00:00,0.9380749382992909,0.4415263219879864,0.18110136882608757,0.1600063252535751,0.5396153640113674,False,-0.0027218467299974
2025-08-18 00:00:00+00:00,0.15598471986417736,0.3078270790041981,0.03546032047027762,0.045812867218973506,0.4793585437208768,True,0.0051703208018596
2025-08-18 01:00:00+00:00,0.2754047201092213,0.5024103777719342,0.03353019163552916,0.07118662150267915,0.42544541432499866,True,0.0066091156954288
2025-08-19 00:00:00+00:00,0.26704421694619646,0.19592987889177962,0.14517938753728662,0.08770904590845756,0.29302014646449304,True,0.0093451567741506
2025-08-19 01:00:00+00:00,0.22385070550752098,0.5289005844374444,0.04616454720033913,0.07330144839048851,0.20753431656391597,True,0.010332914850624
2025-08-20 00:00:00+00:00,0.15769262876701495,0.6858549326903728,0.5080921278789949,0.29634496259150983,0.21127406049496147,True,0.009710267140255
2025-08-20 02:00:00+00:00,0.4595176928814073,0.3123012431338496,0.39372742388624205,0.1790661197799682,0.00798702858515236,True,0.0106649487544279
2025-08-21 00:00:00+00:00,0.5352832890161581,0.12407331975559983,0.15090242526790737,0.1564810150708616,0.4565468401200905,True,0.012369678528568401
2025-08-21 01:00:00+00:00,0.03647158608991031,0.40713382241335755,0.1846558096558098,0.10882574264521422,0.48384567126725314,True,0.0123028176803838
2025-08-21 15:00:00+00:00,0.11308653088781205,0.34064613072877814,0.010373112891385507,0.038886199303484116,0.05782954638667978,True,0.0082970834685368
2025-08-21 16:00:00+00:00,0.4100299401197579,0.43375774260151717,0.1677521563105086,0.0457413982912874,0.21385542168674826,False,-0.0048781224521765
2025-08-22 00:00:00+00:00,0.09420289855072737,0.2230529360934756,0.33839046369703324,0.0556107811047811,0.11610636428970847,True,0.009349843687927
2025-08-22 02:00:00+00:00,0.6042020701375131,0.18536892999789759,0.27041994574112715,0.04926601331513866,0.4850036845983798,True,0.0096889641900757
2025-08-23 00:00:00+00:00,0.13834855101229976,0.7271922054915869,0.48791208791208895,0.18679741688591286,0.6501083316919487,True,0.013758496921003501
2025-08-23 01:00:00+00:00,0.2119611158072769,0.7016422774618212,0.463899747068293,0.154721233089442,0.6405503844597377,True,0.0139795532646048
2025-08-24 00:00:00+00:00,0.3009290731928337,0.09995531059138936,0.31829364730691334,0.2071549647604609,0.5355863572652144,True,0.0041392292018901005
2025-08-24 01:00:00+00:00,0.25062629343208453,0.30505478967832633,0.2554937146147188,0.1913785969531686,0.6899523003538853,True,0.004143172010560601
2025-08-25 00:00:00+00:00,0.3947082029655786,0.32573846529416284,0.379951316662975,0.35333598176761855,0.23345624765395737,True,0.014371340775517001
2025-08-25 01:00:00+00:00,0.024404282260854435,0.4378434609556949,0.4951150881730908,0.3806224215965047,0.37682854074692673,True,0.0146499286465673
2025-08-26 05:00:00+00:00,0.009712017566084013,0.3988305683981528,0.22877102618958398,0.2966227640026234,0.05904503225408264,True,0.0142711655456607
2025-08-26 07:00:00+00:00,0.11754966887416435,0.15793979812545184,0.16299465011310957,0.2927338696202235,0.2098426115591058,True,0.0137713091482363
2025-08-27 00:00:00+00:00,0.7931602185137915,0.40307272822609963,0.395272127542603,0.052055821362271375,0.009217250107456335,True,0.0117090029582088
2025-08-27 01:00:00+00:00,0.1904119850187222,0.30683011403872873,0.23020798787132107,0.10096198967620827,0.08470847084708522,True,0.011366348612802701
2025-08-28 00:00:00+00:00,0.4237659963436942,0.030810294263024226,0.02199430643840472,0.1749679881902914,0.5366804088778385,False,-0.0066044048271586
2025-08-28 01:00:00+00:00,0.4688796680497881,0.04941460632694905,0.007263922518159764,0.12438543037185738,0.32710537918870825,False,-0.0065848390048805
2025-08-29 00:00:00+00:00,0.1680142159040477,0.24622679069094086,0.19356629602017525,0.10408676789587823,0.3533044651096764,True,0.008575760719049301
2025-08-29 01:00:00+00:00,0.2907216494845415,0.23120085643619206,0.08847058081007181,0.0771418655244509,0.4642857142857148,True,0.00937033879291
2025-08-30 00:00:00+00:00,0.2019870337627326,0.4916524558411782,0.42651515151515307,0.18907261883431006,0.11531906835826417,True,0.0130005484710136
2025-08-30 11:00:00+00:00,0.19639815040154582,0.020327593448134573,0.21507457294730897,0.3042260192860763,0.09514315336150317,True,0.0059905513194337
2025-08-31 00:00:00+00:00,0.11007518796992267,0.16451831750339443,0.13050763148938355,0.26443230473940715,0.5653286422517119,True,0.0042869526782341
2025-08-31 01:00:00+00:00,0.4908371332702446,0.5016571969696941,0.5455006765899846,0.1639887061636353,0.5195611674601467,True,0.0043633048611655
2025-09-01 00:00:00+00:00,0.6853985056039797,0.033899923605805564,0.2849910586101772,0.006091734352603874,0.18996851590489383,True,0.0055550052445611005
2025-09-01 01:00:00+00:00,0.6329792063924352,0.09668821874536969,0.30311986863710627,0.10273264597524541,0.18736458965248265,True,0.0058826010544815
2025-09-02 00:00:00+00:00,0.00017317216776919678,0.03385038587911539,0.11812555675371413,0.012130692247529926,0.06552500625503864,False,-0.0060912494227596
2025-09-02 01:00:00+00:00,0.06278813064086593,0.0025935531678399587,0.1010260731062665,0.031096614589488147,0.3256742729463937,False,-0.006202274343483499
2025-09-03 00:00:00+00:00,0.4869768567050971,0.5144737952569818,0.2642172562284843,0.17620043465780952,0.1013973799126631,True,0.0133057192563015
2025-09-03 02:00:00+00:00,0.3249827942188651,0.07728260423926837,0.1234549475598007,0.21085330593323717,0.2861972563552465,True,0.0117508031166105
2025-09-04 00:00:00+00:00,0.40638002773925047,0.20176310731093025,0.07095753099446173,0.19466057222711547,0.43490667900662616,True,0.0097180140791865
2025-09-04 01:00:00+00:00,0.13996627318718366,0.2010216944204865,0.16280592021527981,0.19924156347925523,0.5022756606208781,True,0.0098769819992339
2025-09-04 15:00:00+00:00,0.602098164106405,0.4714708216114819,0.40442896412778123,0.08917954815695589,0.41245833238848595,False,-0.0049834535904851995
2025-09-04 16:00:00+00:00,0.6375838926174451,0.49262516446229127,0.4037468804485308,0.11374453277704212,0.449403565205735,False,-0.0048543043352941
2025-09-05 00:00:00+00:00,0.2880508859609211,0.04451000513083848,0.1837486934037508,0.04668388254032081,0.6519133350774128,False,-0.0057670607535519995
2025-09-05 01:00:00+00:00,0.24255816501698638,0.00071546751330257,0.19981663250997608,0.053867403314916996,0.5304205798284971,False,-0.0058232872528178
2025-09-06 03:00:00+00:00,0.7060681254229587,0.15345585050429988,0.01040323274008983,0.0037412703691386546,0.43656601685012686,True,0.0107591425020392
2025-09-06 04:00:00+00:00,0.35150925024342183,0.08143262801135702,0.038953507104423225,0.009749686361192191,0.4069135163127902,True,0.0078297838378766
2025-09-07 00:00:00+00:00,0.09656146961845626,0.4698117290629643,0.2023708144565112,0.022241803891331836,0.4781850998941955,False,-0.0029296300421425
2025-09-07 01:00:00+00:00,0.7870347547448397,0.3941840574751926,0.16950500298190935,0.06333527019174802,0.4426643621618075,False,-0.0029570173780638
2025-09-08 00:00:00+00:00,0.07458178438661338,0.0010293672418995481,0.2363268062120201,0.05445746786915185,0.6312808140144865,False,-0.0033697847404047998
2025-09-08 01:00:00+00:00,0.45550735371917983,0.2065829363360812,0.08482768909443654,0.004736593612453085,0.5158983721284106,True,0.0044235815390325
2025-09-09 00:00:00+00:00,0.3693064876957417,0.008521113425487593,0.2696443887312819,0.2108267035627828,0.3571527777777797,True,0.006566915224851201
2025-09-09 01:00:00+00:00,0.39131185767337107,0.09094012425752981,0.15320425193315973,0.13180084924157678,0.522001789976128,False,-0.0043715430233663
2025-09-10 00:00:00+00:00,0.44021024967147876,0.3576280871055843,0.016251533945806154,0.06490174672489046,0.8020110841934149,False,-0.0049993349889307995
2025-09-10 01:00:00+00:00,0.20887929705565056,0.4848012470771631,0.054478801402614546,0.010846327693475911,0.8393683791996872,False,-0.0049524337232869
2025-09-11 01:00:00+00:00,0.6729971621916789,0.09215825633736446,0.6592215884360786,0.23655066261215635,0.3054467332238083,True,0.0077786676182747
2025-09-11 02:00:00+00:00,0.7279759346798278,0.024265954865324433,0.6264564081960651,0.2417532845892155,0.252779237579333,False,-0.0042803205731221
2025-09-12 00:00:00+00:00,0.9553491403894812,0.49548237630316244,0.3342983615499184,0.4870948346542775,0.38890026622977725,True,0.0089788170903358
2025-09-12 01:00:00+00:00,0.9629579559280861,0.44405543398979047,0.379737680564515,0.5093946379511801,0.13716729431288213,True,0.0095919359004293
2025-09-13 00:00:00+00:00,0.4219948849104809,0.3439358015684785,0.03904402837241714,0.2182104888346285,0.14858288004580872,True,0.006736063812215601
2025-09-13 04:00:00+00:00,0.07021906453521165,0.16597308919406292,0.12761198798645212,0.1858863144062654,0.2980729807298071,True,0.0064100236835074
2025-09-14 00:00:00+00:00,0.862046839910166,0.06202457577530942,0.10577340471712043,0.00885303439063238,0.1314821010371346,True,0.0035781606990611
2025-09-14 01:00:00+00:00,0.7556818181818139,0.15507928210489777,0.07762830948504723,0.07715624522031592,0.38752082947602196,True,0.0037438480323824007
2025-09-15 00:00:00+00:00,0.08187562354506535,0.19003527336860618,0.17216379046257455,0.14099025852938216,0.08325297332047493,False,-0.0038443315012422997
2025-09-15 01:00:00+00:00,0.40258100715387335,0.10408453566348536,0.2166241913350329,0.10559179869524765,0.14313814495385246,False,-0.0038899908353272
2025-09-16 00:00:00+00:00,0.09125547723377375,0.3880776281686611,0.04926948917564449,0.05999999999999879,0.18063090214989075,False,-0.0043264432907432
2025-09-16 01:00:00+00:00,0.2712468193384133,0.23846587704455682,0.02523351456852131,0.08761692784311301,0.08804740301824393,False,-0.0043604814807267
2025-09-17 00:00:00+00:00,0.6953052514381343,0.6511203000288555,0.42101901439591366,0.17301458264334316,0.14905327145027997,True,0.006764415466932301
2025-09-17 01:00:00+00:00,0.6318638824439516,0.654381654381654,0.3655657593427611,0.1328832865364309,0.23040518100299007,True,0.0068015601088401
2025-09-18 00:00:00+00:00,0.8224652355879561,0.0846661972303259,0.020380284290196556,0.1408146471919362,0.33680675163623996,False,-0.005906829839126299
2025-09-18 15:00:00+00:00,0.4064030131826883,0.027712896913079318,0.3460823478226492,0.17490415928109365,0.3162244007596413,True,0.0063541614132088
2025-09-18 16:00:00+00:00,0.5276148915859903,0.023229532898041343,0.3974295803564123,0.15713200004164485,0.2990019549336428,True,0.0060817747019052005
2025-09-19 00:00:00+00:00,0.8340630964409831,0.0333587383478887,0.18006007795238557,0.05276376650830006,0.6854132002218457,True,0.0058531513988776
2025-09-19 01:00:00+00:00,0.04917284654878012,0.012406662837453078,0.18959636854373688,0.07538612405001265,0.5427455933857748,True,0.005917134469844701
2025-09-20 00:00:00+00:00,0.2645379023883701,0.256284658040668,0.45132341820014965,0.08662852756689389,0.12136929460580938,True,0.004957524727184501
2025-09-20 03:00:00+00:00,0.37237321378536276,0.15382521099918314,0.36820601042954776,0.27226135335873164,0.4468512168604088,False,-0.0033845118732137
2025-09-21 13:00:00+00:00,0.26986425339365594,0.1472723015687199,0.11232091690544503,0.10943812625696264,0.5534372280673926,True,0.0021785712432207003
2025-09-21 16:00:00+00:00,0.01662971175166212,0.028508368585617196,0.22596263645914347,0.10733768728390093,0.3046065456037753,True,0.002295991302964
2025-09-22 00:00:00+00:00,0.39362686764512017,0.28038753266619787,0.13435917932321056,0.09354027676043757,0.4255351996706439,True,0.004086678487309201
2025-09-22 01:00:00+00:00,0.7067212380891456,0.5303855912815552,0.297225677356554,0.21129962966152877,0.2698869771794678,True,0.0045013123237453
2025-09-23 00:00:00+00:00,0.14394586426646896,0.02866879028076473,0.26285263125929936,0.2857827261751915,0.24386489178665408,True,0.0075407607844254
2025-09-23 01:00:00+00:00,0.18699297838980608,0.28989538847314483,0.27748675516399846,0.29291683662337964,0.3924127160058466,True,0.007652374292564301
2025-09-24 00:00:00+00:00,0.2822299651567871,0.39090606262491445,0.08680751377380477,0.2085665144623219,0.3413946648147366,True,0.0074604399219231
2025-09-24 01:00:00+00:00,0.6354201917653616,0.27428091859311565,0.013003929401039512,0.17621713287015722,0.15681171207807598,True,0.0074127676189832
2025-09-25 00:00:00+00:00,0.6919642857142597,0.09830234438156536,0.2192039659481059,0.09290793221450327,0.6286508585445583,True,0.0064259012632761
2025-09-25 01:00:00+00:00,0.7088607594936409,0.08892718310423829,0.12262075368871368,0.09068414433390266,0.5934254816300166,True,0.007263295970277601
2025-09-26 00:00:00+00:00,0.614517153748415,0.3817955334104457,0.46877953209634565,0.23396482513645334,0.0401443391971132,True,0.0142014635992645
2025-09-26 01:00:00+00:00,0.0727138643067889,0.25731287400126907,0.3642765976843811,0.21079066867858107,0.008175578192627578,True,0.0141950591546359
2025-09-27 00:00:00+00:00,0.07929086304304855,0.07666745786849997,0.030318215985967255,0.23144619974235486,0.18824265165728837,True,0.0088165282361713
2025-09-27 03:00:00+00:00,0.14822546972858539,0.15985066300476208,0.034262832708232244,0.22385141739980388,0.15041962556488742,True,0.007142698087711501
2025-09-28 01:00:00+00:00,0.6212624584717586,0.5903565640194759,0.10415405110815097,0.011565406032802759,0.3061269876570474,True,0.0020063446755831
2025-09-28 04:00:00+00:00,0.3899771050623402,0.08220893031020478,0.11733084024775342,0.013434587504315181,0.6347210720469729,True,0.0019391373226231
2025-09-29 00:00:00+00:00,0.9999999999999996,0.9868543951292073,0.6878203236106969,0.4514651687001319,0.1626670302699723,True,0.005921010584123
2025-09-29 01:00:00+00:00,0.9999999999999996,0.9857587227822955,0.8144410808386517,0.5168290765489858,0.6072649762422935,False,-0.004264585974353
2025-09-30 00:00:00+00:00,0.6391397849462201,0.6953279561710483,0.43050733329124996,0.5484796863696814,0.7441335297005465,True,0.008486611322209
2025-09-30 01:00:00+00:00,0.6086753731343021,0.5645175324110265,0.5856719041863543,0.6050465492577896,0.46225516584538157,True,0.0089101493412882
2025-10-01 00:00:00+00:00,0.1941770368631127,0.26681049982020866,0.08043302306758404,0.16321134105808313,0.48670366259711384,False,-0.0051403569042011
2025-10-01 01:00:00+00:00,0.10282776349614244,0.22786042737354753,0.044814214892258446,0.22302589663830988,0.49547269434686786,False,-0.0051662547919922
2025-10-02 15:00:00+00:00,0.022493669000448233,0.022350941257948703,0.22210249421608155,0.38545518339586027,0.09303510928551835,True,0.008048554775524101
2025-10-02 16:00:00+00:00,0.45084980922649875,0.29934578327584116,0.32790251916757934,0.45157523275922545,0.09169311852428547,False,-0.0051010906382704
2025-10-03 00:00:00+00:00,0.01422279979784651,0.252978339350179,0.30127343422517117,0.4131495422710698,0.10883956386292513,True,0.0103311455718509
2025-10-03 01:00:00+00:00,0.47872487872487035,0.116425152164966,0.2133780766908651,0.36582500701564336,0.27443986177683577,True,0.0105078801118036
2025-10-04 04:00:00+00:00,0.23015476784822742,0.12622919456667564,0.36183668763793164,0.2595282622247343,0.46845170198715486,True,0.0113415683943002
2025-10-04 05:00:00+00:00,0.26396190854082335,0.17413103012428913,0.41081107161812114,0.2993466712208309,0.47048214500421315,True,0.0097129819043062
2025-10-05 00:00:00+00:00,0.8244756668702957,0.17456605809874828,0.07126449062449988,0.22533331995706105,0.1398028557152162,False,-0.0033985347235423995
2025-10-05 01:00:00+00:00,0.23389338813006466,0.1075216972034715,0.07898843153080595,0.22950242095408668,0.12250351400194699,False,-0.0034043043213366
2025-10-06 00:00:00+00:00,0.35923685435085595,0.15992308636419067,0.14523793736047497,0.10368499051685087,0.3503110306357898,False,-0.004995239925911
2025-10-06 01:00:00+00:00,0.7400714853058084,0.07057406663990438,0.10807464501232628,0.11451944325979971,0.30732345248474496,True,0.0086570562077814
2025-10-07 00:00:00+00:00,0.9999999999999993,0.03173544267606886,0.17486518048101982,0.1497547735822102,0.006499221447429796,True,0.010545380553465
2025-10-07 01:00:00+00:00,0.5333473595623778,0.0297732167743568,0.12147078135259345,0.1501291036517893,0.2187598528639006,True,0.0103818593958785
2025-10-08 00:00:00+00:00,0.25068470180537605,0.6155722777720503,0.4061403108902768,0.12091178789137026,0.17359687652513692,True,0.0142128153872141
2025-10-08 01:00:00+00:00,0.17036945355528757,0.36509358263822833,0.30432410610044924,0.12787536405636038,0.15360761811744436,True,0.0143258079322542
2025-10-09 00:00:00+00:00,0.12004413967053412,0.15836144578313346,0.1659311348205644,0.0916092972530848,0.14635140644109165,True,0.0109797750717298
2025-10-09 01:00:00+00:00,0.34949306607622294,0.05291746977396367,0.10052995577928943,0.10498981442098938,0.024220973002985105,True,0.0110735768059801
2025-10-10 00:00:00+00:00,0.9241294706048927,0.3055179983139004,0.10745396553110456,0.014555543269568648,0.045725276088842866,True,0.013329651830752501
2025-10-10 01:00:00+00:00,0.9070520231213913,0.12861662791141004,0.0739677753355985,0.011479853883658438,0.010592290817926276,True,0.0130360918941359
2025-10-11 00:00:00+00:00,0.8635325981814674,0.9117212292870507,0.6952742779608445,0.41611451198895516,0.014932817906911157,True,0.0424618625174358
2025-10-11 02:00:00+00:00,0.8164645886454712,0.9300323354956459,0.7167913297879999,0.42668593136140726,0.19121658063024707,True,0.0462257530472926
2025-10-12 00:00:00+00:00,0.4554370563423733,0.4667846702604109,0.1411195494240471,0.41897067646759073,0.6176763242610492,False,-0.0068512152099132
2025-10-12 01:00:00+00:00,0.4900449582530506,0.567415852570657,0.11288862759052816,0.4374698601511005,0.36759958453808045,False,-0.0068395047070812
2025-10-13 00:00:00+00:00,0.6358705265019726,0.6034198403821721,0.6090242864210031,0.10559761622426898,0.2324073073181281,True,0.0169190021573635
2025-10-13 01:00:00+00:00,0.6012654141648893,0.7765772793759129,0.6089208037008907,0.18956827647803987,0.08222786492323035,True,0.0168690726973091
2025-10-14 00:00:00+00:00,0.003404669260697971,0.16285114032617728,0.012996693718065019,0.31791960865752905,0.7350188919100227,True,0.012865766893559701
2025-10-14 01:00:00+00:00,0.9999999999999988,0.09950172086094279,0.09052335549443034,0.2890195235578072,0.6263808167507032,True,0.0125878864819526
2025-10-15 02:00:00+00:00,0.3823873610298297,0.3377562083742081,0.10065928090803947,0.14502512562814038,0.48896039054698875,True,0.0167393631965037
2025-10-15 03:00:00+00:00,0.4581083166178248,0.023866538952747086,0.07712614642361382,0.11491808713745179,0.3986160073116595,True,0.0162909539556565
2025-10-16 00:00:00+00:00,0.7768299711815486,0.3815328234544293,0.385836806392726,0.2676617548773117,0.23887407146163459,True,0.014430176583620401
2025-10-16 01:00:00+00:00,0.8081458725597012,0.3800511100463182,0.3910801488918505,0.24970002086811358,0.10639375589989339,True,0.0142634528919965
2025-10-16 15:00:00+00:00,0.42431961388925604,0.18950641820009842,0.03893563427836507,0.17051811859046323,0.11882314098096086,True,0.0181328750273271
2025-10-16 16:00:00+00:00,0.9323277361414158,0.4135480814779723,0.2362974319662701,0.24796755969370735,0.08825705939629908,True,0.0195044457380361
2025-10-17 00:00:00+00:00,0.19538321016358237,0.4481445220819984,0.1882598182272997,0.2655785858630481,0.5340847596518088,True,0.019018698479584
2025-10-17 01:00:00+00:00,0.22845129642606793,0.2783401905586821,0.21468449808644646,0.21342702199010757,0.4342917443659025,True,0.0190718764454911
2025-10-18 01:00:00+00:00,0.17670876313506442,0.19318116812539265,0.16372307186317955,0.1869520522185355,0.08565006115500487,True,0.015018589871338101
2025-10-18 03:00:00+00:00,0.3254643780860595,0.05495254575009269,0.2035324265720476,0.19410263029572847,0.059578699936715954,True,0.0139714886375012
2025-10-19 00:00:00+00:00,0.5752964077154519,0.07758965471270045,0.07157070415302631,0.09605377019642251,0.2495070627404109,True,0.005611272772105201
2025-10-19 01:00:00+00:00,0.3064985451018489,0.0020371627878281937,0.05649085037675088,0.1133658103482515,0.3263115134633262,True,0.005321464041618601
2025-10-20 00:00:00+00:00,0.478289387380297,0.3032429591615912,0.2769736426268896,0.1597703389980682,0.661355811468595,False,-0.005686523012118899
2025-10-20 01:00:00+00:00,0.5133084501009605,0.007160186993312406,0.16120242594708825,0.07925704636965873,0.6839586057127643,False,-0.005577140804457
2025-10-21 00:00:00+00:00,0.27904748870945684,0.09713503703924108,0.32468835833509296,0.25120369155101857,0.3414114077172251,True,0.0108892658189191
2025-10-21 01:00:00+00:00,0.24179620034542199,0.2233971184870487,0.3123380871385583,0.24107284777365526,0.30651986183074226,True,0.0118110818035323
2025-10-22 00:00:00+00:00,0.9789361702127627,0.04571989067603774,0.13950176547472726,0.01053774650334424,0.014830777031305697,True,0.0255020705332168
2025-10-22 01:00:00+00:00,0.979533826037518,0.04336951437217669,0.12405425263617693,0.003499693723254204,0.11762034514077904,True,0.0253942068744302
2025-10-23 00:00:00+00:00,0.3691884011015761,0.12413158115007766,0.05906791103461654,0.12775381434478805,0.3325938437492131,False,-0.0088556038287029
2025-10-23 01:00:00+00:00,0.009783008458994515,0.2927134469150074,0.07498606906730644,0.08985336978378244,0.33644133644133734,False,-0.0082547109172479
2025-10-24 00:00:00+00:00,0.30681959855380114,0.20711379751249426,0.26731332091628135,0.13705563838970333,0.3323966942148735,False,-0.0069111244225694
2025-10-24 02:00:00+00:00,0.9999999999999991,0.2250925862813251,0.2632769460895785,0.15564640826060688,0.09982238010657062,False,-0.006873598246545399
2025-10-25 07:00:00+00:00,0.6093344857389941,0.47970335675253845,0.07000474608448029,0.18693663332524427,0.0679754343604008,True,0.0056264049352546
2025-10-25 08:00:00+00:00,0.8539694100510088,0.4255135756356854,0.09252998656971982,0.18000960727977944,0.18133976537660523,True,0.0054071876134893
2025-10-26 00:00:00+00:00,0.16174055829228903,0.2039916118302168,0.2710875331564989,0.13828670695957315,0.6536947357419153,True,0.003896082196492
2025-10-26 01:00:00+00:00,0.17324035737633653,0.022853818665337193,0.21181035937236375,0.1354916792738275,0.7064058148223626,True,0.0040892793900916
2025-10-27 00:00:00+00:00,0.5370370370370368,0.37160422670509335,0.5195512351995363,0.432048774350002,0.07958495195256407,False,-0.0057479646546731
2025-10-27 01:00:00+00:00,0.5841105005797239,0.38771995507300844,0.554815500783588,0.4255567767686725,0.0020589872008927933,True,0.0096474062663432
2025-10-28 00:00:00+00:00,0.9999999999999992,0.30394816635281197,0.09096070054925483,0.18935399460941998,0.17680818188506603,True,0.008852903550712601
2025-10-28 01:00:00+00:00,0.999999999999999,0.4182242990654198,0.19416981245131504,0.1821362741728892,0.32802786870476003,True,0.0089938041814381
2025-10-29 03:00:00+00:00,0.2549365869320987,0.41465070876835625,0.14786509386941338,0.14817238238199706,0.27087852494577214,True,0.0139895817316999
2025-10-29 04:00:00+00:00,0.5994555045091058,0.684070903171354,0.17043563845991522,0.1782704038398091,0.44708115804461734,True,0.0119933896979712
2025-10-30 00:00:00+00:00,0.2844374342797045,0.47652463728233063,0.26689456278463886,0.21695991533271625,0.24476396747819937,True,0.016650888607647
2025-10-30 01:00:00+00:00,0.03600013174796719,0.3437361599102421,0.20544578057954122,0.2133016052714018,0.2977065429430061,True,0.0166246813532193
2025-10-30 15:00:00+00:00,0.6034873473498636,0.26516268239013746,0.20805179999871876,0.263099542457162,0.24197720088130983,True,0.0188479186386202
2025-10-30 16:00:00+00:00,0.6543189551092046,0.10801944894651405,0.21513443521974193,0.31786293398471904,0.29140486246884517,True,0.018717272366856
2025-10-31 00:00:00+00:00,0.7110788582486757,0.012967520114491673,0.1534739215308901,0.1713408597409299,0.06464334042141813,True,0.0162454243836168
2025-10-31 01:00:00+00:00,0.9999999999999997,0.28296781305851226,0.07299100217188931,0.12636551638619645,0.09966134494436277,True,0.0167530075136511
2025-11-01 04:00:00+00:00,0.9999999999999984,0.6653985071032948,0.017734346724575436,0.07398413469321713,0.09776975484772331,True,0.010740461353500201
2025-11-01 07:00:00+00:00,0.3148805299266549,0.10746812386156059,0.07221046344028642,0.06658033248470768,0.12476992581850808,True,0.0072226082546468
2025-11-02 00:00:00+00:00,0.26620096722192443,0.03867119201892344,0.09951841438632741,0.05746852239773946,0.27043890612186566,False,-0.0032755111490044998
2025-11-02 01:00:00+00:00,0.31685842921460866,0.016456142116651248,0.06536459035852224,0.02624771183491938,0.19562445473458076,False,-0.0032430143857779
2025-11-03 00:00:00+00:00,0.2004165483290697,0.10320847162952929,0.11963085821212699,0.09574316290130809,0.5134253385463862,True,0.0081109695042601
2025-11-03 01:00:00+00:00,0.2510779044356466,0.32320782473857956,0.041835750550469425,0.001097289369330858,0.44946346448645635,True,0.0078276364089428
2025-11-04 02:00:00+00:00,0.2639876134844163,0.1575777132408305,0.20085534439659017,0.18521919321015942,0.2812571038872493,True,0.0190753849994497
2025-11-04 03:00:00+00:00,0.23631140476874815,0.15099093046691245,0.15390829276588486,0.2145849234634084,0.5129624083646945,True,0.0196716941245896
2025-11-05 00:00:00+00:00,0.05065508836075551,0.3572571029749617,0.34560196594309134,0.3365561919681471,0.43901317164959147,True,0.0259216096744409
2025-11-05 07:00:00+00:00,0.6733836691834545,0.3160386903557393,0.1973991635417264,0.21103500490944135,0.4450243176619504,False,-0.0108303550881999
2025-11-06 00:00:00+00:00,0.519252677147415,0.47126169131059253,0.4503036808565567,0.11421445065308232,0.29974408189379376,True,0.0134991986027414
2025-11-06 01:00:00+00:00,0.4301147873058738,0.28457318057124303,0.3949769209883239,0.15040943422413458,0.010814673654119696,True,0.0138544559945288
2025-11-07 00:00:00+00:00,0.27088908712459014,0.21565882289591454,0.24949316170555197,0.046347341556281424,0.43912060422379257,True,0.0193776704601068
2025-11-07 02:00:00+00:00,0.8426211897408539,0.15241538300325047,0.19388100252048646,0.00828919524685991,0.22783615169922622,True,0.0195185617321504
2025-11-08 00:00:00+00:00,0.41122565864833827,0.7739807776870415,0.20941218613918935,0.0177486469580355,0.2972245886203684,True,0.0178685636258348
2025-11-08 01:00:00+00:00,0.4055969252942595,0.5041206754094217,0.12354557803072598,0.03426921225733945,0.5435760025432597,True,0.0172492485402195
2025-11-09 00:00:00+00:00,0.3095596852503206,0.18505747126437574,0.11189023548574269,0.06330957075686362,0.11753199119732997,True,0.0082544143462127
2025-11-09 01:00:00+00:00,0.1907717773639667,0.005426263113469264,0.3123688641367732,0.01822767732758431,0.2895436201975135,True,0.007512157607107701
2025-11-10 02:00:00+00:00,0.441881064540809,0.5547622977880506,0.5382309239852214,0.24052515899347426,0.23837308347529831,True,0.0166240628083454
2025-11-10 03:00:00+00:00,0.5562727511539751,0.5104698382449695,0.5529103223506653,0.2852531756424264,0.19813750334796562,True,0.0159707949303321
2025-11-11 00:00:00+00:00,0.3924106812634085,0.012841901066924784,0.03571809108882737,0.26159573148033377,0.3888213851761846,True,0.0125646425205331
2025-11-11 01:00:00+00:00,0.2883382429388351,0.08748984912595517,0.0521549891187435,0.2564381302245391,0.402939011941218,True,0.0140927572279673
2025-11-12 00:00:00+00:00,0.2936893203883466,0.5442162004661952,0.45101011573331595,0.21126870021371671,0.6856715641659089,False,-0.0065298601078418
2025-11-12 01:00:00+00:00,0.2240000000000047,0.5471028916796323,0.46004530206152894,0.18934462238907349,0.649726518636577,False,-0.0066894188225454
2025-11-13 01:00:00+00:00,0.4725713810039149,0.5717084569066214,0.1666226183897549,0.270367083192326,0.07980871676701311,True,0.015155837794812402
2025-11-13 02:00:00+00:00,0.4233709501274152,0.4262196690388384,0.1360986332791737,0.30378311784480794,0.17876254920171306,True,0.014951126234937401
2025-11-13 15:00:00+00:00,0.017635089305899347,0.16526938032410654,0.09415396228449675,0.0398395147871826,0.3154440099939297,True,0.0184974481438355
2025-11-13 16:00:00+00:00,0.5211267605633807,0.12330898268398174,0.006742287972786792,0.12415236603099182,0.36524391042002036,True,0.0195848349589965
2025-11-14 00:00:00+00:00,0.45121852481580443,0.4247186579398234,0.18808154730789287,0.15791092001051288,0.6663716487812079,True,0.0218518331992948
2025-11-14 01:00:00+00:00,0.09671763903769148,0.41721192747614916,0.25066629027838844,0.20760400672662102,0.7584572208737881,True,0.0223671777964397
2025-11-15 07:00:00+00:00,0.2891909935060972,0.06436341295941515,0.08170688143409141,0.28456520558783055,0.14976025324705472,True,0.0181281918882037
2025-11-15 08:00:00+00:00,0.16178950500942835,0.451055573520575,0.08500138438736787,0.28497883714885375,0.25626094392637677,True,0.0171948008169838
2025-11-16 00:00:00+00:00,0.40357495733405313,0.09342654802978144,0.07918922321541043,0.17871699310126052,0.1266581507320422,True,0.0086419125746116
2025-11-16 01:00:00+00:00,0.4910707442323891,0.5322142286171003,0.05475417264557063,0.20558203580129222,0.038681039949272716,False,-0.0053204975087216
2025-11-17 01:00:00+00:00,0.5214170425857653,0.027244036015967695,0.001404033644319841,0.02789102041444284,0.24089652332490222,True,0.0202610312496465
2025-11-17 02:00:00+00:00,0.23646585230427283,0.15999066986153143,0.16126781353157502,0.13557184519586976,0.05288377548728687,True,0.0205540103765498
2025-11-18 00:00:00+00:00,0.23096043637367655,0.47439628247124094,0.3384090485228128,0.18771663842563693,0.1364638216587229,True,0.0224234832316907
2025-11-18 01:00:00+00:00,0.7140658664204167,0.34203047815223736,0.3022480880260098,0.1860810094306462,0.0557315337648629,True,0.022633987463390102
2025-11-19 00:00:00+00:00,0.220484984364863,0.3374854210403472,0.08802439536399596,0.12832336940112052,0.13360306999249258,True,0.0178290410538609
2025-11-19 01:00:00+00:00,0.36684717496525393,0.1958870395862021,0.07609930938019105,0.12915521770845254,0.20404111188974375,True,0.018362157176836
2025-11-20 01:00:00+00:00,0.925980938234935,0.0768286348396854,0.04874546356491907,0.008169642209334776,0.3535459711592195,True,0.021403767294549
2025-11-20 02:00:00+00:00,0.9280038526366527,0.1311625977719831,0.0022190573974102314,0.08367581465105799,0.43111522229288574,True,0.0211031239962629
2025-11-21 00:00:00+00:00,0.039738481969559085,0.5606871546961317,0.4132978472101933,0.23846639722244026,0.477118583565358,True,0.026523814010102
2025-11-21 01:00:00+00:00,0.0895001937233611,0.4406867954408122,0.4197033814514548,0.20775241860483856,0.3281388938289165,True,0.0267661637459043
2025-11-22 06:00:00+00:00,0.3118038528896711,0.05777127291946136,0.08123887235689008,0.2556929861612298,0.00896934651904029,True,0.021460919564492302
2025-11-22 07:00:00+00:00,0.4110466430562861,0.08781811873711802,0.04016861571933665,0.25493337410547784,0.009632771147714414,True,0.0202153735506414
2025-11-23 00:00:00+00:00,0.05224001293869494,0.3094801671676761,0.0009413241292771001,0.10787820569536254,0.41613179289687496,False,-0.0064538613300472
2025-11-23 01:00:00+00:00,0.2555351854463417,0.351533721210449,0.036582237348427915,0.08795693761766918,0.3248391885205319,True,0.0126500904949135
2025-11-24 00:00:00+00:00,0.06591736146299053,0.07719919594141643,0.23725688305127401,0.1486385703229427,0.1560806646975066,True,0.0162229370093815
2025-11-24 01:00:00+00:00,0.29468450458762396,0.047940441536358694,0.12146721945049554,0.1123783433061782,0.20322901691916523,True,0.0163060469257193
2025-11-25 00:00:00+00:00,0.21728577458842968,0.4970349699136687,0.1662918204612226,0.19160805238903705,0.19154626398355978,True,0.0159538109746947
2025-11-25 01:00:00+00:00,0.1286930983847317,0.41982456898414217,0.1119441317581215,0.13377998963693055,0.21019595348096223,True,0.0158527644842684
2025-11-26 01:00:00+00:00,0.3616078330327246,0.13030341825630368,0.02140829074389597,0.030372181472425472,0.20573273079406065,True,0.017323585026048
2025-11-26 02:00:00+00:00,0.3066547265909214,0.3023731064960272,0.001983604055985203,0.024008750341809718,0.2093465631587059,True,0.0173906152360856
2025-11-27 00:00:00+00:00,0.3640021750951727,0.7879497289305113,0.3372466059140807,0.14859904105484087,0.18051282051282225,False,-0.0078568907821371
2025-11-27 01:00:00+00:00,0.6702623518444485,0.7601018135539336,0.3079889274360267,0.17492512149795408,0.11723735246278007,True,0.0162810040905581
2025-11-27 17:00:00+00:00,0.05988214683867836,0.22542316940921633,0.3207996192289419,0.2535459349216661,0.06824146981627548,True,0.0086508320872726
2025-11-27 18:00:00+00:00,0.5314591700133833,0.1239334470989741,0.2793535897651745,0.28740389900319757,0.22650130548302969,True,0.0089305272586191
2025-11-28 00:00:00+00:00,0.9689186272393804,0.20217990178463918,0.18838687211630453,0.28430296377607145,0.08280254777069797,True,0.0080281089184788
2025-11-28 01:00:00+00:00,0.9563768554983474,0.218230367763083,0.01940427635644557,0.25369617445943615,0.39316474024514797,False,-0.0049762240624253
2025-11-29 04:00:00+00:00,0.9922533606744242,0.13577477426953335,0.1092207334273617,0.05318388215524341,0.06696282746455814,True,0.0102691866823727
2025-11-29 05:00:00+00:00,0.02713891444342871,0.13701220560426616,0.10493501931858112,0.006517707639401008,0.16864342071774005,True,0.0093061910667532
2025-11-30 00:00:00+00:00,0.15619339556918468,0.07993190217165574,0.02056445894199387,0.03653658580236437,0.3240398611577563,True,0.0062458878270724005
2025-11-30 01:00:00+00:00,0.3314822160518386,0.04938006778497774,0.003986269516113547,0.009156546515809811,0.416235555770433,True,0.0061796265143963
2025-12-01 00:00:00+00:00,0.9279385705847872,0.4354194407456786,0.12282237994285333,0.06498862164778597,0.39483913032575046,True,0.0143843946787332
2025-12-01 01:00:00+00:00,0.9824363981377335,0.847988874625596,0.5073921142097956,0.3422875799644309,0.2724070091961386,True,0.0149990235073072
2025-12-02 02:00:00+00:00,0.5800892635755008,0.08979050407098917,0.03294103590417726,0.26214965986394645,0.6547679142328343,False,-0.009694547722211599
2025-12-02 03:00:00+00:00,0.1516593613024337,0.5978555742152205,0.022484680766950003,0.2649415186958375,0.7294986250800488,False,-0.009709248182571
2025-12-03 00:00:00+00:00,0.2553034136468023,0.5408584371765418,0.48980324204612036,0.2291320787052418,0.31807641899384964,False,-0.0095329006469402
2025-12-03 02:00:00+00:00,0.47544505831798894,0.46679571638203016,0.5408057997898924,0.29062843267618693,0.12821055976274806,True,0.0207755703480303
2025-12-04 01:00:00+00:00,0.011296261623910146,0.015980532349918853,0.10571882446385883,0.3626339834826923,0.19153318077803047,True,0.0175905835442067
2025-12-04 02:00:00+00:00,0.13275077807038688,0.25414100340847884,0.05136774700893129,0.364198071866784,0.6042006585778218,True,0.0182558514297033
2025-12-05 00:00:00+00:00,0.041699225687289315,0.20705604933792743,0.12926732673267163,0.02635461714576392,0.4086776383933645,True,0.0149588543420737
2025-12-05 01:00:00+00:00,0.21498987170830114,0.05290180178018753,0.1161388812776449,0.0029047426762704026,0.5713680643794959,True,0.014597933758077601
2025-12-06 06:00:00+00:00,0.3441135870636909,0.3510502864417588,0.38006668085408285,0.25413477799753437,0.01943286561381203,True,0.0096743928502504
2025-12-06 07:00:00+00:00,0.6852071005917122,0.041222570532919896,0.36263119492619234,0.2695184140087178,0.09738434932988117,True,0.008598719687987701
2025-12-07 00:00:00+00:00,0.5957293319867121,0.22790121758270998,0.06190842503093437,0.2874788811713891,0.03612471512388997,True,0.0062536344161868
2025-12-07 01:00:00+00:00,0.024766278497607538,0.17449664429529965,0.019146572567472292,0.27611197424852657,0.10097610232244833,True,0.006366621902595701
2025-12-08 00:00:00+00:00,0.3640204580831731,0.12947059155884405,0.10841291197672114,0.07837903816421136,0.5256022986812023,False,-0.009474582519206399
2025-12-08 03:00:00+00:00,0.45548438751001163,0.3260675042055914,0.17058155149261325,0.1307556057453568,0.3499813641446099,True,0.020720807286264402
2025-12-09 00:00:00+00:00,0.36282663254761366,0.2493147021461521,0.04278156546371069,0.07667990943654128,0.06697584541062875,True,0.014567511262169201
2025-12-09 01:00:00+00:00,0.13717961025246667,0.24015339499210595,0.07401222646550754,0.06703599767756863,0.15336090571082586,True,0.015073271363647802
2025-12-10 02:00:00+00:00,0.48651095419155443,0.296316640727516,0.24929978215444767,0.05971842770843787,0.296753420982024,True,0.0185152918897805
2025-12-10 03:00:00+00:00,0.098134273541935,0.04992601024473235,0.23662379348538634,0.09046604493321309,0.14508514584386936,True,0.0177930741367416
2025-12-11 00:00:00+00:00,0.27253802116463416,0.009245777518926203,0.021428285336644266,0.11430731083591776,0.4979518027825973,True,0.0175207551731509
2025-12-11 01:00:00+00:00,0.8266109848284605,0.2153051557103996,0.1690519112615426,0.09224739641037061,0.2788653033467773,True,0.0178166740482836
2025-12-11 15:00:00+00:00,0.7010595617734962,0.1766858917480084,0.4107701633381954,0.24400481466621307,0.388953601242475,True,0.011135826982588
2025-12-11 16:00:00+00:00,0.372851805728515,0.3555229029579019,0.363696829569568,0.36563302021836075,0.4292652915843667,False,-0.0061699217778304
2025-12-12 03:00:00+00:00,0.10707762557077895,0.46176766042939676,0.33897223508214164,0.012014837847420884,0.6823896619118486,True,0.0208347218210269
2025-12-12 04:00:00+00:00,0.0373712926118847,0.41783231218932143,0.238520622216484,0.018406397065764076,0.692014316728278,True,0.0193912179198043
2025-12-13 04:00:00+00:00,0.030774214447685473,0.3143675808432325,0.4677823886178176,0.006740876150682735,0.296202531645586,True,0.010790158515085701
2025-12-13 05:00:00+00:00,0.3831026948288421,0.3030271507333928,0.47396620414892526,0.005986940574680756,0.2947145877378599,True,0.0066891444530698
2025-12-14 00:00:00+00:00,0.27037037037035155,0.15891109025076838,0.051834806830563324,0.1823730301326287,0.722832914572865,True,0.0045001429307043005
2025-12-14 01:00:00+00:00,0.35620915032679074,0.11597431529288325,0.06629340639704819,0.2686975717439326,0.6228076952792972,True,0.0043684095599182005
2025-12-15 00:00:00+00:00,0.9999999999999988,0.709570586584328,0.7150993420837229,0.4478593811608924,0.6792174435761421,False,-0.0069707144707186
2025-12-15 02:00:00+00:00,0.4587706146926631,0.04776144198023055,0.25961443887085267,0.17338619322588883,0.48128423615337085,True,0.0126402733936482
2025-12-16 01:00:00+00:00,0.18424991864626994,0.6327544304695691,0.48372734323384897,0.40172627727309645,0.1666319702602181,False,-0.009068931677756499
2025-12-16 03:00:00+00:00,0.37126325940213145,0.32920449762491893,0.4815017813099458,0.3896981230777542,0.43968154200712184,False,-0.0092377602981307
2025-12-17 00:00:00+00:00,0.16993202718912004,0.15524089910743577,0.28977716118962676,0.0401593821213643,0.19671693071197008,True,0.0155934404699728
2025-12-17 01:00:00+00:00,0.06308037143771013,0.28244235208673757,0.22849067582919766,0.11892127746421347,0.019087552412541526,True,0.0155183567135577
2025-12-18 01:00:00+00:00,0.29614949037371774,0.20441516718982702,0.13285578319891894,0.019851318387733057,0.7380868337451454,False,-0.0108019929641541
2025-12-18 02:00:00+00:00,0.3374233128834322,0.7335538556956807,0.1363944763729251,0.010658437881743503,0.46581054036023606,False,-0.0110379812815886
2025-12-19 00:00:00+00:00,0.1733158927403524,0.23245129243184826,0.07438152717984572,0.1029751999025858,0.625990228822215,False,-0.0112320144745424
2025-12-19 01:00:00+00:00,0.8304934720070692,0.5364157051548086,0.05283112173411366,0.09826665521544325,0.7715191697895638,False,-0.0114053138984047
2025-12-20 04:00:00+00:00,0.2527922561429698,0.05982171009258383,0.19514549224279726,0.0873977244635243,0.33777989518818863,True,0.0133979352207519
2025-12-20 05:00:00+00:00,0.3671418555737499,0.5300611078257439,0.20447318210727278,0.11350703803534003,0.2387417967866059,True,0.011138000809388801
2025-12-21 00:00:00+00:00,0.12597290285384702,0.166562694946987,0.2888779929721376,0.3166476532881634,0.1285887141128606,True,0.003916546340113
2025-12-21 01:00:00+00:00,0.5281572809064037,0.18821206137021643,0.2676933434318006,0.36331826969837233,0.14571190674437962,False,-0.0033717799479917
2025-12-22 00:00:00+00:00,0.24711848778240045,0.012318704087397724,0.05958369664855702,0.11412815859276908,0.7389929796829251,True,0.0098679100278531
2025-12-22 01:00:00+00:00,0.15417484698002165,0.5479262672811086,0.14528757854035743,0.09560397151177107,0.5342712990688718,True,0.0108584968536144
2025-12-23 00:00:00+00:00,0.2782178744218238,0.4732799428384352,3.629895821937123e-05,0.022620009778389617,0.4688295765349433,True,0.0136032467129968
2025-12-23 02:00:00+00:00,0.18272425249169413,0.4938780495252087,0.009347093366689032,0.0559993593208799,0.5415360820546228,True,0.013477046009346301
2025-12-24 00:00:00+00:00,0.702336313815984,0.063064720082769,0.19605570238481698,0.09222664655108485,0.11317272197396601,True,0.013896610973866701
2025-12-24 01:00:00+00:00,0.15554146186775258,0.013446926087959686,0.13256755484417526,0.07761524317815748,0.1618619170033082,True,0.0139788496721495
2025-12-25 01:00:00+00:00,0.009682196149903231,0.1596753914733089,0.018634489078970508,0.091148608070672,0.06819274790804397,True,0.0082931201480911
2025-12-25 02:00:00+00:00,0.1472271561081465,0.45231195665868856,0.15937473690118595,0.04919872425877113,0.18413476916515117,True,0.0083593905433195
2025-12-25 15:00:00+00:00,0.5010384215991528,0.15138072529665975,0.25087964889712994,0.03269668912695758,0.1136177296330348,True,0.005033461621744601
2025-12-25 16:00:00+00:00,0.9999999999999989,0.4003345600535216,0.35469152299318585,0.04534200863543304,0.22914614547151116,True,0.005195648829941501
2025-12-26 00:00:00+00:00,0.9670570313243773,0.15197713196760143,0.1013933923407212,0.060112550003390566,0.3788029140547477,False,-0.0047982129015905995
2025-12-26 01:00:00+00:00,0.9674322289156566,0.21870466763376062,0.17245455888872466,0.06961260704985457,0.3799135077673884,False,-0.0049256447621423
2025-12-27 07:00:00+00:00,0.02323330106487459,0.033806711072005446,0.21161773365861788,0.033302355796557985,0.05185185185185425,True,0.0035820483534368007
2025-12-27 08:00:00+00:00,0.32105684547640184,0.07417080177592685,0.26768621410496196,0.005074465254136461,0.05479207567377087,True,0.0033961353691267003
2025-12-28 00:00:00+00:00,0.6426621160409556,0.44368791159729326,0.32014731960169746,0.08004083167678465,0.017494470138743255,True,0.0029654065297839
2025-12-28 01:00:00+00:00,0.541658865381028,0.4493500672344411,0.26913545280748136,0.047117633366953696,0.2373165618448499,True,0.003125960435012
2025-12-29 00:00:00+00:00,0.6559341070759751,0.11243401100752975,0.07840876333237333,0.1951941493992706,0.1998693948628633,True,0.0046339162825567
2025-12-29 01:00:00+00:00,0.973816717019111,0.33591058072106383,0.3076969224308517,0.26438757321110296,0.23947652455477536,False,-0.0038650936422896997
2025-12-30 00:00:00+00:00,0.45465636437574114,0.09714838086031477,0.1752478360889042,0.07828503783004646,0.48544056472961106,True,0.0095731822332983
2025-12-30 01:00:00+00:00,0.25549915397630546,0.08992386309074947,0.2025537247464054,0.06806743346573357,0.49076846307385474,True,0.009591661279155901
2025-12-31 03:00:00+00:00,0.4623150974407151,0.14468743096973707,0.30398918818156484,0.16036350385919165,0.18937252685132838,True,0.0107798571775973
2025-12-31 04:00:00+00:00,0.025389374866655285,0.1292614914095506,0.2585063080486646,0.18204752253223502,0.23517280614422076,True,0.009246090693193
2026-01-01 01:00:00+00:00,0.4533333333333223,0.5501723656014145,0.2069403300888697,0.05607006471381782,0.04313498940882148,True,0.0078577829125201
2026-01-01 02:00:00+00:00,0.4798864964112781,0.2962275819418623,0.17519875896839227,0.09721054026339078,0.03135094052821478,True,0.007704859326890001
2026-01-02 00:00:00+00:00,0.7024903154399404,0.5930775811015245,0.38386180077773907,0.0811468337600237,0.25480660993291626,True,0.004605398486452
2026-01-02 01:00:00+00:00,0.610447346485111,0.6156156156156033,0.3459461590004255,0.028294984546010756,0.34297142306395806,True,0.0049377044443617004
2026-01-03 00:00:00+00:00,0.22678140413474202,0.2005018480214298,0.2238297872340451,0.2774451606328507,0.07490986780611204,True,0.0141610188998697
2026-01-03 01:00:00+00:00,0.25258673158856026,0.26194828937059483,0.2946694432010638,0.2792355490044099,0.18503266117579104,True,0.0139851486542048
2026-01-04 00:00:00+00:00,0.9474497681607729,0.5822387767104583,0.19134233518665605,0.22948564440934677,0.10694908180300561,True,0.0052212753426719005
2026-01-04 02:00:00+00:00,0.7936654936099357,0.6506188192100535,0.28462853885616624,0.3056696407496604,0.10700915141431111,False,-0.0038910695781553
2026-01-05 00:00:00+00:00,0.5068535345756915,0.39388577607392544,0.06669847653454593,0.22461308605485863,0.1932122410313396,False,-0.0040796583607172
2026-01-05 01:00:00+00:00,0.8694337548103358,0.649120810334035,0.3189484798440593,0.3090103910388153,0.10407329947216348,True,0.007155536969245901
2026-01-06 00:00:00+00:00,0.7915639550808176,0.3221292178917122,0.26507846818438635,0.2713261725897076,0.02678949597627656,True,0.0118148377102588
2026-01-06 01:00:00+00:00,0.7591772151898942,0.3556389969156572,0.17066720096173316,0.2792843527984765,0.028989135332696387,True,0.0120560748119338
2026-01-07 00:00:00+00:00,0.9999999999999994,0.02386256533287529,0.009272250350759959,0.110762083474552,0.22547169811320747,True,0.0160036748365328
2026-01-07 01:00:00+00:00,0.2266527539688436,0.18108792926842682,0.14091510182491535,0.019593510146355984,0.13912661096641152,True,0.0164207435564812
2026-01-08 00:00:00+00:00,0.6476740985411524,0.3283629108474178,0.26401290170318065,0.19250122245532175,0.35219399538106433,True,0.0107252988596048
2026-01-08 01:00:00+00:00,0.4543904518329027,0.3369266539843522,0.21632602553261523,0.18770216324534142,0.3659946709567156,True,0.0108171579891887
2026-01-08 17:00:00+00:00,0.5700704802491333,0.025468451242828337,0.05381438889163194,0.04968855212515252,0.1396415617665897,True,0.0128629497528314
2026-01-08 18:00:00+00:00,0.9663318715518414,0.4327684278426075,0.07518528149785571,0.05180377358490521,0.020051475429460553,True,0.0129949994360714
2026-01-09 01:00:00+00:00,0.499161542761351,0.5200220933443856,0.02117336363217536,0.10162587351195647,0.19663720629445997,True,0.0107996170218108
2026-01-09 02:00:00+00:00,0.15119648030904057,0.3816723687598882,0.014384368137987222,0.17173627244403625,0.3229170451655064,True,0.0108272246393818
2026-01-10 14:00:00+00:00,0.022069360848414293,0.033014950166116046,0.12095416498707569,0.0661981410111081,0.13259526261585677,True,0.0023040717026055002
2026-01-11 16:00:00+00:00,0.18534648392469488,0.08202477323710554,0.10699474702792192,0.16065127747310873,0.36522497496688616,True,0.0032680142926219003
2026-01-11 17:00:00+00:00,0.31220936519952164,0.22747516272696497,0.2625807502307103,0.0810427151890571,0.3613553644474503,True,0.0034890347336662
2026-01-12 00:00:00+00:00,0.12688790712010445,0.04013681791459057,0.147542311118304,0.09269878119558574,0.12890346122319485,False,-0.0042208406246315
2026-01-12 01:00:00+00:00,0.5609521981186315,0.20262326937090103,0.2310057092665786,0.12913073512043913,0.20423688520259822,False,-0.0046175643771791
2026-01-13 00:00:00+00:00,0.31980598221503287,0.13996165434127633,0.003161619287223024,0.0641855341581921,0.27133952423355684,False,-0.0063773123553148995
2026-01-13 01:00:00+00:00,0.30922213311948316,0.2275129407301014,0.008868734700429783,0.08101265822784859,0.4045722852056661,False,-0.006448880351066199
2026-01-14 00:00:00+00:00,0.5745116874799834,0.6377590473244678,0.5230178858334116,0.2737115205608772,0.06348750359092101,True,0.016309252320095502
2026-01-14 01:00:00+00:00,0.3760680599223197,0.5994789109995095,0.5434923027236543,0.25195906702314025,0.09051054162846917,True,0.0165582068488179
2026-01-15 00:00:00+00:00,0.08413517953531717,0.41317630390507415,0.24614964264657269,0.37313147845062783,0.10917330403735169,True,0.015006582619281401
2026-01-15 01:00:00+00:00,0.39469416877473346,0.3482870781058606,0.19629471126634385,0.3716629086425493,0.14166578324322088,True,0.015523308081926899
2026-01-16 03:00:00+00:00,0.3024740622506195,0.6022782121826434,0.07978705481990707,0.01466872018780727,0.3826133750794932,True,0.0124820908666363
2026-01-16 04:00:00+00:00,0.5535121328224893,0.6235896030332082,0.16570237164451299,0.009761105747866882,0.18104138851801643,True,0.0108226427162859
2026-01-17 00:00:00+00:00,0.8349137260997792,0.04243867587520391,0.023829999722586648,0.11071200510855682,0.21449579831932772,True,0.008055473311631001
2026-01-17 01:00:00+00:00,0.6292615596963334,0.007689120125234594,0.05654289932739124,0.09935327405012183,0.05204914189252608,True,0.0079570481326753
2026-01-18 03:00:00+00:00,0.7024015845506072,0.5152671755725187,0.15136454003253322,0.058310991957105214,0.07681465821000265,True,0.0027826748838361004
2026-01-18 05:00:00+00:00,0.10045752934155307,0.26208907208204313,0.08816350171693674,0.10220514228200145,0.06948093124376883,True,0.0026553840633616
2026-01-19 00:00:00+00:00,0.8291616265004249,0.5116556663390014,0.36630432053824696,0.2957852771807782,0.22368260922476732,True,0.008320540986151601
2026-01-19 08:00:00+00:00,0.4226932668328991,0.6587940502212514,0.48879461976202904,0.33185580409056864,0.06169887759846507,True,0.0101525079088494
2026-01-20 00:00:00+00:00,0.5974079691162205,0.25684346853475754,0.020555937883365745,0.2998997717694496,0.5784894259818752,True,0.006428719810177601
2026-01-20 01:00:00+00:00,0.5076122316200367,0.18084802830565322,0.04042264150943641,0.2739499477101906,0.6341096381225343,True,0.006443557721398901
2026-01-21 00:00:00+00:00,0.702039225873495,0.7907970692717604,0.7041917938774523,0.44855638354897315,0.08065797838525146,True,0.015382391684618399
2026-01-21 01:00:00+00:00,0.43826144221271707,0.5343015579614495,0.5766494375190034,0.3682382284335208,0.1422600868027651,True,0.0155051856456386
2026-01-22 02:00:00+00:00,0.06713352636185824,0.04176377118644175,0.09483610237988324,0.13858504880313371,0.4073112073112114,True,0.021276111236291702
2026-01-22 15:00:00+00:00,0.7862161257945757,0.39425818503588955,0.1268497354838024,0.09504670996758413,0.31125872025101325,False,-0.004906651557666
2026-01-22 16:00:00+00:00,0.8776296772121441,0.49387995870815987,0.20625602253354172,0.07224712280723214,0.30735146022155574,False,-0.0049550218819311
2026-01-23 00:00:00+00:00,0.17917403181745462,0.1543415794167215,0.07722084148943395,0.03993640944114678,0.1145355380486557,True,0.0108917853063943
2026-01-23 01:00:00+00:00,0.2952086553322969,0.032277572000905384,0.1339316297869441,0.032128152341740226,0.2927649746447675,True,0.011086893138387701
2026-01-24 02:00:00+00:00,0.0795486600846368,0.15656536195531692,0.017981141729404508,0.03749831305789589,0.29887848306161724,True,0.013039638634338
2026-01-24 03:00:00+00:00,0.5161199095022532,0.015807222144161765,0.04109589041096024,0.018201938487369614,0.5214418893722618,True,0.013093291866772
2026-01-25 00:00:00+00:00,0.4510424914225504,0.3280198737190785,0.1282192081708832,0.038534204019527785,0.29047645460092225,True,0.0025650622893863004
2026-01-25 01:00:00+00:00,0.02522654910605636,0.05196565747853518,0.1304539202200836,0.0816121705139709,0.1478212290502756,True,0.0028328351372701004
2026-01-26 00:00:00+00:00,0.5537128343045031,0.7156436444534321,0.5549312311304947,0.41660559103758643,0.35584493115928856,False,-0.006831713060026399
2026-01-26 01:00:00+00:00,0.574580177807051,0.683636002778607,0.4843655855893305,0.3996689622557858,0.12918032786884895,True,0.0141010123647277
2026-01-27 00:00:00+00:00,0.04164685100889229,0.16897298314976963,0.2543378217146772,0.0901526428194998,0.21653496874631223,True,0.0131188084546381
2026-01-27 01:00:00+00:00,0.3232821637426809,0.13164366044788375,0.13067323742150738,0.07667143351185676,0.3859602295475856,True,0.013593149591101701
2026-01-28 00:00:00+00:00,0.5926249999999924,0.2727631060307458,0.1402657128257549,0.1966875751140094,0.18900071890726294,True,0.013156448612821201
2026-01-28 01:00:00+00:00,0.6172411768160111,0.30974744312252134,0.14398371915542998,0.1533376134372123,0.28882769737063274,True,0.0130759623992838
2026-01-29 00:00:00+00:00,0.3075440174784685,0.2194473459310593,0.02819248312658837,0.07577743645004875,0.36041102548080256,True,0.0144477242122273
2026-01-29 01:00:00+00:00,0.31831983805667774,0.3640395545188728,0.04118369922614488,0.04752596804678237,0.23082703627937906,True,0.014193626299921
2026-01-30 00:00:00+00:00,0.9999999999999992,0.5369043381362877,0.4824821503120348,0.3126113692177097,0.2838263821532473,True,0.0189657845893527
2026-01-30 05:00:00+00:00,0.5216736813001123,0.2533922736882556,0.4849726649584188,0.33955580607547625,0.010795756798197536,True,0.0222946721724762
2026-01-31 00:00:00+00:00,0.30438996026746507,0.4691540688324213,0.006701581076720702,0.2745895668739847,0.7539520503995719,True,0.018859616111413
2026-01-31 02:00:00+00:00,0.11368421052630498,0.30659977627877255,0.2929231750079675,0.23113835043709624,0.9352157698454999,True,0.0178136174157219
2026-02-01 02:00:00+00:00,0.3566733910327401,0.5330283358347953,0.6687116564417187,0.24582578548506387,0.20433417843776153,True,0.0329278577261959
2026-02-01 03:00:00+00:00,0.3792540499811682,0.4233563831654351,0.5967019804398156,0.2596017313641694,0.32382589068150575,True,0.0327636462884668
2026-02-02 00:00:00+00:00,0.42419894787183215,0.3715968357747136,0.24780090660434248,0.4446937036294362,0.06066021247766134,True,0.025259408445946
2026-02-02 01:00:00+00:00,0.2100050787201684,0.14036506722045977,0.10643892848365635,0.3810868923647698,0.1336885960662747,True,0.0266911986052464
2026-02-03 00:00:00+00:00,0.12091222030981527,0.18769525345157656,0.11630524747558285,0.009609305133886444,0.1716011944720957,True,0.017385630936971
2026-02-03 01:00:00+00:00,0.4852482927799555,0.2103742163009398,0.1675627724828812,0.03000895193892168,0.16741891954771965,True,0.0173008863003291
2026-02-04 01:00:00+00:00,0.39150641025641125,0.21171362750310063,0.19949692637414837,0.06476144539571518,0.33881449818990655,True,0.0308813323758658
2026-02-04 02:00:00+00:00,0.026979511799306452,0.0721214441093818,0.09280536912751705,0.002265544838908152,0.34514115385446126,True,0.0319699177930021
2026-02-05 00:00:00+00:00,0.10409188801148621,0.4331986126637441,0.2540001115013661,0.22326735486315036,0.6156195299988846,True,0.0317896328943541
2026-02-05 01:00:00+00:00,0.45751407535730404,0.33580773558604765,0.33711585718758613,0.23047937879294,0.5418227958524152,True,0.0334340140715544
2026-02-05 15:00:00+00:00,0.8977206796518786,0.442380079142939,0.4307595868196564,0.3343573792596226,0.2710142794052694,True,0.0332702775501611
2026-02-05 16:00:00+00:00,0.9317326842221685,0.596845943164175,0.4956290751026331,0.3413636656521361,0.27978523666787397,True,0.0332664279111642
2026-02-06 01:00:00+00:00,0.409314967521998,0.5791480889487102,0.5671888300237568,0.4837570515794036,0.20366080583298424,True,0.061736679560198494
2026-02-06 03:00:00+00:00,0.3391952081093528,0.21878368785002425,0.35741560233342246,0.41146860423015935,0.578453600187631,False,-0.028078340865814698
2026-02-07 00:00:00+00:00,0.21233732431025498,0.44661477130134314,0.38587575237628263,0.0664073353709361,0.15432693906047543,True,0.0355749806556621
2026-02-07 01:00:00+00:00,0.2152955203542817,0.2975316427187969,0.25333873649457983,0.07118442989970622,0.24539536218368346,True,0.0351603578532778
2026-02-08 00:00:00+00:00,0.3020519835841289,0.10591614473211616,0.07778234086242361,0.2106193017405585,0.5261156694016413,False,-0.0101637946055148
2026-02-08 01:00:00+00:00,0.32100079850944097,0.014459135544728084,0.16305053598774902,0.13490305144401443,0.5294000745249051,False,-0.0100731856103487
2026-02-09 00:00:00+00:00,0.3858170800984671,0.21897653053900407,0.14526444512381614,0.022012578616352124,0.3236398651901813,True,0.0206129858406293
2026-02-09 01:00:00+00:00,0.46333416645838227,0.24983442490249388,0.1373207277035872,0.00139343269114261,0.3866439627131251,True,0.0203711685652533
2026-02-10 00:00:00+00:00,0.20179775280898427,0.24456282684130695,0.04166767723315045,0.06089923265640737,0.31986356653734893,True,0.0223206776909203
2026-02-10 01:00:00+00:00,0.9999999999999992,0.32059326868225946,0.06337335403505823,0.027109735023041617,0.4095206317428537,True,0.0226250352962358
2026-02-11 00:00:00+00:00,0.07183191070255819,0.05697566984909177,0.12255327594333788,0.09917474676996386,0.5609596510359883,True,0.0207984565095964
2026-02-11 01:00:00+00:00,0.1331775700934683,0.04208879797858484,0.16742992040660934,0.06950494344415022,0.40259534318260004,True,0.0203501442609024
2026-02-12 00:00:00+00:00,0.14036153729302744,0.010445325250641816,0.2642201834862391,0.1673090902426961,0.153164169978596,True,0.0268447149407696
2026-02-12 01:00:00+00:00,0.08380856132244893,0.0017045978070599568,0.18657460399512482,0.18793243856497144,0.23255411255411249,True,0.026706463198268502
2026-02-13 02:00:00+00:00,0.5729657027572277,0.23996157540826324,0.12152807768715497,0.1350739042259703,0.4307790345706589,True,0.0224490376296673
2026-02-13 03:00:00+00:00,0.5140616032140777,0.107699224457684,0.11293146726420104,0.09398699051882975,0.6374887892376663,False,-0.0103509870774929
2026-02-14 00:00:00+00:00,0.3773477518497533,0.646650848695024,0.5508590485826219,0.1037509797335126,0.16577638607478382,False,-0.0080167949637117
2026-02-14 01:00:00+00:00,0.20762155059133486,0.6532951289398347,0.5239872915011965,0.10401182054267107,0.15097141817961612,False,-0.0078206862249338
2026-02-15 00:00:00+00:00,0.10875649740102519,0.18059450364553786,0.16943982251802492,0.3951459839276358,0.14605166756920382,True,0.0125055467409307
2026-02-15 01:00:00+00:00,0.23773075191355877,0.329893650626497,0.1909625794304528,0.3526212932279735,0.22486627150498775,True,0.0117628410992092
2026-02-16 00:00:00+00:00,0.36940115652258954,0.20758890590437393,0.17240123130726287,0.026881339102064337,0.27959546097583476,True,0.0143441619290106
2026-02-16 01:00:00+00:00,0.6232049236380116,0.04872646733112015,0.1606031110539758,0.012468469946476437,0.05242510699001384,True,0.015067071219047202
2026-02-17 00:00:00+00:00,0.6526148969889061,0.20066828397491804,0.00677353510927443,0.06675861859904653,0.507183374860844,True,0.0187323870788897
2026-02-17 01:00:00+00:00,0.6276713218577381,0.164860087382847,0.03461728592996277,0.06350099624317489,0.2606629894598902,True,0.0184684623463427
2026-02-18 02:00:00+00:00,0.9999999999999982,0.10712836965740999,0.29924520859852666,0.08733792437602385,0.04685455021376564,True,0.0178137539846818
2026-02-18 03:00:00+00:00,0.5173449466886957,0.027892167268100877,0.2131257324627507,0.08217913204062896,0.03257539106595815,True,0.0171798834742315
2026-02-19 01:00:00+00:00,0.9184361307717842,0.32643213593434073,0.14930434246490812,0.2036035360400478,0.45500260923193453,True,0.015620001021777699
2026-02-19 02:00:00+00:00,0.9612365849751531,0.1271623243663046,0.0912425850764885,0.18189851977317847,0.16176129779837792,True,0.015577198014819701
2026-02-19 15:00:00+00:00,0.2880016078247477,0.23305866437092432,0.2593397308226196,0.09720860687797744,0.5586446568201655,True,0.0127402749694373
2026-02-19 16:00:00+00:00,0.2962521520328438,0.18108995403808023,0.1677554987906049,0.11316901267444916,0.5553115246792264,False,-0.0070500469524860995
2026-02-20 01:00:00+00:00,0.25456760048722127,0.6474399882185528,0.08680337756332969,0.0056094586713332775,0.1527531083481339,True,0.0156063603093313
2026-02-20 02:00:00+00:00,0.21044992743105717,0.5470198675496755,0.1074380165289256,0.005220336802838157,0.05062164236377879,True,0.0151879056244708
2026-02-21 02:00:00+00:00,0.2864644107351263,0.3805641539870072,0.12753999135322064,0.1142032190686825,0.2984286191908991,True,0.0154589567165994
2026-02-21 03:00:00+00:00,0.26678657074340023,0.22929210740439032,0.11721925523576976,0.10545635023213097,0.709513324728551,False,-0.0073780217505633
2026-02-22 01:00:00+00:00,0.6398094229751117,0.1675908479138629,0.0012757086405942165,0.07526515409597767,0.3492704979793243,True,0.0081744083202827
2026-02-22 02:00:00+00:00,0.058596575837943934,0.1508622976916957,0.0479289940828394,0.10285574376210185,0.3221064649636115,True,0.008331877992130001
2026-02-23 00:00:00+00:00,0.7107969151670901,0.20728353771832034,0.1083209347897104,0.03152701258120164,0.08479809534438339,True,0.0088053411504589
2026-02-23 01:00:00+00:00,0.576013234077745,0.4621823315853195,0.414306874618809,0.17598476146162043,0.533933971381363,False,-0.007431495878506399
2026-02-24 00:00:00+00:00,0.027998532827975774,0.6588908272140835,0.2652655205835842,0.28564226483319816,0.7418457838569101,True,0.0167102381884071
2026-02-24 01:00:00+00:00,0.8228371912582418,0.45770015004039627,0.0900637162045809,0.27851876183149554,0.6460587326120601,True,0.0194784327615127
2026-02-25 00:00:00+00:00,0.6059293804130335,0.4858283433133712,0.1787944748459008,0.2050792482344553,0.42752149394471745,False,-0.0078721816388814
2026-02-25 01:00:00+00:00,0.2895546342115773,0.5575198674089472,0.013483617055960845,0.018225600397047504,0.12352712218251541,True,0.0191961712956495
2026-02-26 02:00:00+00:00,0.565786131572267,0.2956702940495484,0.30033951755445587,0.2998099714231833,0.18721552878179185,True,0.0244142803534153
2026-02-26 03:00:00+00:00,0.48540091892693227,0.21977993793121015,0.3872423466276379,0.34997628529914426,0.25564716339228327,True,0.0236855833442451
2026-02-27 00:00:00+00:00,0.26598427533007707,0.24311234338258633,0.1554943035648657,0.21866425145080695,0.42018204952530885,True,0.0162799891395887
2026-02-27 01:00:00+00:00,0.5542909873885009,0.24172849055940557,0.18215467843541921,0.09857025326306984,0.3283085654999852,True,0.016425001777334202
2026-02-28 00:00:00+00:00,0.8165925925926046,0.023303151540673226,0.22897962634204289,0.21166827386692444,0.39282582539714983,True,0.0149590881946902
2026-02-28 01:00:00+00:00,0.813750564164298,0.12923589326517101,0.24057891862370268,0.19885903379810785,0.11616187586774275,True,0.013700580231119001
2026-03-01 00:00:00+00:00,0.5845739713234148,0.5858543833581008,0.10358549722646561,0.015888554216867343,0.17858457912954087,True,0.0229798868880342
2026-03-01 01:00:00+00:00,0.2810432324789649,0.40731972460442356,0.10110692227480658,0.03503648722165534,0.1446554375424689,True,0.0256300178360257
2026-03-02 00:00:00+00:00,0.2336213259236754,0.12332401572937955,0.14495761978896504,0.009156468403447193,0.20219755744459744,True,0.0229414548443771
2026-03-02 01:00:00+00:00,0.20516574689341796,0.10089613223754547,0.11812154229486152,0.041132402896792125,0.3418397812627687,True,0.0239235230934479
2026-03-03 00:00:00+00:00,0.04433833560709454,0.4625486850999456,0.26150460857948077,0.12351059334822252,0.46524034759652144,True,0.0248834862721269
2026-03-03 01:00:00+00:00,0.09159682563227842,0.6119031607262945,0.27951018083440166,0.10702228016554807,0.48495603347812183,True,0.025052608236352
2026-03-04 00:00:00+00:00,0.31602660373309577,0.2459499263622961,0.10170995321825978,0.10983237126571181,0.5995931200295912,True,0.0231615106894462
2026-03-04 01:00:00+00:00,0.3411181151183134,0.3287709653895759,0.08974254188802636,0.093212367991809,0.586437440305635,True,0.024219658356616
2026-03-05 00:00:00+00:00,0.6260071897855479,0.3110074626865661,0.4719546157813303,0.20672913559058487,0.034002553092722515,True,0.0213391150616314
2026-03-05 01:00:00+00:00,0.5260179603887287,0.3018078695498063,0.4592087888871288,0.2336736839645782,0.019882847949839744,True,0.0220991682077159
2026-03-05 15:00:00+00:00,0.006268738075769962,0.02813244465858053,0.12080727686185286,0.3084066100667067,0.21106183146360724,True,0.0196968247207807
2026-03-05 16:00:00+00:00,0.8617470328251501,0.2673737028167405,0.22641692951131662,0.21251490962473618,0.24577780944915337,True,0.0204210343546773
2026-03-06 00:00:00+00:00,0.11844702785698756,0.5432726477502605,0.26322308233638186,0.16518988841242382,0.3713864203168356,True,0.0177583574524203
2026-03-06 01:00:00+00:00,0.08349598785513053,0.44279230861101376,0.22264691145945165,0.15445252321647135,0.6166058394160564,True,0.018194446350088902
2026-03-07 00:00:00+00:00,0.12525667351129338,0.6322216020094925,0.5022491379763019,0.35939919479715077,0.20235591081194612,True,0.0162759431813614
2026-03-07 01:00:00+00:00,0.23535253227407735,0.40775527789746413,0.5301836334462489,0.33164320709230927,0.2253319713993875,True,0.0157282977430472
2026-03-08 00:00:00+00:00,0.2790284913591788,0.4321430707578217,0.3263613182273017,0.41468634357305445,0.04498668394155319,True,0.0084348433508392
2026-03-08 01:00:00+00:00,0.18120599938780999,0.4347800202417121,0.33708150689283006,0.46205372399808853,0.025123081378514513,True,0.008137726108233701
2026-03-09 00:00:00+00:00,0.4470363694199968,0.45308886132805354,0.21289852305662868,0.2585235861204098,0.41688703317096065,False,-0.0086353801291137
2026-03-09 01:00:00+00:00,0.5531781710578796,0.26469514421321505,0.15529326191893217,0.20373654960387877,0.5635959595959571,False,-0.0087260009325112
2026-03-10 00:00:00+00:00,0.05642500634465042,0.0861903849837194,0.2777150840990931,0.09068178642604499,0.3069514892856356,False,-0.0088353521567236
2026-03-10 01:00:00+00:00,0.12634134878985132,0.057052506752754,0.37103358461268665,0.1299483527772695,0.13192947103274535,False,-0.0089132828315136
2026-03-11 00:00:00+00:00,0.07295710162237787,0.1265935112438604,0.08672325080258479,0.20714790650241646,0.19978817922391354,True,0.0208428432037032
2026-03-11 01:00:00+00:00,0.00662993743579345,0.027811542762680132,0.08474090723785037,0.22401266766020858,0.025566281181305477,True,0.0207376141638442
2026-03-12 00:00:00+00:00,0.6158449700769374,0.2779078322520194,0.023774122360820913,0.066548574875971,0.07582247736807753,True,0.0182652982065934
2026-03-12 01:00:00+00:00,0.5969581749049617,0.01912506246308574,0.023346120723399394,0.0611860238444105,0.05623238673314382,True,0.018244107885787602
2026-03-13 00:00:00+00:00,0.48572222608213095,0.03688949981765634,0.052013998490360765,0.03936171950283354,0.40226664175851684,False,-0.009051740971011699
2026-03-13 01:00:00+00:00,0.5864342384624048,0.3680957710837514,0.25598865389710507,0.10740653620560094,0.4718133546097366,True,0.01850545819553
2026-03-14 03:00:00+00:00,0.34347302768355986,0.4455185279403063,0.09113733366809015,0.1003173562584735,0.4145709100337052,True,0.0167762251676805
2026-03-14 04:00:00+00:00,0.2696105023326425,0.3124687223312922,0.0451834601840277,0.1249779994133176,0.2993672993673083,True,0.0142780701851464
2026-03-15 00:00:00+00:00,0.7514663756649693,0.355072463768124,0.22291213908723867,0.02670281327891577,0.4097548252477908,False,-0.003888719362903
2026-03-15 01:00:00+00:00,0.3123840698308653,0.09884559884560086,0.06132924727063478,0.06722730645560246,0.40250212877448527,False,-0.0038566780532350003
2026-03-16 00:00:00+00:00,0.9999999999999993,0.4889386840497038,0.4584890047892506,0.32095037487663763,0.3004464084411794,False,-0.0067986244235754
2026-03-16 01:00:00+00:00,0.6356458710846482,0.33745654162854377,0.360771975957927,0.24812139358439564,0.30332083436244006,False,-0.0070530410532016
2026-03-17 00:00:00+00:00,0.9999999999999989,0.37048917401764087,0.32721346185992134,0.340309562908355,0.4930716659351664,True,0.0173050000256173
2026-03-17 01:00:00+00:00,0.9999999999999993,0.41176470588235164,0.34640575944570695,0.3640351985179577,0.6637191588011261,True,0.018327761570794
2026-03-18 00:00:00+00:00,0.668590416229452,0.049571283690337316,0.21905116625541282,0.09779516358463745,0.45688286307560627,True,0.015509269546865101
2026-03-18 01:00:00+00:00,0.6278841433480602,0.07582296424633742,0.28469486599935456,0.07902394053758181,0.5883715260848338,True,0.0150903205888164
2026-03-19 00:00:00+00:00,0.3309073265405134,0.40700710866096707,0.4340848806366072,0.3257815244116624,0.523721787194841,True,0.0177697592970238
2026-03-19 01:00:00+00:00,0.09888304862023584,0.4095980933810005,0.5065527442198683,0.370388801489711,0.32327057443063517,True,0.015580641926079702
2026-03-19 15:00:00+00:00,0.45702296620493577,0.4380935497758727,0.3410835408259634,0.35448752841727815,0.5288945727759549,False,-0.0088161701319724
2026-03-19 16:00:00+00:00,0.3773477518497458,0.3899032116146043,0.33312478275982055,0.38507336777982465,0.5277054369165376,False,-0.0089084826437737
2026-03-20 01:00:00+00:00,0.07034403228907474,0.11936900308992875,0.14793699874384034,0.3133150614049984,0.22181130834976714,True,0.0179812240571032
2026-03-20 02:00:00+00:00,0.07054978854287587,0.40844570617458237,0.10211394891945125,0.3190525298622,0.26128805070819683,True,0.0171617442043163
2026-03-21 04:00:00+00:00,0.10218093699515253,0.3183785614814276,0.021063149480414746,0.013645746762821142,0.3284569138276531,True,0.011572680283979401
2026-03-21 05:00:00+00:00,0.17123287671233248,0.25140242689476877,0.006678859867244887,0.016937675413196088,0.42253218884117555,True,0.0108893285923092
2026-03-22 00:00:00+00:00,0.9115055154988728,0.8317532257318525,0.5349684312773181,0.15348412812755138,0.14142202282258803,True,0.0100545002762622
2026-03-22 01:00:00+00:00,0.8908802731041201,0.8294688221708961,0.49159095302532413,0.1801208667026977,0.12810873337189244,True,0.0105844639818173
2026-03-23 00:00:00+00:00,0.4616663587659293,0.38073728690077036,0.2613213286287855,0.3787986912439901,0.5316199026013435,False,-0.0072806234457415
2026-03-23 01:00:00+00:00,0.37659559295443124,0.4623841540977666,0.30018709073900973,0.37665847001918545,0.5694440019117429,True,0.0139640858949523
2026-03-24 01:00:00+00:00,0.004156514261135513,0.23657440264963486,0.2872465988859678,0.12167818347367601,0.12415431337763365,True,0.0186208486188463
2026-03-24 02:00:00+00:00,0.6214945950180452,0.26481560586644237,0.23323321198484465,0.08856933047204123,0.1632770309088811,True,0.0168794949199857
2026-03-25 01:00:00+00:00,0.9755723152906584,0.28230654363058677,0.05463670967090137,0.18575931904529397,0.49439124487004077,False,-0.0083593687140003
2026-03-25 02:00:00+00:00,0.616247995724211,0.311533189739573,0.0376323595207726,0.1521020585677021,0.34704547696557536,False,-0.0083411550151975
2026-03-26 00:00:00+00:00,0.8867859003298983,0.1528308577282192,0.11239744758431981,0.061693106569482146,0.788094535956523,True,0.014186262214334
2026-03-26 01:00:00+00:00,0.762379896526231,0.11550802139037479,0.14622519666549133,0.07588031398750705,0.6273839015374991,True,0.0134939669638506
2026-03-27 00:00:00+00:00,0.47110731568459546,0.29088208518998243,0.5554609038737485,0.22704802657508089,0.6600268031189058,True,0.0145645657497286
2026-03-27 01:00:00+00:00,0.34889047959912906,0.4568820814099886,0.5543319474098248,0.2164960220981877,0.8324366766510569,True,0.014266303247178501
2026-03-28 00:00:00+00:00,0.7743986729333869,0.11229388436652019,0.4581506269713056,0.5052154195011358,0.018634404116258482,True,0.012879594292849501
2026-03-28 01:00:00+00:00,0.7020266569289968,0.15561123565871257,0.5300385445886234,0.4985115971389609,0.42743362831857806,False,-0.006635894312183
2026-03-29 02:00:00+00:00,0.37961755758365495,0.1253218286827585,0.17204587890103956,0.28546101458666995,0.16413855558070645,True,0.0084220517958417
2026-03-29 04:00:00+00:00,0.15688161693936295,0.013074652045554698,0.20292739295114437,0.20329274399404026,0.20576601916145354,True,0.0073707560697028
2026-03-30 00:00:00+00:00,0.28883378108424845,0.4257355547678223,0.13940770403131741,0.062201823781629265,0.6277962131563486,False,-0.0073734730842611
2026-03-30 01:00:00+00:00,0.041868932038834926,0.14923559785360221,0.08075625726353013,0.01717313104859814,0.33899100508407437,False,-0.0073745138556681996
2026-03-31 00:00:00+00:00,0.3584247258224921,0.5014426379665679,0.10815595363540406,0.03825646175549309,0.16085720148925656,False,-0.007277316929228
2026-03-31 01:00:00+00:00,0.9316021001844589,0.14321698452680479,0.11472323333751504,0.07330952655223935,0.1929983128464682,True,0.0155871797580087
2026-04-01 00:00:00+00:00,0.671120892941345,0.4617119045580304,0.15459593914502187,0.16492513196164962,0.02473567419397056,True,0.0184035279153835
2026-04-01 01:00:00+00:00,0.7228017883755578,0.3537554824561319,0.06281262023855354,0.141711024996805,0.12342587292501504,False,-0.009085121149294599
2026-04-02 01:00:00+00:00,0.4693104600646138,0.18249412489887482,0.1518670351889318,0.05496257220565217,0.4016595980084769,True,0.0156426373704731
2026-04-02 02:00:00+00:00,0.39588809613218406,0.36802203334616845,0.04716894276507718,0.044422227527755126,0.0002845152571265215,True,0.0161380634833219
2026-04-02 15:00:00+00:00,0.32210044168165075,0.11231511508344509,0.32277625915103497,0.009743361141182709,0.17039361841245368,True,0.0122352076723495
2026-04-02 16:00:00+00:00,0.31436005854611254,0.22170098166971122,0.3137089456004321,0.0706088510170421,0.3573974368696471,True,0.011761949348323
2026-04-03 00:00:00+00:00,0.42574257425750045,0.4403381269006785,0.2983190322126885,0.12216322280265397,0.051124158671063756,True,0.011739606609938901
2026-04-03 01:00:00+00:00,0.6553468208092527,0.2914871571140344,0.1220188330546492,0.08803018382089897,0.035636136292595794,True,0.0118714103386364
2026-04-04 02:00:00+00:00,0.0525204539456174,0.08348987685243307,0.13148240787060014,0.0002385780746758055,0.5221950869127947,False,-0.0033382141964474
2026-04-04 03:00:00+00:00,0.45184025058729976,0.009193288899103829,0.11193998219811259,0.0428831407195428,0.648466542750923,False,-0.0032086669260086003
2026-04-05 01:00:00+00:00,0.24978140483823671,0.01119999999999998,0.2705775352432934,0.1516025809159113,0.18429906542057148,True,0.004458421530036101
2026-04-05 02:00:00+00:00,0.4109839816933566,0.15944399018806446,0.17238967759983276,0.1449955666823145,0.24798109119558842,True,0.0047209365926391
2026-04-06 00:00:00+00:00,0.826923076923078,0.8105134033264831,0.4734406281687956,0.40977941599954193,0.1281890046712198,False,-0.006148162179462099
2026-04-06 01:00:00+00:00,0.880237073370122,0.8064635000184299,0.5262837962840597,0.4276080084299274,0.3054111589682642,True,0.011680693145700801
2026-04-07 00:00:00+00:00,0.8176647179649491,0.20407040704071233,0.04904015424595547,0.18922471948983505,0.134474150718134,True,0.012468532323962101
2026-04-07 02:00:00+00:00,0.9454946229376936,0.4623964660408733,0.1799205425931249,0.1366406740163122,0.3055230473026539,True,0.0135191747621815
2026-04-08 02:00:00+00:00,0.7089251156230538,0.7208653175157012,0.36613433536871687,0.18107980506853785,0.15730656986262265,False,-0.0091570607438264
2026-04-08 03:00:00+00:00,0.5629753871357819,0.6615263441528835,0.33664282270778695,0.17869349944098473,0.004862132940949702,False,-0.0089827308280468
2026-04-09 02:00:00+00:00,0.4154226490443938,0.003914149650988299,0.07318401524950599,0.16546699373924428,0.022251633716603037,True,0.014827903016022
2026-04-09 03:00:00+00:00,0.47561459159397407,0.0872645707978797,0.03873696271209409,0.16691276443326758,0.3399134507084005,True,0.012579562432911001
2026-04-10 00:00:00+00:00,0.08559065339680433,0.13460821392425112,0.17269333333333228,0.005838980522524811,0.13691977211170064,True,0.0168516958306629
2026-04-10 01:00:00+00:00,0.10930314821364315,0.33763415974773675,0.18155437133962982,0.04159958897071425,0.07967333930883329,True,0.0176360125815064
2026-04-11 01:00:00+00:00,0.48885586924220736,0.19141727837380004,0.1433103950950754,0.17951490661430586,0.278566904912693,True,0.012023671231545501
2026-04-11 02:00:00+00:00,0.4807881773398937,0.022525597269624564,0.21629739259130246,0.17935143545663304,0.23337406179088938,True,0.0114086659284333
2026-04-12 00:00:00+00:00,0.4994533346585793,0.05371147182198964,0.07028987813026737,0.13515270467927448,0.7185388589803727,True,0.0080647430445971
2026-04-12 01:00:00+00:00,0.6550740537575217,0.22044233154196108,0.03903963163953144,0.11679093044632771,0.48621553884710716,True,0.0117282075951499
2026-04-13 00:00:00+00:00,0.4082397003745314,0.20382395382395585,0.5253334537001494,0.27390446111330147,0.06671779141104289,True,0.009130983511076201
2026-04-13 01:00:00+00:00,0.05683890577507879,0.14180089780829364,0.13746077367510262,0.22687350290863403,0.2513052370956432,True,0.0092821853442139
2026-04-14 02:00:00+00:00,0.5690678352962668,0.4491874030615694,0.4765447794616941,0.2535197648332951,0.22865407520844372,False,-0.0086868169260209
2026-04-14 03:00:00+00:00,0.5245842043079118,0.6213973140184047,0.48752656245451564,0.26687254461231613,0.2748968297130453,False,-0.0081770549412742
2026-04-15 00:00:00+00:00,0.07320210986748354,0.07626409334843319,0.0036777583187390726,0.23721641844565064,0.14897312761827247,True,0.016161520475437
2026-04-15 01:00:00+00:00,0.32312317955464387,0.27795153605565476,0.029598022283179867,0.2600528732433566,0.2603307732177368,True,0.016390967896928902
2026-04-16 00:00:00+00:00,0.34252947309326165,0.226642381090366,0.05851684159977905,0.061763444957843444,0.1213843943274837,True,0.0128006572360929
2026-04-16 01:00:00+00:00,0.2892278953922791,0.34263706388762655,0.04705148638347929,0.0414758195485798,0.37860645959440076,True,0.0127453284154997
2026-04-16 15:00:00+00:00,0.3876660223233759,0.4148641908130352,0.03165921521457899,0.13872416704011414,0.025911286780851084,True,0.013046775599316201
2026-04-16 16:00:00+00:00,0.19245320100230745,0.08347801930689376,0.15103762510197222,0.006468466227142083,0.2331594291852044,False,-0.007106615268827
2026-04-17 00:00:00+00:00,0.10096426545661044,0.1271416556530111,0.05810280795529538,0.057843088909709545,0.397654715127705,False,-0.0080833689934835
2026-04-17 01:00:00+00:00,0.42848167539266013,0.3226743366325471,0.04946984301845116,0.0322292461716233,0.621250330235127,False,-0.008225714729348601
2026-04-18 00:00:00+00:00,0.10346578646692738,0.2555079559363502,0.3264680642393039,0.18076898450505838,0.5466003504210771,True,0.013985230663009201
2026-04-18 01:00:00+00:00,0.3260106788710786,0.07001495294220898,0.37708737864077496,0.20276212448853245,0.6031938325991154,True,0.0136925099304686
2026-04-19 00:00:00+00:00,0.1818511796733417,0.46694515074464044,0.5160425013063961,0.07932130602277805,0.05977067577458104,True,0.0074809166228899
2026-04-19 01:00:00+00:00,0.07661691542290462,0.4356854451067083,0.542188922344371,0.09852696984305485,0.155032760666569,True,0.0073161512757592
2026-04-20 00:00:00+00:00,0.7290486131822281,0.5867210018884824,0.40123231499174056,0.44695495638592697,0.42365537641128137,False,-0.0067801740080335
2026-04-20 01:00:00+00:00,0.42339798674194884,0.5255144295088156,0.26573054729503526,0.3692226759187358,0.3267980107115577,True,0.012902633383271401
2026-04-21 00:00:00+00:00,0.9426861911510067,0.18140370727811464,0.28898098127728944,0.015456478809053978,0.028669043374924607,True,0.0133774396543626
2026-04-21 01:00:00+00:00,0.26690391459075313,0.2512451577199776,0.280811407612562,0.043992255277954424,0.010254663790822148,True,0.01359285930773
2026-04-22 00:00:00+00:00,0.335678903754453,0.10492348636061014,0.041798273320698555,0.18128459419741413,0.796446981638472,False,-0.007820078957165
2026-04-22 01:00:00+00:00,0.8239458294859953,0.15934515688949916,0.07894595224855236,0.16042052068763357,0.8758577666874571,False,-0.0077247210422141
2026-04-23 00:00:00+00:00,0.5719189607592369,0.01702127659574562,0.31889590626814135,0.18296270355454386,0.23304225468691403,True,0.012107290133769
2026-04-23 01:00:00+00:00,0.26105619146722864,0.13535394085374283,0.3613182174105461,0.21747139220269113,0.3078618113912225,True,0.012337598257497001
2026-04-24 00:00:00+00:00,0.9309466984884723,0.15546519971298692,0.035147921785212075,0.17401674141058782,0.05878502761300723,True,0.0119146847760331
2026-04-24 01:00:00+00:00,0.9421024546424818,0.3822367290843506,0.013124513074571399,0.19247404054966466,0.12203312218575423,True,0.0121172484406823
2026-04-25 03:00:00+00:00,0.16535097077021102,0.36522967023838654,0.037933917567274086,0.016439970655794427,0.28258880292820154,True,0.0068231430448488
2026-04-25 04:00:00+00:00,0.9999999999999969,0.10467346320783011,0.0026388500822700028,0.029552209715929027,0.17558869062168725,True,0.0062513425398646
2026-04-26 00:00:00+00:00,0.9999999999999969,0.06122074346029935,0.08221702106468945,0.1370600557450251,0.24343005255957947,True,0.003859370883682
2026-04-26 01:00:00+00:00,0.40234192037467903,0.17755459320004457,0.015782339271884806,0.15473707415509147,0.3499832607967868,False,-0.0031887002146804002
2026-04-27 00:00:00+00:00,0.5063393579714008,0.5414350013238058,0.39869641687071106,0.2370417444492976,0.7320925238244317,True,0.0109253486778941
2026-04-27 01:00:00+00:00,0.8084692503366734,0.6564173775044654,0.5260263825180198,0.31585789333095593,0.675009828331796,True,0.0120640583821915
2026-04-28 00:00:00+00:00,0.6077814011019776,0.12195322793148596,0.4143527948712404,0.0153643867637386,0.5464236398784799,True,0.0090533637095652
2026-04-28 01:00:00+00:00,0.5844155844155715,0.15470994533666768,0.4109094037683872,0.01008865790278195,0.5198222430125093,True,0.009487697188958701
2026-04-29 00:00:00+00:00,0.17371980676329668,0.038577113619750907,0.34085081201919326,0.38467325602510766,0.2794857217824859,True,0.0069489447993569
2026-04-29 01:00:00+00:00,0.2931062985617288,0.2570066573518514,0.19689774163791077,0.35280653119356886,0.08273993808049691,False,-0.004434677438472
2026-04-30 00:00:00+00:00,0.5096539162112711,0.4659951348202967,0.13851000883697712,0.1882422802850356,0.02594084275258532,True,0.013040888109477
2026-04-30 01:00:00+00:00,0.7165719098757555,0.18279784474156435,0.06006510929059277,0.09882887607061581,0.07303742961245901,True,0.0132297265641624
