time,direction,p_up,ev_best,stake_unlev,stake_lev,fees,ret_realized,pnl,equity_before,equity_after,risk_capped
2022-06-30 13:00:00,long,0.99699866771698,1.2849260187818228,55.23757556151154,110.47515112302308,0.1325701813476277,0.012908390017865479,1.2934861566309837,1000.0,1001.2934861566309,False
2022-06-30 14:00:00,long,0.9924085140228271,1.2950808659265205,54.48390305434675,108.9678061086935,0.1307613673304322,-0.013302328084968673,-1.5802868748875265,1001.2934861566309,999.7131992817434,False
2022-07-01 00:00:00,long,0.8574573397636414,1.1507800538584538,44.74567703547942,89.49135407095883,0.10738962488515061,-0.01966029278500636,-1.8668158476468724,999.7131992817434,997.8463834340965,False
2022-07-01 01:00:00,long,0.7869865894317627,0.9054991549821849,44.55181251656345,89.1036250331269,0.1069243500397523,-0.019757769604669573,-1.867413244385142,997.8463834340965,995.9789701897114,False
2022-07-02 00:00:00,long,0.9328514337539673,1.0951156974469967,55.29258495686106,110.58516991372213,0.13270220389646656,0.012779322947408689,1.2805013956250517,995.9789701897114,997.2594715853364,False
2022-07-02 01:00:00,long,0.9610857367515564,1.1492875535056515,56.37678421232195,112.7535684246439,0.13530428210957268,-0.012324151725091492,-1.5248963669203695,997.2594715853364,995.734575218416,False
2022-07-03 00:00:00,long,0.9958186745643616,0.8798654122973507,73.57203744872446,147.14407489744892,0.17657288987693873,-0.007214444632572037,-1.2381356712356169,995.734575218416,994.4964395471804,False
2022-07-03 01:00:00,long,0.9983522891998291,0.8774973685846061,73.9435211454075,147.887042290815,0.17746445074897801,0.0071243870614101645,0.8761400798979222,994.4964395471804,995.3725796270784,False
2022-07-04 00:00:00,long,0.8255946636199951,0.5951242540972885,67.39279165441324,134.7855833088265,0.1617426999705918,-0.008591831435248776,-1.31979771166171,995.3725796270784,994.0527819154166,False
2022-07-04 01:00:00,long,0.9744875431060791,0.9570680764084729,66.48910211784458,132.97820423568916,0.15957384508282701,0.008803578677221813,1.0111102382617334,994.0527819154166,995.0638921536784,False
2022-07-05 00:00:00,long,0.9586558938026428,1.2003530435250676,54.03390451057539,108.06780902115078,0.12968137082538095,-0.013357049296825907,-1.5731484233208595,995.0638921536784,993.4907437303575,False
2022-07-05 01:00:00,long,0.9219857454299927,1.058701868077875,55.38655036924635,110.7731007384927,0.13292772088619126,-0.012672442014777352,-1.5366934167918302,993.4907437303575,991.9540503135656,False
2022-07-06 00:00:00,long,0.6289154887199402,0.27107350140031894,51.055291688673066,102.11058337734613,0.12253270005281537,-0.014867668965050318,-1.6406790515353673,991.9540503135656,990.3133712620303,False
2022-07-06 01:00:00,long,0.9665417075157166,1.3474956876748672,49.5942382412905,99.188476482581,0.1190261717790972,0.015704500732256044,1.4386793297729574,990.3133712620303,991.7520505918033,False
2022-07-07 00:00:00,long,0.9003188014030457,0.8301707218289498,63.56490330413767,127.12980660827535,0.15255576792993042,-0.009587662306022815,-1.3714334227200622,991.7520505918033,990.3806171690832,False
2022-07-07 01:00:00,long,0.9308115839958191,0.903892080786627,63.54148023270128,127.08296046540256,0.1524995525584831,-0.00956821454873047,-1.368456583779287,990.3806171690832,989.0121605853038,False
2022-07-08 00:00:00,long,0.9375365972518921,1.0816834867695773,55.99222430390429,111.98444860780857,0.1343813383293703,0.012288223980017277,1.2417086484421151,989.0121605853038,990.253869233746,False
2022-07-08 01:00:00,long,0.8669049739837646,0.9989550423764876,50.99172915528821,101.98345831057642,0.12238014997269173,-0.01485370907048944,-1.6372127697203824,990.253869233746,988.6166564640256,False
2022-07-09 05:00:00,long,0.9960082769393921,1.1597482748389447,59.26108597611958,118.52217195223916,0.142226606342687,0.010961195687110958,1.1569181136872204,988.6166564640256,989.7735745777128,False
2022-07-09 06:00:00,long,0.9824752807617188,1.042647796360546,62.942755795880025,125.88551159176005,0.15106261391011208,0.009739159947737663,1.0749565185848227,989.7735745777128,990.8485310962976,False
2022-07-10 00:00:00,long,0.9427528381347656,0.9225186823490702,64.12347655940862,128.24695311881723,0.15389634374258068,-0.009404196937543463,-1.3599559475118417,990.8485310962976,989.4885751487858,False
2022-07-10 01:00:00,long,0.9865542650222778,0.9494205971030899,68.05609767039354,136.11219534078708,0.16333463440894452,-0.008325853756193546,-1.2965848672507865,989.4885751487858,988.191990281535,False
2022-07-11 00:00:00,long,0.982465386390686,1.071582609838965,61.517300597111024,123.03460119422205,0.14764152143306647,-0.010163175253229628,-1.3980637355811605,988.191990281535,986.7939265459539,False
2022-07-11 01:00:00,long,0.9958055019378662,1.1527535725935503,59.41705192949893,118.83410385899786,0.14260092463079746,0.010863556621425907,1.1483600911978327,986.7939265459539,987.9422866371517,False
2022-07-12 00:00:00,long,0.9976984858512878,1.1726107657226725,58.87900322195022,117.75800644390044,0.14130960773268053,0.011088774392165934,1.1644823585949537,987.9422866371517,989.1067689957466,False
2022-07-12 01:00:00,long,0.99802565574646,1.1686920184932341,59.14217767442819,118.28435534885638,0.14194122641862766,-0.011016230663668192,-1.444988968844924,989.1067689957466,987.6617800269017,False
2022-07-13 00:00:00,long,0.977618396282196,1.1019863336444664,59.605276877930244,119.21055375586049,0.1430526645070326,0.010814049988081331,1.1460962229156992,987.6617800269017,988.8078762498175,False
2022-07-13 01:00:00,long,0.9813382625579834,1.0748105620169528,61.28303102387394,122.56606204774788,0.14707927445729746,0.010253795603897498,1.1096880737549275,988.8078762498175,989.9175643235724,False
2022-07-14 14:00:00,short,0.08627545833587646,0.8900400749159523,62.27656154432084,124.55312308864168,0.14946374770637003,-0.010086260716135609,-1.4057390201873396,989.9175643235724,988.5118253033851,False
2022-07-14 15:00:00,short,0.09154055267572403,0.9346117884980641,59.257412264295525,118.51482452859105,0.14221778943430927,0.011108610908407646,1.1743172831320152,988.5118253033851,989.6861425865171,False
2022-07-15 00:00:00,short,0.21053557097911835,0.7143336467039028,53.700607227797455,107.40121445559491,0.1288814573467139,-0.013558697367296313,-1.5851020210302154,989.6861425865171,988.1010405654869,False
2022-07-15 01:00:00,short,0.1836176961660385,0.799945611717389,53.24951016926852,106.49902033853704,0.12779882440624446,-0.013745256881808166,-1.5916552166203484,988.1010405654869,986.5093853488665,False
2022-07-16 01:00:00,short,0.16100694239139557,0.715457291693845,61.25398450659288,122.50796901318576,0.14700956281582292,0.010354166293015332,1.1214583205662718,986.5093853488665,987.6308436694328,False
2022-07-16 02:00:00,short,0.20130331814289093,0.5920980384755797,62.75427384492966,125.50854768985933,0.1506102572278312,0.009887444381399546,1.0903485274458855,987.6308436694328,988.7211921968787,False
2022-07-17 01:00:00,short,0.19325149059295654,0.663305786624177,59.46447264135783,118.92894528271566,0.1427147343392588,-0.011036056724635923,-1.4552213206804308,988.7211921968787,987.2659708761984,False
2022-07-17 02:00:00,short,0.16284798085689545,0.7355527801312826,59.821767946548746,119.64353589309749,0.143572243071717,-0.010872545404694955,-1.44440201944767,987.2659708761984,985.8215688567507,False
2022-07-18 00:00:00,short,0.051373597234487534,0.9812679793069627,61.847560783245754,123.69512156649151,0.14843414587978981,-0.010142216133933735,-1.4029768035203547,985.8215688567507,984.4185920532303,False
2022-07-18 01:00:00,short,0.03914906084537506,1.0039637203100285,62.14366236262098,124.28732472524196,0.14914478967029035,-0.010017222210110921,-1.3941585393432523,984.4185920532303,983.0244335138871,False
2022-07-19 00:00:00,short,0.04834709316492081,1.4738501151088754,44.38578217427278,88.77156434854555,0.10652587721825467,0.019580431208202964,1.6316596317530043,983.0244335138871,984.65609314564,False
2022-07-19 01:00:00,short,0.09167460352182388,1.3307002392456297,44.21397212533122,88.42794425066243,0.10611353310079494,0.019798462296863772,1.6446237871351168,984.65609314564,986.3007169327751,False
2022-07-20 00:00:00,short,0.08119776844978333,1.3187967568565904,45.69483156977362,91.38966313954724,0.1096675957674567,-0.01859798604771168,-1.8093312757418265,986.3007169327751,984.4913856570333,False
2022-07-20 01:00:00,short,0.13385175168514252,1.1374240355088503,45.66906472193861,91.33812944387722,0.10960575533265268,-0.018550729267979404,-1.803994666489677,984.4913856570333,982.6873909905437,False
2022-07-21 00:00:00,short,0.15017880499362946,1.0463037781716056,46.85933142632036,93.71866285264072,0.11246239542316887,0.01755577365921046,1.532841237261647,982.6873909905437,984.2202322278054,False
2022-07-21 01:00:00,short,0.11810489743947983,1.157794209955789,46.757057302507384,93.51411460501477,0.11221693752601773,0.01768771033003358,1.541833633377046,984.2202322278054,985.7620658611824,False
2022-07-22 00:00:00,short,0.10015294700860977,1.0002767776776773,54.99747588219181,109.99495176438361,0.13199394211726034,0.012824488988761762,1.2786351056044585,985.7620658611824,987.0407009667869,False
2022-07-22 01:00:00,short,0.08673495799303055,1.0069050263737647,56.424168825043125,112.84833765008625,0.13541800518010352,0.012215778905100616,1.2431123373614918,987.0407009667869,988.2838133041483,False
2022-07-23 00:00:00,short,0.00970122218132019,1.1983015483049664,57.32463485399597,114.64926970799193,0.13757912364959032,0.011864847270812051,1.2227169511458726,988.2838133041483,989.5065302552943,False
2022-07-23 01:00:00,short,0.007742169313132763,1.1823627376266501,58.23202455311261,116.46404910622522,0.13975685892747028,0.011526433049905527,1.2026582058163444,989.5065302552943,990.7091884611106,False
2022-07-24 00:00:00,short,0.01652223989367485,1.0595147024387774,62.591606980160435,125.18321396032087,0.15021985675238506,0.01000095699905379,1.1017320830681339,990.7091884611106,991.8109205441787,False
2022-07-24 01:00:00,short,0.03263789415359497,0.9979161144929056,63.68641925458621,127.37283850917242,0.15284740621100693,-0.009681563323802544,-1.3860156079700352,991.8109205441787,990.4249049362086,False
2022-07-25 00:00:00,short,0.029200371354818344,1.07662072894971,60.34598292483396,120.69196584966792,0.14483035901960153,0.01075295319698144,1.15296470101356,990.4249049362086,991.5778696372222,False
2022-07-25 01:00:00,short,0.013039163313806057,1.101927991681702,61.136938932336875,122.27387786467375,0.14672865343760852,0.010500927309489594,1.1372604498687393,991.5778696372222,992.715130087091,False
2022-07-26 01:00:00,short,0.2301102578639984,0.6462145318222577,54.52491666698746,109.04983333397492,0.1308598000007699,0.013232461613585822,1.3121379335589847,992.715130087091,994.02726802065,False
2022-07-26 03:00:00,short,0.20035068690776825,0.7374233127425438,54.29245573918782,108.58491147837564,0.1303018937740508,0.01338132152085636,1.32270771903182,994.02726802065,995.3499757396818,False
2022-07-27 00:00:00,short,0.02193925343453884,1.0566609985083253,62.38851180413041,124.77702360826082,0.149732428329913,-0.01016070282716175,-1.417554684871197,995.3499757396818,993.9324210548106,False
2022-07-27 01:00:00,short,0.06225842237472534,0.9290010497190899,63.615718394839256,127.23143678967851,0.15267772414761424,-0.009744649526240767,-1.392503484383087,993.9324210548106,992.5399175704275,False
2022-07-28 00:00:00,short,0.12663456797599792,0.973629161892883,53.20380515703646,106.40761031407293,0.12768913237688753,-0.01389286952900659,-1.6059961793636788,992.5399175704275,990.9339213910638,False
2022-07-28 13:00:00,short,0.31296077370643616,0.3962816503429202,55.95243505010653,111.90487010021306,0.13428584412025568,-0.012674445221354746,-1.5526179902082247,990.9339213910638,989.3813034008556,False
2022-07-28 14:00:00,short,0.21957072615623474,0.6654834256732876,55.60828362748134,111.21656725496268,0.13345988070595524,-0.012791632350315219,-1.556101320295544,989.3813034008556,987.8252020805601,False
2022-07-29 00:00:00,short,0.1726388931274414,0.9040642717730969,50.50007093008942,101.00014186017884,0.12120017023221462,-0.015461576707477498,-1.6828216110694787,987.8252020805601,986.1423804694906,False
2022-07-29 01:00:00,short,0.25688010454177856,0.6375383287914277,50.56236475940209,101.12472951880417,0.12134967542256501,-0.015370997214150917,-1.6757376111378688,986.1423804694906,984.4666428583528,False
2022-07-30 00:00:00,short,0.1222645491361618,0.9514497504802193,54.93821535318129,109.87643070636258,0.1318517168476351,-0.01297569018198752,-1.5575742399960162,984.4666428583528,982.9090686183567,False
2022-07-30 01:00:00,short,0.10975954681634903,0.9624793583927369,55.95946548697505,111.9189309739501,0.13430271716874012,-0.012466861093534565,-1.529580483357859,982.9090686183567,981.3794881349988,False
2022-07-31 04:00:00,short,0.03685414418578148,0.9601221184923833,65.12096397810492,130.24192795620985,0.15629031354745182,0.009177192958227831,1.0389649905582936,981.3794881349988,982.4184531255571,False
2022-07-31 06:00:00,short,0.04257854074239731,0.9119987398674003,67.00514084613339,134.01028169226677,0.16081233803072015,0.008686690046780354,1.0032934421117252,982.4184531255571,983.4217465676688,False
2022-08-01 00:00:00,short,0.10034991055727005,0.8440423106963364,63.15478938583528,126.30957877167056,0.15157149452600469,0.009798161300992425,1.086030132139232,983.4217465676688,984.5077766998081,False
2022-08-01 01:00:00,short,0.04448327794671059,0.9821051783458694,63.28711953595576,126.57423907191152,0.15188908688629385,0.009778791684823096,1.085854029662925,984.5077766998081,985.593630729471,False
2022-08-02 00:00:00,short,0.19173933565616608,0.6572901644735132,60.56811999419613,121.13623998839226,0.14536348798607074,0.010700033588793012,1.1507983487098177,985.593630729471,986.7444290781808,False
2022-08-02 01:00:00,short,0.19622693955898285,0.645123380546091,60.66926854690158,121.33853709380315,0.1456062445125638,0.010689303301407271,1.1514181806321548,986.7444290781808,987.895847258813,False
2022-08-03 00:00:00,short,0.09979593008756638,0.9498733906186008,58.10889202955139,116.21778405910278,0.13946134087092335,-0.011679242656620792,-1.4967970419119405,987.895847258813,986.3990502169011,False
2022-08-03 01:00:00,short,0.07351920753717422,1.024584307543629,57.88029905935689,115.76059811871377,0.13891271774245653,-0.011736032666816332,-1.4974828787938785,986.3990502169011,984.9015673381072,False
2022-08-04 00:00:00,short,0.16504208743572235,0.6745751211417961,63.773053379863356,127.54610675972671,0.15305532811167208,0.009638041384452789,1.0762393272644077,984.9015673381072,985.9778066653715,False
2022-08-04 01:00:00,short,0.1566677689552307,0.6983613050488484,63.64782058330669,127.29564116661338,0.15275476939993607,0.00969716435149437,1.0816519842215664,985.9778066653715,987.0594586495931,False
2022-08-05 00:00:00,short,0.12710878252983093,0.7457367735595408,65.2836342470972,130.5672684941944,0.15668072219303328,-0.009237523044072216,-1.362798873709718,987.0594586495931,985.6966597758834,False
2022-08-05 01:00:00,short,0.050859272480010986,0.9561230730957198,63.869978628031184,127.73995725606237,0.15328794870727486,-0.009624331639299433,-1.3826996609295532,985.6966597758834,984.3139601149538,False
2022-08-06 05:00:00,long,0.7310435175895691,0.2939258757618031,76.1992719725987,152.3985439451974,0.18287825273423688,-0.006742845314384738,-1.2104780606941676,984.3139601149538,983.1034820542596,False
2022-08-06 06:00:00,long,0.8021585941314697,0.4231180899775263,77.82252692778067,155.64505385556134,0.18677406462667362,-0.006448598879646106,-1.1904665845421043,983.1034820542596,981.9130154697175,False
2022-08-07 00:00:00,long,0.8848896622657776,0.4505737765014005,90.40862328455235,180.8172465691047,0.21698069588292565,0.004766546927926996,0.6448931952672584,981.9130154697175,982.5579086649848,False
2022-08-07 01:00:00,long,0.8104255795478821,0.32763699492644893,89.68618737138353,179.37237474276705,0.2152468496913205,0.004850011166660284,0.6547111708014728,982.5579086649848,983.2126198357862,False
2022-08-08 04:00:00,long,0.8234657049179077,0.4098428674781255,83.319502552367,166.639005104734,0.19996680612568082,0.0056270283509889385,0.7377155999792478,983.2126198357862,983.9503354357654,False
2022-08-08 06:00:00,short,0.13895434141159058,0.5279986474713526,79.11436269076553,158.22872538153106,0.18987447045783729,-0.006250478130103154,-1.1788796580091951,983.9503354357654,982.7714557777562,False
2022-08-09 11:00:00,long,0.8303782939910889,0.49617609642626853,76.36793166298887,152.73586332597773,0.1832830359911733,-0.006692071354249318,-1.205402331721488,982.7714557777562,981.5660534460346,False
2022-08-09 12:00:00,long,0.7972623705863953,0.4149061098198441,77.53433649971772,155.06867299943545,0.18608240759932257,-0.006476322434858739,-1.19035713348934,981.5660534460346,980.3756963125453,False
2022-08-10 08:00:00,short,0.1768016666173935,0.4757057421422799,76.6920913485664,153.3841826971328,0.18406101923655935,-0.006603306603306658,-1.196903805683331,980.3756963125453,979.178792506862,False
2022-08-10 09:00:00,short,0.09307406842708588,0.6502676222783758,76.36385585786182,152.72771171572364,0.18327325405886838,-0.006643942278816484,-1.1979873550738602,979.178792506862,977.9808051517881,False
2022-08-11 00:00:00,short,0.09959305822849274,0.9986904171258817,55.3449357366454,110.6898714732908,0.13282784576794895,-0.012617765114489643,-1.5294866445709798,977.9808051517881,976.4513185072171,False
2022-08-11 13:00:00,short,0.10750583559274673,0.8337122070702934,60.99877390068723,121.99754780137447,0.14639705736164937,0.010234348308910457,1.1021683396705702,976.4513185072171,977.5534868468877,False
2022-08-11 14:00:00,short,0.13604818284511566,0.8069466624395883,58.58265180759133,117.16530361518267,0.1405983643382192,0.011121009642436674,1.1623981069252478,977.5534868468877,978.715884953813,False
2022-08-12 00:00:00,short,0.31784528493881226,0.33148613460657217,58.86598270651858,117.73196541303716,0.1412783584956446,0.01104042239852654,1.1585322694730027,978.715884953813,979.874417223286,False
2022-08-12 01:00:00,short,0.19780278205871582,0.6368729259226331,59.317349656735814,118.63469931347163,0.14236163917616595,0.010898797266885363,1.1506138974592655,979.874417223286,981.0250311207452,False
2022-08-13 00:00:00,short,0.016945412382483482,0.8658111437468251,71.33990014440747,142.67980028881493,0.17121576034657793,-0.007552598453515635,-1.2488189993558012,981.0250311207452,979.7762121213894,False
2022-08-13 01:00:00,short,0.03036869503557682,0.8208776009978599,72.23686738100113,144.47373476200227,0.17336848171440272,-0.007347459249813504,-1.234883360546579,979.7762121213894,978.5413287608428,False
2022-08-14 08:00:00,long,0.744356095790863,0.3210761255450667,74.62995143609942,149.25990287219884,0.17911188344663861,-0.006866465461328075,-1.203999851279775,978.5413287608428,977.3373289095631,False
2022-08-14 11:00:00,long,0.786931037902832,0.41016470305885155,74.34323210809816,148.68646421619633,0.1784237570594356,-0.006902514204727317,-1.2047341883624108,977.3373289095631,976.1325947212007,False
2022-08-15 01:00:00,short,0.12026578933000565,0.5628261779281054,77.26907699508308,154.53815399016617,0.18544578478819942,-0.006373931516120646,-1.170461394949225,976.1325947212007,974.9621333262514,False
2022-08-15 02:00:00,short,0.040142275393009186,0.7560159177869126,74.74709455704274,149.4941891140855,0.1793930269369026,-0.006794978340379343,-1.195202803979687,974.9621333262514,973.7669305222718,False
2022-08-16 00:00:00,short,0.020986827090382576,0.9441716285236601,65.97231656026278,131.94463312052557,0.1583335597446307,0.00870137302482532,0.989765911660784,973.7669305222718,974.7566964339326,False
2022-08-16 01:00:00,short,0.043375156819820404,0.8574491378455218,68.008296290666,136.016592581332,0.1632199110975984,0.008204835467604199,0.9527738518963845,974.7566964339326,975.709470285829,False
2022-08-17 00:00:00,short,0.14273129403591156,0.595828480823559,70.96486821226746,141.92973642453492,0.17031568370944192,-0.007550147770112092,-1.2419061666877413,975.709470285829,974.4675641191412,False
2022-08-17 01:00:00,short,0.3191221058368683,0.21582844769822393,71.08760881106703,142.17521762213406,0.1706102611465609,-0.007504956441224397,-1.2376290764222764,974.4675641191412,973.2299350427189,False
2022-08-18 03:00:00,short,0.10970434546470642,0.5888210162724213,76.62297493614578,153.24594987229156,0.18389513984674988,-0.0064433854211773944,-1.171317859108355,973.2299350427189,972.0586171836105,False
2022-08-18 04:00:00,short,0.1196146234869957,0.5614733707914588,77.16398549688009,154.32797099376018,0.18519356519251223,-0.006338066914043594,-1.1633345720595432,972.0586171836105,970.895282611551,False
2022-08-19 01:00:00,short,0.2992602288722992,0.25165776872189477,71.61713042512223,143.23426085024445,0.17188111302029335,0.007340272161468375,0.8794973444672556,970.895282611551,971.7747799560183,False
2022-08-19 02:00:00,short,0.23057839274406433,0.3918678850231865,72.1707896584619,144.3415793169238,0.17320989518030858,0.007241183372937332,0.871993948992915,971.7747799560183,972.6467739050112,False
2022-08-20 00:00:00,long,0.930072009563446,1.0921504233207822,53.44653473135143,106.89306946270285,0.12827168335524344,0.013227336700114334,1.2856389373366368,972.6467739050112,973.9324128423478,False
2022-08-20 01:00:00,long,0.9533405900001526,1.10871136101586,55.44938699809796,110.89877399619591,0.1330785287954351,0.012321550255246727,1.2333662882439418,973.9324128423478,975.1657791305918,False
2022-08-21 01:00:00,long,0.7061598300933838,0.31410446024339084,66.25673576564616,132.5134715312923,0.1590161658375508,-0.008651632139243581,-1.3054739750204187,975.1657791305918,973.8603051555714,False
2022-08-21 03:00:00,short,0.2801564335823059,0.34709634414451407,66.01137604667319,132.02275209334638,0.15842730251201567,-0.008692745577307148,-1.3060674968753705,973.8603051555714,972.554237658696,False
2022-08-22 02:00:00,long,0.7187426686286926,0.3000276190146506,70.59058928756541,141.18117857513082,0.169417414290157,-0.007581152947597536,-1.239733522390304,972.554237658696,971.3145041363057,False
2022-08-22 03:00:00,long,0.7371202111244202,0.3371847455958089,70.7439467161978,141.4878934323956,0.16978547211887474,-0.007529088294276454,-1.2350603143425587,971.3145041363057,970.0794438219631,False
2022-08-23 00:00:00,long,0.6860089898109436,0.287313233343274,63.774053231708,127.548106463416,0.15305772775609922,-0.009241187375330973,-1.3317536789531899,970.0794438219631,968.7476901430099,False
2022-08-23 01:00:00,long,0.7171684503555298,0.35854830799033754,63.94442402103261,127.88884804206522,0.15346661765047828,-0.009166788528282899,-1.3257966427777965,968.7476901430099,967.421893500232,False
2022-08-24 00:00:00,long,0.8340995907783508,0.5651182217709225,68.88198390296984,137.76396780593967,0.1653167613671276,-0.007878104576692246,-1.250635706642384,967.421893500232,966.1712577935897,False
2022-08-24 10:00:00,short,0.30070000886917114,0.25062064518976135,71.02849529819137,142.05699059638275,0.1704683887156593,-0.007389996125548359,-1.2202689988299875,966.1712577935897,964.9509887947597,False
2022-08-25 00:00:00,long,0.7879635095596313,0.4607660681361554,68.9888282260357,137.9776564520714,0.16557318774248567,0.007813654180170326,0.9125365043643471,964.9509887947597,965.863525299124,False
2022-08-25 13:00:00,long,0.8710964322090149,0.5185822248590017,77.29612947192189,154.59225894384377,0.18551071073261255,-0.006136566840877933,-1.1341764408238193,965.863525299124,964.7293488583002,False
2022-08-25 14:00:00,long,0.9442132711410522,0.6413513261834088,78.41883740135067,156.83767480270134,0.18820520976324162,-0.005948118546580172,-1.1210942920596993,964.7293488583002,963.6082545662405,False
2022-08-26 00:00:00,long,0.9014101028442383,0.5949008775961575,75.60878242337024,151.2175648467405,0.1814610778160886,-0.006383604426107636,-1.1467741940769598,963.6082545662405,962.4614803721635,False
2022-08-26 01:00:00,long,0.9417732357978821,0.6614862875757754,76.36588819505475,152.7317763901095,0.18327813166813142,-0.006242769968146433,-1.1367474784979634,962.4614803721635,961.3247328936656,False
2022-08-27 00:00:00,long,0.7166904211044312,0.5432549710212061,47.99709588577078,95.99419177154157,0.11519303012584989,-0.015765935414292276,-1.6286312577431612,961.3247328936656,959.6961016359224,False
2022-08-27 01:00:00,long,0.7533960342407227,0.6233170149682221,49.676464546844684,99.35292909368937,0.11922351491242725,-0.014668156487594453,-1.5765478263595385,959.6961016359224,958.119553809563,False
2022-08-28 00:00:00,short,0.1589721143245697,0.533307931249706,70.48821840922142,140.97643681844283,0.16917172418213142,-0.007261323274555309,-1.1928472060157662,958.119553809563,956.9267066035471,False
2022-08-28 02:00:00,short,0.133549764752388,0.618479327065161,67.98646376559815,135.9729275311963,0.16316751303743557,0.007786134085996599,0.8955359327859572,956.9267066035471,957.8222425363331,False
2022-08-29 00:00:00,short,0.2110074907541275,0.442493242761616,68.96828468259787,137.93656936519574,0.1655238832382349,-0.007580195719838478,-1.211110075949495,957.8222425363331,956.6111324603836,False
2022-08-29 03:00:00,short,0.3114055395126343,0.2435304246773929,67.35018505418668,134.70037010837336,0.16164044413004805,-0.00792871317334165,-1.229641043062304,956.6111324603836,955.3814914173213,False
2022-08-30 01:00:00,long,0.9401995539665222,0.8219415691936997,65.15820901926486,130.31641803852972,0.15637970164623569,0.008449379225664355,0.944713133691509,955.3814914173213,956.3262045510128,False
2022-08-30 02:00:00,long,0.9431580305099487,0.7848864262711868,67.79322417051928,135.58644834103856,0.16270373800924628,0.007820760151560302,0.8976853542679374,956.3262045510128,957.2238899052808,False
2022-08-31 00:00:00,short,0.24910764396190643,0.5061228290296292,56.67860006898052,113.35720013796104,0.13602864016555327,-0.011209810239885432,-1.4067413430368112,957.2238899052808,955.8171485622439,False
2022-08-31 03:00:00,short,0.09381736069917679,0.9363581147764451,55.09445510273911,110.18891020547822,0.13222669224657388,0.011828870696793392,1.171183678794606,955.8171485622439,956.9883322410385,False
2022-09-01 03:00:00,short,0.32849326729774475,0.27266865286780473,59.71774121901079,119.43548243802158,0.14332257892562592,0.010092900070868716,1.0621278102373215,956.9883322410385,958.0504600512759,False
2022-09-01 04:00:00,short,0.33587324619293213,0.23925997808930588,61.5178984704603,123.0357969409206,0.14764295632910474,0.009531982102053638,1.0251320580236563,958.0504600512759,959.0755921092996,False
2022-09-02 00:00:00,short,0.05046702176332474,0.8990666699190137,62.358879675574315,124.71775935114863,0.14966131122137838,-0.009296479192119289,-1.3090973659170726,959.0755921092996,957.7664947433825,False
2022-09-02 01:00:00,short,0.030449796468019485,0.9304586362154222,63.04873959176914,126.09747918353828,0.15131697502024596,-0.009069344418404457,-1.294938444028341,957.7664947433825,956.4715562993541,False
2022-09-03 02:00:00,long,0.6921015381813049,0.281440113995388,63.93215315677665,127.8643063135533,0.15343716757626397,-0.008796600912558628,-1.2782084411777428,956.4715562993541,955.1933478581764,False
2022-09-03 07:00:00,long,0.9142634868621826,0.6069737154767304,75.93436032310665,151.8687206462133,0.18224246477545597,-0.006218925207021053,-1.1267026797602304,955.1933478581764,954.0666451784161,False
2022-09-04 00:00:00,long,0.8744885921478271,0.36666381617212684,91.9416142372874,183.8832284745748,0.22065987416948976,-0.004231970283832154,-0.9988482327690088,954.0666451784161,953.0677969456472,False
2022-09-04 01:00:00,long,0.8803912401199341,0.36831268055462246,92.70532846784688,185.41065693569377,0.22249278832283254,-0.004153819584697627,-0.9926552063139702,953.0677969456472,952.0751417393332,False
2022-09-05 00:00:00,long,0.7804968953132629,0.3810169865964328,72.67424035398936,145.34848070797872,0.17441817684957447,-0.0067451386775825295,-1.1548138358008198,952.0751417393332,950.9203279035323,False
2022-09-05 01:00:00,long,0.8582789301872253,0.5391617719030706,72.30777012698489,144.61554025396978,0.17353864830476376,-0.006797164150505686,-1.156514214125059,950.9203279035323,949.7638136894072,False
2022-09-06 00:00:00,long,0.7178968191146851,0.23584444504330754,75.0101626789857,150.0203253579714,0.1800243904295657,-0.00630086907558336,-1.1252828191865618,949.7638136894072,948.6385308702207,False
2022-09-06 01:00:00,long,0.7512319087982178,0.36301522890086624,68.29241779738564,136.58483559477128,0.16390180271372554,0.007583435134920213,0.8718804384329639,948.6385308702207,949.5104113086537,False
2022-09-07 00:00:00,long,0.9041073322296143,0.9755164586030455,52.75797972115117,105.51595944230235,0.12661915133076282,-0.01273012246632832,-1.4698502371834037,949.5104113086537,948.0405610714703,False
2022-09-07 01:00:00,long,0.789433479309082,0.6601864156779014,52.78861756600604,105.57723513201208,0.1266926821584145,-0.012676013480103165,-1.464991137883821,948.0405610714703,946.5755699335865,False
2022-09-08 13:00:00,long,0.9243091940879822,0.7285632863771503,64.6857233486891,129.3714466973782,0.15524573603685385,0.00805021645922821,0.8862224135205451,946.5755699335865,947.461792347107,False
2022-09-08 14:00:00,long,0.9066265225410461,0.7088237292716978,63.65780383119618,127.31560766239237,0.15277872919487084,-0.008327870453539887,-1.2130466165209846,947.461792347107,946.248745730586,False
2022-09-09 03:00:00,long,0.888653576374054,0.6277605947856697,66.48362925113389,132.96725850226778,0.15956071020272136,0.007615440839257026,0.8530435804794948,946.248745730586,947.1017893110655,False
2022-09-09 04:00:00,long,0.911899983882904,0.7345202945497582,62.74291189100696,125.48582378201392,0.15058298853841673,0.008565995192793663,0.9243279747420672,947.1017893110655,948.0261172858076,False
2022-09-10 00:00:00,short,0.03396153822541237,0.9810742839710995,56.346678916236826,112.69335783247365,0.1352320293989684,-0.01064186656860655,-1.334499706620385,948.0261172858076,946.6916175791872,False
2022-09-10 01:00:00,short,0.005711694248020649,1.0223518807615883,57.41329913164228,114.82659826328457,0.1377919179159415,-0.01022129468837707,-1.3114684168288597,946.6916175791872,945.3801491623583,False
2022-09-11 00:00:00,short,0.11490100622177124,0.7078650482718681,60.69989755821041,121.39979511642082,0.145679754139705,0.009119077242231932,0.9613743547180673,945.3801491623583,946.3415235170763,False
2022-09-11 01:00:00,short,0.06829636543989182,0.818590977797092,60.355884189497985,120.71176837899597,0.14485412205479517,0.009242094667567091,0.9707754687933172,946.3415235170763,947.3122989858697,False
2022-09-12 00:00:00,short,0.1879883110523224,0.522062113599559,62.5917349974121,125.1834699948242,0.15022016399378904,-0.008611250528317793,-1.2282063861233734,947.3122989858697,946.0840925997463,False
2022-09-12 02:00:00,long,0.6425214409828186,0.2329275968483648,53.210195713506494,106.42039142701299,0.12770446971241559,0.011884574049381813,1.1370565525661176,946.0840925997463,947.2211491523125,False
2022-09-13 00:00:00,short,0.19927437603473663,0.5292578319677537,60.19166869144105,120.3833373828821,0.14446000485945854,-0.009309875184238425,-1.2652138501561545,947.2211491523125,945.9559353021564,False
2022-09-13 01:00:00,short,0.10176479816436768,0.7068666180369971,62.5608469223408,125.1216938446816,0.15014603261361795,-0.008595089970510061,-1.2255782484712712,945.9559353021564,944.7303570536851,False
2022-09-14 02:00:00,long,0.8416306972503662,0.8056770795393513,49.660139527424,99.320279054848,0.11918433486581761,-0.01360547546805746,-1.4704839550271733,944.7303570536851,943.259873098658,False
2022-09-14 04:00:00,long,0.9217322468757629,0.9450724301766725,52.80785214784088,105.61570429568177,0.12673884515481812,-0.011994428629609755,-1.3935388724953415,943.259873098658,941.8663342261626,False
2022-09-15 01:00:00,long,0.7768850326538086,0.5516610283943927,54.36623184067711,108.73246368135422,0.13047895641762508,-0.01128324283619353,-1.3573337483119383,941.8663342261626,940.5090004778507,False
2022-09-15 02:00:00,long,0.849772036075592,0.716953148113866,55.087175588511755,110.17435117702351,0.13220922141242822,0.010958188153310067,1.075102048454254,940.5090004778507,941.584102526305,False
2022-09-16 01:00:00,short,0.2672380805015564,0.41017850381752907,56.96640208999842,113.93280417999684,0.1367193650159962,0.010270569026539667,1.0334353647018883,941.584102526305,942.6175378910068,False
2022-09-16 02:00:00,short,0.23966996371746063,0.46798615277816136,57.56936792493383,115.13873584986766,0.1381664830198412,0.010078640676940864,1.0222754636081843,942.6175378910068,943.639813354615,False
2022-09-17 00:00:00,long,0.7631435394287109,0.4556638218343832,59.108718938246646,118.21743787649329,0.14186092545179196,-0.009581274240688331,-1.2745346177780101,943.639813354615,942.3652787368369,False
2022-09-17 01:00:00,long,0.7843859195709229,0.5028464363979185,59.11045647600845,118.2209129520169,0.1418650955424203,-0.009554847921380172,-1.2714479399256653,942.3652787368369,941.0938307969112,False
2022-09-18 09:00:00,long,0.94782555103302,0.5518673801845255,80.41533540550915,160.8306708110183,0.192996804973222,0.0051487517249579895,0.635080388791159,941.0938307969112,941.7289111857024,False
2022-09-18 10:00:00,long,0.9787003397941589,0.6626071941926739,75.87963957382604,151.75927914765208,0.1821111349771825,-0.005790487670996991,-1.0608713698410526,941.7289111857024,940.6680398158613,False
2022-09-19 01:00:00,long,0.7739503383636475,0.42256443185649695,63.65029579376285,127.3005915875257,0.15276070990503085,-0.008210805749621741,-1.198001139242136,940.6680398158613,939.4700386766192,False
2022-09-19 02:00:00,short,0.3367496728897095,0.26409398086441704,54.98216052705426,109.96432105410852,0.13195718526493025,0.010975798324704411,1.0749890255380121,939.4700386766192,940.5450277021572,False
2022-09-20 00:00:00,short,0.16663068532943726,0.780926331326654,49.5554886186563,99.1109772373126,0.11893317268477513,0.013542208973759129,1.2232483926563964,940.5450277021572,941.7682760948136,False
2022-09-20 01:00:00,short,0.39234060049057007,0.1698986928518053,49.77200798152569,99.54401596305138,0.11945281915566167,0.013459584166732652,1.220368241993607,941.7682760948136,942.9886443368072,False
2022-09-21 00:00:00,long,0.9394500851631165,0.9901937862181359,52.7895436087733,105.5790872175466,0.12669490466105593,0.011995848273259169,1.1398158064298296,942.9886443368072,944.128460143237,False
2022-09-21 01:00:00,long,0.9488507509231567,1.0051219898283064,53.229690518539705,106.45938103707941,0.1277512572444953,0.011826824418192938,1.131325149950542,944.128460143237,945.2597852931875,False
2022-09-22 00:00:00,long,0.9900354743003845,1.2340539147069554,28.474536142313255,56.94907228462651,0.06833888674155182,0.023303729327399658,1.258786879225902,945.2597852931875,946.5185721724134,False
2022-09-22 13:00:00,long,0.8825063705444336,0.8124138417198422,55.133492373059525,110.26698474611905,0.13232038169534288,0.011199418687297902,1.1026057478623355,946.5185721724134,947.6211779202757,False
2022-09-22 14:00:00,long,0.9465755224227905,0.9788574055278032,54.833372788017,109.666745576034,0.13160009469124082,0.011348744105126318,1.112979737693163,947.6211779202757,948.7341576579689,False
2022-09-23 00:00:00,long,0.865257978439331,0.780781590301278,54.68195235509448,109.36390471018896,0.13123668565222676,-0.01143850475978292,-1.3821962302281687,948.7341576579689,947.3519614277408,False
2022-09-23 01:00:00,long,0.9085051417350769,0.8698739772309729,55.51026933720668,111.02053867441336,0.13322464640929604,-0.01106736557786081,-1.3619295345700633,947.3519614277408,945.9900318931707,False
2022-09-24 04:00:00,long,0.9305707812309265,0.8796625367517579,57.568110591309875,115.13622118261975,0.1381634654191437,-0.010260709121052924,-1.319542740271217,945.9900318931707,944.6704891528994,False
2022-09-24 05:00:00,long,0.8703744411468506,0.7009095572366777,59.62017810350894,119.24035620701788,0.14308842744842148,-0.009539868021555709,-1.2806256885066631,944.6704891528994,943.3898634643928,False
2022-09-25 00:00:00,long,0.9857289791107178,0.7094383186931966,74.22452869577953,148.44905739155905,0.17813886886987088,0.006138407579408867,0.733101950178577,943.3898634643928,944.1229654145714,False
2022-09-25 01:00:00,long,0.9850465059280396,0.7024605372529104,74.68340774070975,149.3668154814195,0.1792401785777034,0.006072633608483535,0.7278097651069235,944.1229654145714,944.8507751796783,False
2022-09-26 00:00:00,long,0.9901609420776367,0.8927003498357908,63.70644160200735,127.4128832040147,0.15289545984481767,0.008358492548152574,0.9120841749545735,944.8507751796783,945.7628593546328,False
2022-09-26 01:00:00,long,0.9743319153785706,0.8699810214655638,63.16789140911562,126.33578281823124,0.1516029393818775,-0.008518045539087638,-1.2277368906438566,945.7628593546328,944.535122463989,False
2022-09-27 00:00:00,long,0.9468308687210083,0.835832153873702,61.69258024276862,123.38516048553724,0.1480621925826447,0.008907145812400374,0.9509474229484565,944.535122463989,945.4860698869375,False
2022-09-27 01:00:00,long,0.7755467295646667,0.4864498559191146,59.54020740389155,119.0804148077831,0.14289649776933974,0.009582035833762825,0.9981363040181793,945.4860698869375,946.4842061909557,False
2022-09-28 00:00:00,long,0.8926202058792114,0.9656577638423722,49.31784618201958,98.63569236403916,0.118362830836847,-0.013995446128235889,-1.498813349639005,946.4842061909557,944.9853928413166,False
2022-09-28 01:00:00,long,0.9517436027526855,1.1400016139379512,48.84232906439751,97.68465812879502,0.11722158975455403,-0.014224128531499347,-1.506700722534107,944.9853928413166,943.4786921187825,False
2022-09-29 00:00:00,short,0.3851085305213928,0.16287280907302884,53.47497518106522,106.94995036213044,0.12833994043455654,0.011828542018969102,1.1367220413505632,943.4786921187825,944.6154141601331,False
2022-09-29 01:00:00,long,0.942864716053009,0.9941318376650978,53.591908402417296,107.18381680483459,0.12862058016580152,-0.011805375862496081,-1.3939658239237978,944.6154141601331,943.2214483362093,False
2022-09-30 00:00:00,long,0.9331961274147034,1.0578393634441394,49.90032337262571,99.80064674525141,0.1197607760943017,-0.013576531238851608,-1.4747073742888017,943.2214483362093,941.7467409619205,False
2022-09-30 01:00:00,long,0.8691471815109253,0.875499627008701,50.18667881714168,100.37335763428337,0.12044802916114004,-0.013380105769096984,-1.4634541707072497,941.7467409619205,940.2832867912133,False
2022-10-01 01:00:00,long,0.9274188280105591,1.0388401520415877,49.87273788785022,99.74547577570044,0.11969457093084054,-0.013507009957878457,-1.4669577054865508,940.2832867912133,938.8163290857267,False
2022-10-01 02:00:00,long,0.9327412247657776,0.983850825917387,52.60184567410195,105.2036913482039,0.12624442961784468,-0.012103960888043552,-1.3996257949743105,938.8163290857267,937.4167032907524,False
2022-10-02 02:00:00,short,0.12832443416118622,0.33399251777998984,90.56623023880715,181.1324604776143,0.21735895257313717,-0.0040709990521718975,-0.9547490274950687,937.4167032907524,936.4619542632573,False
2022-10-02 04:00:00,short,0.020700938999652863,0.4318896573145111,91.30504054066759,182.61008108133518,0.21913209729760225,0.0036928544449149614,0.45522035230988783,936.4619542632573,936.9171746155672,False
2022-10-03 00:00:00,long,0.9754261374473572,0.7145674777591605,72.0609655318182,144.1219310636364,0.1729463172763637,0.006423481151001553,0.7528181903568499,936.9171746155672,937.669992805924,False
2022-10-03 01:00:00,long,0.771946907043457,0.3277630174864886,72.7771531850719,145.5543063701438,0.17466516764417256,-0.006307802936279527,-1.0927930487538955,937.669992805924,936.5771997571701,False
2022-10-04 00:00:00,long,0.9408954381942749,0.7538320806368131,65.1497259804778,130.2994519609556,0.15635934235314672,0.007852902092767788,0.8668694966375373,936.5771997571701,937.4440692538076,False
2022-10-04 01:00:00,long,0.9892635941505432,0.8558412911240586,65.10009264710897,130.20018529421793,0.15624022235306154,0.007879446772067977,0.8696652073861165,937.4440692538076,938.3137344611937,False
2022-10-05 00:00:00,short,0.15666472911834717,0.5838420344786484,62.950822955816996,125.90164591163399,0.1510819750939608,0.008442314566735498,0.9118193241618017,938.3137344611937,939.2255537853555,False
2022-10-05 01:00:00,short,0.2359108328819275,0.41299630627657047,63.091954144316915,126.18390828863383,0.1514206899463606,0.008420929854449644,0.9111651505125318,939.2255537853555,940.136718935868,False
2022-10-06 13:00:00,long,0.786820113658905,0.4109450169146611,68.13431200283817,136.26862400567634,0.16352234880681163,-0.007349027839261502,-1.1649642602423853,940.136718935868,938.9717546756256,False
2022-10-06 14:00:00,long,0.8910819292068481,0.6186865371202802,68.12777984817382,136.25555969634763,0.16350667163561716,-0.007332231964252034,-1.1625640417482286,938.9717546756256,937.8091906338773,False
2022-10-07 00:00:00,short,0.13282674551010132,0.5842148122495853,67.0436275612274,134.0872551224548,0.16090470614694577,0.007552549342869641,0.851795904415344,937.8091906338773,938.6609865382926,False
2022-10-07 01:00:00,short,0.061211783438920975,0.7115397360941664,68.27479287625277,136.54958575250555,0.1638595029030067,0.007295857865509459,0.8323868663414693,938.6609865382926,939.4933734046341,False
2022-10-08 01:00:00,long,0.9734305739402771,0.837159264651878,65.00021664856877,130.00043329713753,0.15600051995656505,-0.00806375726080999,-1.2042924578648027,939.4933734046341,938.2890809467693,False
2022-10-08 02:00:00,long,0.9898752570152283,0.7090908558587294,75.01037789912391,150.02075579824782,0.1800249069578974,-0.006039628555355003,-1.0860945475729347,938.2890809467693,937.2029863991964,False
2022-10-09 10:00:00,short,0.09567335247993469,0.3900379435787044,90.48514773146594,180.9702954629319,0.21716435455551827,0.004140877090055839,0.5322113959075725,937.2029863991964,937.735197795104,False
2022-10-09 11:00:00,short,0.08746622502803802,0.32257059530872895,91.42918178502264,182.85836357004527,0.21943003628405436,-0.0035870275349232372,-0.8753480214008109,937.735197795104,936.8598497737032,False
2022-10-10 05:00:00,long,0.8348673582077026,0.28427246791159855,90.61994670732786,181.2398934146557,0.21748787209758688,-0.004125544360553457,-0.9652010922817295,936.8598497737032,935.8946486814215,False
2022-10-10 06:00:00,long,0.9201413989067078,0.4107247451507571,90.68837003488764,181.37674006977528,0.21765208808373035,-0.004110837857736138,-0.9632624576753298,935.8946486814215,934.9313862237461,False
2022-10-11 00:00:00,long,0.9670686721801758,0.7574999083688694,68.65877509955081,137.31755019910162,0.16478106023892194,0.007157263207810516,0.8180367895877817,934.9313862237461,935.749423013334,False
2022-10-11 01:00:00,long,0.9866799712181091,0.7987237073160387,68.56918658016944,137.1383731603389,0.1645660477924067,0.007188540977686619,0.8212587672839683,935.749423013334,936.570681780618,False
2022-10-12 00:00:00,long,0.9479827284812927,0.6467405717467001,73.85131891167825,147.7026378233565,0.1772431653880278,-0.00620789292451418,-1.0941653256637232,936.570681780618,935.4765164549542,False
2022-10-12 01:00:00,long,0.9638376832008362,0.668709639795531,74.28402617343386,148.56805234686772,0.17828166281624128,0.006121453046746161,0.7311706938716354,935.4765164549542,936.2076871488258,False
2022-10-13 00:00:00,long,0.8323618769645691,0.29623119221576466,88.6016520503174,177.2033041006348,0.21264396492076176,-0.004309633891955045,-0.9763253300392738,936.2076871488258,935.2313618187866,False
2022-10-13 01:00:00,long,0.9844400882720947,0.5336034748080904,88.12941020263237,176.25882040526474,0.2115105844863177,-0.004346863556949021,-0.9776836274967855,935.2313618187866,934.2536781912899,False
2022-10-14 01:00:00,short,0.29629814624786377,0.465676337138814,47.57985043583255,95.1597008716651,0.11419164104599812,0.01488206165805872,1.3019808946885458,934.2536781912899,935.5556590859784,False
2022-10-14 02:00:00,long,0.7887914776802063,0.5868957746006652,54.58070875929098,109.16141751858196,0.13099370102229835,-0.011340717450129767,-1.368962493556182,935.5556590859784,934.1866965924222,False
2022-10-15 00:00:00,long,0.6840706467628479,0.2395566663843069,63.51713015727624,127.03426031455248,0.152441112377463,-0.008349591601726658,-1.2131253054314084,934.1866965924222,932.9735712869908,False
2022-10-15 02:00:00,long,0.9415951371192932,0.7020198571926303,68.85481693503155,137.7096338700631,0.16525156064407573,-0.0070867912278063105,-1.1411709859388577,932.9735712869908,931.832400301052,False
2022-10-16 21:00:00,long,0.978692352771759,0.5093183067659854,89.25361712951468,178.50723425902936,0.21420868111083524,0.004207300915506806,0.5368249690117669,931.832400301052,932.3692252700637,False
2022-10-17 00:00:00,long,0.8861568570137024,0.45748301687070836,80.20699347012491,160.41398694024983,0.1924967843282998,0.005215920915712768,0.6442098853262241,932.3692252700637,933.0134351553899,False
2022-10-17 01:00:00,long,0.9566797614097595,0.5889719688033049,79.23374776729851,158.46749553459702,0.19016099464151645,0.005352232979026983,0.6579939610625648,933.0134351553899,933.6714291164524,False
2022-10-18 00:00:00,long,0.8255150318145752,0.4124158327461075,74.4717007619388,148.9434015238776,0.17873208182865316,-0.006067156619283143,-1.0823950262827942,933.6714291164524,932.5890340901695,False
2022-10-18 01:00:00,long,0.9597827792167664,0.63416893519392,76.06900382033619,152.13800764067238,0.18256560916880687,0.005801559665242539,0.7000721195096793,932.5890340901695,933.2891062096792,False
2022-10-19 03:00:00,long,0.7033133506774902,0.2166432293665744,70.95401680188199,141.90803360376398,0.1702896403245168,-0.006678178638128807,-1.1179768389160383,933.2891062096792,932.1711293707631,False
2022-10-19 04:00:00,long,0.7821877002716064,0.3352964828004341,74.1669529323552,148.3339058647104,0.1780006870376525,-0.006097475084090975,-1.0824629821736205,932.1711293707631,931.0886663885894,False
2022-10-20 00:00:00,long,0.9905560612678528,0.7179569999971125,73.9076313922586,147.8152627845172,0.17737831534142065,0.006126086491421878,0.7281507692287852,931.0886663885894,931.8168171578183,False
2022-10-20 13:00:00,long,0.9747812747955322,0.6106215879105326,78.5996984078892,157.1993968157784,0.1886392761789341,0.0053544404768115506,0.6530755370618306,931.8168171578183,932.4698926948801,False
2022-10-20 14:00:00,long,0.8116567730903625,0.31080672151847694,81.50773374176305,163.0154674835261,0.19561856098023134,-0.00498616638353544,-1.0084408049429037,932.4698926948801,931.4614518899372,False
2022-10-21 00:00:00,long,0.9878740906715393,0.6660276896840129,76.04233841452522,152.08467682905044,0.18250161219486055,-0.005716281554534408,-1.0518604450800881,931.4614518899372,930.409591444857,False
2022-10-21 01:00:00,long,0.9881657361984253,0.6700926859496968,75.69527480025152,151.39054960050305,0.18166865952060368,-0.005755798525687861,-1.053042161714254,930.409591444857,929.3565492831427,False
2022-10-22 02:00:00,long,0.9887079000473022,0.6120431986753714,80.12988331697697,160.25976663395394,0.19231171996074475,0.005124723906760442,0.6289753374001286,929.3565492831427,929.9855246205428,False
2022-10-22 03:00:00,long,0.9878284931182861,0.5439987897175748,85.84531288205439,171.69062576410877,0.20602875091693054,0.0044710957207039215,0.5616164712219547,929.9855246205428,930.5471410917648,False
2022-10-23 23:00:00,long,0.9349181056022644,0.5104636797031663,81.39215660891419,162.78431321782838,0.19534117586139407,-0.004979737067545842,-1.0059642544072065,930.5471410917648,929.5411768373576,False
2022-10-24 00:00:00,long,0.9227052927017212,0.5197644697958332,78.68644129401248,157.37288258802496,0.18884745910562997,-0.005316578410928141,-1.0255327291386527,929.5411768373576,928.515644108219,False
2022-10-24 01:00:00,long,0.984762966632843,0.6663858675893163,75.37744940849952,150.75489881699903,0.18090587858039886,-0.005780831900946359,-1.0523946068856476,928.515644108219,927.4632495013334,False
2022-10-25 17:00:00,long,0.7914104461669922,0.32538306614055246,75.59740794487837,151.19481588975674,0.1814337790677081,0.005734220326484296,0.6855506074663859,927.4632495013334,928.1488001087998,False
2022-10-25 18:00:00,long,0.9354957342147827,0.6507031838060526,70.04147984923807,140.08295969847615,0.1680995516381714,0.006689895814311564,0.7690408541050396,928.1488001087998,928.9178409629048,False
2022-10-26 00:00:00,short,0.3216988742351532,0.2657070577001125,58.016655355667844,116.03331071133569,0.13923997285360284,-0.009766613413774827,-1.2724924616916364,928.9178409629048,927.6453485012132,False
2022-10-26 01:00:00,short,0.36337602138519287,0.18293946571722045,56.42271721212538,112.84543442425075,0.13541452130910092,-0.01029794846468679,-1.2974909894852278,927.6453485012132,926.347857511728,False
2022-10-27 00:00:00,short,0.33189857006073,0.2428334043497732,57.821109509835026,115.64221901967005,0.13877066282360406,0.009778452417684047,0.9920312733356367,926.347857511728,927.3398887850636,False
2022-10-27 02:00:00,long,0.8176769018173218,0.5629514702225037,59.263220346616194,118.52644069323239,0.14223172883187887,-0.00932829245741329,-1.247881031554602,927.3398887850636,926.092007753509,False
2022-10-28 02:00:00,short,0.2598259747028351,0.3419762412665835,63.70205792788162,127.40411585576324,0.1528849390269159,0.00805185810751119,0.8729549241566062,926.092007753509,926.9649626776657,False
2022-10-28 05:00:00,long,0.727042555809021,0.24632540143266643,71.39729705521137,142.79459411042274,0.1713535129325073,-0.006421816071129238,-1.0883541322611965,926.9649626776657,925.8766085454045,False
2022-10-29 00:00:00,long,0.7066532969474792,0.2567160770980452,65.48583215780653,130.97166431561305,0.15716599717873567,0.007615637942218534,0.8402667789387563,925.8766085454045,926.7168753243432,False
2022-10-29 01:00:00,long,0.947050929069519,0.7237712491722874,66.52500083984668,133.05000167969337,0.15966000201563205,0.007392973193933505,0.8239750938551489,926.7168753243432,927.5408504181983,False
2022-10-30 00:00:00,long,0.831878662109375,0.4013821455149269,75.06001430470305,150.1200286094061,0.18014403433128734,0.005817596175608397,0.6931936699890167,927.5408504181983,928.2340440881873,False
2022-10-30 01:00:00,long,0.819100022315979,0.35968840575340827,77.10876486632523,154.21752973265046,0.18506103567918056,0.005520803095942162,0.6663435799173885,928.2340440881873,928.9003876681046,False
2022-10-31 01:00:00,long,0.7748480439186096,0.2691211086223441,78.94959563960415,157.8991912792083,0.18947902953505,0.005273916313795368,0.643268091287462,928.9003876681046,929.5436557593921,False
2022-10-31 02:00:00,long,0.9381799101829529,0.5460599697415437,78.65794291049609,157.31588582099218,0.18877906298519062,0.005320459961444035,0.6482138088244996,929.5436557593921,930.1918695682166,False
2022-11-01 11:00:00,long,0.9129859209060669,0.4464457080228425,84.09918827329324,168.19837654658647,0.20183805185590378,-0.004660754593719618,-0.9857694080015887,930.1918695682166,929.206100160215,False
2022-11-01 12:00:00,long,0.8156632781028748,0.2851249875344697,85.03783613821234,170.07567227642468,0.20409080673170965,-0.004548775142453665,-0.9777267971188062,929.206100160215,928.2283733630961,False
2022-11-02 19:00:00,long,0.700219988822937,0.26324349594111657,63.42922142880034,126.85844285760068,0.15223013142912084,-0.008158788659848426,-1.1872413564217428,928.2283733630961,927.0411320066744,False
2022-11-02 22:00:00,short,0.26920047402381897,0.3501275574210462,61.074484220332856,122.14896844066571,0.14657876212879886,-0.008777546878020459,-1.2187470587185838,927.0411320066744,925.8223849479558,False
2022-11-03 14:00:00,short,0.24673090875148773,0.23970338959102258,76.67700308968075,153.3540061793615,0.18402480741523383,0.005454815319206441,0.6524929747536264,925.8223849479558,926.4748779227094,False
2022-11-03 16:00:00,short,0.15807802975177765,0.38247291230988034,77.29742159997046,154.59484319994093,0.18551381183992913,0.0053751704167745995,0.6454598159143012,926.4748779227094,927.1203377386237,False
2022-11-04 00:00:00,short,0.07970405369997025,0.5146240088283477,77.17738815597632,154.35477631195263,0.1852257315743432,-0.005399418865653427,-1.0186518227968149,927.1203377386237,926.1016859158268,False
2022-11-04 01:00:00,short,0.10765603184700012,0.4233737144809643,81.3831132221575,162.766226444315,0.19531947173317804,-0.004845110749917669,-0.9839398652020623,926.1016859158268,925.1177460506248,False
2022-11-05 03:00:00,short,0.2565823793411255,0.4119911714511519,56.87691726476752,113.75383452953504,0.13650460143544207,0.009898670825128075,0.9895071616685132,925.1177460506248,926.1072532122932,False
2022-11-05 05:00:00,short,0.10675150901079178,0.5965839795629472,66.6962407583253,133.3924815166506,0.16007097781998075,0.007213978047058034,0.8022194554837312,926.1072532122932,926.909472667777,False
2022-11-06 23:00:00,long,0.9342178106307983,0.43338312543319624,86.90555341723707,173.81110683447415,0.208573328201369,0.004256322624743625,0.5312228182499346,926.909472667777,927.4406954860269,False
2022-11-07 00:00:00,long,0.951227605342865,0.48098574071095135,84.76641184440813,169.53282368881625,0.20343938842657952,0.004478985483465037,0.5558956678464659,927.4406954860269,927.9965911538734,False
2022-11-07 01:00:00,long,0.956108033657074,0.5139244474548398,82.4482656548943,164.8965313097886,0.19787583757174634,-0.004740069075220177,-0.9794967862443509,927.9965911538734,927.017094367629,False
2022-11-08 03:00:00,short,0.22509151697158813,0.42580443569219056,61.58187398695036,123.16374797390073,0.14779649756868088,0.008478609659805847,0.8964608457407267,927.017094367629,927.9135552133698,False
2022-11-08 04:00:00,short,0.052761260420084,0.9212975067992288,54.65188173991649,109.30376347983298,0.13116451617579958,0.010785983607750738,1.0477840849831428,927.9135552133698,928.961339298353,False
2022-11-09 00:00:00,long,0.7620589137077332,0.8984606807614858,27.172119174476823,54.344238348953645,0.06521308601874438,-0.03394050062062992,-1.909683741429066,928.961339298353,927.051655556924,False
2022-11-09 01:00:00,long,0.8825526237487793,1.3498198016115373,27.116260925040024,54.23252185008005,0.06507902622009606,-0.03414241009745289,-1.9167080278446036,927.051655556924,925.1349475290793,False
2022-11-10 00:00:00,long,0.9489452838897705,1.607360659157577,27.060197215225568,54.120394430451135,0.06494447331654137,0.034389123153680146,1.7962084358779877,925.1349475290793,926.9311559649574,False
2022-11-10 01:00:00,long,0.9693766236305237,1.7058287790211555,27.112736311975006,54.22547262395001,0.06507056714874002,0.03482890279891815,1.823543148096212,926.9311559649574,928.7546991130536,False
2022-11-11 00:00:00,long,0.9186179637908936,1.2197692111337317,27.166074949056817,54.332149898113634,0.06519857987773636,-0.028332915317615948,-1.604586781965006,928.7546991130536,927.1501123310885,False
2022-11-11 02:00:00,long,0.837416410446167,0.9939140407233196,27.119140785684337,54.238281571368674,0.06508593788564242,-0.028971967275630672,-1.6364756566577776,927.1501123310885,925.5136366744307,False
2022-11-12 05:00:00,long,0.9706035256385803,1.140431850335816,48.057103912265326,96.11420782453065,0.1153370493894368,0.013877313883902342,1.2184699812941975,925.5136366744307,926.7321066557249,False
2022-11-12 06:00:00,long,0.9208234548568726,0.9566777294866048,50.175202353714305,100.35040470742861,0.12042048564891435,0.012763950496408993,1.1604471123313125,926.7321066557249,927.8925537680562,False
2022-11-13 00:00:00,long,0.7881355285644531,0.3130725186503486,75.14172043405216,150.28344086810432,0.1803401290417252,0.005705425882927884,0.6770909042626192,927.8925537680562,928.5696446723189,False
2022-11-13 04:00:00,long,0.8076223134994507,0.2874204295549168,81.88462301804407,163.76924603608813,0.19652309524330577,-0.004811485865147791,-0.9844965076918547,928.5696446723189,927.5851481646271,False
2022-11-14 00:00:00,long,0.9914351105690002,0.934228259235292,58.75745198451515,117.5149039690303,0.14101788476283636,-0.009324737646996706,-1.2368135338860557,927.5851481646271,926.348334630741,False
2022-11-14 01:00:00,long,0.9677465558052063,0.9318802636575058,56.27536298155773,112.55072596311545,0.13506087115573856,-0.010138343414674011,-1.2761387825406694,926.348334630741,925.0721958482003,False
2022-11-15 00:00:00,long,0.8712159395217896,0.9406902078371929,45.33449805721149,90.66899611442298,0.10880279533730759,0.015579323315084492,1.3037588097834276,925.0721958482003,926.3759546579837,False
2022-11-15 01:00:00,long,0.6404366493225098,0.29436007148793186,44.849289287420945,89.69857857484189,0.10763829428981028,0.01596314191644921,1.3242328452041612,926.3759546579837,927.7001875031879,False
2022-11-16 00:00:00,long,0.7418925762176514,0.46040326544745286,52.95015467312621,105.90030934625241,0.12708037121550292,0.011485126427072778,1.089198070292323,927.7001875031879,928.7893855734802,False
2022-11-16 01:00:00,long,0.8911595940589905,0.7823071139756953,55.0730419242667,110.1460838485334,0.1321753006182401,-0.010641707421299995,-1.3043176985363094,928.7893855734802,927.4850678749439,False
2022-11-17 00:00:00,long,0.9511472582817078,0.8258773024752409,59.821616229291266,119.64323245858253,0.14357187895029905,-0.008993992593232858,-1.2196422255132275,927.4850678749439,926.2654256494307,False
2022-11-17 13:00:00,long,0.9247618317604065,0.5462597521992834,73.61668444744902,147.23336889489804,0.17668004267387766,0.0057799010224446334,0.6743142567397113,926.2654256494307,926.9397399061704,False
2022-11-17 14:00:00,long,0.9219085574150085,0.538270062343677,73.92899572742103,147.85799145484205,0.17742958974581047,0.0057395175982433155,0.6712039542501652,926.9397399061704,927.6109438604205,False
2022-11-18 00:00:00,short,0.24008873105049133,0.32639705831524346,66.97876290602163,133.95752581204326,0.16074903097445192,0.0070026026775700245,0.7773022979576178,927.6109438604205,928.3882461583781,False
2022-11-18 02:00:00,long,0.6843540668487549,0.2039703448313394,64.56564821596258,129.13129643192516,0.1549575557183102,-0.007548457905983241,-1.1296997111797413,928.3882461583781,927.2585464471983,False
2022-11-19 04:00:00,short,0.1623709350824356,0.28766830747977007,85.82510904665838,171.65021809331677,0.20598026171198014,0.0042616223721428925,0.5255281478977053,927.2585464471983,927.7840745950961,False
2022-11-20 07:00:00,short,0.024951383471488953,0.28558744210798376,90.45894727302188,180.91789454604375,0.21710147345525252,0.002927211267027774,0.3124834258668694,927.7840745950961,928.0965580209629,False
2022-11-20 09:00:00,short,0.06061752513051033,0.3716170250155674,90.48941440704388,180.97882881408776,0.21717459457690533,0.0037068299362297275,0.4536831458949504,928.0965580209629,928.5502411668579,False
2022-11-21 00:00:00,long,0.9841672778129578,0.7662256695645658,65.8277837518286,131.6555675036572,0.15798668100438867,-0.007264309653388201,-1.1143734909435077,928.5502411668579,927.4358676759143,False
2022-11-21 01:00:00,long,0.991603434085846,0.7569616129397694,67.18239899456559,134.36479798913118,0.16123775758695744,-0.006957588858689245,-1.0960927790761676,927.4358676759143,926.3397748968382,False
2022-11-22 00:00:00,long,0.9826135039329529,1.0509925357610772,51.4867433541096,102.9734867082192,0.12356818404986306,-0.011818212117090332,-1.3405306924039795,926.3397748968382,924.9992442044343,False
2022-11-22 01:00:00,long,0.9917188882827759,1.0767234984634804,51.27352152433597,102.54704304867194,0.12305645165840634,-0.011882243961953032,-1.341545434739626,924.9992442044343,923.6576987696947,False
2022-11-23 00:00:00,long,0.9518381953239441,0.8365352941713308,57.85487625712807,115.70975251425614,0.1388517030171074,0.009305595545749945,0.937896454579383,923.6576987696947,924.595595224274,False
2022-11-23 01:00:00,long,0.892566978931427,0.6970329341306645,58.59529517931145,117.1905903586229,0.1406287084303475,0.009090340461595625,0.9246736568249205,924.595595224274,925.5202688810989,False
2022-11-24 00:00:00,long,0.6642759442329407,0.20201725782138807,59.58787587412158,119.17575174824316,0.1430109020978918,0.008807609705757224,0.9066426056908481,925.5202688810989,926.4269114867898,False
2022-11-24 01:00:00,long,0.7113363742828369,0.32378687687114327,57.38755706588124,114.77511413176248,0.13773013695811498,-0.009514563106796103,-1.2297652034544944,926.4269114867898,925.1971462833353,False
2022-11-25 00:00:00,short,0.20901183784008026,0.26496428469008737,79.75704324648454,159.51408649296908,0.19141690379156293,0.004912838411633813,0.592250027527774,925.1971462833353,925.7893963108631,False
2022-11-25 01:00:00,short,0.13350974023342133,0.37914706671882414,80.2566179170651,160.5132358341302,0.19261588300095625,0.004858080396603404,0.5871703214002106,925.7893963108631,926.3765666322633,False
2022-11-26 00:00:00,short,0.05522672459483147,0.48178589728320287,82.10545888014273,164.21091776028547,0.19705310131234258,-0.0046476461754121345,-0.9602473452018498,926.3765666322633,925.4163192870615,False
2022-11-26 01:00:00,short,0.06604521721601486,0.4692830677503884,81.63913464454333,163.27826928908667,0.19593392314690403,0.004691152206792282,0.5700292901498193,925.4163192870615,925.9863485772113,False
2022-11-27 00:00:00,short,0.0814051702618599,0.3763239971333401,88.90412323052772,177.80824646105543,0.21336989575326654,-0.003960658185432564,-0.9176075825366565,925.9863485772113,925.0687409946746,False
2022-11-27 01:00:00,short,0.0690128430724144,0.3917369082869562,89.03793247094131,178.07586494188263,0.21369103793025918,-0.0039409405191117575,-0.9154774295555974,925.0687409946746,924.153263565119,False
2022-11-28 01:00:00,long,0.854290246963501,0.3432461421450058,81.9577305810161,163.9154611620322,0.19669855339443865,-0.004642053659413281,-0.9576029197160657,924.153263565119,923.195660645403,False
2022-11-28 02:00:00,long,0.9769999980926514,0.5735639500619033,78.18889579161076,156.37779158322152,0.18765334989986585,0.005089783984583818,0.6082758292450012,923.195660645403,923.803936474648,False
2022-11-29 00:00:00,long,0.694854736328125,0.20598010488813479,66.51908675549723,133.03817351099445,0.15964580821319335,0.007041562891228592,0.7771508574986559,923.803936474648,924.5810873321467,False
2022-11-29 05:00:00,short,0.22116439044475555,0.381869576990769,64.84600322740998,129.69200645481996,0.15563040774578396,0.007422079222599964,0.8069539386998358,924.5810873321467,925.3880412708465,False
2022-11-30 02:00:00,long,0.8117665648460388,0.44230511429606134,65.16724239288615,130.3344847857723,0.15640138174292678,-0.0073619197621532795,-1.11591340097737,925.3880412708465,924.2721278698692,False
2022-11-30 12:00:00,short,0.17334522306919098,0.4415746866501976,67.59808225725078,135.19616451450156,0.1622353974174019,-0.006825476326764335,-1.0850136177804686,924.2721278698692,923.1871142520888,False
2022-12-01 15:00:00,long,0.7932597398757935,0.3118637658096212,73.20869852415603,146.41739704831207,0.1757008764579745,-0.005677499189770452,-1.0069855295680648,923.1871142520888,922.1801287225207,False
2022-12-01 16:00:00,long,0.8803915977478027,0.4647818095200992,72.40556241817701,144.81112483635403,0.17377334980362485,-0.005791494418485588,-1.0124461710279888,922.1801287225207,921.1676825514928,False
2022-12-02 00:00:00,short,0.1382077932357788,0.4634078809110458,69.64307173881471,139.28614347762942,0.16714337217315534,0.006246324396110281,0.7028830638712782,921.1676825514928,921.8705656153641,False
2022-12-02 01:00:00,short,0.270263671875,0.25486799570022534,67.0991602461117,134.1983204922234,0.1610379845906681,-0.006739205701787654,-1.0654280712221869,921.8705656153641,920.8051375441419,False
2022-12-03 00:00:00,short,0.14667366445064545,0.393460772615972,74.80038833911084,149.60077667822168,0.17952093201386604,0.005410417106776588,0.6298816693130487,920.8051375441419,921.4350192134549,False
2022-12-03 01:00:00,short,0.11984347552061081,0.4183113312692541,76.63964211476959,153.27928422953917,0.18393514107544703,0.005160900384940437,0.6071239759081762,921.4350192134549,922.0421431893631,False
2022-12-04 03:00:00,long,0.9490379095077515,0.2814080493787747,89.8991089609629,179.7982179219258,0.215757861506311,0.003076790833843157,0.33744364733720483,922.0421431893631,922.3795868367002,False
2022-12-04 05:00:00,short,0.08917846530675888,0.2801836989699026,89.93200971657828,179.86401943315656,0.2158368233197879,0.003354729585028249,0.38755832395471823,922.3795868367002,922.767145160655,False
2022-12-05 12:00:00,short,0.19124436378479004,0.35331964745577316,71.53676175221365,143.0735235044273,0.17168822820531277,0.005940577657397972,0.6782511488902916,922.767145160655,923.4453963095452,False
2022-12-05 15:00:00,long,0.9683555960655212,0.5989135289813464,73.54172910098681,147.08345820197363,0.17650014984236836,-0.005629343538889109,-1.0044834649491148,923.4453963095452,922.4409128445961,False
2022-12-06 02:00:00,short,0.0655861496925354,0.5181763817192481,75.52015894362711,151.04031788725422,0.18124838146470507,0.005326651803283178,0.6232908001779021,922.4409128445961,923.064203644774,False
2022-12-06 03:00:00,short,0.08323996514081955,0.48546021520198945,75.95269110854191,151.90538221708383,0.1822864586605006,0.005273275625841456,0.6187524908189777,923.064203644774,923.682956135593,False
2022-12-07 00:00:00,short,0.03850274160504341,0.4252534101910693,88.23958732826723,176.47917465653447,0.21177500958784137,0.003912207746523122,0.4786481846034598,923.682956135593,924.1616043201965,False
2022-12-07 02:00:00,short,0.10403402149677277,0.31396143026893597,90.10575642121917,180.21151284243834,0.21625381541092603,0.003717518849479795,0.4536858804741086,924.1616043201965,924.6152902006706,False
2022-12-08 12:00:00,long,0.9536306262016296,0.29858518289911073,90.14999079456538,180.29998158913077,0.21635997790695694,0.0031508108273394786,0.35173115625318496,924.6152902006706,924.9670213569239,False
2022-12-08 14:00:00,short,0.08446990698575974,0.2905606287112501,90.18428458230008,180.36856916460016,0.21644228299752022,-0.003386076109958003,-0.8271839860330805,924.9670213569239,924.1398373708907,False
2022-12-09 02:00:00,short,0.24851924180984497,0.22875646779302028,74.99597907832305,149.9919581566461,0.17999034978797532,-0.00542128714474166,-0.9931398243572298,924.1398373708907,923.1466975465335,False
2022-12-09 07:00:00,short,0.16308169066905975,0.31117191577435216,81.07718866090266,162.15437732180533,0.19458525278616642,-0.004628572425035005,-0.9451285322565961,923.1466975465335,922.2015690142769,False
2022-12-12 00:00:00,long,0.9306892156600952,0.28386860858141194,89.914652978892,179.829305957784,0.2157951671493408,-0.0032237394028051813,-0.7955179865445575,922.2015690142769,921.4060510277322,False
2022-12-12 01:00:00,long,0.9320279955863953,0.3015399934243028,89.8370899752039,179.6741799504078,0.21560901594048937,-0.0033273563997447964,-0.8134490484673769,921.4060510277322,920.5926019792648,False
2022-12-13 00:00:00,short,0.10383061319589615,0.2704474097003676,89.75777869297832,179.51555738595664,0.21541866886314798,0.003410544029257001,0.39682704353826903,920.5926019792648,920.989429022803,False
2022-12-13 01:00:00,short,0.08637744188308716,0.2999588158106443,89.79646932972331,179.59293865944662,0.21551152639133597,-0.0034648000987085315,-0.8377651579859419,920.989429022803,920.1516638648171,False
2022-12-14 01:00:00,short,0.29249826073646545,0.2625436153449834,61.35521821408994,122.71043642817988,0.14725252371381586,-0.008030060303784392,-1.1326247281358013,920.1516638648171,919.0190391366813,False
2022-12-14 02:00:00,short,0.25861355662345886,0.32398509265721803,61.828236269151205,123.65647253830241,0.1483877670459629,-0.007888206785656271,-1.1238155928129183,919.0190391366813,917.8952235438684,False
2022-12-15 00:00:00,long,0.8097748160362244,0.575015706017123,53.278599775267175,106.55719955053435,0.12786863946064123,-0.010597016243859447,-1.2570570139978263,917.8952235438684,916.6381665298705,False
2022-12-15 13:00:00,long,0.846859872341156,0.35714920479474144,73.7488232446321,147.4976464892642,0.17699717578711707,-0.00522024809649535,-0.9469714841102426,916.6381665298705,915.6911950457603,False
2022-12-15 14:00:00,long,0.8028343915939331,0.30996156642536943,71.36657645503405,142.7331529100681,0.17127978349208173,-0.0055630608501997525,-0.9653129984716564,915.6911950457603,914.7258820472887,False
2022-12-16 01:00:00,long,0.7979069352149963,0.3176391977046976,69.60697704367035,139.2139540873407,0.16705674490480887,0.005835550743973128,0.6453333484410131,914.7258820472887,915.3712153957297,False
2022-12-16 02:00:00,long,0.8888037204742432,0.4593234682851639,70.20878509276235,140.4175701855247,0.16850108422262966,0.005744034614512783,0.6380622994088024,915.3712153957297,916.0092776951385,False
2022-12-17 07:00:00,long,0.886854350566864,0.46331881301433103,69.62973264331796,139.25946528663593,0.16711135834396312,-0.005848112933786176,-0.9815164384388857,916.0092776951385,915.0277612566996,False
2022-12-17 16:00:00,short,0.09978637844324112,0.3194737899055575,86.15787393124813,172.31574786249627,0.20677889743499553,-0.0038113958338328313,-0.8635424209419025,915.0277612566996,914.1642188357577,False
2022-12-19 01:00:00,short,0.05406251922249794,0.33021930381064424,89.13101133648638,178.26202267297276,0.21391442720756734,0.0034168894640940195,0.3951871999118025,914.1642188357577,914.5594060356694,False
2022-12-19 02:00:00,short,0.10392054170370102,0.29100210657611986,88.89942930813909,177.79885861627818,0.21335863033953384,0.0035762787044546496,0.4224996414062049,914.5594060356694,914.9819056770757,False
2022-12-20 00:00:00,long,0.8684141635894775,0.4550928660501299,67.61719970346599,135.23439940693197,0.16228127928831837,0.006187512805642337,0.6744832988054237,914.9819056770757,915.6563889758811,False
2022-12-20 01:00:00,short,0.06108687445521355,0.606304391492704,65.2535251688388,130.5070503376776,0.15660846040521315,-0.006653690024335468,-1.0249619193424655,915.6563889758811,914.6314270565387,False
2022-12-21 02:00:00,short,0.06476611644029617,0.5455454451567489,69.25843729273582,138.51687458547164,0.16622024950256598,0.005893215528400275,0.650089546750009,914.6314270565387,915.2815166032887,False
2022-12-21 03:00:00,short,0.08246538043022156,0.522146977003738,68.85646745681989,137.71293491363977,0.16525552189636775,0.005970701629592456,0.6569873230084612,915.2815166032887,915.9385039262971,False
2022-12-22 02:00:00,short,0.04978898912668228,0.4333527599216004,81.28083793503586,162.56167587007172,0.1950740110440861,0.004291031959473668,0.5024833354999911,915.9385039262971,916.4409872617971,False
2022-12-22 03:00:00,short,0.036256738007068634,0.44388968982714166,82.13806715888833,164.27613431777667,0.197131361181332,0.004206544739062901,0.49390354738670184,916.4409872617971,916.9348908091838,False
2022-12-23 00:00:00,short,0.16106776893138885,0.30069936068598024,78.67007739064276,157.34015478128552,0.18880818573754266,-0.004590535007459984,-0.9110836743402062,916.9348908091838,916.0238071348435,False
2022-12-23 01:00:00,short,0.07487581670284271,0.4257317204923452,78.5367171569497,157.0734343138994,0.18848812117667932,-0.004596989329268331,-0.910553022629205,916.0238071348435,915.1132541122143,False
2022-12-27 21:00:00,short,0.06924401968717575,0.36857195581748114,85.182337905779,170.364675811558,0.20443761097386962,0.0038999230796217255,0.4599715201758985,915.1132541122143,915.5732256323903,False
2022-12-27 22:00:00,short,0.04538242146372795,0.39581461532629725,85.70256289617856,171.40512579235713,0.20568615095082857,0.003856594789936052,0.45535396414830953,915.5732256323903,916.0285795965386,False
2022-12-28 00:00:00,short,0.09222377836704254,0.34193009328855595,84.8192841723335,169.638568344667,0.2035662820136004,0.0039412528936350055,0.4650222163469181,916.0285795965386,916.4936018128856,False
2022-12-28 01:00:00,short,0.08233299106359482,0.3745033723094423,82.74975853606425,165.4995170721285,0.1985994204865542,0.004145060423296987,0.48740607780388967,916.4936018128856,916.9810078906895,False
2022-12-29 00:00:00,short,0.06141877546906471,0.4239352704645692,80.69054025904292,161.38108051808584,0.19365729662170303,0.004363961358236246,0.5106035027096357,916.9810078906895,917.4916113933991,False
2023-01-05 02:00:00,short,0.12654003500938416,0.30320540090273496,79.69647970552799,159.39295941105598,0.1912715512932672,0.004153391519016503,0.4707498145155543,917.4916113933991,917.9623612079147,False
2023-01-05 03:00:00,short,0.07194318622350693,0.3727805860858536,80.02355388951084,160.04710777902167,0.19205652933482603,0.0041237376096759926,0.46793574833339274,917.9623612079147,918.4302969562481,False
2023-01-06 19:00:00,short,0.061568617820739746,0.3225582958180484,87.1373992704996,174.2747985409992,0.20912975824919905,-0.00348144998405453,-0.8158587528508672,918.4302969562481,917.6144382033972,False
2023-01-06 20:00:00,short,0.07210523635149002,0.3587914600453176,81.46984915162086,162.93969830324173,0.19552763796389008,-0.003975608373815387,-0.8433120669652107,917.6144382033972,916.771126136432,False
2023-01-09 09:00:00,long,0.8385980725288391,0.24827302815113747,80.7368558583186,161.4737117166372,0.19376845405996468,0.004040686274103367,0.45869615650197526,916.771126136432,917.229822292934,False
2023-01-09 10:00:00,long,0.8634846806526184,0.27756589092581274,81.16613226525399,162.33226453050798,0.1947987174366096,-0.004002059810676251,-0.8444621492902215,917.229822292934,916.3853601436439,False
2023-01-10 05:00:00,short,0.03824979439377785,0.3571835892561208,86.2285630821965,172.457126164393,0.2069485513972716,-0.003539410468758275,-0.8173451091554909,916.3853601436439,915.5680150344884,False
2023-01-10 06:00:00,short,0.07605721801519394,0.29312312127916845,88.30931082301647,176.61862164603295,0.21194234597523956,-0.0033685669094583037,-0.8068939904462022,915.5680150344884,914.7611210440423,False
2023-01-11 18:00:00,short,0.04405026510357857,0.3092851455693585,89.18920930179412,178.37841860358824,0.2140541023243059,-0.0032116597389966195,-0.7869448876593358,914.7611210440423,913.9741761563829,False
2023-01-12 13:00:00,long,0.8885637521743774,0.5373584546782904,54.80735014974106,109.61470029948212,0.13153764035937857,-0.007852312588711219,-0.9922665314288094,913.9741761563829,912.9819096249541,False
2023-01-12 14:00:00,long,0.8010058403015137,0.3968420775717435,53.8981080803986,107.7962161607972,0.12935545939295665,0.008101858285574526,0.7439942076629807,912.9819096249541,913.7259038326172,False
2023-01-13 00:00:00,long,0.7439302206039429,0.3594503529559975,29.996066820218523,59.992133640437046,0.07199056036852446,0.014737815528992781,0.8121624384149189,913.7259038326172,914.5380662710321,False
2023-01-13 02:00:00,long,0.810338020324707,0.6288909856601743,40.37087251362145,80.7417450272429,0.09689009403269148,0.014490208764894374,1.0730746474539303,914.5380662710321,915.6111409184861,False
2023-01-14 00:00:00,long,0.896923303604126,0.6549428257354863,29.119284076407112,58.238568152814224,0.06988628178337708,-0.015703288764589374,-0.9844233347232372,915.6111409184861,914.6267175837628,False
2023-01-14 01:00:00,long,0.8386899828910828,0.5663387027060391,28.355990487918803,56.711980975837605,0.06805437717100513,-0.01652448715402821,-1.005190778285726,914.6267175837628,913.6215268054771,False
2023-01-15 05:00:00,long,0.8493423461914062,0.47115417720071384,54.68814575493005,109.3762915098601,0.13125154981183212,-0.007880496682566185,-0.9931910522066765,913.6215268054771,912.6283357532703,False
2023-01-15 10:00:00,short,0.25239837169647217,0.2764333300418687,56.56434196203121,113.12868392406241,0.13575442070887492,-0.007350379447718103,-0.9672931739717006,912.6283357532703,911.6610425792986,False
2023-01-16 01:00:00,short,0.3132323920726776,0.20648115292042293,52.72757646630587,105.45515293261174,0.1265461835191341,-0.008441089653842937,-1.0167025838830277,911.6610425792986,910.6443399954156,False
2023-01-16 03:00:00,short,0.32083821296691895,0.21565518976771292,50.0818203195589,100.1636406391178,0.12019636876694137,0.009335653272136812,0.8148966507147745,910.6443399954156,911.4592366461304,False
2023-01-17 00:00:00,long,0.8456438779830933,0.5152036670044599,50.98192247425664,101.96384494851328,0.12235661393821595,-0.009025045999887626,-1.042585004923958,911.4592366461304,910.4166516412065,False
2023-01-17 02:00:00,long,0.6502717137336731,0.17444935332200898,48.486468775234485,96.97293755046897,0.11636752506056278,0.009955122595648014,0.8490099567144745,910.4166516412065,911.2656615979209,False
2023-01-18 01:00:00,long,0.6655710935592651,0.18176446440398625,51.10327902221606,102.20655804443211,0.12264786965331854,0.008978417904786928,0.7950053210794552,911.2656615979209,912.0606669190004,False
2023-01-18 04:00:00,short,0.21915096044540405,0.3363057794672525,56.110418796610205,112.22083759322041,0.1346650051118645,-0.007460497227740115,-0.9718882528707591,912.0606669190004,911.0887786661297,False
2023-01-19 15:00:00,short,0.20539934933185577,0.22669222126624122,70.07393286741207,140.14786573482414,0.168177438881789,-0.004773267239308154,-0.8371406550527829,911.0887786661297,910.2516380110769,False
2023-01-19 16:00:00,short,0.19080601632595062,0.2423269905260663,70.48582666606166,140.9716533321233,0.169165983998548,-0.004708978232824235,-0.8329984309847607,910.2516380110769,909.4186395800922,False
2023-01-20 00:00:00,long,0.8817405700683594,0.4777745260223608,58.01607863634802,116.03215727269604,0.13923858872723527,0.006938063978524589,0.665799941996957,909.4186395800922,910.0844395220892,False
2023-01-20 01:00:00,long,0.9097989201545715,0.5304833590320552,57.53426086602077,115.06852173204155,0.13808222607844986,-0.00706508906964487,-0.9510515812276897,910.0844395220892,909.1333879408614,False
2023-01-21 00:00:00,long,0.9732366800308228,0.8672084514512104,45.4628855555755,90.925771111151,0.10911092533338121,0.011291419963860738,0.9175701418205012,909.1333879408614,910.050958082682,False
2023-01-21 01:00:00,long,0.9476173520088196,0.8172069660874363,45.38210204377254,90.76420408754508,0.1089170449050541,0.011354540042810335,0.9216687448607861,910.050958082682,910.9726268275427,False
2023-01-22 03:00:00,long,0.7769173383712769,0.44809626417091153,46.49697892823516,92.99395785647032,0.11159274942776438,0.01083848353472927,0.8963207316288968,910.9726268275427,911.8689475591716,False
2023-01-22 05:00:00,long,0.6590385437011719,0.18982152932330276,48.74946792495359,97.49893584990718,0.11699872301988863,-0.009879442392969784,-1.080233843124903,911.8689475591716,910.7887137160467,False
2023-01-23 02:00:00,short,0.21043306589126587,0.4039337492552538,51.55328347421948,103.10656694843895,0.12372788033812676,-0.008813125573697622,-1.03241900232758,910.7887137160467,909.7562947137191,False
2023-01-23 03:00:00,short,0.2591422498226166,0.3213709191681024,50.92673163534836,101.85346327069672,0.12222415592483608,-0.009010852240055822,-1.040010663595037,909.7562947137191,908.716284050124,False
2023-01-24 01:00:00,long,0.6825031638145447,0.254630897947356,46.62533226206723,93.25066452413446,0.11190079742896136,-0.010725562590841453,-1.1120666364201242,908.716284050124,907.604217413704,False
2023-01-24 02:00:00,long,0.6597856879234314,0.20483911979402208,47.00978934326077,94.01957868652154,0.11282349442382586,-0.010525039641370415,-1.10238328716441,907.604217413704,906.5018341265395,False
2023-01-25 00:00:00,long,0.870650589466095,0.5457975828518147,51.6986010660475,103.397202132095,0.12407664255851401,-0.008681347308769682,-1.0217036650222917,906.5018341265395,905.4801304615172,False
2023-01-25 01:00:00,long,0.702812671661377,0.26777246386098297,49.039465295397996,98.07893059079599,0.1176947167089552,0.009626617962360084,0.8264736782454694,905.4801304615172,906.3066041397627,False
2023-01-26 00:00:00,long,0.9693296551704407,0.9327009112927549,42.41005358190082,84.82010716380164,0.10178412859656197,-0.012894959628705793,-1.195535986176283,906.3066041397627,905.1110681535864,False
2023-01-26 15:00:00,long,0.9386615753173828,0.5879978094171285,54.599368719443184,109.19873743888637,0.13103848492666365,0.007505395904030987,0.6885412717725092,905.1110681535864,905.7996094253589,False
2023-01-26 16:00:00,long,0.9777817726135254,0.6597055880905713,54.19084439117539,108.38168878235078,0.13005802653882095,-0.00763057945945278,-0.9570731147422306,905.7996094253589,904.8425363106167,False
2023-01-27 00:00:00,long,0.8837137818336487,0.5004338302334397,54.40380797437147,108.80761594874294,0.13056913913849152,-0.007554966032104815,-0.9526069816655506,904.8425363106167,903.8899293289511,False
2023-01-27 01:00:00,long,0.8861097693443298,0.5618817235518145,50.5064351326877,101.0128702653754,0.1212154443184505,0.008747476022211043,0.7623922162626355,903.8899293289511,904.6523215452137,False
2023-01-28 00:00:00,long,0.9004797339439392,0.5295842199630753,54.28381796095566,108.56763592191132,0.1302811631062936,-0.007585212123007556,-0.9537897112674459,904.6523215452137,903.6985318339463,False
2023-01-28 01:00:00,long,0.8147266507148743,0.39446062237011004,53.71370888400449,107.42741776800898,0.1289129013216108,-0.00773075604330864,-0.9594080604486882,903.6985318339463,902.7391237734976,False
2023-01-29 06:00:00,long,0.8366074562072754,0.2846781979405898,67.28148848363877,134.56297696727754,0.16147557236073307,0.004916753606194035,0.5001374299033337,902.7391237734976,903.2392612034009,False
2023-01-29 10:00:00,long,0.8424651026725769,0.3410249549018121,62.309342120676924,124.61868424135385,0.14954242108962462,0.005739107758991002,0.5656576365551791,903.2392612034009,903.8049188399561,False
2023-01-30 00:00:00,short,0.09008278697729111,0.5798036463672394,51.981538092577004,103.96307618515401,0.12475569142218482,0.008256504974772705,0.733615964293213,903.8049188399561,904.5385348042494,False
2023-01-30 01:00:00,short,0.10805445909500122,0.5105619643222057,54.62561188026541,109.25122376053082,0.131101468512637,0.007488703128847085,0.6870485126932231,904.5385348042494,905.2255833169426,False
2023-01-31 04:00:00,long,0.8717383146286011,0.4896947897040992,53.77639093998473,107.55278187996946,0.12906333825596336,0.007738832225092418,0.7032695960550801,905.2255833169426,905.9288529129976,False
2023-01-31 05:00:00,long,0.9416294097900391,0.5849695771285227,55.15719822738056,110.31439645476112,0.13237727574571337,0.007367648287109674,0.6803803983377449,905.9288529129976,906.6092333113354,False
2023-02-01 00:00:00,long,0.9793393015861511,0.6230788704422329,56.63172104179451,113.26344208358903,0.13591613050030685,-0.0069994812218401314,-0.9287014664853656,906.6092333113354,905.6805318448501,False
2023-02-01 01:00:00,long,0.9581003189086914,0.6000383020787385,55.885559861823616,111.77111972364723,0.1341253436683767,-0.007172919386841392,-0.9358505752230962,905.6805318448501,904.744681269627,False
2023-02-02 00:00:00,short,0.27221131324768066,0.3086014211622319,48.062052160640526,96.12410432128105,0.11534892518553727,0.009678154567054564,0.8149550140554983,904.744681269627,905.5596362836825,False
2023-02-02 03:00:00,long,0.7458358407020569,0.36425915979606877,46.30850235051396,92.61700470102792,0.11114040564123352,-0.010443780567710337,-1.078412079577366,905.5596362836825,904.4812242041052,False
2023-02-03 01:00:00,short,0.1671733558177948,0.5020197044360449,48.185377751109996,96.37075550221999,0.11564490660266401,0.009623070624981134,0.8117376797779882,904.4812242041052,905.2929618838831,False
2023-02-03 02:00:00,short,0.1731468141078949,0.5026488800608818,47.45694566859737,94.91389133719474,0.1138966696046337,0.009938568106283907,0.8294115036825064,905.2929618838831,906.1223733875656,False
2023-02-04 01:00:00,short,0.19623668491840363,0.3531020911977529,55.87862220179656,111.75724440359312,0.13410869328431177,-0.007181702764671227,-0.9367160043896345,906.1223733875656,905.185657383176,False
2023-02-04 02:00:00,short,0.1831081658601761,0.3702394423632959,56.16271423903438,112.32542847806876,0.1347905141736825,-0.007094540114739312,-0.9316877724166228,905.185657383176,904.2539696107594,False
2023-02-05 02:00:00,short,0.15803828835487366,0.22868357614836982,74.84970623668576,149.69941247337152,0.17963929496804584,-0.003986077559818613,-0.7763527637461827,904.2539696107594,903.4776168470132,False
2023-02-05 05:00:00,short,0.04019767791032791,0.2893026895195423,83.7260289888963,167.4520579777926,0.20094246957335116,0.0031802327464658386,0.33159404867072106,903.4776168470132,903.8092108956839,False
2023-02-06 02:00:00,long,0.7729278206825256,0.26398427658868323,59.818115290278776,119.63623058055755,0.14356347669666908,-0.006234952832692597,-0.8894897314475811,903.8092108956839,902.9197211642363,False
2023-02-06 05:00:00,long,0.8471086621284485,0.39032428176667794,58.384881216671054,116.76976243334211,0.14012371492001055,0.006531945807183304,0.6226100452122489,902.9197211642363,903.5423312094485,False
2023-02-07 00:00:00,long,0.9418740272521973,0.5271472013066617,59.00900419963746,118.01800839927492,0.1416216100791299,0.006403324839446833,0.6140860346059922,903.5423312094485,904.1564172440545,False
2023-02-07 01:00:00,long,0.8040781617164612,0.3045552575666238,60.4427582448787,120.8855164897574,0.1450626197877089,0.006111441880012558,0.5937221883747432,904.1564172440545,904.7501394324293,False
2023-02-08 00:00:00,long,0.6725215911865234,0.16046266731041176,53.445180821520815,106.89036164304163,0.12826843397164997,-0.007826819407008023,-0.9648799909015142,904.7501394324293,903.7852594415277,False
2023-02-08 04:00:00,short,0.2628186345100403,0.27292717788224763,52.960794500415474,105.92158900083095,0.12710590680099715,0.007953652667959221,0.715357622149942,903.7852594415277,904.5006170636776,False
2023-02-09 13:00:00,short,0.2706039547920227,0.1944701780063633,58.79893403888785,117.5978680777757,0.14111744169333085,0.006220002512878575,0.5903415932595972,904.5006170636776,905.0909586569372,False
2023-02-09 14:00:00,long,0.7273806929588318,0.2025075004269871,57.49497713251311,114.98995426502621,0.13798794511803147,-0.006513829292836393,-0.8870128775914763,905.0909586569372,904.2039457793458,False
2023-02-10 00:00:00,short,0.004813193343579769,0.7840463901772169,47.42295862441792,94.84591724883585,0.11381510069860303,0.009555804062477136,0.7925139006571928,904.2039457793458,904.996459680003,False
2023-02-10 01:00:00,short,0.005159723572432995,0.7850003993469858,47.39034721334613,94.78069442669226,0.11373683331203073,0.009585741433948858,0.7948063963923588,904.996459680003,905.7912660763953,False
2023-02-11 06:00:00,short,0.15837863087654114,0.2612595893990547,68.98394342773527,137.96788685547054,0.16556146422656468,-0.0045318127250901785,-0.790806089531988,905.7912660763953,905.0004599868633,False
2023-02-11 08:00:00,short,0.038450099527835846,0.3815428627162414,71.74906774878627,143.49813549757255,0.17219776259708708,-0.004181930449211668,-0.7722969848394875,905.0004599868633,904.2281630020238,False
2023-02-12 01:00:00,short,0.1353013962507248,0.22967744768507442,76.06581054954782,152.13162109909564,0.18255794531891478,-0.0037144010622498502,-0.7476358003311874,904.2281630020238,903.4805272016927,False
2023-02-12 02:00:00,short,0.09981616586446762,0.252525485781264,78.11014139795451,156.22028279590901,0.18746433935509083,-0.0035166931554198033,-0.7368431386012102,903.4805272016927,902.7436840630915,False
2023-02-13 00:00:00,short,0.08869757503271103,0.43181243296746297,61.030831030802325,122.06166206160465,0.1464739944739256,0.005750982961992168,0.5555005443548086,902.7436840630915,903.2991846074463,False
2023-02-13 01:00:00,short,0.22934432327747345,0.25693033284239364,58.49181067055006,116.98362134110012,0.14038034560932017,-0.006268806089057666,-0.873727983392425,903.2991846074463,902.4254566240538,False
2023-02-14 03:00:00,short,0.2683197557926178,0.19181546535771324,59.40330768414415,118.8066153682883,0.14256793844194598,-0.006066150079095278,-0.8632666976553305,902.4254566240538,901.5621899263984,False
2023-02-14 06:00:00,short,0.19059574604034424,0.23421879154404032,67.0475921331668,134.0951842663336,0.16091422111960033,-0.004752659918807467,-0.7982230286873057,901.5621899263984,900.7639668977112,False
2023-02-15 02:00:00,long,0.8593029975891113,0.5284535126557945,47.81635504840215,95.6327100968043,0.11475925211616518,0.009327833930109275,0.7772867859531098,900.7639668977112,901.5412536836643,False
2023-02-15 03:00:00,long,0.8754948973655701,0.5088373609001967,50.97356057537624,101.94712115075248,0.12233654538090298,0.008222293938196623,0.7159026508735259,901.5412536836643,902.2571563345379,False
2023-02-16 02:00:00,long,0.6130382418632507,0.1345394538111913,41.41660735178151,82.83321470356302,0.09939985764427563,-0.01247450611564005,-1.1327033010419978,902.2571563345379,901.1244530334959,False
2023-02-16 03:00:00,long,0.6491605043411255,0.20796058171391016,41.5082119423056,83.0164238846112,0.09961970866153345,-0.012388343235924193,-1.1280556619630722,901.1244530334959,899.9963973715328,False
2023-02-17 02:00:00,short,0.2945687174797058,0.2840775758635238,28.107612622754047,56.215225245508094,0.06745827029460971,-0.0151589067250959,-0.9196196263215232,899.9963973715328,899.0767777452113,False
2023-02-17 03:00:00,short,0.08290378004312515,0.6322454453627148,28.603991240191746,57.20798248038349,0.0686495789764602,-0.014607454619871119,-0.9043125869530441,899.0767777452113,898.1724651582582,False
2023-02-18 07:00:00,short,0.2985626459121704,0.2661055029658691,45.69446379654256,91.38892759308511,0.10966671311170215,-0.010155563685340097,-1.0377727874182128,898.1724651582582,897.13469237084,False
2023-02-18 08:00:00,short,0.12432067096233368,0.5827028985359891,46.15837237335194,92.31674474670388,0.11078009369604466,-0.009929469829922377,-1.0274364254550858,897.13469237084,896.1072559453848,False
2023-02-19 00:00:00,short,0.028503647074103355,0.46443117107116105,64.6889667897026,129.3779335794052,0.15525352029528627,0.005043955999544991,0.497323083991288,896.1072559453848,896.6045790293762,False
2023-02-19 01:00:00,short,0.027353093028068542,0.4690207245953773,64.47039274503325,128.9407854900665,0.15472894258807982,-0.005083853231267144,-0.810244971543878,896.6045790293762,895.7943340578323,False
2023-02-20 00:00:00,short,0.17303389310836792,0.4712392707958435,47.503944142162624,95.00788828432525,0.11400946594119031,0.009346930513812635,0.7740226641164712,895.7943340578323,896.5683567219488,False
2023-02-20 01:00:00,short,0.3089119493961334,0.2549599347876772,44.82362417392385,89.6472483478477,0.10757669801741725,-0.01051633975368027,-1.050337619625936,896.5683567219488,895.5180191023229,False
2023-02-21 00:00:00,short,0.039271216839551926,0.6076176545792027,53.25941528236616,106.51883056473233,0.1278225966776788,-0.007431348020385364,-0.9194010973286664,895.5180191023229,894.5986180049943,False
2023-02-21 01:00:00,short,0.050543349236249924,0.5679609465325529,54.592175296447756,109.18435059289551,0.13102122071147462,-0.007058418059624261,-0.9016900127647152,894.5986180049943,893.6969279922296,False
2023-02-22 00:00:00,short,0.11511087417602539,0.5882729213309833,46.629076013641026,93.25815202728205,0.11190978243273847,0.009655586118101467,0.7885523356816824,893.6969279922296,894.4854803279112,False
2023-02-22 02:00:00,short,0.36724019050598145,0.145894171235066,44.486700101645646,88.97340020329129,0.10676808024394956,0.01062668817759882,0.8387244998171344,894.4854803279112,895.3242048277283,False
2023-02-23 00:00:00,short,0.10432484745979309,0.5416328742836033,50.695816510394,101.391633020788,0.12166995962494562,-0.008198381765841756,-0.9529172749914929,895.3242048277283,894.3712875527368,False
2023-02-23 14:00:00,short,0.12788669764995575,0.5506787209655043,46.13957500377707,92.27915000755414,0.11073498000906497,0.009630845374866692,0.7779912450378175,894.3712875527368,895.1492787977746,False
2023-02-23 16:00:00,short,0.09435459226369858,0.6088830450122706,46.25740894413849,92.51481788827698,0.11101778146593239,-0.009598518807250045,-0.9990230009158718,895.1492787977746,894.1502557968588,False
2023-02-24 01:00:00,short,0.3427562117576599,0.1598619034642185,47.19714889678565,94.3942977935713,0.11327315735228556,0.00919952437914151,0.7551094864516172,894.1502557968588,894.9053652833104,False
2023-02-24 02:00:00,short,0.08645762503147125,0.567074893562024,49.48500603973438,98.97001207946876,0.11876401449536252,0.008382679496669043,0.7108698765482877,894.9053652833104,895.6162351598587,False
2023-02-25 00:00:00,short,0.08739127963781357,0.6375715267616511,45.399836442788455,90.79967288557691,0.1089596074626923,0.009974961584939712,0.7967636414960294,895.6162351598587,896.4129988013547,False
2023-02-25 01:00:00,short,0.05223196744918823,0.7020840071308593,45.39517023132143,90.79034046264286,0.10894840855517145,0.009994771880113218,0.7984803332867567,896.4129988013547,897.2114791346414,False
2023-02-26 00:00:00,short,0.0987280085682869,0.37258341160761677,63.06672086751972,126.13344173503944,0.15136013008204735,-0.0051875827188649914,-0.8056877926977022,897.2114791346414,896.4057913419438,False
2023-02-26 01:00:00,short,0.22967994213104248,0.19457355403323345,63.91779546498813,127.83559092997626,0.15340270911597154,-0.005041289353190148,-0.797858912630032,896.4057913419438,895.6079324293138,False
2023-02-27 00:00:00,short,0.02022513560950756,0.5640920052067503,56.35519963044645,112.7103992608929,0.13525247911307148,-0.006473568846079303,-0.8648910083975474,895.6079324293138,894.7430414209163,False
2023-02-27 01:00:00,short,0.01446166168898344,0.5850449684326151,55.47235127027943,110.94470254055886,0.13313364304867065,0.006668365613319738,0.606686196352779,894.7430414209163,895.3497276172691,False
2023-02-28 00:00:00,short,0.06250721961259842,0.6442308735266092,47.394898282958,94.789796565916,0.11374775587909922,0.00914740933749103,0.753333314326836,895.3497276172691,896.1030609315959,False
2023-02-28 01:00:00,short,0.041988104581832886,0.6845726871976963,47.18504993549547,94.37009987099094,0.11324411984518915,0.009244490421558726,0.759159364493727,896.1030609315959,896.8622202960896,False
2023-03-01 00:00:00,short,0.11273403465747833,0.4648727009391701,53.6767101978232,107.3534203956464,0.12882410447477569,-0.007155756808208347,-0.8970190733553751,896.8622202960896,895.9652012227342,False
2023-03-01 01:00:00,short,0.0660768449306488,0.5555876515780399,52.34911065335747,104.69822130671494,0.12563786556805795,-0.007508264470431403,-0.9117398007226298,895.9652012227342,895.0534614220115,False
2023-03-02 00:00:00,short,0.2795579135417938,0.22202784300487258,52.132148516897075,104.26429703379415,0.125117156440553,0.007555489361650625,0.6626506305982595,895.0534614220115,895.7161120526098,False
2023-03-02 01:00:00,long,0.7285716533660889,0.24585489897609403,51.003928549531366,102.00785709906273,0.12240942851887529,-0.007905137138675244,-0.9287955281093533,895.7161120526098,894.7873165245004,False
2023-03-03 01:00:00,short,0.07773997634649277,0.6696690680904344,44.60795392927454,89.21590785854907,0.1070590894302589,-0.010313140275873156,-1.0271552620148499,894.7873165245004,893.7601612624856,False
2023-03-03 04:00:00,short,0.026366887614130974,0.7841650724550407,43.66190352550679,87.32380705101357,0.1047885684612163,0.010740204398287378,0.8330869681032781,893.7601612624856,894.5932482305889,False
2023-03-04 06:00:00,short,0.10491467267274857,0.26857205460462463,73.02772107655487,146.05544215310974,0.1752665305837317,0.0038463750519218687,0.3865174783114072,894.5932482305889,894.9797657089002,False
2023-03-04 07:00:00,short,0.09270057082176208,0.2688066093556062,74.64059437196184,149.28118874392368,0.17913742649270842,0.0036851243589628435,0.3709823184824546,894.9797657089002,895.3507480273827,False
2023-03-05 02:00:00,long,0.8342364430427551,0.28791948398399225,62.638348974066524,125.27669794813305,0.15033203753775967,0.005236989349590493,0.5057406953684782,895.3507480273827,895.8564887227511,False
2023-03-05 08:00:00,long,0.8865441083908081,0.37124543409958366,61.28890680615075,122.5778136123015,0.1470933763347618,0.005476322684981438,0.5241822850257114,895.8564887227511,896.3806710077769,False
2023-03-06 00:00:00,short,0.06566845625638962,0.26421106457851473,78.81693646775756,157.63387293551511,0.18916064752261816,0.0033152917953453986,0.33344163808901417,896.3806710077769,896.7141126458658,False
2023-03-06 13:00:00,short,0.12053979188203812,0.23526378072392354,75.15450022075848,150.30900044151696,0.18037080052982035,-0.0036490004814808685,-0.7288484155118238,896.7141126458658,895.985264230354,False
2023-03-07 01:00:00,short,0.07189807295799255,0.3237763018810607,71.16205005385581,142.32410010771162,0.17078892012925395,0.004063317192360638,0.4075190427256672,895.985264230354,896.3927832730797,False
2023-03-07 02:00:00,short,0.14322690665721893,0.24101183734538775,71.24493065913204,142.48986131826408,0.1709878335819169,0.004057557283815516,0.40717294107986823,896.3927832730797,896.7999562141596,False
2023-03-08 01:00:00,short,0.22594311833381653,0.32139685042212546,50.858368135454484,101.71673627090897,0.12206008352509078,0.00796970429457744,0.6885922263635732,896.7999562141596,897.4885484405231,False
2023-03-08 03:00:00,short,0.15653491020202637,0.4372843200997508,50.62347849182488,101.24695698364977,0.12149634838037973,0.008056191069767293,0.6941684823124128,897.4885484405231,898.1827169228355,False
2023-03-09 15:00:00,long,0.9116912484169006,0.3446278065000059,65.24633496559039,130.49266993118079,0.15659120391741696,-0.004664872594938196,-0.7653228837196978,898.1827169228355,897.4173940391158,False
2023-03-09 17:00:00,long,0.9109715819358826,0.4042573173720545,59.58773400324377,119.17546800648753,0.14301056160778505,-0.005583388744564655,-0.8084135283034326,897.4173940391158,896.6089805108124,False
2023-03-10 01:00:00,short,0.3078908920288086,0.24355220936279331,27.640768157830337,55.281536315660674,0.06633784357879281,0.014569717162700502,0.7390985048599396,896.6089805108124,897.3480790156724,False
2023-03-10 02:00:00,short,0.2782074809074402,0.2944222163315331,27.471087508464027,54.942175016928054,0.06593061002031367,0.014774586626837949,0.7458173142341816,897.3480790156724,898.0938963299066,False
2023-03-11 00:00:00,short,0.07431677728891373,0.5766974534293605,29.384685967018456,58.76937193403691,0.0705232463208443,-0.012934407836644235,-0.8306702712191111,898.0938963299066,897.2632260586875,False
2023-03-11 01:00:00,short,0.02819347195327282,0.6644172663443633,28.715099034538113,57.430198069076226,0.06891623768289148,0.013519613282880427,0.7075178309702453,897.2632260586875,897.9707438896577,False
2023-03-12 00:00:00,long,0.7946016192436218,0.3258481423138975,51.93208930525034,103.86417861050067,0.12463701433260081,-0.0073599595282582975,-0.8890731653416769,897.9707438896577,897.081670724316,False
2023-03-12 18:00:00,short,0.23144930601119995,0.29725033102086157,50.808727830045726,101.61745566009145,0.12194094679210975,0.00767379098972043,0.6578501688506153,897.081670724316,897.7395208931666,False
2023-03-13 00:00:00,short,0.10601528733968735,0.6328956392189684,26.25888098612512,52.51776197225024,0.06302131436670029,0.0168091946294624,0.819759968128633,897.7395208931666,898.5592808612953,False
2023-03-13 01:00:00,short,0.10995562374591827,0.6507262542884849,26.282858965192887,52.56571793038577,0.06307886151646293,0.017414018284719224,0.8523015116726681,898.5592808612953,899.4115823729679,False
2023-03-14 00:00:00,short,0.04670017957687378,0.749227410165518,26.30778878440931,52.61557756881862,0.06313869308258235,-0.017051774086598748,-0.96032763522199,899.4115823729679,898.4512547377459,False
2023-03-14 01:00:00,short,0.1158817932009697,0.6315639201172683,26.27969920107907,52.55939840215814,0.06307127808258978,-0.017207966469048097,-0.9675116434202671,898.4512547377459,897.4837430943256,False
2023-03-15 01:00:00,short,0.20073573291301727,0.6975997841803357,26.251399485509026,52.50279897101805,0.06300335876522167,0.024186928017647658,1.2068780606718175,897.4837430943256,898.6906211549974,False
2023-03-15 02:00:00,short,0.15553440153598785,0.6577326960911369,26.286700668783674,52.57340133756735,0.06308808160508082,0.019911748705214505,0.9837402744069482,898.6906211549974,899.6743614294044,False
2023-03-16 00:00:00,short,0.047561921179294586,0.7277156952042578,26.315475071810077,52.630950143620154,0.0631571401723442,-0.016631807435403267,-0.9385049681033445,899.6743614294044,898.7358564613011,False
2023-03-16 01:00:00,short,0.05684932321310043,0.6729121027463658,26.87033317435106,53.74066634870212,0.06448879961844255,-0.015490420367025637,-0.8969543121639072,898.7358564613011,897.8389021491372,False
2023-03-17 00:00:00,short,0.030864814296364784,0.7558407074608464,43.322968293235725,86.64593658647145,0.10397512390376575,-0.010572630873699751,-1.0200506281385247,897.8389021491372,896.8188515209987,False
2023-03-17 01:00:00,short,0.017298895865678787,0.8440803639193073,40.65138300700945,81.3027660140189,0.0975633192168227,-0.011980679449028031,-1.0716256971501135,896.8188515209987,895.7472258238486,False
2023-03-18 00:00:00,short,0.18264253437519073,0.46452305315201875,26.73949493865132,53.47898987730264,0.06417478785276318,0.015538522187467985,0.7668096829190796,895.7472258238486,896.5140355067676,False
2023-03-18 04:00:00,short,0.04186802729964256,0.6522031970338782,28.362464129638525,56.72492825927705,0.06806991391113247,0.013834753817840939,0.716705503890654,896.5140355067676,897.2307410106583,False
2023-03-19 03:00:00,short,0.028571905568242073,0.798980468674927,41.61288630574654,83.22577261149308,0.09987092713379171,0.01144393156439627,0.8525591190261406,897.2307410106583,898.0833001296845,False
2023-03-19 04:00:00,short,0.030512969940900803,0.7901887645721377,41.86645153308609,83.73290306617218,0.10047948367940664,0.011327226302350613,0.8479820583039132,898.0833001296845,898.9312821879885,False
2023-03-20 00:00:00,short,0.010668810456991196,0.6900990014627673,28.82265755997887,57.64531511995774,0.06917437814394929,0.01346883747207317,0.7072410022332036,898.9312821879885,899.6385231902217,False
2023-03-20 01:00:00,short,0.01461953017860651,0.6906693999546308,28.612017497101647,57.22403499420329,0.06866884199304396,0.013689396184679459,0.7146936443285665,899.6385231902217,900.3532168345503,False
2023-03-21 00:00:00,short,0.03548198938369751,0.821794380680919,40.28170301346103,80.56340602692207,0.09667608723230649,0.012297953215323787,0.8940889109539155,900.3532168345503,901.2473057455041,False
2023-03-21 01:00:00,short,0.011928750202059746,0.8670957183031625,40.36953840976257,80.73907681952514,0.09688689218343018,0.01226882673624441,0.893686852159651,901.2473057455041,902.1409925976639,False
2023-03-22 00:00:00,short,0.045532312244176865,0.6743592358839874,46.20465784056838,92.40931568113676,0.11089117881736413,-0.009384258432982406,-0.9780840787842051,902.1409925976639,901.1629085188797,False
2023-03-22 01:00:00,short,0.033529870212078094,0.6834526379029652,46.7473511166157,93.4947022332314,0.11219364267987768,-0.009147770145166545,-0.9674616885002677,901.1629085188797,900.1954468303794,False
2023-03-23 13:00:00,short,0.09731288254261017,0.46923821007326627,53.73037400250719,107.46074800501438,0.12895289760601727,-0.006911819080067438,-0.8717021460253945,900.1954468303794,899.323744684354,False
2023-03-23 14:00:00,long,0.7855188250541687,0.3488485534683369,48.83806735639169,97.67613471278338,0.11721136165534007,0.008349753343263489,0.6983602707197778,899.323744684354,900.0221049550738,False
2023-03-24 00:00:00,long,0.7689459323883057,0.48036469979493207,37.610242975303194,75.22048595060639,0.09026458314072767,-0.014101085271946423,-1.1509550697274762,900.0221049550738,898.8711498853463,False
2023-03-24 01:00:00,long,0.644537627696991,0.21547810469990836,37.6492010146932,75.2984020293864,0.09035808243526368,-0.014035950241418349,-1.1472427065780455,898.8711498853463,897.7239071787683,False
2023-03-25 04:00:00,short,0.16299937665462494,0.4652556908889938,46.48003829861247,92.96007659722494,0.11155209191666994,-0.009185675360062318,-0.9654531769853048,897.7239071787683,896.758454001783,False
2023-03-25 05:00:00,short,0.1581800878047943,0.46777901368994595,46.81425537238837,93.62851074477673,0.11235421289373208,-0.009035520684142151,-0.9583365583535879,896.758454001783,895.8001174434294,False
2023-03-26 12:00:00,long,0.811081051826477,0.24749061887989166,62.16975457190898,124.33950914381796,0.14920741097258158,0.005112371313996222,0.4864623287706443,895.8001174434294,896.2865797722001,False
2023-03-26 13:00:00,long,0.8855372667312622,0.37638784936200886,59.06180941484387,118.12361882968774,0.1417483425956253,-0.005670727218729077,-0.8115951630679141,896.2865797722001,895.4749846091322,False
2023-03-27 01:00:00,long,0.9257798790931702,0.5506908055353651,50.3025620585278,100.6051241170556,0.12072614894046672,-0.007803423377706675,-0.90579052639258,895.4749846091322,894.5691940827396,False
2023-03-27 02:00:00,long,0.9660245180130005,0.6058352236997897,50.74712278345168,101.49424556690336,0.12179309468028404,-0.007651797953369011,-0.8984065551878468,894.5691940827396,893.6707875275517,False
2023-03-28 00:00:00,short,0.10943368822336197,0.6215281647798909,42.70066233984576,85.40132467969153,0.10248158961562984,0.010785601389105337,0.818623056481087,893.6707875275517,894.4894105840328,False
2023-03-28 01:00:00,short,0.1224437952041626,0.6148173636196858,41.83019640348732,83.66039280697464,0.10039247136836958,0.011259758210729887,0.8416033234528507,894.4894105840328,895.3310139074857,False
2023-03-29 00:00:00,long,0.8784360289573669,0.5286094935592133,46.82400874725988,93.64801749451976,0.11237762099342373,0.009003026689901938,0.7307379799661413,895.3310139074857,896.0617518874519,False
2023-03-29 01:00:00,long,0.8309330344200134,0.42541938441103333,48.48225897628746,96.96451795257492,0.11635742154308992,0.008411407063667609,0.6992506096883234,896.0617518874519,896.7610024971402,False
2023-03-30 00:00:00,short,0.08587194979190826,0.508472889440882,51.964493348929835,103.92898669785967,0.12471478403743162,-0.007333283891496345,-0.8868555480483838,896.7610024971402,895.8741469490918,False
2023-03-30 01:00:00,short,0.0854763463139534,0.5111850656041262,51.76942174870647,103.53884349741294,0.12424661219689553,-0.007374046040143245,-0.8877468110900046,895.8741469490918,894.9864001380018,False
2023-03-31 00:00:00,short,0.2611405551433563,0.3168643378323117,44.638811750849555,89.27762350169911,0.10713314820203894,0.00989842475375391,0.7765746902235013,894.9864001380018,895.7629748282253,False
2023-03-31 01:00:00,short,0.07432451844215393,0.6669347909050941,43.76561272855316,87.53122545710632,0.10503747054852759,0.010315223775730353,0.7978667074054294,895.7629748282253,896.5608415356307,False
2023-04-01 01:00:00,short,0.3041926622390747,0.20147883965742072,48.78795238675216,97.57590477350432,0.11709108572820519,-0.008315585160262984,-0.9284918314619917,896.5608415356307,895.6323497041687,False
2023-04-01 02:00:00,short,0.33776867389678955,0.1507526550299248,48.23291851551711,96.46583703103423,0.11575900443724109,0.008490454239301726,0.7032797705306929,895.6323497041687,896.3356294746994,False
2023-04-02 20:00:00,short,0.16160976886749268,0.2858788875501098,61.83479386424873,123.66958772849746,0.14840350527419696,0.005174089662824399,0.49147403019757696,896.3356294746994,896.827103504897,False
2023-04-02 21:00:00,short,0.09058400988578796,0.3933835817351422,60.41021988686838,120.82043977373677,0.14498452772848414,0.005426940769736266,0.510700842697073,896.827103504897,897.337804347594,False
2023-04-03 00:00:00,short,0.2576206922531128,0.21107749488784575,55.820363513546816,111.64072702709363,0.13396887243251238,0.006363339194905615,0.5764389416067512,897.337804347594,897.9142432892007,False
2023-04-03 01:00:00,short,0.1945379674434662,0.35729406883632464,50.732317527819056,101.46463505563811,0.12175756206676575,-0.007713629630240915,-0.9044181774535169,897.9142432892007,897.0098251117472,False
2023-04-04 00:00:00,short,0.05355972796678543,0.7124138422756567,43.4561979268034,86.9123958536068,0.10429487502432816,-0.01049178572458187,-1.0161611091304086,897.0098251117472,895.9936640026168,False
2023-04-04 01:00:00,short,0.04200446233153343,0.7442386841881455,42.92038044695327,85.84076089390653,0.10300891307268785,-0.010731025240070302,-1.0241682848520386,895.9936640026168,894.9694957177647,False
2023-04-05 02:00:00,short,0.2940380573272705,0.19446253473128222,51.3335548160971,102.6671096321942,0.12320053155863304,0.007484663006330883,0.6452281858723679,894.9694957177647,895.6147239036371,False
2023-04-05 07:00:00,short,0.2839910686016083,0.1754968057964309,55.461272880430904,110.92254576086181,0.13310705491303418,-0.006421274696295054,-0.8453711912558863,895.6147239036371,894.7693527123812,False
2023-04-06 00:00:00,short,0.20947229862213135,0.3506343994153,49.120273662989604,98.24054732597921,0.11788865679117506,0.00817069709123297,0.6848050974863381,894.7693527123812,895.4541578098675,False
2023-04-06 13:00:00,short,0.17490644752979279,0.3073389636966083,57.73404299163242,115.46808598326484,0.1385617031799178,-0.005939334743263469,-0.8243653179984562,895.4541578098675,894.629792491869,False
2023-04-06 14:00:00,short,0.1422141194343567,0.3289234948154699,59.87525816252255,119.7505163250451,0.14370061959005412,-0.005511971284667405,-0.803762026897798,894.629792491869,893.8260304649713,False
2023-04-07 09:00:00,short,0.15900717675685883,0.22520370779858104,68.94131547092067,137.88263094184134,0.16545915713020962,-0.00415013185969082,-0.7376902566999366,893.8260304649713,893.0883402082713,False
2023-04-10 08:00:00,long,0.7796918749809265,0.20264100578330405,62.549540786228015,125.09908157245603,0.15011889788694724,0.0050333324747047214,0.47954637194743066,893.0883402082713,893.5678865802188,False
2023-04-10 12:00:00,long,0.969832181930542,0.3028241997017399,76.32965145788123,152.65930291576245,0.18319116349891496,-0.003383635535703644,-0.6997346057004357,893.5678865802188,892.8681519745184,False
2023-04-11 01:00:00,short,0.2833431363105774,0.299690558701757,42.5451348038899,85.0902696077798,0.10210832352933577,0.010874013985775699,0.8231644582390867,892.8681519745184,893.6913164327574,False
2023-04-11 05:00:00,short,0.1915626972913742,0.5153195637972698,39.881575794746844,79.76315158949369,0.09571578190739244,-0.012397824594024387,-1.0846053443805126,893.6913164327574,892.6067110883769,False
2023-04-12 00:00:00,short,0.05618658661842346,0.5201322189764502,53.90417821946446,107.80835643892893,0.12937002772671471,0.006770028039018161,0.6004955682052983,892.6067110883769,893.2072066565821,False
2023-04-12 01:00:00,short,0.07548197358846664,0.5050481356931524,53.00848761617609,106.01697523235218,0.12722037027882263,0.00701017146343641,0.6159768041348573,893.2072066565821,893.823183460717,False
2023-04-13 00:00:00,short,0.24527812004089355,0.2767026814169716,50.55586677191591,101.11173354383182,0.12133408025259819,-0.007717473366328331,-0.9016611909004072,893.823183460717,892.9215222698166,False
2023-04-13 03:00:00,long,0.726318359375,0.19108289992092764,55.17743372548339,110.35486745096678,0.13242584094116014,0.006465745663877254,0.5811006647676774,892.9215222698166,893.5026229345842,False
2023-04-14 00:00:00,short,0.2192826271057129,0.27814824864927506,54.2737432328048,108.5474864656096,0.13025698375873151,-0.006691556403182197,-0.8566086118670143,893.5026229345842,892.6460143227172,False
2023-04-14 08:00:00,short,0.24244007468223572,0.2414382942078641,54.54443248930166,109.08886497860333,0.130906637974324,0.006612607057880471,0.5904551605193581,892.6460143227172,893.2364694832365,False
2023-04-17 04:00:00,short,0.06316535174846649,0.46371670680749577,57.3488829244168,114.6977658488336,0.13763731901860032,0.0059896024505649015,0.5493567003838926,893.2364694832365,893.7858261836204,False
2023-04-17 05:00:00,short,0.09744282811880112,0.4163113002152591,57.4000377433521,114.8000754867042,0.13776009058404506,0.005986287924988565,0.5494662150897881,893.7858261836204,894.3352923987102,False
2023-04-18 02:00:00,short,0.08235719799995422,0.39000489356840007,61.43740647375258,122.87481294750516,0.14744977553700622,-0.005231786601892274,-0.790304575625783,894.3352923987102,893.5449878230844,False
2023-04-18 03:00:00,short,0.08290995657444,0.35001068853368666,65.06928692907553,130.13857385815106,0.1561662886297813,-0.004655815716678724,-0.762067506144716,893.5449878230844,892.7829203169397,False
2023-04-19 00:00:00,short,0.2498806118965149,0.25068003142398154,52.40457703639023,104.80915407278046,0.12577098488733657,0.007165860299191751,0.6252767712746723,892.7829203169397,893.4081970882144,False
2023-04-19 01:00:00,long,0.9291402697563171,0.4715951718119001,55.93566054690716,111.87132109381432,0.1342455853125772,-0.006298503201483063,-0.8388674593761065,893.4081970882144,892.5693296288382,False
2023-04-20 00:00:00,short,0.024523550644516945,0.6457715368537653,49.12142797112827,98.24285594225654,0.11789142713070785,0.008151865083482868,0.6829710799266105,892.5693296288382,893.2523007087648,False
2023-04-20 16:00:00,short,0.32478734850883484,0.17368726894315378,48.57386572016857,97.14773144033714,0.11657727772840458,0.00852640333267174,0.7117434633859852,893.2523007087648,893.9640441721508,False
2023-04-20 17:00:00,short,0.3309580981731415,0.1582575631627947,49.25672396685392,98.51344793370784,0.11821613752044942,0.008304853522354883,0.6999236175511284,893.9640441721508,894.6639677897019,False
2023-04-21 00:00:00,short,0.17718705534934998,0.47685190435102726,44.5762452484534,89.1524904969068,0.10698298859628816,0.010156307620185934,0.7984771299960003,894.6639677897019,895.4624449196979,False
2023-04-21 01:00:00,short,0.24160848557949066,0.35119147774631243,45.339147796383735,90.67829559276747,0.10881395471132098,0.00983492311279155,0.7830001104425319,895.4624449196979,896.2454450301404,False
2023-04-22 02:00:00,short,0.14083904027938843,0.45714157966346275,50.231454444482125,100.46290888896425,0.12055549066675711,-0.008026483881714341,-0.9269194095741651,896.2454450301404,895.3185256205663,False
2023-04-22 03:00:00,short,0.23190177977085114,0.3021889122085869,50.97071418763051,101.94142837526103,0.12232971405031325,-0.0077792302425128135,-0.9153555566320977,895.3185256205663,894.4031700639342,False
2023-04-23 02:00:00,long,0.7620530128479004,0.24368551785925877,55.90493359297109,111.80986718594218,0.13417184062313062,0.006453410766665613,0.5873831600940809,894.4031700639342,894.9905532240283,False
2023-04-23 03:00:00,long,0.7552284598350525,0.23297660382555313,56.03908744273125,112.0781748854625,0.13449380986255502,0.006430988235440527,0.5862796142755002,894.9905532240283,895.5768328383039,False
2023-04-24 00:00:00,long,0.8823989033699036,0.44072757581210364,54.10292228857857,108.20584457715714,0.12984701349258856,0.006908554302388126,0.6176989396044712,895.5768328383039,896.1945317779083,False
2023-04-24 01:00:00,long,0.9468412399291992,0.5646135121635699,52.303790846229134,104.60758169245827,0.12552909803094994,-0.0074022060103430265,-0.8998559679623136,896.1945317779083,895.2946758099459,False
2023-04-25 00:00:00,long,0.944343090057373,0.6212379581131655,48.58814348341822,97.17628696683644,0.11661154436020374,-0.008560405049376829,-0.9484799219908021,895.2946758099459,894.3461958879551,False
2023-04-25 04:00:00,long,0.7662912607192993,0.27174742470629254,53.60421520560701,107.20843041121402,0.12865011649345684,-0.007018371704394677,-0.8810787309640871,894.3461958879551,893.465117156991,False
2023-04-26 00:00:00,short,0.0875200554728508,0.5304793305036541,50.87688628246769,101.75377256493537,0.12210452707792246,-0.007775656662071029,-0.9133069266133225,893.465117156991,892.5518102303777,False
2023-04-26 01:00:00,short,0.06267641484737396,0.5701777731676226,50.800217622595284,101.60043524519057,0.12192052229422869,-0.007783208170228484,-0.912697859993366,892.5518102303777,891.6391123703843,False
2023-04-27 00:00:00,short,0.007868088781833649,1.0191917186514485,26.08044403683374,52.16088807366748,0.06259306568840098,0.02103511051281204,1.0346169793876139,891.6391123703843,892.6737293497719,False
2023-04-27 03:00:00,short,0.12747880816459656,0.7308924846256839,26.110706583480827,52.22141316696165,0.06266569580035398,-0.020384028194850856,-1.127148454170656,892.6737293497719,891.5465808956012,False
2023-04-28 00:00:00,short,0.05123332515358925,0.757588947256681,41.98189500355322,83.96379000710644,0.10075654800852774,0.011370692706932917,0.8539699066717243,891.5465808956012,892.400550802273,False
2023-04-28 01:00:00,short,0.03709234297275543,0.7774352882725843,42.331111349507744,84.66222269901549,0.10159466723881859,0.011205293587843834,0.8470703939030664,892.400550802273,893.247621196176,False
2023-04-29 05:00:00,long,0.8707882761955261,0.27665177127752116,67.87889966349371,135.75779932698742,0.16290935919238492,-0.004366134104428987,-0.7556461167761713,893.247621196176,892.4919750793999,False
2023-04-29 06:00:00,long,0.921330451965332,0.3155060530787451,70.03059166681989,140.06118333363978,0.16807342000036773,-0.004095019460296556,-0.7416266913837863,892.4919750793999,891.7503483880162,False
2023-04-30 01:00:00,long,0.8714842796325684,0.22785857715451327,73.68573312272497,147.37146624544994,0.17684575949453993,0.003692688545445133,0.3673511658354871,891.7503483880162,892.1176995538517,False
2023-04-30 05:00:00,long,0.9616574048995972,0.29651479269936726,77.03421293837866,154.06842587675732,0.1848821110521088,0.00338142635866423,0.3360889252454645,892.1176995538517,892.4537884790972,False
2023-05-01 00:00:00,short,0.28991350531578064,0.18695730942237984,53.52854662455503,107.05709324911005,0.12846851189893208,0.0070084744234071294,0.6218383879817678,892.4537884790972,893.0756268670789,False
2023-05-01 01:00:00,long,0.9041168689727783,0.5920870327058899,46.24244817429135,92.4848963485827,0.11098187561829924,-0.00940411126171603,-0.9807201309086455,893.0756268670789,892.0949067361703,False
2023-05-02 04:00:00,short,0.18698498606681824,0.415452518122046,47.49922209330708,94.99844418661417,0.113998133023937,-0.008893486433972697,-0.9588655076461026,892.0949067361703,891.1360412285242,False
2023-05-02 05:00:00,short,0.29845190048217773,0.20771406039666415,49.50815341112442,99.01630682224884,0.11881956818669862,-0.008168785322269834,-0.9276625220216512,891.1360412285242,890.2083787065025,False
2023-05-03 00:00:00,short,0.27824151515960693,0.255425716187072,47.94869124762689,95.89738249525378,0.11507685899430455,-0.008690660034897046,-0.9484884084970422,890.2083787065025,889.2598902980054,False
2023-05-03 01:00:00,short,0.19646567106246948,0.39406380419025966,47.75451119723247,95.50902239446494,0.11461082687335793,0.008742819685791381,0.72040733428766,889.2598902980054,889.9802976322931,False
2023-05-04 00:00:00,short,0.03905487060546875,0.7456345571458987,43.461205218997506,86.92241043799501,0.10430689252559402,-0.010572560405491815,-1.0232993274722486,889.9802976322931,888.9569983048208,False
2023-05-04 13:00:00,short,0.06746624410152435,0.47230334834883303,57.83493833130172,115.66987666260344,0.13880385199512416,-0.0061072700815827385,-0.8452310290770075,888.9569983048208,888.1117672757438,False
2023-05-04 14:00:00,short,0.08041971921920776,0.46165186617192144,57.18087240374902,114.36174480749804,0.13723409376899767,-0.006235910422563107,-0.8503836901565769,888.1117672757438,887.2613835855872,False
2023-05-05 00:00:00,short,0.11403822153806686,0.40956223465474717,57.46748314373243,114.93496628746486,0.13792195954495784,-0.006162046613442662,-0.8461565793227772,887.2613835855872,886.4152270062644,False
2023-05-05 02:00:00,long,0.728264331817627,0.22107305488136722,53.253515118781074,106.50703023756215,0.1278084362850746,-0.007162160181008681,-0.8906288472500299,886.4152270062644,885.5245981590144,False
2023-05-06 00:00:00,short,0.18668808043003082,0.4134958583058743,48.16083312784347,96.32166625568694,0.11558599950682433,0.008739356390693565,0.7262033700470659,885.5245981590144,886.2508015290615,False
2023-05-06 01:00:00,short,0.11878421902656555,0.535821585691048,47.725011099954635,95.45002219990927,0.11454002663989113,0.008914302739975177,0.7363303677874515,886.2508015290615,886.987131896849,False
2023-05-07 00:00:00,short,0.10883565992116928,0.43334070796679713,56.1165446139706,112.2330892279412,0.13467970707352947,-0.00645831121470164,-0.859515925894952,886.987131896849,886.127615970954,False
2023-05-07 02:00:00,short,0.1292024850845337,0.423068174817434,54.490841683658346,108.98168336731669,0.13077802004078004,-0.006836151579206362,-0.8757933268968299,886.127615970954,885.2518226440571,False
2023-05-08 00:00:00,short,0.025001386180520058,0.5488963170240443,56.433462864905536,112.86692572981107,0.1354403108757733,0.006361015181712948,0.5825079172048226,885.2518226440571,885.8343305612619,False
2023-05-08 01:00:00,short,0.11069906502962112,0.4698855235043609,53.04088346729605,106.0817669345921,0.12729812032151053,0.007210239482049907,0.6375768239559018,885.8343305612619,886.4719073852178,False
2023-05-09 05:00:00,short,0.21297498047351837,0.29123527689931733,55.16110015537349,110.32220031074698,0.13238664037289638,-0.006676214614065312,-0.8689213263433461,886.4719073852178,885.6029860588745,False
2023-05-09 06:00:00,short,0.20109741389751434,0.315351675251758,54.48203082474094,108.96406164948188,0.13075687397937827,-0.006830267970634685,-0.8750106142140975,885.6029860588745,884.7279754446604,False
2023-05-10 00:00:00,long,0.9394513368606567,0.5373904789433147,53.607009614569485,107.21401922913897,0.1286568230749668,-0.007041132720754795,-0.8835649619928909,884.7279754446604,883.8444104826675,False
2023-05-10 01:00:00,long,0.9545868039131165,0.5573146073916869,53.75269833144668,107.50539666289336,0.12900647599547205,-0.006989035916043829,-0.8803655544409721,883.8444104826675,882.9640449282265,False
2023-05-11 01:00:00,long,0.7461145520210266,0.42120286320477845,38.79140821131,77.58281642262,0.093099379707144,-0.013393100264776026,-1.1321738188790056,882.9640449282265,881.8318711093475,False
2023-05-11 02:00:00,short,0.15462367236614227,0.5921075085923544,40.55905476034739,81.11810952069477,0.09734173142483374,0.012219743930653615,0.8939007950567714,881.8318711093475,882.7257719044043,False
2023-05-12 00:00:00,short,0.07881651818752289,0.6177970480714647,46.76215801856631,93.52431603713262,0.11222917924455915,0.00921146477754764,0.7492667637757219,882.7257719044043,883.47503866818,False
2023-05-12 01:00:00,short,0.09258755296468735,0.6135252868482198,45.704493152804574,91.40898630560915,0.10969078356673098,0.009659106317968513,0.7732383335768757,883.47503866818,884.2482770017568,False
2023-05-13 06:00:00,long,0.9735162258148193,0.5953694139670621,53.18212817277276,106.36425634554551,0.12763710761465463,0.007146332075229633,0.6324771891654644,884.2482770017568,884.8807541909223,False
2023-05-13 07:00:00,long,0.9697656631469727,0.5857166529661946,53.467703609562946,106.93540721912589,0.1283224886629511,0.007080315468427356,0.6288139291932042,884.8807541909223,885.5095681201155,False
2023-05-14 00:00:00,long,0.8319690823554993,0.2550489278250967,65.46211712346972,130.92423424693945,0.15710908109632735,0.00473012476499024,0.4621788816525042,885.5095681201155,885.971747001768,False
2023-05-14 01:00:00,long,0.8345504999160767,0.2655615770264461,64.67019991289128,129.34039982578255,0.15520847979093907,0.004851739916801323,0.47231750089885305,885.971747001768,886.4440645026668,False
2023-05-15 00:00:00,long,0.8486931920051575,0.28078917802461906,64.98644401440752,129.97288802881505,0.15596746563457808,0.004809758813447029,0.469170778071179,886.4440645026668,886.913235280738,False
2023-05-15 01:00:00,long,0.9700084924697876,0.5172848475374887,58.27913976697501,116.55827953395001,0.13986993544074003,0.005986902419611084,0.5579531103267704,886.913235280738,887.4711883910649,False
2023-05-16 00:00:00,long,0.770027220249176,0.23613620510913716,58.474020037013176,116.94804007402635,0.14033764808883165,-0.005954547914017061,-0.8367103561600089,887.4711883910649,886.6344780349049,False
2023-05-16 01:00:00,long,0.8376021385192871,0.3653418676039355,55.224191778929324,110.44838355785865,0.13253806026943038,0.006663412007576364,0.6034250249474048,886.6344780349049,887.2379030598523,False
2023-05-17 00:00:00,long,0.9401358962059021,0.41574213168341223,63.22130460008313,126.44260920016626,0.15173113104019953,0.005091191581958476,0.4920124165205523,887.2379030598523,887.7299154763729,False
2023-05-17 01:00:00,long,0.9507234692573547,0.43910618239042226,62.427960677032836,124.85592135406567,0.14982710562487883,-0.005227205664611989,-0.8024746849872,887.7299154763729,886.9274407913857,False
2023-05-18 00:00:00,long,0.76775723695755,0.294456620820168,52.02373026807565,104.0474605361513,0.12485695264338158,-0.00751344961546041,-0.9066123049983599,886.9274407913857,886.0208284863874,False
2023-05-18 13:00:00,long,0.9594461917877197,0.3708445499444243,68.36771477864947,136.73542955729894,0.16408251546875874,0.004257443185154752,0.4180608072691714,886.0208284863874,886.4388892936565,False
2023-05-18 14:00:00,long,0.9194965958595276,0.37137643100285705,63.72508264887175,127.4501652977435,0.15294019835729222,-0.00490501017560796,-0.7780845560256405,886.4388892936565,885.6608047376309,False
2023-05-19 03:00:00,long,0.8944059014320374,0.5327666090958229,48.36270867009423,96.72541734018846,0.11607050080822616,0.008501131673545492,0.7062050081793564,885.6608047376309,886.3670097458103,False
2023-05-19 04:00:00,long,0.927143394947052,0.5430103137233013,51.10184195192848,102.20368390385696,0.12264442068462836,0.007626357918202764,0.6567974533250436,886.3670097458103,887.0238071991353,False
2023-05-20 03:00:00,long,0.9636956453323364,0.38786323521087296,67.28673864789333,134.57347729578666,0.161488172754944,0.004405292203438771,0.43134731756582945,887.0238071991353,887.4551545167011,False
2023-05-21 00:00:00,long,0.9516702890396118,0.30831882843469594,74.1119274174253,148.2238548348506,0.17786862580182075,-0.0036347934940974547,-0.7166317290255813,887.4551545167011,886.7385227876755,False
2023-05-21 01:00:00,long,0.9460428357124329,0.32113145676727606,71.97089287309457,143.94178574618914,0.17273014289542699,-0.003848048140329352,-0.7266250638517361,886.7385227876755,886.0118977238237,False
2023-05-22 00:00:00,long,0.956963062286377,0.3916091029516977,66.10302840919975,132.2060568183995,0.15864726818207942,-0.004554068097071928,-0.7607226537784313,886.0118977238237,885.2511750700453,False
2023-05-22 01:00:00,long,0.9184637665748596,0.3333363789557499,67.25024773577324,134.5004954715465,0.1614005945658558,0.004392465635226106,0.42938820971379665,885.2511750700453,885.6805632797591,False
2023-05-23 00:00:00,long,0.9508506655693054,0.4225099297512867,62.62212434195949,125.24424868391898,0.1502930984207028,0.005070628128188037,0.4847739118497544,885.6805632797591,886.1653371916088,False
2023-05-23 01:00:00,long,0.9435656070709229,0.45462059323122717,59.18660853618848,118.37321707237696,0.14204786048685236,0.005682582273816461,0.5306176845432651,886.1653371916088,886.6959548761521,False
2023-05-24 00:00:00,long,0.966265082359314,0.3338258526109924,72.99072017464366,145.9814403492873,0.17517772841914478,-0.0037409101960523827,-0.7212811870562064,886.6959548761521,885.9746736890959,False
2023-05-24 01:00:00,long,0.8868553638458252,0.24417551360164827,73.29708385632179,146.59416771264358,0.1759130012551723,-0.003703670544219717,-0.7188495021668955,885.9746736890959,885.255824186929,False
2023-05-25 01:00:00,long,0.8437168002128601,0.44837510936020986,48.41137456296128,96.82274912592256,0.11618729895110708,0.008476291491872123,0.7045105456846192,885.255824186929,885.9603347326135,False
2023-05-25 02:00:00,long,0.7726738452911377,0.33267090910457164,48.36362657141334,96.72725314282668,0.11607270377139203,0.008506559897943244,0.7067434688515821,885.9603347326135,886.6670782014651,False
2023-05-26 00:00:00,long,0.9057199358940125,0.3787817909512315,61.42999266806144,122.85998533612288,0.14743198240334746,-0.0052810875304356575,-0.7962663189514537,886.6670782014651,885.8708118825136,False
2023-05-26 01:00:00,long,0.9349671006202698,0.4267986982699283,60.51386298250355,121.0277259650071,0.14523327115800852,0.005432430209733274,0.5122414035896162,885.8708118825136,886.3830532861033,False
2023-05-27 00:00:00,long,0.8761542439460754,0.30312671430262444,65.18666437419209,130.37332874838418,0.15644799449806104,0.0046869303193428635,0.4546027128463954,886.3830532861033,886.8376559989497,False
2023-05-27 02:00:00,long,0.8963772058486938,0.3035102242566361,67.76868099251017,135.53736198502034,0.16264483438202443,-0.0043410352332398094,-0.7510172981793757,886.8376559989497,886.0866387007703,False
2023-05-28 00:00:00,long,0.9902511835098267,0.4062804979969874,68.41280823014833,136.82561646029666,0.164190739752356,0.004252464196373484,0.41765529539178603,886.0866387007703,886.5042939961621,False
2023-05-28 01:00:00,long,0.9162477254867554,0.3304844268159834,67.36927067681302,134.73854135362603,0.16168624962435124,0.004389359186793396,0.429729604681329,886.5042939961621,886.9340236008435,False
2023-05-29 00:00:00,long,0.721910834312439,0.22825918240259147,50.58677186722975,101.1735437344595,0.12140825248135141,-0.007792410508402181,-0.9097940378500413,886.9340236008435,886.0242295629935,False
2023-05-29 06:00:00,long,0.70354163646698,0.20096759950319965,50.34753587867533,100.69507175735066,0.1208340861088208,-0.007850510204081784,-0.9113417744406497,886.0242295629935,885.1128877885528,False
2023-05-30 00:00:00,long,0.861954927444458,0.31730658353483854,61.794829372435146,123.58965874487029,0.14830759049384437,0.005200632667574645,0.49443682614913054,885.1128877885528,885.607324614702,False
2023-05-30 01:00:00,long,0.7831636667251587,0.21586607360179416,61.835537404292694,123.67107480858539,0.14840528977030248,0.005199591752914845,0.4946338108785329,885.607324614702,886.1019584255805,False
2023-05-31 00:00:00,long,0.7872692942619324,0.2459022452459804,59.01276139033073,118.02552278066146,0.14163062733679377,-0.005715294901493473,-0.8161812959312099,886.1019584255805,885.2857771296493,False
2023-05-31 02:00:00,long,0.7814304828643799,0.2202578740373391,61.01875694945669,122.03751389891337,0.14644501667869605,-0.005335847236488056,-0.7976185479640857,885.2857771296493,884.4881585816852,False
2023-06-01 13:00:00,long,0.7812421321868896,0.2369315015620128,57.74571969124464,115.49143938248928,0.13858972725898713,0.005780618678984606,0.5290222444982488,884.4881585816852,885.0171808261834,False
2023-06-01 14:00:00,long,0.7760888934135437,0.2078745102293593,60.388288707870835,120.77657741574167,0.14493189289889002,0.005292097424960618,0.49422952143851323,885.0171808261834,885.511410347622,False
2023-06-02 03:00:00,long,0.8200130462646484,0.32917404165376873,53.89273779645368,107.78547559290736,0.12934257071148886,0.006652083663100772,0.5876554305996371,885.511410347622,886.0990657782216,False
2023-06-02 04:00:00,long,0.8074780702590942,0.31304655841078044,53.75597046445465,107.5119409289093,0.12901432911469116,0.0066948525548169435,0.5907622632865456,886.0990657782216,886.6898280415082,False
2023-06-05 00:00:00,long,0.9513071179389954,0.323951414024875,70.72114296028167,141.44228592056334,0.169730743104676,-0.003873243346275035,-0.7175711359284289,886.6898280415082,885.9722569055798,False
2023-06-05 01:00:00,long,0.8899186253547668,0.2658754031055667,69.60514815045114,139.2102963009023,0.16705235556108275,-0.003991971147699003,-0.7227758418569139,885.9722569055798,885.2494810637229,False
2023-06-06 00:00:00,short,0.2906099855899811,0.2521494057186844,44.906035293052156,89.81207058610431,0.10777448470332518,0.009575287169604763,0.7522018824554367,885.2494810637229,886.0016829461783,False
2023-06-06 02:00:00,short,0.2830410897731781,0.2648105386613184,44.97655514951729,89.95311029903458,0.1079437323588415,0.00956151231266944,0.7521440393282899,886.0016829461783,886.7538269855066,False
2023-06-07 00:00:00,long,0.8395857810974121,0.530416258588538,41.65791590196382,83.31583180392764,0.09997899816471317,-0.011164542665967003,-1.0301621570901938,886.7538269855066,885.7236648284164,False
2023-06-07 01:00:00,long,0.7003642916679382,0.2751916884997252,41.33592037848149,82.67184075696298,0.09920620890835559,-0.011312826988329139,-1.0344584401985752,885.7236648284164,884.6892063882178,False
2023-06-08 01:00:00,short,0.1842207908630371,0.3937665210977833,47.878282509902505,95.75656501980501,0.11490787802376602,0.008412676793226992,0.6906611543174791,884.6892063882178,885.3798675425353,False
2023-06-08 02:00:00,short,0.19393394887447357,0.3704007642492445,48.530502061768395,97.06100412353679,0.11647320494824416,-0.008200863608000875,-0.9124572614209799,885.3798675425353,884.4674102811143,False
2023-06-09 12:00:00,long,0.8601717948913574,0.24258258369847938,68.30956040608517,136.61912081217034,0.16394294497460443,0.004130765698597383,0.40039863304884066,884.4674102811143,884.8678089141632,False
2023-06-09 13:00:00,long,0.8977231383323669,0.30322015314155976,66.34887028960841,132.69774057921683,0.1592372886950602,-0.004382476533947299,-0.7407820228913042,884.8678089141632,884.127026891272,False
2023-06-10 01:00:00,long,0.8710489273071289,0.2583815403765337,67.87239371428944,135.7447874285789,0.16289374491429467,-0.004180929783770937,-0.7304331696660947,884.127026891272,883.3965937216059,False
2023-06-10 09:00:00,long,0.7208968997001648,0.1932186903902007,53.045479383887404,106.09095876777481,0.1273091505213298,0.0068335213582362275,0.5976656821340183,883.3965937216059,883.9942594037399,False
2023-06-11 08:00:00,long,0.869415819644928,0.2919214942197378,63.91398170067304,127.82796340134608,0.1533935560816153,0.0047134294842963165,0.4491145355318398,883.9942594037399,884.4433739392717,False
2023-06-11 18:00:00,long,0.8342082500457764,0.21232997366583842,68.42742104652547,136.85484209305093,0.16422581051166113,0.004116324400692983,0.3991131153489496,884.4433739392717,884.8424870546207,False
2023-06-12 00:00:00,long,0.8077893257141113,0.28289683320507586,56.678796990952364,113.35759398190473,0.1360291127782857,-0.006005104380002679,-0.8167532969055871,884.8424870546207,884.0257337577151,False
2023-06-12 01:00:00,long,0.7937237620353699,0.2660748435736991,56.38204796560868,112.76409593121735,0.13531691511746083,-0.006057284804522056,-0.8183611598972911,884.0257337577151,883.2073725978178,False
2023-06-13 02:00:00,long,0.8753035664558411,0.35270315815381115,58.55813153944025,117.1162630788805,0.1405395156946566,-0.005605067179846879,-0.7969840381044024,883.2073725978178,882.4103885597134,False
2023-06-13 03:00:00,long,0.8661640286445618,0.3345983681737321,59.08214372310326,118.16428744620652,0.14179714493544784,0.005496150391869348,0.5076515498169824,882.4103885597134,882.9180401095304,False
2023-06-14 01:00:00,long,0.8779855966567993,0.3825401182249978,56.19965341006247,112.39930682012493,0.13487916818414994,-0.0060813973331401705,-0.8184240129268615,882.9180401095304,882.0996160966035,False
2023-06-14 02:00:00,long,0.8901752233505249,0.3175359527731858,63.71723246206575,127.4344649241315,0.1529213579089578,-0.004722275610224869,-0.7547020235222405,882.0996160966035,881.3449140730813,False
2023-06-15 13:00:00,long,0.8590252995491028,0.3147778531188923,61.21263136946473,122.42526273892946,0.14691031528671536,0.005251975016399069,0.496064105994234,881.3449140730813,881.8409781790756,False
2023-06-15 14:00:00,long,0.8839796781539917,0.34128909241762856,61.78399159010104,123.56798318020208,0.14828157981624251,0.005161091647869931,0.4894641061192306,881.8409781790756,882.3304422851949,False
2023-06-16 02:00:00,long,0.8686814904212952,0.3988326079406384,54.797621700010836,109.59524340002167,0.13151429208002602,0.006568285952583297,0.5883386056142836,882.3304422851949,882.9187808908091,False
2023-06-16 03:00:00,long,0.8450997471809387,0.35209892394084286,55.97254174661391,111.94508349322783,0.13433410019187342,0.0063038286007317534,0.5713485188440403,882.9187808908091,883.4901294096532,False
2023-06-17 00:00:00,long,0.8970083594322205,0.49078593990303254,51.094902623893965,102.18980524778793,0.12262776629734552,0.007574626034748899,0.6514217930184686,883.4901294096532,884.1415512026716,False
2023-06-17 01:00:00,long,0.8839348554611206,0.4777273715404363,50.626951636053704,101.25390327210741,0.1215046839265289,0.007726681132715685,0.6608519400998824,884.1415512026716,884.8024031427715,False
2023-06-18 00:00:00,long,0.9324614405632019,0.3534465814058743,66.64765917127939,133.29531834255877,0.15995438201107054,0.004465146681864596,0.4352287663942907,884.8024031427715,885.2376319091658,False
2023-06-18 01:00:00,long,0.9285374879837036,0.33364218345121865,68.22061336713455,136.4412267342691,0.16372947208112293,0.004265809333211079,0.4183027863566912,885.2376319091658,885.6559346955224,False
2023-06-19 00:00:00,long,0.8576255440711975,0.27672325862923464,65.35881906618174,130.71763813236348,0.15686116575883619,0.004651945578334482,0.451230172961339,885.6559346955224,886.1071648684838,False
2023-06-19 12:00:00,long,0.928518533706665,0.2719294385008318,75.14517306317909,150.29034612635817,0.18034841535162982,-0.0035227616727839806,-0.7097854864750027,886.1071648684838,885.3973793820088,False
2023-06-20 04:00:00,long,0.7000885605812073,0.19028489129352927,50.779197379767275,101.55839475953455,0.12187007371144147,-0.007702252369485407,-0.9040984603892008,885.3973793820088,884.4932809216197,False
2023-06-20 05:00:00,long,0.837856113910675,0.4206704644794338,49.510547145461324,99.02109429092265,0.11882531314910719,0.00808549418163107,0.6818091685988895,884.4932809216197,885.1750900902185,False
2023-06-21 00:00:00,short,0.16942408680915833,0.5000320688887628,43.30445378369432,86.60890756738864,0.10393068908086638,-0.010585373386741148,-1.020718314299426,885.1750900902185,884.1543717759191,False
2023-06-21 01:00:00,short,0.010771354660391808,0.8449558504502924,40.96951520493047,81.93903040986093,0.09832683649183313,-0.011799062230838153,-1.065130555432322,884.1543717759191,883.0892412204868,False
2023-06-22 02:00:00,short,0.08798377960920334,0.5739243911345144,28.467531842161648,56.935063684323296,0.06832207642118795,0.013713396348817075,0.7124510180270788,883.0892412204868,883.8016922385139,False
2023-06-22 03:00:00,short,0.3807956278324127,0.11174375897101968,29.157320624451142,58.314641248902284,0.06997756949868275,0.013093323659733924,0.6935549024744654,883.8016922385139,884.4952471409883,False
2023-06-23 01:00:00,long,0.8061349987983704,0.3960891519843831,47.45828952958085,94.9165790591617,0.11389989487099406,0.008799941566058234,0.7213604544997756,884.4952471409883,885.2166075954881,False
2023-06-23 02:00:00,long,0.8902960419654846,0.5323073819017028,47.73913072288917,95.47826144577834,0.11457391373493403,0.008710900180355363,0.717127691113113,885.2166075954881,885.9337352866012,False
2023-06-24 03:00:00,short,0.007193297613412142,0.8624689979706801,40.63983830753744,81.27967661507488,0.09753561193808986,0.012039583977603852,0.881037880341588,885.9337352866012,886.8147731669428,False
2023-06-24 04:00:00,short,0.00338540761731565,0.8441216480194548,41.68735877413656,83.37471754827313,0.10004966105792776,0.011464893447189484,0.8558325918225428,886.8147731669428,887.6706057587653,False
2023-06-25 00:00:00,short,0.0765596330165863,0.39055583850844905,62.28625663397258,124.57251326794515,0.1494870159215342,-0.005145554239264216,-0.7904816396632073,887.6706057587653,886.8801241191021,False
2023-06-25 01:00:00,short,0.12918397784233093,0.3347256373993189,61.12725716633121,122.25451433266242,0.14670541719919492,-0.005333017025960229,-0.7986908236357826,886.8801241191021,886.0814332954664,False
2023-06-26 00:00:00,short,0.12553521990776062,0.34733084876244513,60.317127784335064,120.63425556867013,0.14476110668240416,0.005467375617381087,0.5147916808346615,886.0814332954664,886.596224976301,False
2023-06-26 01:00:00,short,0.10932374000549316,0.41574878487161054,56.25173375432343,112.50346750864686,0.13500416101037624,-0.006293509248823215,-0.8430457743007274,886.596224976301,885.7531792020002,False
2023-06-27 01:00:00,long,0.7339413166046143,0.22512835530539915,52.7220554212069,105.4441108424138,0.12653293301089658,0.007150784946676758,0.6274752275167517,885.7531792020002,886.3806544295169,False
2023-06-27 03:00:00,short,0.18386030197143555,0.32950213315592425,54.46874129839927,108.93748259679855,0.13072497911615827,-0.006709015622059056,-0.8615882516858662,886.3806544295169,885.5190661778311,False
2023-06-28 05:00:00,short,0.17384332418441772,0.28536433262688454,60.12984475441742,120.25968950883484,0.14431162741060183,0.005494505494505475,0.5164558973632136,885.5190661778311,886.0355220751943,False
2023-06-28 06:00:00,short,0.213483989238739,0.21263497789081096,62.614332051665606,125.22866410333121,0.15027439692399747,0.00507303323200281,0.48501477767151924,886.0355220751943,886.5205368528658,False
2023-06-29 00:00:00,short,0.2943495512008667,0.1788795586740424,53.23187276542565,106.4637455308513,0.12775649463702157,-0.007026629502959958,-0.8758377899797226,886.5205368528658,885.644699062886,False
2023-06-29 22:00:00,short,0.24305255711078644,0.2387471571372082,56.33717057474444,112.67434114948888,0.13520920937938666,-0.006458350464600082,-0.8628995928906963,885.644699062886,884.7817994699953,False
2023-06-29 23:00:00,short,0.1598406732082367,0.361203265912477,56.1618288469872,112.3236576939744,0.13478838923276928,-0.006486082880880595,-0.8633289425195485,884.7817994699953,883.9184705274758,False
2023-06-30 00:00:00,short,0.04955366998910904,0.48614845353091396,58.74983730036537,117.49967460073074,0.1409996095208769,-0.005915666717209778,-0.8360885238393988,883.9184705274758,883.0823820036364,False
2023-06-30 01:00:00,short,0.08992965519428253,0.4212260394177817,59.41663578444316,118.83327156888632,0.1425999258826636,-0.005772699374240187,-0.8285886783072878,883.0823820036364,882.2537933253292,False
2023-07-01 03:00:00,short,0.048221275210380554,0.5426795119467092,54.70898741669971,109.41797483339943,0.13130156980007932,-0.006796140236083437,-0.8749214711161101,882.2537933253292,881.3788718542131,False
2023-07-01 04:00:00,short,0.028558289632201195,0.5307370109730661,57.47215048398595,114.9443009679719,0.1379331611615663,-0.006146147689987114,-0.8443978110330503,881.3788718542131,880.53447404318,False
2023-07-02 15:00:00,short,0.024933012202382088,0.3075673324559395,78.07359452650648,156.14718905301297,0.1873766268636156,-0.0033241223052120628,-0.7064289808909008,880.53447404318,879.8280450622891,False
2023-07-02 16:00:00,short,0.09345470368862152,0.2541582760145662,75.74946459554761,151.49892919109521,0.18179871502931427,0.003525567905574678,0.3523210474557417,879.8280450622891,880.1803661097448,False
2023-07-03 00:00:00,short,0.1380760222673416,0.3138445555833132,63.21797299706106,126.43594599412212,0.15172313519294656,-0.005065879283576047,-0.7922323747039097,880.1803661097448,879.3881337350409,False
2023-07-03 06:00:00,short,0.1572234034538269,0.22189032894006055,70.94285746283155,141.8857149256631,0.17026285791079573,-0.004015470728043535,-0.7400007929223257,879.3881337350409,878.6481329421187,False
2023-07-04 01:00:00,short,0.13363826274871826,0.3917798617896925,56.41498412336083,112.82996824672166,0.135395961896066,0.0063391883701311436,0.5798544606158182,878.6481329421187,879.2279874027345,False
2023-07-04 02:00:00,short,0.15722878277301788,0.3624133682519115,56.03854331928444,112.07708663856889,0.13449250396628268,0.006433124396594603,0.5865133363875419,879.2279874027345,879.814500739122,False
2023-07-05 00:00:00,short,0.17753547430038452,0.22035842163001218,68.20014182632107,136.40028365264214,0.16368034038317059,0.004349149054285406,0.4295448242689791,879.814500739122,880.244045563391,False
2023-07-05 01:00:00,short,0.03806661441922188,0.3871471829686606,68.21255229359127,136.42510458718255,0.16371012550461908,0.004351812837708691,0.42998639602363276,880.244045563391,880.6740319594146,False
2023-07-06 01:00:00,short,0.09825432300567627,0.3411530138954552,65.58339162402757,131.16678324805514,0.15740013989766619,-0.004712325195688427,-0.7755006774348792,880.6740319594146,879.8985312819797,False
2023-07-06 02:00:00,short,0.15367858111858368,0.26074547496696576,66.82442433560561,133.64884867121123,0.16037861840545348,-0.004530929969799979,-0.7659321922791065,879.8985312819797,879.1325990897005,False
2023-07-07 00:00:00,short,0.00903907511383295,0.7893045789681872,44.546819386860136,89.09363877372027,0.10691236652846434,-0.010178129754093712,-1.0137189822317438,879.1325990897005,878.1188801074688,False
2023-07-07 01:00:00,short,0.03269347548484802,0.697381690449048,46.85490344603414,93.70980689206829,0.11245176827048195,-0.009178868578497479,-0.9726017702491541,878.1188801074688,877.1462783372197,False
2023-07-08 00:00:00,long,0.7938849925994873,0.21071216492177805,64.8676718734074,129.7353437468148,0.15568241249617779,-0.004778372960821731,-0.7756062711188703,877.1462783372197,876.3706720661008,False
2023-07-09 21:00:00,long,0.9398012757301331,0.24715354943894557,80.60903448853105,161.2180689770621,0.19346168277247455,-0.003088878662400596,-0.6914447360291491,876.3706720661008,875.6792273300717,False
2023-07-10 08:00:00,long,0.8711889386177063,0.23596325243039237,72.88410428967417,145.76820857934834,0.17492185029521803,0.0037723942131770993,0.3749732962147081,875.6792273300717,876.0542006262865,False
2023-07-10 14:00:00,long,0.8806213736534119,0.2520999848207045,72.23415540216935,144.4683108043387,0.17336197296520645,0.003843876015194425,0.3819563018912447,876.0542006262865,876.4361569281778,False
2023-07-11 00:00:00,long,0.920502245426178,0.5135052025516418,53.118232056894904,106.23646411378981,0.1274837569365478,0.007114525895605572,0.6283383180585819,876.4361569281778,877.0644952462363,False
2023-07-11 01:00:00,long,0.8047152757644653,0.3486997754974754,52.09434881017261,104.18869762034522,0.12502643714441428,-0.007407547591244512,-0.8968091732369053,877.0644952462363,876.1676860729995,False
2023-07-12 00:00:00,short,0.07490183413028717,0.3743193158020057,64.85676318869406,129.71352637738812,0.15565623165286577,-0.004769320843091451,-0.7743016566354357,876.1676860729995,875.393384416364,False
2023-07-12 01:00:00,short,0.05936366319656372,0.3959617270408847,64.59786099616143,129.19572199232286,0.15503486639078745,-0.004799133838843783,-0.775062427637998,875.393384416364,874.618321988726,False
2023-07-13 00:00:00,short,0.034348201006650925,0.5055712947649402,58.26122645873449,116.52245291746898,0.13982694350096278,-0.005889392690364259,-0.8260734259764182,874.618321988726,873.7922485627496,False
2023-07-13 15:00:00,short,0.050313811749219894,0.42112230677548934,62.98105206678801,125.96210413357602,0.15115452496029125,0.005051573926633024,0.4851523560247152,873.7922485627496,874.2774009187743,False
2023-07-13 16:00:00,short,0.2059108465909958,0.2462508341644249,60.325760607073484,120.65152121414697,0.14478182545697638,-0.0055121756960800905,-0.8098342083886887,874.2774009187743,873.4675667103857,False
2023-07-14 00:00:00,short,0.36032140254974365,0.14202379302818485,44.82744756788321,89.65489513576642,0.10758587416291972,0.009964045548364497,0.7857395846036995,873.4675667103857,874.2533062949893,False
2023-07-14 01:00:00,short,0.2222072035074234,0.39712849376325615,44.261792991875474,88.52358598375095,0.10622830318050115,0.010238744862321458,0.8001421080049007,874.2533062949893,875.0534484029943,False
2023-07-17 18:00:00,short,0.21000832319259644,0.23219108510723377,61.371781950401086,122.74356390080217,0.14729227668096262,-0.005335336972563942,-0.8021705513051773,875.0534484029943,874.2512778516891,False
2023-07-17 19:00:00,short,0.08238223195075989,0.41665394011260426,59.794291585304244,119.58858317060849,0.1435062998047302,-0.005610263522884962,-0.8144297657202894,874.2512778516891,873.4368480859688,False
2023-07-18 12:00:00,short,0.18014363944530487,0.22707328657475476,66.3317670697696,132.6635341395392,0.15919624096744706,-0.004550404928225893,-0.7628690405118701,873.4368480859688,872.6739790454569,False
2023-07-18 13:00:00,short,0.17542216181755066,0.24672447422887192,64.62688175742245,129.2537635148449,0.1551045162178139,-0.004785285009045515,-0.7736206131281154,872.6739790454569,871.9003584323289,False
2023-07-19 01:00:00,long,0.762012243270874,0.22984437166356733,57.07795821209341,114.15591642418681,0.1369870997090242,0.006123884817995862,0.5620905837654578,871.9003584323289,872.4624490160943,False
2023-07-19 03:00:00,long,0.7642461657524109,0.20651246361925765,60.20855108530003,120.41710217060006,0.14450052260472007,-0.005510706678837574,-0.8080838517825124,872.4624490160943,871.6543651643118,False
2023-07-20 00:00:00,long,0.7838659286499023,0.2242463899296268,61.12548867631337,122.25097735262673,0.1467011728231521,0.0053367159770361106,0.5057175712228907,871.6543651643118,872.1600827355347,False
2023-07-20 01:00:00,long,0.7759920954704285,0.21227778014640997,61.362375938698406,122.72475187739681,0.1472697022528762,0.00530173769647968,0.5033847410666339,872.1600827355347,872.6634674766013,False
2023-07-21 06:00:00,long,0.8582783341407776,0.22272717254484295,72.32492241158023,144.64984482316046,0.17357981378779258,-0.003820742747985606,-0.7262496593931262,872.6634674766013,871.9372178172082,False
2023-07-21 07:00:00,long,0.9547823667526245,0.327689801449907,72.46203875740085,144.9240775148017,0.17390889301776205,0.0037999640910473254,0.37679739746664354,871.9372178172082,872.3140152146748,False
2023-07-23 22:00:00,long,0.9436888694763184,0.3076552835842415,73.35123584113428,146.70247168226857,0.1760429660187223,-0.0037115984893643095,-0.7205436383006407,872.3140152146748,871.5934715763741,False
2023-07-23 23:00:00,long,0.9137035608291626,0.2797670358150187,72.73076346815118,145.46152693630236,0.17455383232356286,-0.00376896239161284,-0.7227928567730646,871.5934715763741,870.8706787196011,False
2023-07-24 01:00:00,long,0.8952553272247314,0.2953961112084287,68.5642681633714,137.1285363267428,0.16455424359209136,-0.004233911803933954,-0.7451443722020736,870.8706787196011,870.125534347399,False
2023-07-24 02:00:00,long,0.9509831666946411,0.383636686091007,66.25113537931563,132.50227075863125,0.15900272491035752,-0.004526967073550936,-0.7588361418054121,870.125534347399,869.3666982055936,False
2023-07-26 22:00:00,short,0.1629113107919693,0.2527215647411426,65.46259140540364,130.92518281080729,0.15711021937296876,0.004628601303030777,0.4488902523846765,869.3666982055936,869.8155884579783,False
2023-07-26 23:00:00,short,0.11656211316585541,0.34197357244462445,62.191385045403536,124.38277009080707,0.1492593241089685,-0.0051336242159802925,-0.7877937246978449,869.8155884579783,869.0277947332804,False
2023-07-27 00:00:00,short,0.12703372538089752,0.3313279079480498,61.86028123999939,123.72056247999878,0.14846467497599855,-0.005179331555605682,-0.7892544883059406,869.0277947332804,868.2385402449745,False
2023-07-27 18:00:00,short,0.07139534503221512,0.24340776210147927,75.66553831264652,151.33107662529304,0.18159729195035165,-0.003276265537864642,-0.6773980831057527,868.2385402449745,867.5611421618687,False
2023-07-29 01:00:00,short,0.011877808719873428,0.29931975326372134,75.96047325984881,151.92094651969762,0.18230513582363717,0.0032458024684152154,0.3108002473939733,867.5611421618687,867.8719424092627,False
2023-07-29 02:00:00,short,0.018895840272307396,0.2682264943023556,78.85695654875165,157.7139130975033,0.189256695717004,0.003013897646683361,0.28607689581678536,867.8719424092627,868.1580193050795,False
2023-07-30 23:00:00,short,0.07731093466281891,0.27312357447183255,71.35807864311248,142.71615728622496,0.17125938874346996,-0.0036830574476922617,-0.6968911947425209,868.1580193050795,867.461128110337,False
2023-07-31 01:00:00,short,0.1808948814868927,0.20110978312395192,66.3545468270107,132.7090936540214,0.1592509123848257,0.004252613335093081,0.4051095489763822,867.461128110337,867.8662376593134,False
2023-07-31 03:00:00,short,0.13461904227733612,0.2634810784903966,65.22941745729929,130.45883491459858,0.15655060189751832,0.004404694714366331,0.4180807386932037,867.8662376593134,868.2843183980066,False
2023-08-01 02:00:00,short,0.17891553044319153,0.24346967872597755,61.577857808485376,123.15571561697075,0.14778685874036493,0.004947342628116136,0.46150666302762267,868.2843183980066,868.7458250610342,False
2023-08-01 05:00:00,short,0.17193752527236938,0.24613768190611474,62.272284676361885,124.54456935272377,0.14945348322326854,0.0048427615773156685,0.4536861719014287,868.7458250610342,869.1995112329356,False
2023-08-02 02:00:00,short,0.18654455244541168,0.3039998582091467,54.244824827636634,108.48964965527327,0.13018757958632793,0.006388803797519937,0.5629315061228894,869.1995112329356,869.7624427390585,False
2023-08-02 04:00:00,short,0.23704710602760315,0.2506937991570546,52.498342115972186,104.99668423194437,0.12599602107833327,0.006829789990037249,0.5911092818761022,869.7624427390585,870.3535520209347,False
2023-08-03 00:00:00,short,0.04897908493876457,0.41456975647334376,60.61048583985911,121.22097167971822,0.14546516601566187,0.005130894772195083,0.47650688385621254,870.3535520209347,870.8300589047909,False
2023-08-03 01:00:00,short,0.08011661469936371,0.38367593220730434,59.94493338646244,119.88986677292488,0.14386784012750986,0.0052512063582174084,0.48569859055631126,870.8300589047909,871.3157574953473,False
2023-08-08 17:00:00,short,0.1403069943189621,0.29261702649072796,61.57181621614647,123.14363243229295,0.14777235891875154,-0.004982925956860784,-0.7613879613877476,871.3157574953473,870.5543695339595,False
2023-08-08 21:00:00,short,0.11950694024562836,0.40402948787442633,53.73892577261268,107.47785154522536,0.12897342185427044,0.006529968167392375,0.5728535274357746,870.5543695339595,871.1272230613953,False
2023-08-09 02:00:00,short,0.15272942185401917,0.3721872073033457,52.51528918634368,105.03057837268736,0.12603669404722484,-0.006846819441790553,-0.845162100031847,871.1272230613953,870.2820609613634,False
2023-08-09 03:00:00,short,0.1517123430967331,0.34424781889522893,55.02792371747991,110.05584743495982,0.1320670169219518,-0.006223734192431607,-0.8170253576799476,870.2820609613634,869.4650356036834,False
2023-08-14 18:00:00,short,0.08626075088977814,0.25192575845811427,70.40841058707838,140.81682117415676,0.16898018540898813,-0.0036122167729661925,-0.677641068770058,869.4650356036834,868.7873945349133,False
2023-08-15 03:00:00,short,0.09072872251272202,0.243554744209412,70.81549360781057,141.63098721562113,0.16995718465874537,-0.0035652426275458726,-0.6749060176612824,868.7873945349133,868.112488517252,False
2023-08-16 18:00:00,long,0.9114200472831726,0.22686138088094676,73.09160249675944,146.18320499351887,0.17541984599222266,-0.00334145550490228,-0.6638845210420747,868.112488517252,867.44860399621,False
2023-08-16 19:00:00,long,0.9297517538070679,0.2443892552425552,73.08581169415481,146.17162338830963,0.17540594806597157,-0.0033368754555471725,-0.663162450447907,867.44860399621,866.7854415457621,False
2023-08-17 01:00:00,short,0.056214697659015656,0.4314967970587775,55.96577142805534,111.93154285611068,0.13431785142733282,0.005681942960959141,0.5016707906132416,866.7854415457621,867.2871123363753,False
2023-08-17 02:00:00,short,0.04593487083911896,0.42989816857878094,57.17163725537241,114.34327451074482,0.13721192941289378,0.005451087692845302,0.4860832870322593,867.2871123363753,867.7731956234076,False
2023-08-18 00:00:00,long,0.9817987084388733,0.8918589378579225,25.38236597198467,50.76473194396934,0.06091767833276321,-0.01944202993844879,-1.0478871166047428,867.7731956234076,866.7253085068028,False
2023-08-18 02:00:00,long,0.9673787951469421,0.8960947239662699,25.351715273823984,50.70343054764797,0.060844116657177566,-0.02013095930687514,-1.0815528137308488,866.7253085068028,865.643755693072,False
2023-08-19 00:00:00,short,0.11260917782783508,0.516837747201095,44.29918038043394,88.59836076086788,0.10631803291304147,0.009044939390089546,0.6950487702302964,865.643755693072,866.3388044633023,False
2023-08-19 07:00:00,short,0.05660193786025047,0.400713687770191,58.44246146824827,116.88492293649654,0.14026190752379586,-0.005205197091111113,-0.7486709683875943,866.3388044633023,865.5901334949147,False
2023-08-20 03:00:00,long,0.9011721611022949,0.29857997363262256,63.37848528347166,126.75697056694332,0.152108364680332,0.004418343998427554,0.4079475354829802,865.5901334949147,865.9980810303977,False
2023-08-21 11:00:00,long,0.9158251881599426,0.22514955177974147,73.67276748827189,147.34553497654377,0.17681464197185254,0.0032729436838474513,0.3054389960727501,865.9980810303977,866.3035200264704,False
2023-08-21 15:00:00,long,0.8127304315567017,0.208398154342223,62.273471696482744,124.54694339296549,0.1494563320715586,0.004584084811354749,0.4214774194367943,866.3035200264704,866.7249974459072,False
2023-08-22 02:00:00,long,0.8902963399887085,0.28536872098548977,63.566195402967466,127.13239080593493,0.15255886896712192,-0.0044038127992972464,-0.7124261188035578,866.7249974459072,866.0125713271036,False
2023-08-22 04:00:00,long,0.8658553957939148,0.21949545568010423,68.06194252678065,136.1238850535613,0.1633486620642736,0.003834938068538296,0.35867800676495987,866.0125713271036,866.3712493338686,False
2023-08-23 04:00:00,long,0.8820714354515076,0.4619876809054251,47.34195931994726,94.68391863989451,0.11362070236787343,-0.007932941459852128,-0.8647426861275583,866.3712493338686,865.506506647741,False
2023-08-23 06:00:00,long,0.7837993502616882,0.29438329197035873,49.04125392220435,98.0825078444087,0.11769900941329045,-0.007377958093132242,-0.8413476419586522,865.506506647741,864.6651590057824,False
2023-08-24 13:00:00,long,0.8821051120758057,0.23152493540607888,66.26225470065057,132.52450940130115,0.1590294112815614,-0.0038563143351653117,-0.6700855766465492,864.6651590057824,863.9950734291358,False
2023-08-24 14:00:00,long,0.9527481198310852,0.34525184159859446,62.00210115897936,124.00420231795871,0.14880504278155046,-0.004397629565732308,-0.6941295891700566,863.9950734291358,863.3009438399657,False
2023-08-25 00:00:00,long,0.8143404126167297,0.24790354147797677,55.68045388462469,111.36090776924938,0.13363308932309928,-0.005444121688079617,-0.7398954225139037,863.3009438399657,862.5610484174518,False
2023-08-25 02:00:00,long,0.832176148891449,0.2634099924435497,56.27549395543734,112.55098791087468,0.13506118549304963,-0.005320469765620395,-0.733885313763565,862.5610484174518,861.8271631036882,False
2023-08-29 16:00:00,short,0.16550534963607788,0.41692132139969307,43.3205795981003,86.6411591962006,0.10396939103544073,0.00896315208137255,0.6726084953465152,861.8271631036882,862.4997715990347,False
2023-08-29 18:00:00,short,0.32811975479125977,0.1848527098170522,40.9695640117776,81.9391280235552,0.09832695362826625,0.010037006816346006,0.7240966328696052,862.4997715990347,863.2238682319044,False
2023-08-30 00:00:00,short,0.3416041135787964,0.15022134902186524,27.765594584895524,55.53118916979105,0.06663742700374926,0.012313014109341047,0.6171188887523746,863.2238682319044,863.8409871206568,False
2023-08-30 01:00:00,long,0.8438270688056946,0.4113574699165925,27.42109158884869,54.84218317769738,0.06581061981323687,-0.012642401747721466,-0.759147532267819,863.8409871206568,863.081839588389,False
2023-08-31 15:00:00,short,0.2192019522190094,0.2031150386026144,56.14440303369695,112.2888060673939,0.1347465672808727,0.00535180087754461,0.46620076356904255,863.081839588389,863.5480403519581,False
2023-08-31 16:00:00,long,0.7276153564453125,0.20387078557362281,48.16861684685274,96.33723369370549,0.1156046804324466,-0.007278695990642903,-0.8168141170684491,863.5480403519581,862.7312262348896,False
2023-09-01 02:00:00,short,0.20449434220790863,0.3849098840032495,41.247684654603475,82.49536930920695,0.09899444317104834,0.009907425385782376,0.7183222729324809,862.7312262348896,863.4495485078221,False
2023-09-01 03:00:00,short,0.20279350876808167,0.38051228806616966,41.793207643824836,83.58641528764967,0.10030369834517962,0.009666548858770274,0.7076884689623485,863.4495485078221,864.1572369767845,False
2023-09-02 04:00:00,long,0.8653408288955688,0.37966049752617415,49.58391040206637,99.16782080413275,0.11900138496495931,0.006878803771145581,0.5631545947587983,864.1572369767845,864.7203915715432,False
2023-09-02 05:00:00,long,0.9396750330924988,0.4343411080440077,53.02719345465729,106.05438690931457,0.1272652642911775,0.0060223091127278305,0.5114270364375508,864.7203915715432,865.2318186079808,False
2023-09-04 15:00:00,long,0.9543099999427795,0.2828569915768415,68.76092205877464,137.52184411754928,0.16502621294105915,0.0035858366924601537,0.3281046617104346,865.2318186079808,865.5599232696912,False
2023-09-04 16:00:00,long,0.9048498868942261,0.22048266439704822,70.47768003759042,140.95536007518083,0.169146432090217,-0.0034158595571400774,-0.6506301459331444,865.5599232696912,864.9092931237581,False
2023-09-05 00:00:00,long,0.9218014478683472,0.31312237569796375,61.90010885949941,123.80021771899882,0.14856026126279862,-0.004421475548219811,-0.6959398967716409,864.9092931237581,864.2133532269864,False
2023-09-05 01:00:00,long,0.9322710037231445,0.32113054419916476,62.1950513214685,124.390102642937,0.1492681231715244,-0.004372594559646559,-0.6931756092619077,864.2133532269864,863.5201776177246,False
2023-09-06 00:00:00,long,0.9028768539428711,0.23150055056105778,68.70593591743554,137.41187183487108,0.1648942462018453,-0.0035773825678062643,-0.6564690811135417,863.5201776177246,862.863708536611,False
2023-09-06 01:00:00,long,0.9052250385284424,0.23600171889026028,68.38793361062616,136.77586722125233,0.1641310406655028,-0.0036052415689231676,-0.6572410827970774,862.863708536611,862.206467453814,False
2023-09-07 16:00:00,long,0.9612231850624084,0.24630286530730236,72.30583717455131,144.61167434910263,0.17353400921892317,0.003147285200206129,0.2816001732370358,862.206467453814,862.488067627051,False
2023-09-07 21:00:00,long,0.9358935952186584,0.37394458859685875,56.363699671277004,112.72739934255401,0.13527287921106482,0.005182836055319218,0.448974750523892,862.488067627051,862.9370423775749,False
2023-09-08 00:00:00,long,0.8511977195739746,0.35464284613881736,48.99931653462231,97.99863306924462,0.11759835968309355,-0.006864966842418885,-0.7903557263058326,862.9370423775749,862.1466866512691,False
2023-09-08 01:00:00,long,0.8145957589149475,0.3153026815630815,48.07332292971528,96.14664585943056,0.11537597503131669,-0.0071189231842457845,-0.7998365613274859,862.1466866512691,861.3468500899415,False
2023-09-09 02:00:00,long,0.96617192029953,0.24517533628641933,72.9187843985252,145.8375687970504,0.1750050825564605,-0.0030884285918543197,-0.6254139997957924,861.3468500899415,860.7214360901457,False
2023-09-09 03:00:00,long,0.9924192428588867,0.2369535597820322,76.76016648248704,153.52033296497407,0.1842243995579689,-0.002783003080688906,-0.6114719591478783,860.7214360901457,860.1099641309978,False
2023-09-10 19:00:00,long,0.9782569408416748,0.2740951681602013,70.69526960908053,141.39053921816105,0.16966864706179327,0.0032763290489172814,0.2935732838207459,860.1099641309978,860.4035374148185,False
2023-09-10 20:00:00,long,0.9828282594680786,0.30582704135194605,67.67587257832623,135.35174515665247,0.16242209418798298,0.003577642254595448,0.32181802851769165,860.4035374148185,860.7253554433362,False
2023-09-11 00:00:00,long,0.9777801632881165,0.394554395961796,58.62336975021878,117.24673950043756,0.14069608740052508,0.004771422793946156,0.41873767796772987,860.7253554433362,861.144093121304,False
2023-09-11 01:00:00,long,0.9814938306808472,0.41054520544905565,57.64643793084335,115.2928758616867,0.13835145103402405,0.004939317748216432,0.431116696952519,861.144093121304,861.5752098182564,False
2023-09-12 00:00:00,long,0.9683651328086853,0.541784139366281,47.04535210082371,94.09070420164743,0.11290884504197692,0.007423576824082456,0.5855807260309707,861.5752098182564,862.1607905442875,False
2023-09-12 01:00:00,long,0.9644890427589417,0.5308117546206408,47.422417729657006,94.84483545931401,0.11381380255117683,0.007315927911150322,0.5800641764140784,862.1607905442875,862.7408547207016,False
2023-09-13 01:00:00,long,0.7764825224876404,0.30225110776333836,44.51724889345672,89.03449778691343,0.10684139734429612,0.008313125907131846,0.633313592836567,862.7408547207016,863.3741683135381,False
2023-09-13 02:00:00,long,0.7333208918571472,0.23317936413744525,45.06891779246855,90.1378355849371,0.10816540270192453,0.00812276907241416,0.6240034204417549,863.3741683135381,863.9981717339799,False
2023-09-14 00:00:00,long,0.761954128742218,0.22992580331289372,49.5584753049611,99.1169506099222,0.11894034073190665,-0.006727443183655035,-0.7857439944973005,863.9981717339799,863.2124277394826,False
2023-09-14 01:00:00,long,0.7061886787414551,0.17917461632013498,46.67819111574986,93.35638223149972,0.11202765867779968,0.007569507049675073,0.5946341347556983,863.2124277394826,863.8070618742382,False
2023-09-15 00:00:00,long,0.8037666082382202,0.301891433742612,48.037967404961364,96.07593480992273,0.11529112177190728,0.0071568929124763425,0.5723140551287679,863.8070618742382,864.379375929367,False
2023-09-15 01:00:00,long,0.7776758074760437,0.2573652208270711,48.92524533019083,97.85049066038167,0.11742058879245801,0.00690880655773074,0.5586095227591574,864.379375929367,864.9379854521262,False
2023-09-16 00:00:00,short,0.22069941461086273,0.2221885524609493,52.884043577087624,105.76808715417525,0.12692170458501031,0.005920806893413233,0.4993107149405621,864.9379854521262,865.4372961670667,False
2023-09-16 01:00:00,long,0.7567965388298035,0.17643585224701486,55.06420861077158,110.12841722154316,0.13215410066585181,-0.005467548896113894,-0.7342866066762705,865.4372961670667,864.7030095603905,False
2023-09-18 13:00:00,long,0.9490249156951904,0.4487892287338773,51.75823055658818,103.51646111317636,0.12421975333581164,-0.0061778216203828284,-0.7637259848663109,864.7030095603905,863.9392835755242,False
2023-09-18 14:00:00,long,0.9464074969291687,0.4425215921988954,51.93183216753799,103.86366433507598,0.12463639720209119,-0.0061257521197771725,-0.7608794591705076,863.9392835755242,863.1784041163537,False
2023-09-19 00:00:00,long,0.9176750183105469,0.46571704176146334,47.4869382928495,94.973876585699,0.11396865190283881,0.007313294429810435,0.5806032707088574,863.1784041163537,863.7590073870625,False
2023-09-19 01:00:00,long,0.9505046010017395,0.5000305213374381,48.25108834323905,96.5021766864781,0.11580261202377372,0.007093020517058957,0.5686893071542639,863.7590073870625,864.3276966942168,False
2023-09-20 01:00:00,short,0.28361237049102783,0.17932096997411456,48.37493366824783,96.74986733649565,0.11609984080379479,0.00706604435853353,0.5675390134781177,864.3276966942168,864.895235707695,False
2023-09-20 02:00:00,long,0.7757026553153992,0.2650939125545042,47.93083432626159,95.86166865252318,0.11503400238302783,-0.007207046047647103,-0.8059134625660512,864.895235707695,864.0893222451289,False
2023-09-21 00:00:00,long,0.7695936560630798,0.21316372532297898,52.48085548284725,104.9617109656945,0.1259540531588334,-0.00600033821096968,-0.7557598181550453,864.0893222451289,863.3335624269738,False
2023-09-21 13:00:00,short,0.1705552190542221,0.25316303278275365,54.48296064266396,108.96592128532792,0.13075910554239353,-0.005347365050033082,-0.713439664668212,863.3335624269738,862.6201227623056,False
2023-09-21 20:00:00,long,0.8523762226104736,0.2988094507117036,52.58477426892978,105.16954853785955,0.12620345824543147,0.00573090388441666,0.47651311599253443,862.6201227623056,863.0966358782982,False
2023-09-22 02:00:00,long,0.82686847448349,0.20736130465769007,59.3193558329517,118.6387116659034,0.1423664539990841,0.004508478241341152,0.392513596127388,863.0966358782982,863.4891494744256,False
2023-09-22 03:00:00,long,0.9761975407600403,0.3276870999851752,63.11449399994005,126.2289879998801,0.15147478559985614,0.003986204201857468,0.3516997367614818,863.4891494744256,863.8408492111871,False
2023-09-24 23:00:00,short,0.19057707488536835,0.18382714677935408,59.98509270406956,119.97018540813912,0.14396422248976695,0.004416566644955933,0.3858920967729993,863.8408492111871,864.2267413079601,False
2023-09-25 00:00:00,short,0.1791495978832245,0.23184865858936218,55.78086648654913,111.56173297309826,0.13387407956771794,0.005111976763494619,0.4364269070859519,864.2267413079601,864.6631682150461,False
2023-09-25 01:00:00,short,0.11597919464111328,0.32695781612900376,53.61795563067858,107.23591126135716,0.1286830935136286,0.0055383117777004776,0.46522281681758904,864.6631682150461,865.1283910318637,False
2023-09-26 02:00:00,short,0.1265246719121933,0.20774559507391807,65.26876308563101,130.53752617126202,0.15664503140551445,0.003741574069554887,0.331770791620722,865.1283910318637,865.4601618234843,False
2023-09-26 03:00:00,short,0.09514006972312927,0.22905614982678013,66.40728525755875,132.8145705151175,0.15937748461814102,0.003617151448487732,0.3210329315008923,865.4601618234843,865.7811947549852,False
2023-09-27 14:00:00,long,0.8359474539756775,0.2751207316495222,53.16367866783008,106.32735733566015,0.12759282880279219,0.005647942036576481,0.47293792233137144,865.7811947549852,866.2541326773166,False
2023-09-27 17:00:00,long,0.7660694718360901,0.2104490184970077,50.991778079045915,101.98355615809183,0.12238026738971021,0.00614602482055826,0.5044132000467194,866.2541326773166,866.7585458773634,False
2023-09-28 00:00:00,short,0.22526302933692932,0.24412583578300806,48.60434600212896,97.20869200425793,0.11665043040510953,-0.0067725160009102225,-0.7749978524315,866.7585458773634,865.9835480249319,False
2023-09-28 02:00:00,short,0.2069358080625534,0.2362872660398201,51.809689047111185,103.61937809422237,0.12434325371306686,-0.005949785296362586,-0.7408563059163066,865.9835480249319,865.2426917190156,False
2023-09-29 01:00:00,long,0.6916236281394958,0.14738337885136085,46.93718858280835,93.8743771656167,0.11264925259874006,0.007236785769786591,0.5666995042209743,865.2426917190156,865.8093912232366,False
2023-09-29 10:00:00,short,0.12549349665641785,0.27358828639574784,57.86901801119497,115.73803602238993,0.13888564322686794,0.0047671228240152574,0.4128517899021672,865.8093912232366,866.2222430131388,False
2023-10-01 23:00:00,long,0.7675492763519287,0.21470964226119071,50.72139116913951,101.44278233827902,0.12173133880593483,0.00621126891435031,0.5083570617170223,866.2222430131388,866.7306000748558,False
2023-10-02 00:00:00,long,0.9407582879066467,0.44008092395059023,50.16827826897975,100.3365565379595,0.1204038678455514,0.006356438490890959,0.5173792821757912,866.7306000748558,867.2479793570316,False
2023-10-02 01:00:00,long,0.9342460036277771,0.4411061840868009,49.51104500112166,99.02209000224332,0.118826508002692,0.006534109232676499,0.5281946445198893,867.2479793570316,867.7761740015515,False
2023-10-03 02:00:00,short,0.24145787954330444,0.2478348617505327,29.222107258676225,58.44421451735245,0.07013305742082294,0.010563768912729588,0.547258119026484,867.7761740015515,868.323432120578,False
2023-10-03 03:00:00,short,0.1769828498363495,0.3172048249744278,29.868103858718385,59.73620771743677,0.07168344926092413,0.010124515408030832,0.5331167061915947,868.323432120578,868.8565488267695,False
2023-10-04 00:00:00,long,0.8517309427261353,0.32598767035722565,50.37822806598595,100.7564561319719,0.12090774735836629,0.006334529518311038,0.517336998170021,868.8565488267695,869.3738858249395,False
2023-10-04 01:00:00,long,0.8703081607818604,0.34178708503411465,51.0787182765301,102.1574365530602,0.12258892386367225,0.006169318366002541,0.5076528256868613,869.3738858249395,869.8815386506263,False
2023-10-05 19:00:00,long,0.7269877195358276,0.16718793914105434,49.167714737616876,98.33542947523375,0.11800251537028052,0.006388407474101188,0.510204277258253,869.8815386506263,870.3917429278846,False
2023-10-05 21:00:00,long,0.8631812930107117,0.33745358771078904,49.26943473405493,98.53886946810987,0.11824664336173185,0.006369521282163282,0.5093987828357036,870.3917429278846,870.9011417107203,False
2023-10-06 02:00:00,short,0.2500597834587097,0.19067662876982922,49.84033885821095,99.6806777164219,0.11961681325970629,-0.00623172348656853,-0.7407992337422009,870.9011417107203,870.160342476978,False
2023-10-06 12:00:00,long,0.8196727633476257,0.20931117503994953,57.05853607237092,114.11707214474184,0.13694048657369023,0.004746677771356067,0.40473648310799243,870.160342476978,870.565078960086,False
2023-10-07 06:00:00,short,0.19607068598270416,0.20460090341769216,55.6015557465015,111.203111493003,0.1334437337916036,-0.00500335162548704,-0.6898320024393366,870.565078960086,869.8752469576467,False
2023-10-07 08:00:00,short,0.08434022963047028,0.3010175542734103,58.24915404007298,116.49830808014596,0.13979796969617517,0.004551631856217653,0.39045944055687554,869.8752469576467,870.2657063982036,False
2023-10-09 11:00:00,short,0.11846733838319778,0.2501721663632543,59.875531110861715,119.75106222172343,0.14370127466606814,0.004311589546457162,0.3726161533862558,870.2657063982036,870.6383225515899,False
2023-10-09 12:00:00,short,0.02424289472401142,0.35186263210643276,59.484958002315736,118.96991600463147,0.1427638992055578,-0.004372136051643771,-0.6629165580304384,870.6383225515899,869.9754059935594,False
2023-10-10 00:00:00,long,0.8441652059555054,0.24995478920554398,55.49767857319982,110.99535714639964,0.1331944285756796,0.005015298007679636,0.42348036498234815,869.9754059935594,870.3988863585417,False
2023-10-10 01:00:00,long,0.9347336292266846,0.34829724401886997,55.74861566148806,111.49723132297612,0.13379667758757136,0.004975089590976145,0.4209120373900265,870.3988863585417,870.8197983959318,False
2023-10-11 03:00:00,short,0.18278725445270538,0.22708610388378628,54.7450689358202,109.4901378716404,0.13138816544596849,-0.005164151828867869,-0.6968118611787955,870.8197983959318,870.122986534753,False
2023-10-11 04:00:00,short,0.09214787930250168,0.31051288258480936,56.497936591943386,112.99587318388677,0.13559504782066414,-0.004840927042534471,-0.6825998260113372,870.122986534753,869.4403867087416,False
2023-10-12 01:00:00,long,0.9894276261329651,0.4450310880856916,52.83892798087869,105.67785596175737,0.12681342715410887,0.005525913108639147,0.4571532223978458,869.4403867087416,869.8975399311395,False
2023-10-12 02:00:00,long,0.9524272680282593,0.39537386397255136,53.388673951144376,106.77734790228875,0.12813281748274652,-0.005418391291897695,-0.7066942695284385,869.8975399311395,869.1908456616111,False
2023-10-13 14:00:00,long,0.9355363249778748,0.22946270661139226,68.312466827284,136.624933654568,0.16394992038548162,0.0033041730006442283,0.2874824966107509,869.1908456616111,869.4783281582219,False
2023-10-13 15:00:00,long,0.9314279556274414,0.22881516546814473,67.95844190324519,135.91688380649038,0.16310026056778845,0.003340897292495093,0.29098408854568536,869.4783281582219,869.7693122467675,False
2023-10-16 00:00:00,short,0.20388594269752502,0.1788793486099495,57.65044718644874,115.30089437289747,0.13836107324747698,-0.004645529559827999,-0.673994786331378,869.7693122467675,869.0953174604361,False
2023-10-16 01:00:00,short,0.1373264193534851,0.26236243812296023,56.29767725825372,112.59535451650744,0.13511442541980895,-0.0048639185487449055,-0.682769058755158,869.0953174604361,868.412548401681,False
2023-10-17 03:00:00,short,0.18439990282058716,0.34975608597242835,42.96162785181172,85.92325570362344,0.10310790684434813,-0.008339176207781573,-0.8196370765031371,868.412548401681,867.5929113251779,False
2023-10-17 04:00:00,short,0.11553555727005005,0.41862143500383503,44.96380773409382,89.92761546818764,0.10791313856182518,-0.007598681708708366,-0.7912444653277021,867.5929113251779,866.8016668598501,False
2023-10-18 04:00:00,long,0.8278306722640991,0.28459345613047027,49.86487018385483,99.72974036770967,0.11967568844125161,-0.006167121684867438,-0.7347211328891534,866.8016668598501,866.066945726961,False
2023-10-18 05:00:00,long,0.8730023503303528,0.34921744309675695,49.07126552075777,98.14253104151554,0.11777103724981866,-0.006357419039284662,-0.7417042326567355,866.066945726961,865.3252414943042,False
2023-10-19 17:00:00,short,0.25596126914024353,0.15541745296077794,51.71228833529364,103.42457667058729,0.12410949200470475,-0.0055374672746197895,-0.6968197007094872,865.3252414943042,864.6284217935947,False
2023-10-19 22:00:00,short,0.23573105037212372,0.21265258420201238,47.772471592749184,95.54494318549837,0.11465393182259806,-0.0064780386357150554,-0.7335977652254564,864.6284217935947,863.8948240283693,False
2023-10-20 03:00:00,long,0.9817156195640564,0.5629635454602269,42.78364481227225,85.5672896245445,0.10268074754945342,0.008063175719936977,0.5872633445719889,863.8948240283693,864.4820873729412,False
2023-10-20 04:00:00,long,0.8895092010498047,0.4216459034689767,43.75603135077379,87.51206270154758,0.1050144752418571,0.007719267459261436,0.5705145426630456,864.4820873729412,865.0526019156043,False
2023-10-21 00:00:00,short,0.05457206442952156,0.4276707801501265,48.47910819275522,96.95821638551044,0.11634985966261253,-0.006296739549370711,-0.7268704954136995,865.0526019156043,864.3257314201907,False
2023-10-21 01:00:00,short,0.013570240698754787,0.4632749557776089,49.44232304677658,98.88464609355316,0.1186615753122638,-0.0060436191644039905,-0.7162827175085679,864.3257314201907,863.6094487026821,False
2023-10-22 02:00:00,long,0.8984382152557373,0.374653920606022,48.04895138247154,96.09790276494309,0.11531748331793172,0.006388617445759026,0.4986152547870382,863.6094487026821,864.1080639574692,False
2023-10-22 04:00:00,short,0.2356693148612976,0.19813200436100048,49.358802766477424,98.71760553295485,0.11846112663954583,-0.006061035430662942,-0.7167920314049934,864.1080639574692,863.3912719260642,False
2023-10-23 01:00:00,short,0.22282719612121582,0.19096275832624887,51.87907625125052,103.75815250250103,0.12450978300300125,0.005477353616235359,0.4438103088204726,863.3912719260642,863.8350822348847,False
2023-10-23 02:00:00,short,0.06363527476787567,0.3927606472232088,50.242991462016924,100.48598292403385,0.12058317950884063,-0.005845889977593943,-0.7080131799731263,863.8350822348847,863.1270690549115,False
2023-10-24 00:00:00,short,0.09729516506195068,0.8638187947400907,25.246466769856163,50.492933539712325,0.060591520247654795,-0.022676978887207877,-1.2056187080809018,863.1270690549115,861.9214503468306,False
2023-10-24 01:00:00,short,0.08497922867536545,0.9172309857051304,25.2112024226448,50.4224048452896,0.06050688581434752,-0.023275203833562852,-1.2340986363668902,861.9214503468306,860.6873517104638,False
2023-10-25 01:00:00,short,0.11583070456981659,0.5280549801994027,25.175105037531065,50.35021007506213,0.06042025209007456,0.0151384187848157,0.7018023139296627,860.6873517104638,861.3891540243934,False
2023-10-25 02:00:00,short,0.08421705663204193,0.5685826015063136,25.195632755213506,50.39126551042701,0.06046951861251242,-0.014950146573359469,-0.81382632401047,861.3891540243934,860.5753277003829,False
2023-10-26 00:00:00,short,0.0035559795796871185,0.5067980052615512,28.571233472870325,57.14246694574065,0.06857096033488878,0.010092116823410602,0.5081174916594047,860.5753277003829,861.0834451920423,False
2023-10-26 01:00:00,short,0.005086164455860853,0.4946224315595537,29.057355905840094,58.11471181168019,0.06973765417401623,0.009768789723108795,0.49797274533335445,861.0834451920423,861.5814179373756,False
2023-10-27 01:00:00,short,0.18129368126392365,0.30857411125016876,45.05533064881102,90.11066129762204,0.10813279355714646,-0.007231697074824073,-0.7597857992736226,861.5814179373756,860.821632138102,False
2023-10-27 03:00:00,short,0.09116112440824509,0.4223963366855305,45.30795569356942,90.61591138713884,0.10873909366456662,0.007138670730277741,0.5381380606522429,860.821632138102,861.3597701987543,False
2023-10-28 00:00:00,short,0.0952271893620491,0.370851526793271,48.84360135558447,97.68720271116894,0.11722464325340273,-0.006150263925911226,-0.7180267221110823,861.3597701987543,860.6417434766432,False
2023-10-28 01:00:00,short,0.06275543570518494,0.4009652879434517,49.49757231644007,98.99514463288014,0.11879417355945618,-0.005978840345844727,-0.7106703383332541,860.6417434766432,859.93107313831,False
2023-10-29 12:00:00,short,0.06403933465480804,0.21003198422638786,68.39411422643471,136.78822845286942,0.1641458741434433,-0.003126293635169697,-0.5917860421217874,859.93107313831,859.3392870961882,False
2023-10-29 14:00:00,short,0.10424299538135529,0.2208628857055086,62.567305329742766,125.13461065948553,0.15016153279138264,-0.0037305629532757845,-0.6169840754902485,859.3392870961882,858.722303020698,False
2023-10-30 00:00:00,short,0.09682083874940872,0.35780402335728057,49.60358313843267,99.20716627686534,0.11904859953223841,0.005926787113139209,0.4689311550885458,858.722303020698,859.1912341757865,False
2023-10-30 01:00:00,short,0.1753985732793808,0.2594978660215422,50.14528696952661,100.29057393905322,0.12034868872686387,0.005805763941529984,0.46191470912383803,859.1912341757865,859.6531488849103,False
2023-10-31 00:00:00,short,0.09249531477689743,0.37584074345368734,48.61188746388005,97.2237749277601,0.11666852991331214,0.0061844557956126645,0.48460760841001516,859.6531488849103,860.1377564933202,False
2023-10-31 01:00:00,short,0.2176254540681839,0.22114323344128528,48.98308490484244,97.96616980968489,0.11755940377162187,0.006097947741470877,0.4798331801598985,860.1377564933202,860.6175896734801,False
2023-11-01 00:00:00,short,0.049819156527519226,0.41500559131102516,49.59881596964101,99.19763193928202,0.11903715832713843,-0.005954122407834994,-0.7096720014609859,860.6175896734801,859.9079176720192,False
2023-11-01 01:00:00,short,0.09261868894100189,0.3579764192109608,50.07079137135859,100.14158274271718,0.12016989929126062,-0.005832770990565006,-0.7042728180622466,859.9079176720192,859.2036448539569,False
2023-11-02 00:00:00,short,0.06877151131629944,0.4798899406218715,26.255702928684357,52.511405857368715,0.06301368702884247,-0.011912622760361646,-0.6885622556239209,859.2036448539569,858.515082598333,False
2023-11-02 15:00:00,long,0.950020968914032,0.521469877810566,41.864341771835136,83.72868354367027,0.10047442025240434,-0.008253050103003368,-0.7914914405968287,858.515082598333,857.7235911577362,False
2023-11-02 16:00:00,long,0.9091214537620544,0.4627182496163239,41.966031586223195,83.93206317244639,0.10071847580693567,0.008197965032736176,0.5873536432061836,857.7235911577362,858.3109448009424,False
2023-11-03 01:00:00,short,0.0760183036327362,0.5176688830240642,39.96788264078537,79.93576528157074,0.0959229183378849,0.009050533401009142,0.627538395278198,858.3109448009424,858.9384831962205,False
2023-11-03 02:00:00,short,0.0055260248482227325,0.619056253618325,40.028359551835386,80.05671910367077,0.09606806292440494,0.009036405163165728,0.627356886930114,858.9384831962205,859.5658400831506,False
2023-11-04 00:00:00,short,0.026469416916370392,0.42725686798462625,50.11319893897584,100.22639787795168,0.12027167745354203,-0.005773792875041206,-0.6989581394123046,859.5658400831506,858.8668819437383,False
2023-11-04 01:00:00,short,0.03397805243730545,0.42130688805290034,49.86568718279058,99.73137436558116,0.1196776492386974,-0.0058217728178884265,-0.7002910536108924,858.8668819437383,858.1665908901275,False
2023-11-05 03:00:00,short,0.13186590373516083,0.23367148076153374,57.33608635058492,114.67217270116984,0.13760660724140383,0.004396370373458636,0.36653473548215143,858.1665908901275,858.5331256256096,False
2023-11-05 06:00:00,short,0.15131282806396484,0.22842077764930427,55.711880766268735,111.42376153253747,0.13370851383904497,0.004660426153131003,0.3855736984874249,858.5331256256096,858.918699324097,False
2023-11-06 00:00:00,short,0.06722934544086456,0.4472837090595817,45.09874535879777,90.19749071759554,0.10823698886111466,0.0071183994180650245,0.5338247765739429,858.918699324097,859.452524100671,False
2023-11-06 01:00:00,short,0.10709155350923538,0.4124133164632684,43.952155986990185,87.90431197398037,0.10548517436877645,-0.007503961089207367,-0.7651157109950704,859.452524100671,858.687408389676,False
2023-11-07 00:00:00,short,0.05838073417544365,0.3624878383548936,52.35674522189154,104.71349044378309,0.1256561885325397,0.005278761800090237,0.4271013847762165,858.687408389676,859.1145097744521,False
2023-11-07 01:00:00,short,0.08641810715198517,0.3267074968667546,52.81621123233721,105.63242246467442,0.1267589069576093,0.005192479344517387,0.421735264801547,859.1145097744521,859.5362450392537,False
2023-11-08 04:00:00,short,0.25094369053840637,0.20936153660026519,45.35574178698064,90.71148357396127,0.10885378028875355,0.007048082819669399,0.5304882686356057,859.5362450392537,860.0667333078893,False
2023-11-08 06:00:00,short,0.05219284072518349,0.46058721034173644,45.558455055425945,91.11691011085189,0.10934029213302228,-0.006994126463779837,-0.7466234844371802,860.0667333078893,859.3201098234521,False
2023-11-09 01:00:00,short,0.04068147763609886,0.5530702035395997,40.85807170924902,81.71614341849804,0.09805937210219764,-0.00868083247844953,-0.8074235239031351,859.3201098234521,858.5126862995489,False
2023-11-09 02:00:00,short,0.08036655932664871,0.4222094228518288,27.91643324593307,55.83286649186614,0.06699943979023938,-0.010440066358433642,-0.649898270946888,858.5126862995489,857.862788028602,False
2023-11-10 04:00:00,short,0.012257706373929977,0.5859618135742823,25.092486549836607,50.184973099673215,0.06022196771960786,-0.013190541381649323,-0.7221889321278055,857.862788028602,857.1405990964743,False
2023-11-10 05:00:00,short,0.015996668487787247,0.5311442280954427,26.44424558723842,52.88849117447684,0.06346618940937221,-0.011597688852840404,-0.6768504539471504,857.1405990964743,856.4637486425271,False
2023-11-11 00:00:00,short,0.09126915037631989,0.43640964068233984,43.58627321292145,87.1725464258429,0.10460705571101149,0.007577494931937823,0.5559424730349276,856.4637486425271,857.0196911155621,False
2023-11-11 12:00:00,short,0.04569346830248833,0.3079900387666865,58.490342659400405,116.98068531880081,0.140376822382561,-0.004213281022130921,-0.6332493237921337,857.0196911155621,856.3864417917699,False
2023-11-12 00:00:00,short,0.02574787102639675,0.41716223774078076,50.75532477049258,101.51064954098516,0.1218127794491822,-0.005587062134721377,-0.6889590857705923,856.3864417917699,855.6974827059993,False
2023-11-12 01:00:00,short,0.036164797842502594,0.41184549759668504,50.2089055402435,100.417811080487,0.1205013732965844,-0.005700148326689636,-0.6928977910968583,855.6974827059993,855.0045849149025,False
2023-11-13 01:00:00,short,0.10134503245353699,0.23483688748632411,60.39118018532671,120.78236037065342,0.14493883244478412,0.003933661733498406,0.3301781166268696,855.0045849149025,855.3347630315293,False
2023-11-13 02:00:00,short,0.1479097306728363,0.19307950259690912,60.08056490935366,120.16112981870732,0.1441933557824488,0.003977510996003741,0.33374885936369264,855.3347630315293,855.668511890893,False
2023-11-14 01:00:00,short,0.2873487174510956,0.1486242745225177,46.8884289030332,93.7768578060664,0.11253222936727969,-0.006535621553994897,-0.7254222825105219,855.668511890893,854.9430896083825,False
2023-11-14 03:00:00,short,0.07835562527179718,0.37495621376739957,49.22012834452236,98.44025668904472,0.11812830802685367,-0.005921013979029555,-0.7009944439819451,854.9430896083825,854.2420951644006,False
2023-11-15 00:00:00,short,0.08982672542333603,0.4463731672318073,26.08124064783696,52.16248129567392,0.06259497755480871,-0.011842274643581119,-0.6803174071488424,854.2420951644006,853.5617777572517,False
2023-11-15 01:00:00,short,0.10400023311376572,0.4287847834305264,26.060009418986972,52.120018837973944,0.06254402260556874,-0.01184269286141526,-0.6797853976348716,853.5617777572517,852.8819923596168,False
2023-11-16 00:00:00,short,0.15216279029846191,0.346589870346084,27.26593608227048,54.53187216454096,0.06543824659744915,0.010801069221185955,0.5235642794126213,852.8819923596168,853.4055566390294,False
2023-11-16 13:00:00,long,0.8620690107345581,0.34279322521245703,45.524178225667775,91.04835645133555,0.10925802774160268,-0.006856369521086925,-0.7335192038595978,853.4055566390294,852.6720374351698,False
2023-11-16 14:00:00,long,0.8798351883888245,0.3796060506031814,44.36737014278217,88.73474028556434,0.10648168834267722,-0.007206164653987046,-0.7459188373692314,852.6720374351698,851.9261185978006,False
2023-11-17 01:00:00,short,0.01031192485243082,0.5019018747512946,27.51323672308088,55.02647344616176,0.06603176813539412,0.010522296526616737,0.5129731022791219,851.9261185978006,852.4390917000798,False
2023-11-17 02:00:00,short,0.013213318772614002,0.49944751526917774,27.490084220937128,54.980168441874255,0.06597620213024911,0.010552724842552319,0.5142143872340283,852.4390917000798,852.9533060873138,False
2023-11-18 03:00:00,short,0.2167692631483078,0.2761291114837507,42.535265588506164,85.07053117701233,0.1020846374124148,-0.007845483781929952,-0.7695041100818314,852.9533060873138,852.183801977232,False
2023-11-18 06:00:00,short,0.09819123893976212,0.35936323971764506,48.03105788414293,96.06211576828586,0.11527453892194305,-0.006141716403330388,-0.7052608110746471,852.183801977232,851.4785411661574,False
2023-11-19 19:00:00,short,0.04912563040852547,0.2730993165853869,60.92803816967988,121.85607633935976,0.14622729160723172,0.0038104874788054133,0.3181037615002552,851.4785411661574,851.7966449276577,False
2023-11-19 20:00:00,short,0.0713205486536026,0.2596598045152851,60.15206761019239,120.30413522038478,0.14436496226446174,-0.003912354894515024,-0.6150374345243315,851.7966449276577,851.1816074931334,False
2023-11-20 00:00:00,short,0.10507036000490189,0.30839515414772306,51.722916251347435,103.44583250269487,0.12413499900323385,0.005283795098319666,0.4224515837161025,851.1816074931334,851.6040590768495,False
2023-11-20 01:00:00,short,0.09027072042226791,0.3218539530854428,51.99874122669578,103.99748245339156,0.12479697894406988,0.005233079079171032,0.41943007076923006,851.6040590768495,852.0234891476186,False
2023-11-21 01:00:00,short,0.07942712306976318,0.5233837915845944,38.71486983449644,77.42973966899288,0.09291568760279147,0.009449635172313009,0.6387671037563635,852.0234891476186,852.662256251375,False
2023-11-21 02:00:00,short,0.04306954890489578,0.44256787248023377,28.554648662731886,57.10929732546377,0.06853115679055653,0.009785667967762701,0.49032146470867033,852.662256251375,853.1525777160837,False
2023-11-22 01:00:00,short,0.35104551911354065,0.1349513200342627,24.954712898195446,49.90942579639089,0.059891310955669075,-0.013101730665995293,-0.7137911654344602,853.1525777160837,852.4387865506492,False
2023-11-22 02:00:00,short,0.11422636359930038,0.4543017319707507,24.933834506606487,49.867669013212975,0.059841202815855574,-0.013349571408496796,-0.7255532112830252,852.4387865506492,851.7132333393662,False
2023-11-23 00:00:00,short,0.18838965892791748,0.33701712748210105,40.655130502678304,81.31026100535661,0.09757231320642794,-0.008562953469624102,-0.7938282947982875,851.7132333393662,850.919405044568,False
2023-11-23 03:00:00,short,0.1185060366988182,0.4236615566001061,41.32783623431421,82.65567246862842,0.09918680696235412,-0.008271019270456481,-0.7828334667629191,850.919405044568,850.1365715778051,False
2023-11-24 00:00:00,short,0.130250483751297,0.2770980013976296,52.02208485930005,104.0441697186001,0.12485300366232013,-0.005210380083696897,-0.6669626733888939,850.1365715778051,849.4696089044162,False
2023-11-24 01:00:00,short,0.12076789885759354,0.27198515135983736,53.505529703492854,107.01105940698571,0.12841327128838287,-0.0049177434537053255,-0.6546662081611585,849.4696089044162,848.814942696255,False
2023-11-25 05:00:00,short,0.015239953994750977,0.41046338012640166,51.29631003316048,102.59262006632096,0.12311114407958516,0.005342214165377834,0.42496060410194086,848.814942696255,849.2399033003569,False
2023-11-25 06:00:00,short,0.023035326972603798,0.3065212440020919,59.838320650159595,119.67664130031919,0.14361196956038305,0.003929791455689835,0.32669227286726854,849.2399033003569,849.5665955732242,False
2023-11-26 17:00:00,short,0.07336762547492981,0.2747836667038316,58.16634424109587,116.33268848219174,0.1395992261786301,-0.0041621605665476125,-0.6237945547796762,849.5665955732242,848.9428010184445,False
2023-11-26 18:00:00,short,0.03255702555179596,0.3301009877518388,56.62799544181441,113.25599088362883,0.1359071890603546,-0.004384923246097738,-0.6325260162458122,848.9428010184445,848.3102750021986,False
2023-11-27 01:00:00,short,0.22279365360736847,0.2197769869952163,46.99733401231904,93.99466802463807,0.1127936016295657,0.006356682531846292,0.48470066268934237,848.3102750021986,848.7949756648879,False
2023-11-27 02:00:00,short,0.2148820012807846,0.22053604283955647,47.93939916973314,95.87879833946629,0.11505455800735956,0.006116288181559515,0.4713678031384462,848.7949756648879,849.2663434680264,False
2023-11-28 00:00:00,short,0.03348313644528389,0.46894138553007614,45.58365676412298,91.16731352824596,0.10940077623389516,0.006772312907089462,0.5080127978781166,849.2663434680264,849.7743562659045,False
2023-11-28 01:00:00,short,0.05568315088748932,0.4227778559071085,46.925738441127166,93.85147688225433,0.1126217722587052,0.0063981221061235605,0.48785143667399056,849.7743562659045,850.2622077025785,False
2023-11-29 00:00:00,short,0.0989837497472763,0.42075760532312984,43.25838721740493,86.51677443480986,0.10382012932177184,-0.007537591852563974,-0.7559482634117098,850.2622077025785,849.5062594391668,False
2023-11-29 01:00:00,short,0.0887269452214241,0.4341567246359228,43.221799597742574,86.44359919548515,0.10373231903458219,-0.007536938798113235,-0.7552524356595842,849.5062594391668,848.7510070035072,False
2023-11-30 00:00:00,short,0.19037878513336182,0.23325468092349655,49.59165977424971,99.18331954849943,0.11901998345819932,-0.005714928882608605,-0.6858456010189173,848.7510070035072,848.0651614024882,False
2023-11-30 15:00:00,short,0.16897711157798767,0.24035016459741348,51.44647332362983,102.89294664725966,0.12347153597671161,-0.005340906501378528,-0.6730131436710548,848.0651614024882,847.3921482588172,False
2023-11-30 16:00:00,short,0.09772763401269913,0.31460056460324237,51.7766053648406,103.5532107296812,0.12426385287561745,-0.005264649616519623,-0.6694352240330094,847.3921482588172,846.7227130347842,False
2023-12-01 00:00:00,short,0.11282646656036377,0.2576633567937868,55.791385111482036,111.58277022296407,0.1338993242675569,-0.0045270561391372866,-0.6390407892273716,846.7227130347842,846.0836722455568,False
2023-12-01 01:00:00,short,0.10138127952814102,0.2759140709986343,55.063880950049594,110.12776190009919,0.13215331428011903,-0.0046404568740723295,-0.643196444015635,846.0836722455568,845.4404758015412,False
2023-12-02 04:00:00,short,0.007899858057498932,0.3593228681808651,56.106998730350874,112.21399746070175,0.1346567969528421,0.004462721074410481,0.3661229743588757,845.4404758015412,845.8065987759,False
2023-12-02 06:00:00,short,0.03581122308969498,0.24730907931905347,64.88390253781252,129.76780507562503,0.15572136609075005,0.0033399191933041195,0.27769261675427775,845.8065987759,846.0842913926543,False
2023-12-03 00:00:00,short,0.030227575451135635,0.41486322166627565,49.60814608103547,99.21629216207094,0.11905955059448514,0.005717274145511264,0.44818719139721497,846.0842913926543,846.5324785840515,False
2023-12-03 01:00:00,short,0.033185217529535294,0.4156377188091107,49.32018148368451,98.64036296736901,0.11836843556084282,-0.0057903613411314225,-0.689531779962268,846.5324785840515,845.8429468040893,False
2023-12-04 00:00:00,short,0.03151155263185501,0.4525839804802375,46.754936501828944,93.50987300365789,0.11221184760438947,-0.006432684766299879,-0.7137313831736559,845.8429468040893,845.1292154209156,False
2023-12-04 01:00:00,short,0.023465827107429504,0.5172692241318654,43.215548179047275,86.43109635809455,0.10371731562971347,-0.007516816106036162,-0.753403972796602,845.1292154209156,844.375811448119,False
2023-12-05 00:00:00,short,0.0026338088791817427,0.6125837328413868,39.55315231536085,79.1063046307217,0.09492756555686604,0.008957299834776555,0.6136513238416812,844.375811448119,844.9894627719607,False
2023-12-05 01:00:00,short,0.005143276881426573,0.5677772500435481,41.719303112518915,83.43860622503783,0.1001263274700454,0.008062992276653191,0.5726385100971416,844.9894627719607,845.5621012820578,False
2023-12-06 03:00:00,short,0.015089371241629124,0.5654291616198411,24.732691462500192,49.465382925000384,0.05935845951000047,-0.012989060864063484,-0.7018673289870371,845.5621012820578,844.8602339530707,False
2023-12-06 04:00:00,short,0.008782624267041683,0.5650488940348745,24.901777897856192,49.803555795712384,0.059764266954854865,-0.012726216358414977,-0.6935750934294828,844.8602339530707,844.1666588596413,False
2023-12-07 00:00:00,short,0.00745849683880806,0.5379515162789874,43.17728903582558,86.35457807165116,0.10362549368598141,0.007513000136209036,0.5451564631286077,844.1666588596413,844.7118153227699,False
2023-12-07 01:00:00,short,0.0026173796504735947,0.4880654709941583,46.651196508018636,93.30239301603727,0.11196287161924473,0.006444056086161387,0.4892829819491719,844.7118153227699,845.201098304719,False
2023-12-08 00:00:00,short,0.026720404624938965,0.48986510585728066,44.64622493162936,89.29244986325872,0.10715093983591048,0.007043984107940271,0.5218236579599373,845.201098304719,845.7229219626789,False
2023-12-08 01:00:00,short,0.04604881629347801,0.4523878871593661,45.546602726852946,91.09320545370589,0.10931184654444707,0.006776601900007617,0.5079905426109206,845.7229219626789,846.2309125052899,False
2023-12-09 00:00:00,short,0.04243362694978714,0.46045675789931906,45.33282684586124,90.66565369172248,0.10879878443006699,0.006848885674602734,0.5121599123176637,846.2309125052899,846.7430724176076,False
2023-12-09 01:00:00,short,0.06734417378902435,0.41227650807183613,46.59051791138774,93.18103582277548,0.11181724298733059,0.006491962101502824,0.4931105101529049,846.7430724176076,847.2361829277604,False
2023-12-10 00:00:00,short,0.12019455432891846,0.2501992204493883,55.826131407006066,111.65226281401213,0.13398271537681458,-0.0045269080234833226,-0.6394222397496347,847.2361829277604,846.5967606880108,False
2023-12-10 01:00:00,short,0.18506205081939697,0.18516271014706465,55.710043365068756,111.42008673013751,0.13370410407616504,-0.004538934960621743,-0.639432631051093,846.5967606880108,845.9573280569597,False
2023-12-11 02:00:00,long,0.703944206237793,0.2085293458386418,38.26732849425403,76.53465698850806,0.09184158838620968,0.009605243358478344,0.6432924173460755,845.9573280569597,846.6006204743057,False
2023-12-11 07:00:00,short,0.3024451732635498,0.185051098458267,25.46901760938361,50.93803521876722,0.061125642262520666,0.012215832022136608,0.5611248395076182,846.6006204743057,847.1617453138134,False
2023-12-12 02:00:00,short,0.1031249538064003,0.39406976129394866,27.415774921658617,54.831549843317234,0.06579785981198069,0.010556547242403735,0.5130339864832127,847.1617453138134,847.6747793002967,False
2023-12-12 03:00:00,short,0.24964481592178345,0.21915856707044112,27.83075090620964,55.66150181241928,0.06679380217490315,0.010256494462786203,0.5040980829545394,847.6747793002967,848.1788773832512,False
2023-12-13 00:00:00,short,0.057851728051900864,0.5433319823540482,39.22475536553388,78.44951073106776,0.09413941287728132,0.009190140820789061,0.626822638063234,848.1788773832512,848.8057000213145,False
2023-12-13 05:00:00,short,0.2201060950756073,0.31214964400323064,39.038208789546886,78.07641757909377,0.09369170109491254,-0.009291900649263773,-0.8191700162902834,848.8057000213145,847.9865300050242,False
2023-12-14 00:00:00,short,0.24659252166748047,0.2617119901904457,40.040757589171854,80.08151517834371,0.09609781821401246,-0.008815380922669647,-0.8020468793756633,847.9865300050242,847.1844831256485,False
2023-12-14 13:00:00,short,0.32743921875953674,0.14090625150326672,40.97535819820016,81.95071639640032,0.0983408596756804,-0.008459055105689561,-0.7915664856235678,847.1844831256485,846.392916640025,False
2023-12-14 14:00:00,short,0.20937886834144592,0.311987228070584,40.34016442515476,80.68032885030952,0.09681639462037143,0.008711242396309049,0.606009506608601,846.392916640025,846.9989261466336,False
2023-12-15 00:00:00,short,0.09043160825967789,0.4203001586870642,26.9766077826922,53.9532155653844,0.06474385867846129,0.010972989334188443,0.5272842002656716,846.9989261466336,847.5262103468992,False
2023-12-15 01:00:00,short,0.08052583783864975,0.41947481690579197,27.60915646939618,55.21831293879236,0.06626197552655083,0.010488995832776737,0.5129226787814041,847.5262103468992,848.0391330256806,False
2023-12-16 02:00:00,long,0.728010892868042,0.19295779497994453,43.5894953608994,87.1789907217988,0.10461478886615856,0.007489959866565199,0.5483523528477743,848.0391330256806,848.5874853785284,False
2023-12-16 04:00:00,short,0.14202050864696503,0.33737451133055574,45.60741873745595,91.2148374749119,0.1094578049698943,-0.006850679429662776,-0.7343414157393066,848.5874853785284,847.8531439627891,False
2023-12-17 01:00:00,short,0.17528082430362701,0.22534950045317045,52.5447010106339,105.0894020212678,0.12610728242552138,0.005152224824355955,0.41533694344517746,847.8531439627891,848.2684809062342,False
2023-12-17 02:00:00,short,0.16317033767700195,0.24406712424690846,51.973835442122805,103.94767088424561,0.12473720506109474,0.0052711880822110535,0.42319051887753767,848.2684809062342,848.6916714251117,False
2023-12-18 00:00:00,short,0.01281871646642685,0.5254647821795789,43.955952120309355,87.91190424061871,0.10549428508874246,0.007376933755145254,0.5430260087829749,848.6916714251117,849.2346974338947,False
2023-12-18 04:00:00,short,0.24348857998847961,0.24414250249405267,42.29240935084941,84.58481870169882,0.1015017824420386,0.007978881074126698,0.5733904266553842,849.2346974338947,849.80808786055,False
2023-12-19 00:00:00,short,0.09840278327465057,0.4786982051020562,39.86481326774592,79.72962653549185,0.09567555184259022,-0.008992359027109043,-0.812632978747053,849.80808786055,848.995454881803,False
2023-12-19 01:00:00,short,0.07327104359865189,0.534386589239901,38.73735248277577,77.47470496555154,0.09296964595866185,0.009505221593506308,0.643444592630429,848.995454881803,849.6388994744334,False
2023-12-20 01:00:00,short,0.3249638080596924,0.1360823992358799,42.106247256960316,84.21249451392063,0.10105499341670476,-0.008057254634085798,-0.7795765050869166,849.6388994744334,848.8593229693465,False
2023-12-20 02:00:00,short,0.2539360821247101,0.23550033336882514,41.7485643106058,83.4971286212116,0.10019655434545394,-0.008180874713035857,-0.7832761024938265,848.8593229693465,848.0760468668527,False
2023-12-21 00:00:00,short,0.03916042670607567,0.6049831616549274,37.69061767887784,75.38123535775568,0.09045748242930683,-0.01001877148306507,-0.8456848535898058,848.0760468668527,847.230362013263,False
2023-12-21 01:00:00,short,0.08191671967506409,0.5412329163586049,37.613218487506174,75.22643697501235,0.09027172437001482,-0.010039993115508405,-0.8455446337033657,847.230362013263,846.3848173795595,False
2023-12-22 00:00:00,short,0.0706218034029007,0.4728118146143808,42.40616904516462,84.81233809032923,0.10177480570839509,-0.00788295476305545,-0.770346630223425,846.3848173795595,845.6144707493361,False
2023-12-22 01:00:00,short,0.0361807681620121,0.5314824665212587,41.64123541422997,83.28247082845994,0.09993896499415193,0.008160353782473595,0.579675460844618,845.6144707493361,846.1941462101807,False
2023-12-23 01:00:00,long,0.8203742504119873,0.23979311975519324,50.37966777261212,100.75933554522425,0.1209112026542691,-0.005582655400897196,-0.6834158514266281,846.1941462101807,845.5107303587541,False
2023-12-23 02:00:00,short,0.14547081291675568,0.2752794819633655,50.62884224131654,101.25768448263308,0.1215092213791597,-0.005518914182361723,-0.680341692343472,845.5107303587541,844.8303886664106,False
2023-12-24 01:00:00,short,0.02963021583855152,0.24210283507352057,66.33054100628661,132.66108201257322,0.15919329841508786,-0.003210135478184606,-0.5850533443580068,844.8303886664106,844.2453353220526,False
2023-12-24 02:00:00,short,0.03438336402177811,0.2269437010769254,67.6236479036859,135.2472958073718,0.16229675496884619,0.0030842639395646243,0.25484160241346054,844.2453353220526,844.500176924466,False
2023-12-25 00:00:00,short,0.0983305498957634,0.32388192488756407,50.94107795011955,101.8821559002391,0.12225858708028693,-0.005438443419997441,-0.6763389274510957,844.500176924466,843.823837997015,False
2023-12-25 01:00:00,short,0.13816481828689575,0.2855832332121688,50.324998148528856,100.64999629705771,0.12077999555646926,-0.005563491529145148,-0.6807453973636404,843.823837997015,843.1430925996513,False
2023-12-26 01:00:00,short,0.09470745921134949,0.3347184938088396,50.260685430809,100.521370861618,0.1206256450339416,0.005568742610984501,0.43915199619772627,843.1430925996513,843.582244595849,False
2023-12-26 02:00:00,long,0.7966691255569458,0.17607067745118807,54.56223613162003,109.12447226324007,0.13094936671588808,-0.004730226375002089,-0.6471328235736501,843.582244595849,842.9351117722754,False
2023-12-27 01:00:00,short,0.27798590064048767,0.17045017273461893,44.98625624264423,89.97251248528846,0.10796701498234616,0.006947682598553051,0.5171334443597896,842.9351117722754,843.4522452166352,False
2023-12-27 02:00:00,short,0.3112870156764984,0.1343573466592972,44.27346746198058,88.54693492396116,0.1062563219087534,-0.007181998493835495,-0.7422002751663921,843.4522452166352,842.7100449414688,False
2023-12-28 00:00:00,short,0.044643789529800415,0.474794766412157,44.247590935904356,88.49518187180871,0.10619421824617047,0.007177752293577866,0.5290022764047949,842.7100449414688,843.2390472178736,False
2023-12-28 13:00:00,long,0.869381844997406,0.317944914878159,48.235816058162825,96.47163211632565,0.11576595853959079,-0.006085484245872408,-0.7028425559570892,843.2390472178736,842.5362046619165,False
2023-12-28 14:00:00,long,0.8068472743034363,0.24046654552238975,48.6086146001966,97.2172292003932,0.11666067504047185,-0.005982512886209879,-0.6982640014934435,842.5362046619165,841.837940660423,False
2023-12-29 00:00:00,long,0.8513496518135071,0.32126965850322364,46.001478366109474,92.00295673221895,0.11040354807866275,-0.006668780107273897,-0.7239510357448655,841.837940660423,841.1139896246781,False
2023-12-29 01:00:00,long,0.8096562623977661,0.2903699898570897,44.11773773275377,88.23547546550753,0.10588257055860906,0.0072379608365618076,0.5327623452561447,841.1139896246781,841.6467519699343,False
2023-12-30 01:00:00,short,0.16747602820396423,0.3708334354836263,40.20710161906071,80.41420323812142,0.0964970438857457,0.008725436331058267,0.6051519665812624,841.6467519699343,842.2519039365155,False
2023-12-30 03:00:00,short,0.2588205933570862,0.2509774257009887,39.45667415387473,78.91334830774946,0.09469601796929936,0.00907352494654079,0.6213262165161277,842.2519039365155,842.8732301530316,False
2023-12-31 01:00:00,long,0.8143020868301392,0.22314790101170096,51.357237628746816,102.71447525749363,0.12325737030899236,0.005363572985339182,0.4276592143853903,842.8732301530316,843.300889367417,False
2023-12-31 07:00:00,long,0.7923130989074707,0.18079603401402364,53.53483108813737,107.06966217627475,0.1284835946115297,0.004941118035768799,0.40056024425133385,843.300889367417,843.7014496116683,False
2024-01-01 03:00:00,long,0.8434790968894958,0.2804023050388129,48.93222822536923,97.86445645073846,0.11743734774088616,0.005919984787007948,0.4619187456362874,843.7014496116683,844.1633683573045,False
2024-01-01 04:00:00,long,0.7518666982650757,0.17767436494769756,48.55846902906815,97.1169380581363,0.11654032566976356,0.006018053149538849,0.46791456928457287,844.1633683573045,844.631282926589,False
2024-01-02 00:00:00,short,0.02379474975168705,0.5314502162826399,42.63667274238165,85.2733454847633,0.10232801458171596,0.007814491052575256,0.5640397807321255,844.631282926589,845.1953227073212,False
2024-01-02 01:00:00,short,0.048550061881542206,0.539932293122057,40.272270077806915,80.54454015561383,0.0966534481867366,-0.008770713686319764,-0.8030865488879106,845.1953227073212,844.3922361584333,False
2024-01-03 01:00:00,short,0.2725617289543152,0.24894327196671237,37.9493067712179,75.8986135424358,0.09107833625092296,0.009858566142443292,0.6571731654769225,844.3922361584333,845.0494093239103,False
2024-01-03 04:00:00,short,0.33505308628082275,0.125233852729573,41.62420164439199,83.24840328878398,0.09989808394654077,0.008207395406967244,0.5833544788431816,845.0494093239103,845.6327638027534,False
2024-01-04 01:00:00,long,0.9468135237693787,0.7103209924202212,24.73475834123054,49.46951668246108,0.0593634200189533,0.017456412060617543,0.8041968476296809,845.6327638027534,846.4369606503831,False
2024-01-04 03:00:00,long,0.7378284931182861,0.23287245779064056,25.81638222634905,51.6327644526981,0.06195931734323772,0.012040762371238634,0.5597385300018373,846.4369606503831,846.9966991803849,False
2024-01-05 00:00:00,long,0.9083223938941956,0.4073461702125607,27.606281830479386,55.21256366095877,0.06625507639315054,-0.010543944547224626,-0.6484132859444093,846.9966991803849,846.3482858944404,False
2024-01-05 01:00:00,long,0.9420299530029297,0.5295296154344543,24.75568736241238,49.51137472482476,0.05941364966978972,0.013499702754910192,0.608975192102318,846.3482858944404,846.9572610865428,False
2024-01-06 00:00:00,long,0.6389992237091064,0.0945685380162997,27.677023642548946,55.35404728509789,0.06642485674211748,-0.010489136425232193,-0.647041010404263,846.9572610865428,846.3102200761385,False
2024-01-06 01:00:00,long,0.6490982174873352,0.10428563643159579,27.884347689753803,55.768695379507605,0.06692243445540913,-0.010317956783614246,-0.6423414232597161,846.3102200761385,845.6678786528788,False
2024-01-07 00:00:00,long,0.8290784358978271,0.21541185966715723,54.17059173827467,108.34118347654935,0.13000942017185924,-0.004852946414405257,-0.6557833780568014,845.6678786528788,845.0120952748221,False
2024-01-07 01:00:00,long,0.7686587572097778,0.1602244173487397,53.0687170509316,106.1374341018632,0.12736492092223586,0.005048724341243149,0.4084937261449316,845.0120952748221,845.420589000967,False
2024-01-08 05:00:00,short,0.14705803990364075,0.33644714211574894,45.09678744445101,90.19357488890202,0.10823228986668243,-0.006998217171146681,-0.7394265143813007,845.420589000967,844.6811624865857,False
2024-01-08 06:00:00,short,0.016772683709859848,0.5392176077515258,42.72952748270104,85.45905496540207,0.10255086595848249,-0.007781483891962315,-0.7675491255940808,844.6811624865857,843.9136133609916,False
2024-01-09 00:00:00,short,0.06539332121610641,0.5390179765541522,24.684473190809005,49.36894638161801,0.059242735657941616,0.013951571837413135,0.6295316663225993,843.9136133609916,844.5431450273142,False
2024-01-09 01:00:00,short,0.10807330161333084,0.4627061118349964,24.70288699204894,49.40577398409788,0.05928692878091746,0.013497306795843156,0.6075579601685378,844.5431450273142,845.1507029874826,False
2024-01-10 01:00:00,long,0.8188232183456421,0.48431031461826174,24.72065806238387,49.44131612476774,0.059329579349721294,-0.01727895953742853,-0.9136240801467956,845.1507029874826,844.2370789073359,False
2024-01-10 08:00:00,long,0.8386824727058411,0.3846266302233654,24.693934558039572,49.387869116079145,0.05926544293929498,-0.013282491441782951,-0.7152593918015127,844.2370789073359,843.5218195155344,False
2024-01-11 00:00:00,long,0.725488007068634,0.417847123915889,24.673013220829382,49.346026441658765,0.059215231729990526,-0.02144356842917139,-1.117370126439401,843.5218195155344,842.404449389095,False
2024-01-11 13:00:00,short,0.08421468734741211,0.4913083540253045,42.06877575669342,84.13755151338684,0.10096506181606421,-0.00846512217538753,-0.8131997149148458,842.404449389095,841.5912496741802,False
2024-01-11 14:00:00,short,0.06494686007499695,0.5920651795719866,38.10099915210677,76.20199830421355,0.09144239796505627,0.010300098251615375,0.6934456715377715,841.5912496741802,842.284695345718,False
2024-01-12 02:00:00,long,0.8802435994148254,0.5684984946775643,24.63682733886225,49.2736546777245,0.059128385613269406,-0.016747073502764498,-0.8843179022509573,842.284695345718,841.400377443467,False
2024-01-12 03:00:00,long,0.9247009754180908,0.6177181204070885,24.61096104022141,49.22192208044282,0.05906630649653139,-0.01616984337487848,-0.8549770771477645,841.400377443467,840.5454003663193,False
2024-01-13 02:00:00,short,0.09981308877468109,0.6035997100959153,24.58595296071484,49.17190592142968,0.05900628710571563,-0.016802406891607502,-0.8852126580334215,840.5454003663193,839.6601877082859,False
2024-01-13 06:00:00,short,0.12256426364183426,0.42556135626191727,25.979905493003447,51.95981098600689,0.062351773183208274,0.012404126610467747,0.5821643009431943,839.6601877082859,840.2423520092291,False
2024-01-14 09:00:00,short,0.13083195686340332,0.24586208325828884,57.44904474270349,114.89808948540698,0.1378777073824884,0.004516013037856315,0.3810035627583911,840.2423520092291,840.6233555719874,False
2024-01-14 14:00:00,long,0.8093116283416748,0.18196303730101185,57.678293282985834,115.35658656597167,0.138427903879166,0.004484249582082711,0.37885982121978046,840.6233555719874,841.0022153932072,False
2024-01-15 00:00:00,short,0.058621834963560104,0.5208776979659979,42.398381207515705,84.79676241503141,0.1017561148980377,-0.008306295995005541,-0.8061031229354495,841.0022153932072,840.1961122702717,False
2024-01-15 01:00:00,short,0.04618458077311516,0.5418541133216231,42.1629632597077,84.3259265194154,0.1011911118232985,-0.008383217954206268,-0.8081137330259403,840.1961122702717,839.3879985372457,False
2024-01-16 02:00:00,short,0.26781293749809265,0.2140700911569252,43.48672263122764,86.97344526245529,0.10436813431494635,-0.00786545459289889,-0.7884538188147656,839.3879985372457,838.5995447184309,False
2024-01-16 03:00:00,short,0.029718900099396706,0.5309568485671765,44.03369468555279,88.06738937110558,0.1056808672453267,0.0076568592697624505,0.5686387394246022,838.5995447184309,839.1681834578555,False
2024-01-17 00:00:00,short,0.11137253791093826,0.4617051120743479,41.332434030874595,82.66486806174919,0.09919784167409904,0.008702173355197074,0.6201661705837362,839.1681834578555,839.7883496284393,False
2024-01-17 01:00:00,short,0.25275418162345886,0.2605372280575148,41.09028791775251,82.18057583550502,0.09861669100260603,0.008818058916510219,0.6260564685076132,839.7883496284393,840.4144060969469,False
2024-01-18 00:00:00,short,0.27655261754989624,0.174456733104144,46.612127627694036,93.22425525538807,0.1118691063064657,0.006862791377369226,0.5279095088218793,840.4144060969469,840.9423156057687,False
2024-01-18 01:00:00,short,0.1852361559867859,0.2935949583958099,46.45960075972498,92.91920151944996,0.11150304182333996,-0.006916607639224193,-0.7541887008833797,840.9423156057687,840.1881269048854,False
2024-01-19 00:00:00,long,0.9208734035491943,0.4354299674180687,28.124377277644307,56.24875455528861,0.06749850546634634,-0.010597939856544225,-0.6636194232488131,840.1881269048854,839.5245074816365,False
2024-01-19 01:00:00,long,0.819459855556488,0.31597591637885486,27.99161640119628,55.98323280239256,0.06717987936287108,-0.010681813775856419,-0.6651823467284449,839.5245074816365,838.8593251349081,False
2024-01-20 08:00:00,long,0.779574990272522,0.16758001812901402,55.4049913616936,110.8099827233872,0.13297197926806464,0.004839407180349031,0.4032826467778475,838.8593251349081,839.2626077816859,False
2024-01-22 03:00:00,long,0.7925723791122437,0.17290754834580938,56.517637104616334,113.03527420923267,0.1356423290510792,-0.004655211631735656,-0.6618454523463285,839.2626077816859,838.6007623293395,False
2024-01-22 04:00:00,long,0.9676901698112488,0.3990145191227734,52.96967984147506,105.93935968295013,0.12712723161954018,0.005291362118913234,0.43343628310874605,838.6007623293395,839.0341986124483,False
2024-01-23 00:00:00,long,0.9244864583015442,0.5003628283237642,25.380099396661304,50.76019879332261,0.06091223855198714,-0.01297797368824627,-0.719676762901878,839.0341986124483,838.3145218495465,False
2024-01-23 01:00:00,long,0.9155518412590027,0.4858178785303785,25.471951341596295,50.94390268319259,0.06113268321983111,-0.012862451398155006,-0.7163961555147342,838.3145218495465,837.5981256940318,False
2024-01-24 01:00:00,short,0.31580615043640137,0.19430540386076867,38.27977137866918,76.55954275733836,0.09187145130880604,-0.010107515060587158,-0.86569818276027,837.5981256940318,836.7324275112715,False
2024-01-24 03:00:00,long,0.7520713806152344,0.2943319213583594,38.68831095345462,77.37662190690924,0.09285194628829109,0.009874732398917452,0.6712214889746514,836.7324275112715,837.4036490002461,False
2024-01-25 00:00:00,long,0.9502742886543274,0.4995406741987522,44.236993731896526,88.47398746379305,0.10616878495655167,-0.007565021407015093,-0.7754763940841312,837.4036490002461,836.628172606162,False
2024-01-25 13:00:00,long,0.9279413223266602,0.34041756167293824,56.10193805960786,112.20387611921572,0.1346446513430589,-0.004946846193140786,-0.6896999687790415,836.628172606162,835.938472637383,False
2024-01-25 15:00:00,long,0.9094244241714478,0.346488172786963,53.60846150277873,107.21692300555746,0.12866030760666897,-0.005408802276891667,-0.7085754448804467,835.938472637383,835.2298971925026,False
2024-01-26 00:00:00,long,0.9663781523704529,0.46371394822555373,49.717736033411626,99.43547206682325,0.11932256648018791,0.0062778154011773335,0.5049149714842537,835.2298971925026,835.7348121639868,False
2024-01-26 01:00:00,long,0.8206337094306946,0.2742082222164633,50.447518779982175,100.89503755996435,0.12107404507195724,0.00610487155368844,0.49487719963619586,835.7348121639868,836.229689363623,False
2024-01-27 01:00:00,short,0.15033502876758575,0.3706362046747388,45.383882215469875,90.76776443093975,0.1089213173171277,0.0075520880498286536,0.5765648317514347,836.229689363623,836.8062541953744,False
2024-01-27 02:00:00,short,0.3050350248813629,0.14385901070792256,47.22444356862118,94.44888713724237,0.11333866456469086,0.006984499688135637,0.5463395581901364,836.8062541953744,837.3525937535645,False
2024-01-28 06:00:00,long,0.8177796006202698,0.21795551172312894,56.170145225012305,112.34029045002461,0.13480834854002954,0.004943389295277267,0.42053344069896115,837.3525937535645,837.7731271942635,False
2024-01-28 07:00:00,long,0.7899577617645264,0.1950405599064788,55.23035853944357,110.46071707888714,0.13255286049466458,0.0051181886871847215,0.4328059320368078,837.7731271942635,838.2059331263002,False
2024-01-29 00:00:00,short,0.2516615688800812,0.19185372707149267,49.80073752909563,99.60147505819126,0.11952177006982952,-0.006301574550839684,-0.7471678905226211,838.2059331263002,837.4587652357776,False
2024-01-29 01:00:00,short,0.22321051359176636,0.23239140711092365,49.238330006927,98.476660013854,0.11817199201662482,-0.00643486443345509,-0.751855949065223,837.4587652357776,836.7069092867124,False
2024-01-30 01:00:00,long,0.6791152358055115,0.14420985650629026,44.462930926994005,88.92586185398801,0.10671103422478562,0.007877160642687953,0.5937722648885546,836.7069092867124,837.300681551601,False
2024-01-30 03:00:00,long,0.6970770955085754,0.16880789318372086,44.560063458093616,89.12012691618723,0.1069441522994247,0.007853991999876575,0.5930046115282949,837.300681551601,837.8936861631292,False
2024-01-31 01:00:00,long,0.8534164428710938,0.3917081362883421,44.28064576136861,88.56129152273722,0.10627354982728468,-0.007964694286469065,-0.811637162420751,837.8936861631292,837.0820490007085,False
2024-01-31 03:00:00,short,0.24805650115013123,0.2179035095034217,47.35836743059837,94.71673486119674,0.1136600818334361,0.006949631523237021,0.5445863245360196,837.0820490007085,837.6266353252445,False
2024-02-01 00:00:00,short,0.2612724304199219,0.27792257392315756,39.85771453482503,79.71542906965006,0.09565851488358007,0.009824158018231555,0.6874784567877914,837.6266353252445,838.3141137820322,False
2024-02-01 03:00:00,long,0.8473289012908936,0.4581178656565502,39.256146178114435,78.51229235622887,0.09421475082747466,0.010144190539685738,0.7022289025416231,838.3141137820322,839.0163426845738,False
2024-02-02 01:00:00,long,0.9867310523986816,0.5873343956342152,43.90465074891433,87.80930149782866,0.10537116179739439,-0.008123420850997154,-0.8186830724963513,839.0163426845738,838.1976596120775,False
2024-02-02 02:00:00,long,0.980674147605896,0.5685630155083755,44.43280633861421,88.86561267722843,0.10663873521267413,-0.007915977782318784,-0.8100969507777608,838.1976596120775,837.3875626612997,False
2024-02-03 06:00:00,short,0.06846024096012115,0.2675979350366336,63.91757389642461,127.83514779284921,0.15340217735141906,0.003817962113188189,0.33466757365549205,837.3875626612997,837.7222302349552,False
2024-02-03 09:00:00,short,0.04391529783606529,0.2262653406516574,71.51837955281013,143.03675910562026,0.17164411092674434,0.0030519956861502218,0.2649034608245172,837.7222302349552,837.9871336957797,False
2024-02-04 22:00:00,short,0.13643334805965424,0.27805030424429544,55.25539469995626,110.51078939991253,0.13261294727989503,0.0051161644611879,0.4327784260257579,837.9871336957797,838.4199121218054,False
2024-02-04 23:00:00,short,0.19338905811309814,0.20575624110581683,56.218675549277535,112.43735109855507,0.1349248213182661,0.004947446593382754,0.42135296834326086,838.4199121218054,838.8412650901487,False
2024-02-05 00:00:00,short,0.10750332474708557,0.32198299796554075,54.244516084488154,108.48903216897631,0.13018683860277158,-0.005319454041914584,-0.7072892592774339,838.8412650901487,838.1339758308712,False
2024-02-05 01:00:00,short,0.06689673662185669,0.3775919370700865,53.442748298098,106.885496596196,0.1282625959154352,-0.005471022382081525,-0.7130355401131222,838.1339758308712,837.4209402907582,False
2024-02-06 00:00:00,short,0.051935069262981415,0.44498808347197094,49.54351184832512,99.08702369665023,0.11890442843598029,-0.006355258550485798,-0.7486280830263056,837.4209402907582,836.6723122077318,False
2024-02-06 01:00:00,short,0.04939551651477814,0.45479359349764226,49.025877349289836,98.05175469857967,0.11766210563829561,-0.00647857084241199,-0.7528973446758467,836.6723122077318,835.919414863056,False
2024-02-07 03:00:00,short,0.2189561128616333,0.18036815943852552,55.67680077369767,111.35360154739534,0.13362432185687442,-0.005014174521922987,-0.6919707136601883,835.919414863056,835.2274441493958,False
2024-02-07 04:00:00,short,0.14066804945468903,0.25561765003427583,56.925612560314335,113.85122512062867,0.13662147014475443,-0.004788651736083782,-0.6818153369739184,835.2274441493958,834.5456288124218,False
2024-02-08 13:00:00,short,0.05575652793049812,0.3649199348356186,57.17882618707633,114.35765237415266,0.13722918284898322,-0.004942155685845773,-0.7024025047498761,834.5456288124218,833.8432263076719,False
2024-02-08 14:00:00,short,0.0486135371029377,0.36690793030114005,57.67173016989033,115.34346033978066,0.1384121524077368,-0.004849864097911549,-0.6978122596385237,833.8432263076719,833.1454140480333,False
2024-02-09 00:00:00,short,0.2798924148082733,0.17537345164895873,48.60176218244049,97.20352436488098,0.11664422923785718,-0.006817486775467563,-0.7793279711242723,833.1454140480333,832.366086076909,False
2024-02-09 01:00:00,short,0.12583589553833008,0.3800431316897871,48.544825433426055,97.08965086685211,0.11650758104022255,-0.006820710027384713,-0.7787279362630416,832.366086076909,831.587358140646,False
2024-02-10 02:00:00,long,0.7327182292938232,0.2515542477346849,42.38207417018702,84.76414834037404,0.10171697800844885,-0.008931780930994337,-0.8588117817869769,831.587358140646,830.728546358859,False
2024-02-10 06:00:00,short,0.26845842599868774,0.17049165006769773,50.83261566915296,101.66523133830592,0.12199827760596711,0.006196123616461047,0.5079320632622858,830.728546358859,831.2364784221213,False
2024-02-11 00:00:00,short,0.18079039454460144,0.26122083946375796,52.87638259550808,105.75276519101617,0.1269033182292194,-0.005733402544280786,-0.73322649124012,831.2364784221213,830.5032519308812,False
2024-02-11 02:00:00,short,0.2029564082622528,0.22693920364059839,53.626547674396235,107.25309534879247,0.12870371441855097,-0.005564289483035223,-0.7254909848908109,830.5032519308812,829.7777609459904,False
2024-02-12 00:00:00,short,0.2025672048330307,0.2511861638544911,51.050360080478534,102.10072016095707,0.12252086419314849,0.006129325461231128,0.50328767949944,829.7777609459904,830.2810486254898,False
2024-02-12 02:00:00,long,0.7325493693351746,0.18529042621067104,49.194408919969995,98.38881783993999,0.118066581407928,-0.006608539293836979,-0.7682729501773402,830.2810486254898,829.5127756753125,False
2024-02-13 01:00:00,short,0.09636320918798447,0.5574552109885582,39.69191886678621,79.38383773357242,0.09526060528028692,0.010132781746838626,0.7091184967004551,829.5127756753125,830.221894172013,False
2024-02-13 02:00:00,short,0.19262146949768066,0.4081004132685939,39.298498989333645,78.59699797866729,0.09431639757440076,0.010354357575551365,0.7195050238616082,830.221894172013,830.9413991958746,False
2024-02-14 00:00:00,short,0.17830608785152435,0.42628642765418273,39.66647878735091,79.33295757470182,0.09519954908964219,-0.010180760350504636,-0.902869378054433,830.9413991958746,830.0385298178202,False
2024-02-14 01:00:00,short,0.25413069128990173,0.2972015536541469,40.114702453584535,80.22940490716907,0.09627528588860289,-0.00993290025776461,-0.8931859625713238,830.0385298178202,829.1453438552488,False
2024-02-15 00:00:00,short,0.27690765261650085,0.2238272797571308,43.54172499763342,87.08344999526685,0.10450013999432023,0.008412726911557922,0.6281091433321697,829.1453438552488,829.773452998581,False
2024-02-15 03:00:00,short,0.32714444398880005,0.14505399868073943,44.14699746197446,88.29399492394892,0.10595279390873871,0.00819602830202315,0.617707287386635,829.773452998581,830.3911602859677,False
2024-02-16 00:00:00,short,0.30188512802124023,0.20305240268918717,41.89594534544915,83.7918906908983,0.10055026882907797,-0.009113981988236652,-0.8642280513462195,830.3911602859677,829.5269322346214,False
2024-02-16 04:00:00,long,0.7680552005767822,0.2833628491640651,44.15769644046602,88.31539288093204,0.10597847145711846,-0.008187190248015286,-0.8290333948015238,829.5269322346214,828.6978988398199,False
2024-02-17 00:00:00,short,0.20774200558662415,0.24743970387092715,50.69782289801688,101.39564579603376,0.12167477495524052,0.006198699389231899,0.5068463527114079,828.6978988398199,829.2047451925313,False
2024-02-17 02:00:00,short,0.09272853285074234,0.3747590780596669,52.21611903320367,104.43223806640734,0.12531868567968882,0.00585060931016701,0.4856735386332115,829.2047451925313,829.6904187311645,False
2024-02-18 00:00:00,short,0.27942517399787903,0.17237498694164372,48.83045684780596,97.66091369561192,0.11719309643473431,0.00669787895665086,0.5369278822944006,829.6904187311645,830.227346613459,False
2024-02-18 03:00:00,short,0.2537553012371063,0.2069505510705945,48.77408907389661,97.54817814779322,0.11705781377735187,-0.0067220610826728144,-0.7727826257902674,830.227346613459,829.4545639876687,False
2024-02-19 05:00:00,long,0.8112155199050903,0.21075108387050664,57.27423897000065,114.5484779400013,0.13745817352800158,0.0048657889497931706,0.41991054464808353,829.4545639876687,829.8744745323169,False
2024-02-19 08:00:00,long,0.8315659761428833,0.2530929512654096,55.17112529314137,110.34225058628274,0.1324107007035393,0.0052491362900695115,0.44679081117686126,829.8744745323169,830.3212653434937,False
2024-02-20 00:00:00,short,0.07178942114114761,0.39205740269242206,52.97070640738627,105.94141281477253,0.12712969537772706,0.00570042862423592,0.47678176672359646,830.3212653434937,830.7980471102172,False
2024-02-20 01:00:00,short,0.08498873561620712,0.39528439817600786,51.424239159035245,102.84847831807049,0.1234181739816846,-0.006055387000901691,-0.7462055126514481,830.7980471102172,830.0518415975657,False
2024-02-21 00:00:00,short,0.05326911434531212,0.6007699592584336,41.03728470971737,82.07456941943474,0.09848948330332169,0.009491610763507352,0.6805303832084164,830.0518415975657,830.7323719807741,False
2024-02-21 01:00:00,short,0.14435423910617828,0.45686733177287253,41.14742191891814,82.29484383783628,0.09875381260540354,0.009456354160930047,0.6794553763436081,830.7323719807741,831.4118273571178,False
2024-02-22 00:00:00,short,0.21449753642082214,0.3380105001309645,41.88386266838383,83.76772533676765,0.10052127040412119,-0.009141672585758487,-0.8662983886865967,831.4118273571178,830.5455289684312,False
2024-02-22 15:00:00,short,0.25874677300453186,0.18980977195449145,51.36592285180985,102.7318457036197,0.12327821484434365,-0.006316233640463853,-0.7721565546244883,830.5455289684312,829.7733724138067,False
2024-02-22 16:00:00,short,0.2067505568265915,0.26235977117070997,50.805520561215026,101.61104112243005,0.12193324934691607,-0.006444343249399909,-0.7767496762687447,829.7733724138067,828.9966227375379,False
2024-02-23 00:00:00,short,0.18681414425373077,0.31714000763628913,48.13775256019672,96.27550512039345,0.11553060614447215,0.007164986715319399,0.5742821090538116,828.9966227375379,829.5709048465917,False
2024-02-23 01:00:00,short,0.20600318908691406,0.2947108069941958,47.795676488773495,95.59135297754699,0.1147096235730564,0.007277987163761268,0.5810030163641031,829.5709048465917,830.1519078629558,False
2024-02-24 00:00:00,short,0.0951157659292221,0.3522345861801348,55.551474983684244,111.10294996736849,0.1333235399608422,0.005395173789154661,0.466096183600866,830.1519078629558,830.6180040465566,False
2024-02-24 01:00:00,short,0.054387167096138,0.41806256531843705,54.19799597304102,108.39599194608203,0.13007519033529846,-0.005674370793861572,-0.7451542412058005,830.6180040465566,829.8728498053508,False
2024-02-25 14:00:00,short,0.06668451428413391,0.2422449179506922,70.2330300516385,140.466060103277,0.1685592721239324,0.003373042312561747,0.3052386920832624,829.8728498053508,830.178088497434,False
2024-02-25 20:00:00,short,0.14050740003585815,0.20503070681766963,65.92773022749786,131.85546045499572,0.15822655254599488,0.003830784948790855,0.3468833607808905,830.178088497434,830.5249718582149,False
2024-02-26 03:00:00,short,0.07557374984025955,0.29892443245689715,62.88965923732512,125.77931847465024,0.1509351821695803,0.004213358318610472,0.3790181556347431,830.5249718582149,830.9039900138497,False
2024-02-26 04:00:00,short,0.11382834613323212,0.25145875971684895,63.70236292555271,127.40472585110543,0.15288567102132652,0.00411028647770173,0.37078425083976807,830.9039900138497,831.2747742646894,False
2024-02-27 00:00:00,short,0.0928947851061821,0.5367514674983016,42.52500320261461,85.05000640522923,0.10206000768627509,-0.009231706331109146,-0.8872166902783032,831.2747742646894,830.3875575744112,False
2024-02-27 01:00:00,short,0.03627938777208328,0.6804921121780132,39.82288710483776,79.64577420967552,0.09557492905161064,-0.010504555221996448,-0.9322183624358076,830.3875575744112,829.4553392119753,False
2024-02-28 00:00:00,short,0.18176458775997162,0.4251296858695145,40.54250793127281,81.08501586254562,0.09730201903505475,-0.010112214675035647,-0.9172511063657868,829.4553392119753,828.5380881056095,False
2024-02-28 01:00:00,short,0.21977639198303223,0.3666890272046457,40.21052561544604,80.42105123089208,0.0965052614770705,-0.01025715558052176,-0.9213964959014415,828.5380881056095,827.616691609708,False
2024-02-29 00:00:00,short,0.08847885578870773,0.9369764720404093,24.207788229583958,48.415576459167916,0.058098691751001505,-0.024888811094041285,-1.263104828252344,827.616691609708,826.3535867814556,False
2024-02-29 01:00:00,short,0.06986557692289352,0.9571525434026699,24.170842413357576,48.34168482671515,0.058010021792058185,-0.02429449985349641,-1.2324470767324591,826.3535867814556,825.1211397047232,False
2024-03-01 00:00:00,short,0.1424492448568344,0.49244401351007644,24.179359977179132,48.358719954358264,0.05803046394522992,-0.015825223054420468,-0.8233179938492035,825.1211397047232,824.297821710874,False
2024-03-01 01:00:00,short,0.08199013769626617,0.5790976923709915,24.380388090395726,48.76077618079145,0.05851293141694975,-0.015534278591752049,-0.8159764129594317,824.297821710874,823.4818452979146,False
2024-03-02 00:00:00,short,0.1276327669620514,0.49264405547636336,41.496368308718026,82.99273661743605,0.09959128394092327,0.00951413624029629,0.6900129191923899,823.4818452979146,824.171858217107,False
2024-03-02 02:00:00,short,0.2591523826122284,0.2727821046576624,42.437357778886245,84.87471555777249,0.10184965866932699,0.009112139870422364,0.6715406209554091,824.171858217107,824.8433988380624,False
2024-03-03 00:00:00,short,0.05011777579784393,0.36022801984042263,59.1824956736124,118.3649913472248,0.14203798961666977,-0.0046928637310359456,-0.6975087645344445,824.8433988380624,824.145890073528,False
2024-03-03 01:00:00,short,0.14553506672382355,0.24989575502109912,59.52855395438725,119.0571079087745,0.14286852949052942,-0.00463061864215164,-0.6941765928535601,824.145890073528,823.4517134806745,False
2024-03-04 00:00:00,short,0.16441850364208221,0.40033376739288035,43.80067754067132,87.60135508134265,0.10512162609761118,-0.008538785530500137,-0.8531308093183845,823.4517134806745,822.5985826713561,False
2024-03-04 01:00:00,short,0.04327000677585602,0.6027388227151976,42.699260444124576,85.39852088824915,0.10247822506589899,-0.008966370801854362,-0.868193029279846,822.5985826713561,821.7303896420763,False
2024-03-05 00:00:00,short,0.01612812653183937,0.6211215842616581,26.21660440239453,52.43320880478906,0.06291985056574688,0.013350878072382999,0.6371095271307906,821.7303896420763,822.367499169207,False
2024-03-05 01:00:00,short,0.016964208334684372,0.6275261534391962,25.972928631008838,51.945857262017675,0.06233502871442122,0.013623667832721953,0.6453580759092951,822.367499169207,823.0128572451163,False
2024-03-06 00:00:00,short,0.12147994339466095,0.9950838097650535,24.073126074419648,48.146252148839295,0.05777550257860716,-0.02863849606766178,-1.4366117554157938,823.0128572451163,821.5762454897005,False
2024-03-06 01:00:00,short,0.13449200987815857,0.9746540744498063,24.03110518057374,48.06221036114748,0.05767465243337698,-0.029082828191441257,-1.4554596588675368,821.5762454897005,820.1207858308329,False
2024-03-07 13:00:00,short,0.04242313653230667,0.5925888410244299,44.1231685865201,88.2463371730402,0.10589560460764826,-0.00864900201772012,-0.869138352873683,820.1207858308329,819.2516474779592,False
2024-03-07 14:00:00,short,0.06802382320165634,0.5910027180878439,42.00506372479496,84.01012744958992,0.1008121529395079,-0.009523028767327357,-0.9008430133887904,819.2516474779592,818.3508044645704,False
2024-03-08 02:00:00,short,0.21125929057598114,0.33220124095490766,44.24315835088248,88.48631670176496,0.10618358004211796,-0.008565062345003982,-0.864074399272502,818.3508044645704,817.4867300652979,False
2024-03-08 03:00:00,short,0.1701803207397461,0.3887545661525568,44.62534996475445,89.2506999295089,0.10710083991541068,-0.008401211120941499,-0.8569148127150135,817.4867300652979,816.629815252583,False
2024-03-09 11:00:00,short,0.10956892371177673,0.2685329330313314,62.47635804058795,124.9527160811759,0.1499432592974111,0.004277231918860092,0.3845084862732571,816.629815252583,817.0143237388562,False
2024-03-09 12:00:00,short,0.14509880542755127,0.22137015047961167,63.5797139587621,127.1594279175242,0.15259131350102906,0.004133956924041726,0.37308028399580484,817.0143237388562,817.387404022852,False
2024-03-10 04:00:00,long,0.8594182729721069,0.26797184974506116,58.88162155968722,117.76324311937444,0.14131589174324935,-0.004824364396980085,-0.7094486891212693,817.387404022852,816.6779553337308,False
2024-03-10 05:00:00,long,0.9293501377105713,0.3570454409840722,57.969386851181035,115.93877370236207,0.1391265284428345,0.004968759738781303,0.43694538249313875,816.6779553337308,817.1149007162239,False
2024-03-11 00:00:00,short,0.01644563116133213,0.6578044017827953,42.6645683832936,85.3291367665872,0.10239496411990465,-0.00918280353833456,-0.8859556631431552,817.1149007162239,816.2289450530808,False
2024-03-11 01:00:00,short,0.04030458629131317,0.6352206950055469,41.85915972884821,83.71831945769642,0.10046198334923571,-0.009518898943389198,-0.8973682059774215,816.2289450530808,815.3315768471034,False
2024-03-12 00:00:00,short,0.11038047820329666,0.5210661552200528,41.924964557555654,83.84992911511131,0.10061991493813358,0.00946818776130931,0.6932869576962165,815.3315768471034,816.0248638047997,False
2024-03-12 01:00:00,short,0.12243817746639252,0.4835863033294794,43.0708537690671,86.1417075381342,0.10337004904576105,0.008986354921725614,0.6707299084553996,816.0248638047997,816.6955937132551,False
2024-03-13 00:00:00,short,0.042008355259895325,0.6075823209069474,25.799001608974685,51.59800321794937,0.06191760386153925,-0.014111750771683251,-0.7900557655897511,816.6955937132551,815.9055379476654,False
2024-03-13 01:00:00,short,0.011294088326394558,0.6555031226221756,25.67470752660074,51.34941505320148,0.06161929806384178,-0.014221160038046854,-0.7918675473955124,815.9055379476654,815.1136704002698,False
2024-03-14 00:00:00,long,0.8024584650993347,0.35635317861338145,43.81129582736554,87.62259165473108,0.1051471099856773,0.008665784832451617,0.6541714157559929,815.1136704002698,815.7678418160258,False
2024-03-14 02:00:00,short,0.26474979519844055,0.24578248804006525,44.59878305877256,89.19756611754512,0.10703707934105415,-0.008375888558376232,-0.8541459528200078,815.7678418160258,814.9136958632058,False
2024-03-15 00:00:00,short,0.17164146900177002,0.4612013201052074,23.83622560399877,47.67245120799754,0.05720694144959705,0.016465163548016304,0.7277277644249098,814.9136958632058,815.6414236276307,False
2024-03-15 01:00:00,short,0.1584962159395218,0.48584667851092356,23.857511641108196,47.71502328221639,0.057258027938659674,0.016583482765491042,0.7340232383169797,815.6414236276307,816.3754468659478,False
2024-03-16 00:00:00,short,0.08000779151916504,0.5862813254679077,24.539987133836497,49.079974267672995,0.0588959691212076,0.015584665297753153,0.7059990026628133,816.3754468659478,817.0814458686106,False
2024-03-16 01:00:00,short,0.0700848177075386,0.5955150512627202,24.768055599164,49.536111198328,0.05944333343799361,0.015325446688705502,0.6997196978977698,817.0814458686106,817.7811655665083,False
2024-03-17 00:00:00,short,0.07261640578508377,0.5519587016469458,26.247616031640394,52.49523206328079,0.06299427847593696,-0.013669755651941395,-0.7805912736729447,817.7811655665083,817.0005742928354,False
2024-03-17 01:00:00,short,0.10583964735269547,0.5020331640975898,26.310471749483163,52.62094349896633,0.0631451321987596,0.013578560306473753,0.6513715224855026,817.0005742928354,817.6519458153209,False
2024-03-18 00:00:00,long,0.6272268891334534,0.12185133356440753,39.41767942829204,78.83535885658408,0.0946024306279009,0.010772055642366052,0.7546164415611182,817.6519458153209,818.406562256882,False
2024-03-18 01:00:00,short,0.16599538922309875,0.484852677305841,38.82443431634712,77.64886863269425,0.09317864235923311,-0.011124274017520364,-0.9569659341797657,818.406562256882,817.4495963227023,False
2024-03-19 00:00:00,short,0.03076542541384697,0.7433382959591244,37.75999649015387,75.51999298030773,0.09062399157636929,0.011732804173706257,0.7954372972612526,817.4495963227023,818.2450336199636,False
2024-03-19 01:00:00,short,0.04286443069577217,0.5748932309834919,27.0054253903021,54.0108507806042,0.06481302093672504,0.01292798926150518,0.6334386779596847,818.2450336199636,818.8784722979233,False
2024-03-20 00:00:00,short,0.4188655614852905,0.07595953210885391,23.95219531471426,47.90439062942852,0.05748526875531423,0.017152067397392057,0.7641740679516402,818.8784722979233,819.642646365875,False
2024-03-20 01:00:00,short,0.1804962158203125,0.49241825133016304,23.974547406201843,47.949094812403686,0.05753891377488443,0.017939720926741565,0.8026544658495094,819.642646365875,820.4453008317245,False
2024-03-21 00:00:00,short,0.06878400593996048,0.6737859762189552,23.99802504932794,47.99605009865588,0.05759526011838706,0.01767550151580566,0.7907589961530892,820.4453008317245,821.2360598278775,False
2024-03-21 13:00:00,short,0.11431562900543213,0.5433180468912194,42.396972314384506,84.79394462876901,0.10175273355452283,-0.009862351909098122,-0.9380204552440233,821.2360598278775,820.2980393726335,False
2024-03-21 14:00:00,short,0.1533314734697342,0.4792762184285499,42.273257359104385,84.54651471820877,0.10145581766185054,0.009897512993941704,0.7353444103541042,820.2980393726335,821.0333837829876,False
2024-03-22 00:00:00,short,0.07777535170316696,0.6923640642203209,38.17875834723297,76.35751669446594,0.09162902003335914,-0.012156042026735925,-1.0198342020284772,821.0333837829876,820.0135495809591,False
2024-03-22 01:00:00,short,0.14474010467529297,0.5791667448278722,37.57286598464181,75.14573196928362,0.09017487836314035,-0.012520093463874726,-1.0310064660298501,820.0135495809591,818.9825431149293,False
2024-03-23 00:00:00,short,0.3085217773914337,0.298760156698292,35.290329606193495,70.58065921238699,0.0846967910548644,-0.0141563737763295,-1.0838629842451488,818.9825431149293,817.8986801306842,False
2024-03-23 01:00:00,short,0.09668349474668503,0.715991361385882,35.53211575249786,71.06423150499572,0.08527707780599487,0.013927431752499997,0.9044651565236931,817.8986801306842,818.8031452872078,False
2024-03-24 02:00:00,short,0.2883862555027008,0.23615692193009746,43.79901448238509,87.59802896477018,0.10511763475772423,-0.009186381729944237,-0.9098265676188151,818.8031452872078,817.893318719589,False
2024-03-24 03:00:00,short,0.2667165696620941,0.2701869654575198,43.83663375913223,87.67326751826447,0.10520792102191737,-0.009150252693207017,-0.9074404732531761,817.893318719589,816.9858782463359,False
2024-03-25 00:00:00,short,0.05129975080490112,0.6289747745097891,43.17477493998882,86.34954987997764,0.10361945985597318,-0.00941202550750897,-0.9163436258882409,816.9858782463359,816.0695346204477,False
2024-03-25 01:00:00,short,0.034811582416296005,0.6657297725739556,42.641422237233186,85.28284447446637,0.10233941336935966,-0.00962731380755999,-0.923384119526381,816.0695346204477,815.1461505009213,False
2024-03-26 00:00:00,short,0.03256264328956604,0.7539043161726439,38.80940442502027,77.61880885004054,0.09314257062004866,-0.011596079084885691,-0.9932164165197441,815.1461505009213,814.1529340844015,False
2024-03-26 01:00:00,short,0.011799006722867489,0.7996831863368888,38.44301065687038,76.88602131374076,0.09226322557648892,-0.011789390726432147,-0.9987025722449686,814.1529340844015,813.1542315121566,False
2024-03-27 00:00:00,short,0.027078954502940178,0.7032427645637461,41.32960661270362,82.65921322540724,0.0991910558704887,0.01017507151448993,0.7418723500295019,813.1542315121566,813.8961038621861,False
2024-03-27 01:00:00,short,0.0734827071428299,0.6361295638970924,40.78675858850015,81.5735171770003,0.09788822061240036,0.010466794921935585,0.7559250547402516,813.8961038621861,814.6520289169264,False
2024-03-28 00:00:00,short,0.0744384378194809,0.6887325849543275,38.30843904093447,76.61687808186895,0.09194025369824274,-0.011886925355012234,-1.0026793643914917,814.6520289169264,813.6493495525349,False
2024-03-28 01:00:00,short,0.09261894971132278,0.6600724689017026,38.04741624332047,76.09483248664094,0.09131379898396913,-0.012020938758304345,-1.0060451201293077,813.6493495525349,812.6433044324056,False
2024-03-29 00:00:00,short,0.10785411298274994,0.4427813163042022,48.99510501181586,97.99021002363172,0.11758825202835807,0.00723117210389379,0.5909958211492212,812.6433044324056,813.2343002535548,False
2024-03-29 01:00:00,short,0.0627710148692131,0.4969110575565554,49.72572670908859,99.45145341817718,0.11934174410181263,0.007030452184939362,0.5798469438774063,813.2343002535548,813.8141471974322,False
2024-03-30 03:00:00,short,0.05146005377173424,0.42878159090928863,55.874104480511086,111.74820896102217,0.1340978507532266,-0.005576265971931171,-0.7572355858068285,813.8141471974322,813.0569116116254,False
2024-03-30 06:00:00,short,0.05909161642193794,0.3385981439682376,63.00079672467742,126.00159344935484,0.15120191213922582,-0.004377881171621967,-0.7028219156955222,813.0569116116254,812.3540896959299,False
2024-03-31 00:00:00,short,0.03160076215863228,0.2828340623475239,71.86308395791775,143.7261679158355,0.1724714014990026,-0.0033588700483710987,-0.6552289220786577,812.3540896959299,811.6988607738513,False
2024-03-31 01:00:00,short,0.039859969168901443,0.2840833650656034,70.74427346299322,141.48854692598644,0.16978625631118374,0.0034603613457726556,0.3198152423410402,811.6988607738513,812.0186760161923,False
2024-04-01 00:00:00,short,0.023789776489138603,0.43330886383362033,58.1287906051038,116.2575812102076,0.13950909745224913,0.0051293652097199605,0.45681849497358273,812.0186760161923,812.475494511166,False
2024-04-01 01:00:00,short,0.03911902382969856,0.43053242799342717,56.87353437286348,113.74706874572696,0.13649648249487237,0.0053643149265500956,0.47367861622915064,812.475494511166,812.949173127395,False
2024-04-02 00:00:00,short,0.0880078673362732,0.5289706504257499,45.276162767796094,90.55232553559219,0.10866279064271064,0.008474258799526901,0.6587010508449059,812.949173127395,813.60787417824,False
2024-04-02 01:00:00,short,0.1242423802614212,0.47259550304470976,45.325821471583396,90.65164294316679,0.10878197153180016,0.008469408475601292,0.6589838215382388,813.60787417824,814.2668579997782,False
2024-04-03 00:00:00,short,0.05517532676458359,0.7333959089095459,37.90266043574759,75.80532087149518,0.09096638504579423,-0.012131326422542443,-1.010585477103472,814.2668579997782,813.2562725226746,False
2024-04-03 01:00:00,short,0.06458321958780289,0.7069504130683822,38.2375894755457,76.4751789510914,0.09177021474130968,-0.011890168015272318,-1.0010729414678035,813.2562725226746,812.2551995812069,False
2024-04-04 00:00:00,short,0.018753716722130775,0.656788835563505,44.17882663312746,88.35765326625491,0.1060291839195059,0.008885273631304869,0.6790527427711274,812.2551995812069,812.934252323978,False
2024-04-04 13:00:00,long,0.7651176452636719,0.24537459614437487,52.235424015335106,104.47084803067021,0.12536501763680427,0.0066927598776509445,0.5738332824470345,812.934252323978,813.508085606425,False
2024-04-04 14:00:00,long,0.9187067747116089,0.4749754517699959,51.200854478742755,102.40170895748551,0.12288205074898262,0.006975799302641583,0.5914517191859512,813.508085606425,814.0995373256109,False
2024-04-05 00:00:00,short,0.3286428153514862,0.19948091470433754,41.82299541467102,83.64599082934204,0.10037518899521046,0.010470065402377493,0.7754038056346687,814.0995373256109,814.8749411312456,False
2024-04-05 02:00:00,long,0.7112012505531311,0.28894151439413873,40.157397880432065,80.31479576086413,0.09637775491303696,-0.011378249309972222,-1.0102195243596492,814.8749411312456,813.864721606886,False
2024-04-06 02:00:00,long,0.9190104603767395,0.5475638061709047,46.495871312499006,92.99174262499801,0.11159009114999763,0.008466429831430311,0.6757179726869752,813.864721606886,814.5404395795729,False
2024-04-06 03:00:00,long,0.9395290613174438,0.5393630208653,48.98627801779305,97.9725560355861,0.11756706724270333,0.007640135529617176,0.6309565390521876,814.5404395795729,815.171396118625,False
2024-04-07 04:00:00,short,0.23642444610595703,0.22249003281027435,54.647475730990365,109.29495146198073,0.1311539417543769,-0.006148685783221586,-0.8031742559865511,815.171396118625,814.3682218626385,False
2024-04-07 11:00:00,short,0.27057895064353943,0.16978100723919473,55.466450950584935,110.93290190116987,0.13311948228140386,-0.005956697250427245,-0.7939131940180177,814.3682218626385,813.5743086686205,False
2024-04-08 00:00:00,long,0.9380512833595276,0.48346629304907557,52.54248289470512,105.08496578941023,0.1261019589472923,0.006625183566528969,0.5701052294899673,813.5743086686205,814.1444138981104,False
2024-04-08 01:00:00,long,0.9644520282745361,0.5417559141106092,51.14509030031068,102.29018060062135,0.12274821672074564,0.007001960277388086,0.5934835646116585,814.1444138981104,814.7378974627221,False
2024-04-09 00:00:00,long,0.8296464085578918,0.33497867316443913,52.40785869750101,104.81571739500203,0.12577886087400245,-0.006678326570589088,-0.8257724513684014,814.7378974627221,813.9121250113537,False
2024-04-09 01:00:00,long,0.8563810586929321,0.38010593161951545,51.70758296101128,103.41516592202257,0.1240981991064271,-0.006846540934422607,-0.8321343658316603,813.9121250113537,813.0799906455221,False
2024-04-10 00:00:00,long,0.9458774924278259,0.6045688708210505,45.621160158277384,91.24232031655477,0.10949078437986573,-0.008777251521484675,-0.910347579202138,813.0799906455221,812.16964306632,False
2024-04-10 01:00:00,long,0.9720728993415833,0.6626687439912938,44.7333951342993,89.4667902685986,0.10736014832231833,-0.009108658717394191,-0.9222826074196667,812.16964306632,811.2473604589003,False
2024-04-11 02:00:00,short,0.30235129594802856,0.21931634792257965,44.23515875936873,88.47031751873746,0.10616438102248496,0.009293858590733728,0.7160662394739739,811.2473604589003,811.9634266983743,False
2024-04-11 03:00:00,short,0.2203863114118576,0.3375137410457584,45.62365236036749,91.24730472073497,0.10949676566488198,0.008752205051948958,0.6891183556886606,811.9634266983743,812.6525450540629,False
2024-04-12 00:00:00,long,0.9545811414718628,0.6123441503450857,45.9348946051406,91.8697892102812,0.11024374705233744,0.008648663468685536,0.6843071427664622,812.6525450540629,813.3368521968293,False
2024-04-12 01:00:00,long,0.9404304027557373,0.5673718370566453,47.279874375997665,94.55974875199533,0.1134716985023944,0.008177356291463989,0.6597770578739887,813.3368521968293,813.9966292547033,False
2024-04-13 00:00:00,long,0.9771469235420227,0.8639592860432757,36.66491918795304,73.32983837590608,0.0879958060510873,-0.013619726798982268,-1.0867281709444536,813.9966292547033,812.9099010837589,False
2024-04-13 01:00:00,long,0.9834120273590088,0.6936516681256878,26.249780603320797,52.499561206641594,0.06299947344796993,0.014906670254980492,0.719594173990602,812.9099010837589,813.6294952577495,False
2024-04-14 00:00:00,long,0.9630604386329651,0.9662836307187876,23.798662736289174,47.59732547257835,0.057116790567094025,-0.023235173311253687,-1.1630488970746016,813.6294952577495,812.4664463606748,False
2024-04-14 01:00:00,long,0.9699078798294067,0.9958820761050948,23.764643556049737,47.529287112099475,0.057035144534519376,-0.02355883236284262,-1.176769651933887,812.4664463606748,811.2896767087409,False
2024-04-15 01:00:00,long,0.9451386332511902,0.7871694778795888,37.033375997361794,74.06675199472359,0.08888010239366831,0.013261417194241787,0.8933499960308013,811.2896767087409,812.1830267047717,False
2024-04-15 02:00:00,long,0.9516647458076477,0.7867221816308277,37.584313783514375,75.16862756702875,0.0902023530804345,0.012903847301657612,0.8797621389196755,812.1830267047717,813.0627888436914,False
2024-04-16 00:00:00,long,0.9818084836006165,0.6879659384011431,26.357122918562055,52.71424583712411,0.06325709500454894,-0.01479106143232145,-0.8429567435399469,813.0627888436914,812.2198321001514,False
2024-04-16 01:00:00,long,0.9771189093589783,0.6794662523010421,26.36860031915718,52.73720063831436,0.06328464076597724,-0.014747560898043077,-0.8410297187718346,812.2198321001514,811.3788023813796,False
2024-04-17 01:00:00,long,0.6644883155822754,0.21097113938768608,39.26786573867542,78.53573147735084,0.09424287777282102,-0.011797700511014919,-1.0207839171560935,811.3788023813796,810.3580184642235,False
2024-04-17 02:00:00,long,0.8476631045341492,0.5512532913264945,39.208208541601216,78.41641708320243,0.09409970049984293,-0.011803872669391535,-1.0197171029398635,810.3580184642235,809.3383013612837,False
2024-04-18 00:00:00,long,0.9657737016677856,0.6894307636508777,25.383226869572052,50.766453739144104,0.06091974448697293,0.015802059706013782,0.7412947885615688,809.3383013612837,810.0795961498453,False
2024-04-18 14:00:00,long,0.6305451989173889,0.1433012395180539,41.26818063417686,82.53636126835372,0.09904363352202447,-0.01124598805549848,-1.0272465664902377,810.0795961498453,809.0523495833551,False
2024-04-18 15:00:00,long,0.9228377342224121,0.7053614078398862,40.32658112683822,80.65316225367644,0.09678379470441174,-0.011747442147290843,-1.0442521522755372,809.0523495833551,808.0080974310795,False
2024-04-19 00:00:00,long,0.913913369178772,0.7216229174678107,38.80851141656573,77.61702283313146,0.09314042739975775,-0.012651742176674419,-1.0751309888055884,808.0080974310795,806.9329664422739,False
2024-04-19 01:00:00,long,0.9018014669418335,0.7461453366638688,36.7367946572059,73.4735893144118,0.08816830717729417,-0.014081381733020981,-1.122777965608738,806.9329664422739,805.8101884766652,False
2024-04-20 00:00:00,long,0.8599646091461182,0.576534689033771,40.661341785822586,81.32268357164517,0.09758722028597422,0.011462384516633728,0.8345646487367554,805.8101884766652,806.644753125402,False
2024-04-20 03:00:00,long,0.940713107585907,0.6966845391302441,42.11975296227644,84.23950592455289,0.10108740710946347,-0.01070448732645013,-1.0028281306652604,806.644753125402,805.6419249947367,False
2024-04-21 00:00:00,long,0.7887325286865234,0.28328205025248765,53.38163339478344,106.76326678956688,0.12811592014748027,0.0066477285391857155,0.581617295426222,805.6419249947367,806.2235422901629,False
2024-04-21 01:00:00,long,0.7666670680046082,0.2515991046410888,53.440020887480415,106.88004177496083,0.128256050129953,0.006642791013135918,0.5817257308563483,806.2235422901629,806.8052680210192,False
2024-04-22 01:00:00,long,0.7568835616111755,0.2590231852575846,51.24240866845139,102.48481733690278,0.12298178080428335,0.007235211909819572,0.618517590167359,806.8052680210192,807.4237856111865,False
2024-04-22 03:00:00,long,0.771297037601471,0.30732058731793044,48.771525665052344,97.54305133010469,0.11705166159612564,0.007999139519627496,0.6632088151635681,807.4237856111865,808.0869944263501,False
2024-04-23 04:00:00,long,0.9262040853500366,0.48672499710498307,53.022568012384646,106.04513602476929,0.12725416322972316,-0.0067790306128613365,-0.8461373866866787,808.0869944263501,807.2408570396634,False
2024-04-23 05:00:00,long,0.8391138911247253,0.3590718540452644,53.150516148244016,106.30103229648803,0.12756123875578565,-0.006732311052072726,-0.8432128533321718,807.2408570396634,806.3976441863313,False
2024-04-24 00:00:00,long,0.7863177061080933,0.2626171352574095,55.18579751453963,110.37159502907926,0.1324459140348951,-0.006231846263140439,-0.8202647260737126,806.3976441863313,805.5773794602576,False
2024-04-24 01:00:00,long,0.8263251185417175,0.3089985699313038,55.98032176110307,111.96064352220614,0.13435277222664738,-0.006043890971385135,-0.8110306947609787,805.5773794602576,804.7663487654966,False
2024-04-25 01:00:00,short,0.28962594270706177,0.2657335721743196,43.24828159440356,86.49656318880712,0.10379587582656855,0.010105894973391316,0.7703293073188217,804.7663487654966,805.5366780728153,False
2024-04-25 02:00:00,short,0.20799978077411652,0.41106181556846033,43.172111151770025,86.34422230354005,0.10361306676424807,0.010161011498217798,0.773731568866696,805.5366780728153,806.310409641682,False
2024-04-26 01:00:00,short,0.26505008339881897,0.2878352852586087,45.15947734539381,90.31895469078762,0.10838274562894515,0.009304211967678389,0.7319639535132831,806.310409641682,807.0423735951953,False
2024-04-26 12:00:00,short,0.23315268754959106,0.2308744893383451,55.76597715527745,111.5319543105549,0.13383834517266588,-0.006112613259982469,-0.8155900480031226,807.0423735951953,806.2267835471921,False
2024-04-27 00:00:00,long,0.8273270130157471,0.4093347083705301,47.6145149585837,95.2290299171674,0.11427483590060089,-0.008367747961191996,-0.9111273568362699,806.2267835471921,805.3156561903559,False
2024-04-27 01:00:00,long,0.9185051321983337,0.5956755222526026,45.22026889332304,90.44053778664608,0.1085286453439753,0.009256331082946323,0.7286189157289382,805.3156561903559,806.0442751060848,False
2024-04-28 02:00:00,long,0.9377092123031616,0.4629624624919315,55.83089862083547,111.66179724167094,0.13399415669000514,0.006083330837630907,0.5452814978555415,806.0442751060848,806.5895566039403,False
2024-04-28 03:00:00,long,0.9367618560791016,0.47374538048368947,54.958005052391464,109.91601010478293,0.13189921212573952,-0.006286604606180579,-0.8228977075434589,806.5895566039403,805.7666588963968,False
2024-04-29 00:00:00,long,0.9184837937355042,0.38285628400385036,60.34451052627672,120.68902105255344,0.14482682526306415,-0.005203744020619738,-0.7728615969197388,805.7666588963968,804.9937972994771,False
2024-04-29 01:00:00,long,0.9515597224235535,0.4216372344989768,60.539039786010335,121.07807957202067,0.14529369548642482,-0.005160441841781993,-0.7701100834324899,804.9937972994771,804.2236872160446,False
2024-04-30 00:00:00,long,0.9497082829475403,0.6342284081788272,45.89892322491283,91.79784644982566,0.11015741573979079,-0.008960280448790603,-0.9326918645252454,804.2236872160446,803.2909953515193,False
2024-04-30 01:00:00,long,0.9370432496070862,0.6616017396347064,43.318817461078936,86.63763492215787,0.10396516190658946,-0.010036111757711463,-0.9734701484091713,803.2909953515193,802.3175252031101,False
2024-05-01 01:00:00,long,0.6436269283294678,0.181885888886843,39.31918508144568,78.63837016289136,0.09436604419546965,-0.012152242223976595,-1.0499985665136593,802.3175252031101,801.2675266365965,False
2024-05-01 02:00:00,long,0.6306241154670715,0.15742875322906175,39.196023737907424,78.39204747581485,0.09407045697097782,-0.012196744800112902,-1.0501982543918262,801.2675266365965,800.2173283822046,False
2024-05-02 00:00:00,long,0.8719242811203003,0.5681417200108474,25.15989236581013,50.31978473162026,0.060383741677944316,0.016607098010543053,0.7752818552295012,800.2173283822046,800.9926102374342,False
2024-05-02 13:00:00,long,0.8289627432823181,0.42901364837099804,46.31661432296396,92.63322864592791,0.1111598743751135,0.00886318432592148,0.7098655058189755,800.9926102374342,801.7024757432531,False
2024-05-02 14:00:00,long,0.9369350075721741,0.607149179600002,46.310731780438815,92.62146356087763,0.11114575627305316,0.008881156765282672,0.7114399814410177,801.7024757432531,802.4139157246941,False
2024-05-03 02:00:00,long,0.7628843188285828,0.3360176301150067,45.10284278323773,90.20568556647547,0.10824682267977057,-0.009379840328128775,-0.9543617499827008,802.4139157246941,801.4595539747114,False
2024-05-03 03:00:00,long,0.8581777811050415,0.4925012528853422,45.33431892226745,90.6686378445349,0.10880236541344189,-0.009262226634591975,-0.9485958377792669,801.4595539747114,800.5109581369321,False
2024-05-04 00:00:00,long,0.8589611649513245,0.579516662227676,40.338046999432144,80.67609399886429,0.09681131279863715,0.011671084167265589,0.8447661705483381,800.5109581369321,801.3557243074805,False
2024-05-04 01:00:00,long,0.6439995169639587,0.17831571918700934,39.96176723041794,79.92353446083588,0.09590824135300306,0.01191702057660704,0.85654216337194,801.3557243074805,802.2122664708525,False
2024-05-05 00:00:00,long,0.9445434212684631,0.5643568244335674,49.566812360876106,99.13362472175221,0.11896034966610267,-0.0077625246056513,-0.8884875508161062,802.2122664708525,801.3237789200364,False
2024-05-05 01:00:00,long,0.9826168417930603,0.6100877641266064,50.25666484085791,100.51332968171582,0.120615995618059,0.007534164631310958,0.6366679778452222,801.3237789200364,801.9604468978816,False
2024-05-06 01:00:00,long,0.7958497405052185,0.2658743086043666,56.227211187851076,112.45442237570215,0.1349453068508426,-0.006028637700355666,-0.8128922771567203,801.9604468978816,801.1475546207249,False
2024-05-06 02:00:00,long,0.8924713730812073,0.4074045070933542,55.28129615337324,110.56259230674648,0.1326751107680958,0.006224077076745438,0.5554749855538765,801.1475546207249,801.7030296062788,False
2024-05-07 00:00:00,long,0.6477123498916626,0.1396130884544165,45.29716540160153,90.59433080320306,0.10871319696384368,-0.009283064584334366,-0.9497062207845299,801.7030296062788,800.7533233854944,False
2024-05-07 04:00:00,long,0.7935395240783691,0.3550990700678325,47.55902484758744,95.11804969517488,0.11414165963420986,0.008401135527208448,0.6849579669387025,800.7533233854944,801.438281352433,False
2024-05-08 00:00:00,long,0.9752652049064636,0.6608236915145269,46.784005372134516,93.56801074426903,0.11228161289312284,-0.008696644914398921,-0.9260093776826938,801.438281352433,800.5122719747503,False
2024-05-08 01:00:00,long,0.9721192121505737,0.6278776515320666,48.24922314815681,96.49844629631362,0.11579813555557635,-0.00815758694786084,-0.9029926015512345,800.5122719747503,799.6092793731991,False
2024-05-09 00:00:00,long,0.8317045569419861,0.40931211709374177,47.99659257615273,95.99318515230546,0.11519182218276657,-0.008225100465506285,-0.9047454140644252,799.6092793731991,798.7045339591347,False
2024-05-09 01:00:00,long,0.9121125340461731,0.5262884738597952,48.587906486231525,97.17581297246305,0.11661097556695567,-0.008007967452228648,-0.8947917229942982,798.7045339591347,797.8097422361403,False
2024-05-10 01:00:00,long,0.8973233103752136,0.5277653450416887,46.96064653351478,93.92129306702957,0.11270555168043549,0.008553363112095758,0.6906373718794302,797.8097422361403,798.5003796080198,False
2024-05-10 02:00:00,long,0.8992587924003601,0.5144529443761214,48.040555827181166,96.08111165436233,0.11529733398523481,0.008187297669185467,0.6713473275152746,798.5003796080198,799.171726935535,False
2024-05-11 03:00:00,long,0.7979780435562134,0.41544630208948,43.47968756289443,86.95937512578887,0.10435125015094665,0.010011836909507688,0.766271831361151,799.171726935535,799.9379987668962,False
2024-05-11 04:00:00,long,0.7654984593391418,0.2751422006035409,50.77452142331136,101.54904284662273,0.12185885141594728,0.007355756611596265,0.6251111919043701,799.9379987668962,800.5631099588005,False
2024-05-12 00:00:00,long,0.8528586030006409,0.2718635612427138,63.284963205837606,126.56992641167521,0.15188391169401028,-0.004742381170351417,-0.7521267474415033,800.5631099588005,799.810983211359,False
2024-05-12 02:00:00,long,0.8304064273834229,0.23527134196146757,64.34840159402286,128.69680318804572,0.15443616382565487,-0.004578313987843585,-0.7436505380522375,799.810983211359,799.0673326733067,False
2024-05-13 02:00:00,long,0.7947207093238831,0.2441880416914272,58.20033135226807,116.40066270453615,0.13968079524544338,0.005586273720740387,0.5105651678976725,799.0673326733067,799.5778978412044,False
2024-05-13 03:00:00,long,0.9131326079368591,0.415728490707968,56.79264579757698,113.58529159515396,0.13630234991418477,-0.005874132411020971,-0.8035173926885466,799.5778978412044,798.7743804485159,False
2024-05-14 00:00:00,long,0.9520885944366455,0.47974626572387036,55.83300561974383,111.66601123948766,0.1339992134873852,-0.006065583876855185,-0.8113187708543514,798.7743804485159,797.9630616776616,False
2024-05-14 01:00:00,long,0.969068169593811,0.5156589398846215,54.86016607909036,109.72033215818072,0.13166439858981688,-0.00626985812440084,-0.8195953145837451,797.9630616776616,797.1434663630779,False
2024-05-15 00:00:00,long,0.9655162692070007,0.5794436828156979,50.28393349920935,100.5678669984187,0.12068144039810244,0.007447677604907721,0.6283156104193587,797.1434663630779,797.7717819734972,False
2024-05-15 01:00:00,long,0.9043124914169312,0.49267542326102487,49.956423903348025,99.91284780669605,0.11989541736803527,0.007557550032906368,0.6352009288612295,797.7717819734972,798.4069829023584,False
2024-05-16 00:00:00,long,0.9852945804595947,0.7803545055963591,41.76310917991316,83.52621835982632,0.10023146203179159,0.010831020551516746,0.8044427256139626,798.4069829023584,799.2114256279724,False
2024-05-16 13:00:00,long,0.7358654141426086,0.19622568318029804,55.5506808385924,111.1013616771848,0.13332163401262176,-0.006287878477730935,-0.8319134949491925,799.2114256279724,798.3795121330232,False
2024-05-16 14:00:00,long,0.9203087687492371,0.4651538979747584,54.639113279777106,109.27822655955421,0.13113387187146508,-0.006485911610093376,-0.839902790244492,798.3795121330232,797.5396093427787,False
2024-05-17 05:00:00,long,0.8063359260559082,0.284656469692274,56.438566140287165,112.87713228057433,0.1354525587366892,0.006066135725259603,0.5492754459553566,797.5396093427787,798.088884788734,False
2024-05-17 10:00:00,long,0.7581155300140381,0.19766342678568616,58.95236051008765,117.9047210201753,0.14148566522421038,-0.005567492874327118,-0.7979193593535631,798.088884788734,797.2909654293804,False
2024-05-18 02:00:00,long,0.8053655028343201,0.3086402704352137,53.93315091402635,107.8663018280527,0.12943956219366326,0.006638678583070767,0.5866501455872773,797.2909654293804,797.8776155749678,False
2024-05-18 03:00:00,long,0.8455620408058167,0.3403857482603758,56.28719513486816,112.57439026973633,0.1350892683236836,0.006103977031472807,0.5520622242148427,797.8776155749678,798.4296777991826,False
2024-05-19 00:00:00,long,0.8998388051986694,0.25189640879819014,72.6882761518735,145.376552303747,0.1744518627644964,0.0036652546038353773,0.3583902148565268,798.4296777991826,798.7880680140391,False
2024-05-19 10:00:00,long,0.8847253322601318,0.22647831102850097,73.88942412111328,147.77884824222656,0.1773346178906719,-0.0035502433144555257,-0.7019854858805745,798.7880680140391,798.0860825281586,False
2024-05-20 05:00:00,long,0.8784575462341309,0.34229585923872713,60.22574643900234,120.45149287800469,0.14454179145360563,-0.005334511258588415,-0.7870916363251039,798.0860825281586,797.2989908918335,False
2024-05-20 06:00:00,long,0.8606910109519958,0.3486521000659877,57.38214508311289,114.76429016622578,0.13771714819947095,0.005864735287312461,0.5353450340617598,797.2989908918335,797.8343359258952,False
2024-05-21 02:00:00,long,0.8457302451133728,0.5679730739320539,40.29158205490041,80.58316410980082,0.09669979693176099,-0.011911222819831813,-1.0565438201706723,797.8343359258952,796.7777921057245,False
2024-05-21 03:00:00,long,0.7647058963775635,0.408468921057791,40.484823567643495,80.96964713528699,0.0971635765623444,-0.011766559189018366,-1.04989772209363,796.7777921057245,795.7278943836309,False
2024-05-22 00:00:00,long,0.7484760880470276,0.26166083875756374,50.18280976950589,100.36561953901177,0.12043874344681414,-0.00763798429322049,-0.8870297690651296,795.7278943836309,794.8408646145657,False
2024-05-22 01:00:00,long,0.8068999648094177,0.3407409400988728,51.05981865547751,102.11963731095501,0.12254356477314603,-0.007361416361416406,-0.8742887336959195,794.8408646145657,793.9665758808698,False
2024-05-23 00:00:00,long,0.700084924697876,0.20693522756554733,47.83707017791041,95.67414035582082,0.114808968426985,0.008368253694368777,0.6858165100611695,793.9665758808698,794.6523923909309,False
2024-05-23 08:00:00,long,0.7567195296287537,0.19186072359933456,59.187336484858356,118.37467296971671,0.14204960756366006,0.005475910500719161,0.5061595071704084,794.6523923909309,795.1585518981013,False
2024-05-24 00:00:00,short,0.1554291695356369,0.5769135256732386,39.57334679782952,79.14669359565904,0.09497603231479086,0.012264827665174116,0.8757445249043072,795.1585518981013,796.0342964230057,False
2024-05-24 01:00:00,short,0.2317778617143631,0.42009779770960165,40.12383795348303,80.24767590696607,0.09629721108835929,0.011956888160561951,0.8632152748762558,796.0342964230057,796.8975116978819,False
2024-05-25 05:00:00,long,0.8379814028739929,0.23665489287238908,66.09435998666932,132.18871997333864,0.15862646396800636,0.004416067290553993,0.42512781848645564,796.8975116978819,797.3226395163683,False
2024-05-25 11:00:00,long,0.9088199138641357,0.26123488656686233,72.61625384333921,145.23250768667842,0.17427900922401413,-0.0036623517556778618,-0.7061715387318195,797.3226395163683,796.6164679776365,False
2024-05-26 09:00:00,long,0.9590656757354736,0.28869042236612596,75.48954005713132,150.97908011426264,0.18117489613711518,0.003382864055562873,0.3295668071233712,796.6164679776365,796.9460347847598,False
2024-05-26 10:00:00,long,0.9480801224708557,0.27536436459584157,75.76498807363751,151.52997614727502,0.18183597137673005,-0.003361090867373684,-0.6911419903386883,796.9460347847598,796.2548927944212,False
2024-05-27 02:00:00,long,0.9366634488105774,0.363370746941984,64.95460585539048,129.90921171078097,0.15589105405293718,-0.004565032442500061,-0.7489308200922611,796.2548927944212,795.5059619743289,False
2024-05-27 03:00:00,long,0.9118878841400146,0.34782876233800175,63.516286407071696,127.03257281414339,0.1524390873769721,-0.004765146146353372,-0.7577678621836416,795.5059619743289,794.7481941121453,False
2024-05-28 01:00:00,long,0.9172137975692749,0.5396966042704934,48.94989111979479,97.89978223958958,0.11747973868750751,-0.008007836239004917,-0.901445162696383,794.7481941121453,793.8467489494489,False
2024-05-28 02:00:00,long,0.9647554159164429,0.6232771789374991,48.403358955266185,96.80671791053237,0.11616806149263885,-0.008171125556689751,-0.9071879082706453,793.8467489494489,792.9395610411782,False
2024-05-29 00:00:00,long,0.7007707953453064,0.1949493934373014,49.23104091609028,98.46208183218056,0.11815449819861668,-0.007880643458728187,-0.8940990593221498,792.9395610411782,792.0454619818561,False
2024-05-29 02:00:00,long,0.8582473993301392,0.44426882808162454,48.9591757601486,97.9183515202972,0.11750202182435664,-0.007950447397808591,-0.8959967248666103,792.0454619818561,791.1494652569895,False
2024-05-30 13:00:00,long,0.8349289298057556,0.33463097506743505,55.24929955980574,110.49859911961148,0.1325983189435338,-0.0063123436531772326,-0.8301034497811887,791.1494652569895,790.3193618072083,False
2024-05-30 14:00:00,long,0.7365554571151733,0.20907362612215058,53.82325692978108,107.64651385956216,0.1291758166314746,0.006637314629015956,0.5853079645711662,790.3193618072083,790.9046697717795,False
2024-05-31 00:00:00,long,0.8650816082954407,0.4088980586672461,52.56830163672964,105.13660327345929,0.12616392392815115,-0.0069683105448998806,-0.8587884251735528,790.9046697717795,790.0458813466059,False
2024-05-31 01:00:00,long,0.8618937134742737,0.4057486083951174,52.38964960851487,104.77929921702975,0.1257351590604357,-0.007000688417890588,-0.8592623855237882,790.0458813466059,789.1866189610821,False
2024-06-02 13:00:00,long,0.9478427171707153,0.32067438423857,70.29570838848895,140.5914167769779,0.1687097001323735,0.0038799748638458365,0.37678146303477456,789.1866189610821,789.5634004241169,False
2024-06-02 14:00:00,long,0.9099630117416382,0.29999292843662306,68.02306129720523,136.04612259441046,0.16325534711329256,-0.004147522792235736,-0.7275097413689071,789.5634004241169,788.8358906827481,False
2024-06-03 04:00:00,long,0.8620759844779968,0.29508574185082437,62.465502177638456,124.93100435527691,0.1499172052263323,0.004909304411882642,0.4634071256359582,788.8358906827481,789.299297808384,False
2024-06-03 07:00:00,long,0.8584046959877014,0.320222525343408,59.482010724985386,118.96402144997077,0.14275682573996493,0.005420498900547521,0.5020875217343134,789.299297808384,789.8013853301184,False
2024-06-04 01:00:00,long,0.6640126705169678,0.1482363931372479,47.90781483696547,95.81562967393094,0.11497875560871715,-0.008366622368375154,-0.916631946078578,789.8013853301184,788.8847533840398,False
2024-06-04 04:00:00,long,0.7672597169876099,0.2246321107052826,56.83076723744343,113.66153447488686,0.13639384136986424,-0.00593180951719352,-0.8106124133068175,788.8847533840398,788.074140970733,False
2024-06-05 00:00:00,long,0.8893905282020569,0.4630621434550394,51.01698407720028,102.03396815440055,0.12244076178528068,0.007345674865912866,0.6270675935558532,788.074140970733,788.7012085642888,False
2024-06-05 04:00:00,short,0.027430998161435127,0.5647914923727662,52.527729175085966,105.05545835017193,0.12606655002020634,0.006940246085881729,0.6030441835950855,788.7012085642888,789.3042527478839,False
2024-06-06 03:00:00,short,0.00897285994142294,0.5422510178234627,55.811128625710914,111.62225725142183,0.13394670870170622,-0.006157074169447663,-0.8212132255598776,789.3042527478839,788.483039522324,False
2024-06-06 04:00:00,short,0.016684914007782936,0.49845341521357184,58.14645090436015,116.2929018087203,0.13955148217046437,-0.00566063820402829,-0.797843525006217,788.483039522324,787.6851959973178,False
2024-06-07 00:00:00,short,0.19046750664710999,0.2718914498981762,57.770270418725524,115.54054083745105,0.13864864900494128,-0.0057229990702531985,-0.7998870567942253,787.6851959973178,786.8853089405236,False
2024-06-07 01:00:00,short,0.11733397841453552,0.3670143119801902,57.89206608664239,115.78413217328477,0.13894095860794176,-0.005687375274647577,-0.7974487691268086,786.8853089405236,786.0878601713968,False
2024-06-08 07:00:00,short,0.08240069448947906,0.3518529845284384,63.34424872735076,126.68849745470152,0.15202619694564184,0.004740835748916261,0.4485831607640938,786.0878601713968,786.5364433321608,False
2024-06-10 01:00:00,long,0.9280667901039124,0.2486546096224917,75.932911800139,151.865823600278,0.1822389883203336,-0.0033029705504867835,-0.6838473312974725,786.5364433321608,785.8525960008634,False
2024-06-10 15:00:00,long,0.9525893926620483,0.31519995134160866,71.13647877810398,142.27295755620796,0.17072754906744955,-0.00375685614782284,-0.7052265843314275,785.8525960008634,785.147369416532,False
2024-06-11 00:00:00,long,0.8472253680229187,0.2501656547645923,65.14251420507021,130.28502841014043,0.1563420340921685,-0.004471986016765017,-0.7389748593361495,785.147369416532,784.4083945571958,False
2024-06-11 01:00:00,long,0.7705280184745789,0.20628882127258003,59.153571446438626,118.30714289287725,0.14196857147145273,-0.005413144667655079,-0.7823822511675387,784.4083945571958,783.6260123060283,False
2024-06-12 02:00:00,short,0.07225751131772995,0.5067680259652656,51.670425507243685,103.34085101448737,0.12400902121738486,-0.007080447737155771,-0.8557085159386636,783.6260123060283,782.7703037900897,False
2024-06-12 03:00:00,short,0.07869068533182144,0.46354854958330455,54.03151603077281,108.06303206154563,0.12967563847385477,-0.006461025957265498,-0.8278736936443148,782.7703037900897,781.9424300964454,False
2024-06-13 00:00:00,short,0.36862802505493164,0.13848414822880806,41.729844954188195,83.45968990837639,0.10015162789005168,0.010808940514345111,0.8019591956752776,781.9424300964454,782.7443892921207,False
2024-06-13 13:00:00,short,0.30263611674308777,0.18077398465472305,48.75751042203976,97.51502084407952,0.11701802501289543,0.007736487807662118,0.6374057448112431,782.7443892921207,783.3817950369319,False
2024-06-14 13:00:00,long,0.8376116156578064,0.2413854285823485,63.243303872973044,126.48660774594609,0.15178392929513532,-0.004605797223080743,-0.734355596008317,783.3817950369319,782.6474394409236,False
2024-06-14 16:00:00,long,0.7429088950157166,0.2084083757076801,53.172570670008476,106.34514134001695,0.12761416960802036,0.006503452709542223,0.5639964279863636,782.6474394409236,783.2114358689099,False
2024-06-17 12:00:00,short,0.23853424191474915,0.18696308040944254,58.715879880760674,117.43175976152135,0.14091811171382562,0.005341138711306925,0.4863012062853309,783.2114358689099,783.6977370751953,False
2024-06-17 16:00:00,long,0.7253942489624023,0.1959600533897437,51.84331218024493,103.68662436048986,0.12442394923258784,0.006859598058395644,0.5868246179122268,783.6977370751953,784.2845616931075,False
2024-06-18 02:00:00,short,0.36278095841407776,0.14684991488359195,41.19614585642934,82.39229171285868,0.09887075005543042,0.010879805251868047,0.7975413380355736,784.2845616931075,785.0821030311431,False
2024-06-18 04:00:00,short,0.3445892930030823,0.16847524873835443,42.45980465148993,84.91960930297986,0.10190353116357585,0.010262688196513436,0.7695999408826482,785.0821030311431,785.8517029720258,False
2024-06-19 00:00:00,short,0.28206825256347656,0.23439531470233294,46.56152821319982,93.12305642639964,0.11174766771167959,-0.00855093703789822,-0.9080370599904661,785.8517029720258,784.9436659120354,False
2024-06-19 01:00:00,short,0.2216130495071411,0.34227501359318335,45.51718447350836,91.03436894701672,0.10924124273642007,-0.008927156765342614,-0.9219193253604759,784.9436659120354,784.0217465866749,False
2024-06-20 09:00:00,long,0.8093867897987366,0.194891570506659,65.01297492203217,130.02594984406434,0.15603113981287722,0.004365591575548722,0.41160905142909077,784.0217465866749,784.433355638104,False
2024-06-20 16:00:00,long,0.7326084971427917,0.18984787619951532,53.80864692994113,107.61729385988227,0.12914075263185873,-0.006379621682586767,-0.8156983739616754,784.433355638104,783.6176572641423,False
2024-06-21 00:00:00,short,0.1766434907913208,0.2737659768797496,57.76798217449993,115.53596434899985,0.13864315721879983,0.005523584398271164,0.4995294928985492,783.6176572641423,784.1171867570408,False
2024-06-21 01:00:00,short,0.1728903204202652,0.27649767474495646,58.019055338129945,116.03811067625989,0.13924573281151187,0.005482865632512324,0.4969756362770148,784.1171867570408,784.6141623933179,False
2024-06-23 23:00:00,long,0.9605679512023926,0.2980560837068184,72.1428073342819,144.2856146685638,0.17314273760227658,-0.0035506933990830936,-0.6854567171885928,784.6141623933179,783.9287056761293,False
2024-06-24 00:00:00,long,0.9887076616287231,0.357955988083107,68.85380227762153,137.70760455524305,0.16524912546629167,0.0038912061753626492,0.3705995557734678,783.9287056761293,784.2993052319027,False
2024-06-24 02:00:00,long,0.9630240797996521,0.41761379554157924,60.639086852312225,121.27817370462445,0.14553380844554936,-0.005021637033675419,-0.7545487768972119,784.2993052319027,783.5447564550055,False
2024-06-25 00:00:00,short,0.051304224878549576,0.755567807813041,38.925117039866784,77.85023407973357,0.09342028089568029,-0.012163392648665061,-1.0403432457979658,783.5447564550055,782.5044132092075,False
2024-06-25 01:00:00,short,0.05164137855172157,0.7400800686175237,39.49533878144471,78.99067756288942,0.09478881307546731,-0.011783352441493644,-1.0255638063913775,782.5044132092075,781.4788494028162,False
2024-06-26 01:00:00,short,0.289219468832016,0.20917592018327907,47.77824720258916,95.55649440517831,0.11466779328621399,0.008030840378919546,0.6527311604508916,781.4788494028162,782.1315805632671,False
2024-06-26 06:00:00,long,0.787452220916748,0.25975680578987026,54.192211730888644,108.38442346177729,0.13006130815413275,-0.006252775775790198,-0.8077648056489206,782.1315805632671,781.3238157576181,False
2024-06-27 21:00:00,long,0.749671995639801,0.19932547832715133,55.219141627987945,110.43828325597589,0.13252593990717107,0.006017612285926566,0.5320488302506275,781.3238157576181,781.8558645878687,False
2024-06-28 07:00:00,long,0.9591740369796753,0.40781111654149493,60.8900164039999,121.7800328079998,0.14613603936959976,0.00495567246385531,0.4573659158644011,781.8558645878687,782.3132305037332,False
2024-06-28 08:00:00,long,0.8878235816955566,0.32689185366278145,60.41846434965496,120.83692869930992,0.14500431443917192,0.005039220540428824,0.46391961870472387,782.3132305037332,782.7771501224379,False
2024-06-29 05:00:00,short,0.15771634876728058,0.2471909016834283,63.15930485761212,126.31860971522424,0.1515823316582691,-0.004616820368654295,-0.7347726619316087,782.7771501224379,782.0423774605063,False
2024-07-01 00:00:00,long,0.785685658454895,0.22102720400694378,58.20269685422131,116.40539370844262,0.13968647245013116,0.005426449160696123,0.49198147853954904,782.0423774605063,782.5343589390458,False
2024-07-01 01:00:00,long,0.7952608466148376,0.264947979856918,54.77876989662551,109.55753979325102,0.13146904775190124,-0.006133715950647378,-0.80346387709545,782.5343589390458,781.7308950619504,False
2024-07-02 02:00:00,short,0.1521640419960022,0.31602395877028405,56.55071838819753,113.10143677639506,0.13572172413167408,0.005743540402452729,0.5138809475690039,781.7308950619504,782.2447760095193,False
2024-07-02 07:00:00,short,0.15052685141563416,0.24366917347680886,64.48215240427075,128.9643048085415,0.1547571657702498,-0.004423313005204266,-0.7252066524369984,782.2447760095193,781.5195693570823,False
2024-07-03 02:00:00,long,0.8066315054893494,0.29166379385032287,53.57111420209312,107.14222840418624,0.1285706740850235,-0.0063967552893021695,-0.813933290337123,781.5195693570823,780.7056360667452,False
2024-07-03 03:00:00,long,0.7999169826507568,0.2888986027700108,52.882691562187865,105.76538312437573,0.1269184597492509,-0.006550718051369864,-0.8197576641921486,780.7056360667452,779.8858784025531,False
2024-07-04 00:00:00,short,0.18433760106563568,0.3535870662216774,49.04488873326821,98.08977746653642,0.11770773295984371,0.0076000418986520435,0.6277786856152882,779.8858784025531,780.5136570881684,False
2024-07-04 01:00:00,long,0.8879173398017883,0.560163635465938,42.885497774514576,85.77099554902915,0.102925194658835,-0.00995592194703565,-0.9568545316645114,780.5136570881684,779.556802556504,False
2024-07-05 00:00:00,long,0.6549490094184875,0.1898371008920954,39.74977632247399,79.49955264494798,0.09539946317393759,-0.011560258183540673,-1.01443481722552,779.556802556504,778.5423677392785,False
2024-07-05 02:00:00,long,0.7617754936218262,0.4395194695058603,36.32632178396198,72.65264356792396,0.08718317228150876,-0.01380584624750314,-1.090214398854915,778.5423677392785,777.4521533404236,False
2024-07-06 01:00:00,long,0.7994343042373657,0.4454545157364895,40.2982578776128,80.5965157552256,0.09671581890627072,0.011187065448120759,0.8049226777379339,777.4521533404236,778.2570760181616,False
2024-07-06 02:00:00,long,0.7928906083106995,0.4069641686499177,42.113848697461435,84.22769739492287,0.10107323687390746,0.010264496990772587,0.7634817095759824,778.2570760181616,779.0205577277376,False
2024-07-07 00:00:00,long,0.7038837671279907,0.16934655175859992,51.05374441330087,102.10748882660174,0.1225289865919221,0.006998162422691134,0.592035804789757,779.0205577277376,779.6125935325273,False
2024-07-07 02:00:00,long,0.717411994934082,0.2022027666369684,49.54393726157864,99.08787452315728,0.11890544942778875,-0.0074424862061907016,-0.8563655887671417,779.6125935325273,778.7562279437601,False
2024-07-08 00:00:00,long,0.6689432263374329,0.16501280938984952,45.14958910622964,90.29917821245928,0.10835901385495114,-0.008942044809839511,-0.9158183117224458,778.7562279437601,777.8404096320377,False
2024-07-08 01:00:00,long,0.8186078667640686,0.4369219390190924,43.053840691949866,86.10768138389973,0.10332921766067969,0.009810668123065636,0.7414446672434376,777.8404096320377,778.5818542992811,False
2024-07-09 01:00:00,short,0.3439357578754425,0.21405328936770923,37.5004432851474,75.0008865702948,0.09000106388435376,-0.012956184782237923,-1.0617264091207599,778.5818542992811,777.5201278901603,False
2024-07-09 02:00:00,short,0.1556713581085205,0.585864122107895,37.22245836609205,74.4449167321841,0.08933390007862092,-0.013114585116828392,-1.0656480970780515,777.5201278901603,776.4544797930823,False
2024-07-10 01:00:00,long,0.7567591667175293,0.31048083739067406,44.74422448378496,89.48844896756992,0.10738613876108392,0.00905105929908867,0.7025791194278618,776.4544797930823,777.1570589125101,False
2024-07-10 03:00:00,long,0.6867902278900146,0.19200471396335508,45.26840270066796,90.53680540133593,0.10864416648160312,0.008858672196458972,0.6933917142834279,777.1570589125101,777.8504506267935,False
2024-07-11 00:00:00,long,0.7332884669303894,0.2309491855320519,48.87434567169189,97.74869134338378,0.11729842961206055,0.007613277917749572,0.626889523681442,777.8504506267935,778.477340150475,False
2024-07-11 13:00:00,long,0.6747378706932068,0.18125596027842106,43.657252042677115,87.31450408535423,0.10477740490242508,-0.009373747893532958,-0.9232415536473891,778.477340150475,777.5540985968277,False
2024-07-11 14:00:00,long,0.7032393217086792,0.2526935480464274,41.23851087680064,82.47702175360128,0.09897242610432154,-0.01048067829741095,-0.9633875580323813,777.5540985968277,776.5907110387952,False
2024-07-12 00:00:00,long,0.7411133050918579,0.30986674471496306,41.86479294972026,83.72958589944052,0.10047550307932863,-0.010144265273518083,-0.9498506336850724,776.5907110387952,775.6408604051102,False
2024-07-12 01:00:00,long,0.7716374397277832,0.3735589035370101,40.95874055267704,81.91748110535409,0.09830097732642491,0.010572124787891157,0.7677408552290945,775.6408604051102,776.4086012603393,False
2024-07-13 03:00:00,short,0.27091455459594727,0.1778551667196684,53.32722052426894,106.65444104853788,0.12798532925824546,-0.00624909157605491,-0.7944786983635086,776.4086012603393,775.6141225619758,False
2024-07-13 07:00:00,short,0.20780061185359955,0.21386005561475088,58.60150487616316,117.20300975232632,0.1406436117027916,-0.005164258685930623,-0.7459102728334543,775.6141225619758,774.8682122891423,False
2024-07-14 01:00:00,long,0.8078747391700745,0.29646553066022485,51.93393495604106,103.86786991208211,0.12464144389449855,-0.006562772361695668,-0.8063026298217122,774.8682122891423,774.0619096593206,False
2024-07-14 03:00:00,long,0.8158043622970581,0.30819794959193114,51.79893771006906,103.59787542013812,0.12431745050416576,0.006583302287012316,0.5576986796788466,774.0619096593206,774.6196083389995,False
2024-07-15 02:00:00,long,0.9303959608078003,0.5773504957748763,44.67281238150021,89.34562476300042,0.10721474971560051,0.008863892769989778,0.6847352876513786,774.6196083389995,775.3043436266508,False
2024-07-15 03:00:00,long,0.9811587333679199,0.6729092566269916,43.9681913522653,87.9363827045306,0.10552365924543673,0.009166453542847952,0.7005411075417411,775.3043436266508,776.0048847341926,False
2024-07-16 00:00:00,long,0.8914856314659119,0.5239674578354834,44.234137400595436,88.46827480119087,0.10616192976142906,-0.009072936985498936,-0.9088290122484373,776.0048847341926,775.0960557219441,False
2024-07-16 01:00:00,long,0.8674615025520325,0.4871794997653385,44.06228394847733,88.12456789695466,0.1057494814763456,-0.009122442902350536,-0.9096608204106275,775.0960557219441,774.1863949015335,False
2024-07-17 00:00:00,short,0.3339993357658386,0.19222341611307442,40.63962825222483,81.27925650444966,0.09753510780533961,0.010698569850984607,0.7720366953436101,774.1863949015335,774.9584315968771,False
2024-07-17 01:00:00,short,0.25792333483695984,0.32371733619301,40.80110095887369,81.60220191774738,0.09792264230129687,0.010635236726876829,0.7699360925283488,774.9584315968771,775.7283676894054,False
2024-07-18 00:00:00,long,0.8559300303459167,0.4271253771757947,46.92501471832123,93.85002943664246,0.11262003532397095,0.008056466799305273,0.6434796109461616,775.7283676894054,776.3718473003516,False
2024-07-18 01:00:00,long,0.8313249349594116,0.3767114626911564,47.978525370186425,95.95705074037285,0.11514846088844743,0.007719334769416664,0.6255761372623917,776.3718473003516,776.9974234376141,False
2024-07-19 00:00:00,long,0.7755223512649536,0.27628355849467323,49.66436509639298,99.32873019278595,0.11919447623134316,0.0072157834505479634,0.5975401312577056,776.9974234376141,777.5949635688718,False
2024-07-19 05:00:00,long,0.7527269721031189,0.20084079129372737,54.40885547754655,108.8177109550931,0.13058125314611174,-0.006021460018921898,-0.7858227490128042,777.5949635688718,776.809140819859,False
2024-07-20 09:00:00,short,0.207137331366539,0.19103132470287218,61.57988275869324,123.15976551738648,0.1477917186208638,-0.004691211885848867,-0.7255602744743868,776.809140819859,776.0835805453846,False
2024-07-20 10:00:00,short,0.1894209086894989,0.2026476943451391,62.61414887076387,125.22829774152774,0.1502739572898333,-0.004529039801023815,-0.7174379019756731,776.0835805453846,775.3661426434089,False
2024-07-21 00:00:00,long,0.8349980115890503,0.264920875235439,58.68330808726997,117.36661617453994,0.14083993940944795,0.005146578485481612,0.4631965623082175,775.3661426434089,775.8293392057171,False
2024-07-21 10:00:00,long,0.8603551387786865,0.25923223743152046,62.59943807973088,125.19887615946176,0.15023865139135412,0.004528200395788273,0.4166869491861676,775.8293392057171,776.2460261549033,False
2024-07-22 00:00:00,short,0.34493938088417053,0.15858515888770883,42.39564637659501,84.79129275319002,0.10174955130382804,0.009883035775849702,0.7362458284564946,776.2460261549033,776.9822719833599,False
2024-07-22 01:00:00,short,0.18169134855270386,0.4468947059697562,41.52532332621976,83.05064665243953,0.09966077598292744,0.010321202147962727,0.7575217366359248,776.9822719833599,777.7397937199958,False
2024-07-23 00:00:00,long,0.8355754613876343,0.3813023496732766,48.198265978049086,96.39653195609817,0.11567583834731782,-0.0076760876116327426,-0.8556240630998828,777.7397937199958,776.8841696568959,False
2024-07-23 01:00:00,long,0.7692038416862488,0.2827998773093939,48.162668091239425,96.32533618247885,0.11559040341897463,-0.007670533629901555,-0.8544571340182517,776.8841696568959,776.0297125228776,False
2024-07-24 00:00:00,long,0.7178871631622314,0.234639288368981,45.19475639885667,90.38951279771334,0.10846741535725601,0.00869189976852014,0.6771891700058367,776.0297125228776,776.7069016928834,False
2024-07-24 01:00:00,long,0.7185666561126709,0.23859033116036,44.948207135118786,89.89641427023757,0.10787569712428509,0.008802857895805483,0.6834696630390763,776.7069016928834,777.3903713559225,False
2024-07-25 00:00:00,long,0.700223445892334,0.20492966441710694,45.47379584840046,90.94759169680091,0.10913711003616111,-0.008615688898420126,-0.8927132661563352,777.3903713559225,776.4976580897662,False
2024-07-25 13:00:00,short,0.2640823721885681,0.21941167433277498,50.10026357423773,100.20052714847546,0.12024063257817057,-0.00718412985958361,-0.8400942316115513,776.4976580897662,775.6575638581546,False
2024-07-25 14:00:00,short,0.0855349749326706,0.5258263026563357,46.78928731712251,93.57857463424502,0.11229428956109402,-0.00821904007995844,-0.881420345105336,775.6575638581546,774.7761435130493,False
2024-07-26 00:00:00,short,0.07999031245708466,0.5833890651585669,43.87690520099531,87.75381040199062,0.10530457248238875,-0.009325119351883071,-0.9236193280634695,774.7761435130493,773.8525241849858,False
2024-07-26 01:00:00,short,0.06602680683135986,0.6125608473805573,43.49076621798864,86.98153243597729,0.10437783892317275,-0.009468827040108652,-0.9279909252430423,773.8525241849858,772.9245332597427,False
2024-07-27 03:00:00,long,0.7371720671653748,0.1953336793882504,52.78459090152249,105.56918180304498,0.126683018163654,0.0064125942262831526,0.5502893075399887,772.9245332597427,773.4748225672827,False
2024-07-27 06:00:00,long,0.8062607645988464,0.2148690564559949,60.86664546608672,121.73329093217345,0.14607994911860814,0.0048295595282175086,0.44183822600414424,773.4748225672827,773.9166607932868,False
2024-07-28 00:00:00,short,0.2197740375995636,0.3993851144303174,40.53466204933614,81.06932409867228,0.09728318891840675,0.010902075221795315,0.7865406805854223,773.9166607932868,774.7032014738722,False
2024-07-28 01:00:00,short,0.22561171650886536,0.39263087891666193,40.32717569493015,80.6543513898603,0.09678522166783236,0.011036947622546367,0.7933926301525055,774.7032014738722,775.4965941040248,False
2024-07-29 01:00:00,long,0.8240725994110107,0.250654168209376,59.3576047062297,118.7152094124594,0.1424582512949513,0.005104826073919266,0.46356224508455735,775.4965941040248,775.9601563491093,False
2024-07-29 03:00:00,long,0.7488151788711548,0.2027713264578437,53.960273661374856,107.92054732274971,0.12950465678729967,0.006184497972949288,0.5379297493698236,775.9601563491093,776.4980860984791,False
2024-07-30 01:00:00,long,0.7143915295600891,0.28710020150612375,40.29179103550312,80.58358207100623,0.09670029848520749,0.011107633158512265,0.7983925697583958,776.4980860984791,777.2964786682376,False
2024-07-30 02:00:00,short,0.11982200294733047,0.5808803602783184,40.48984614842611,80.97969229685222,0.09717563075622268,0.011021863856195635,0.7953715128562969,777.2964786682376,778.0918501810938,False
2024-07-31 00:00:00,long,0.7196370363235474,0.21795622698028377,47.76462374478166,95.52924748956332,0.114635096987476,-0.007936388255597504,-0.8727922948297137,778.0918501810938,777.2190578862641,False
2024-07-31 01:00:00,long,0.6927729845046997,0.17955900713860878,47.447327810970414,94.89465562194083,0.113873586746329,-0.008024856230128385,-0.8753895551199484,777.2190578862641,776.3436683311442,False
2024-08-01 00:00:00,short,0.14575420320034027,0.47496575629564813,44.00111407947231,88.00222815894462,0.10560267379073356,0.009310105025633009,0.7137073128587594,776.3436683311442,777.057375644003,False
2024-08-01 02:00:00,long,0.6469686031341553,0.14846992040004894,42.40512499370664,84.81024998741329,0.10177229998489595,0.010042535451783241,0.7499376421883011,777.057375644003,777.8073132861913,False
2024-08-02 00:00:00,long,0.7383248209953308,0.32827792144395673,40.488639730917605,80.97727946183521,0.09717273535420226,-0.011037013321307798,-0.9909200474977418,777.8073132861913,776.8163932386935,False
2024-08-02 01:00:00,long,0.8032320737838745,0.4487662560151547,40.14343273374341,80.28686546748682,0.09634423856098419,-0.011199061891093987,-0.9954818139733056,776.8163932386935,775.8209114247202,False
2024-08-03 00:00:00,long,0.9235602021217346,0.7914084018754362,34.877811611456465,69.75562322291293,0.08370674786749552,0.014797842563212482,0.9485259824839385,775.8209114247202,776.7694374072041,False
2024-08-03 03:00:00,long,0.7433996200561523,0.41034795950886394,35.451073275841786,70.90214655168357,0.0850825758620203,-0.014358179492946821,-1.1031083224863136,776.7694374072041,775.6663290847179,False
2024-08-04 01:00:00,long,0.7021886706352234,0.2325871420789672,43.28323839707454,86.56647679414908,0.1038797721529789,-0.009604710532817307,-0.9353257236066276,775.6663290847179,774.7310033611112,False
2024-08-04 02:00:00,long,0.9231430292129517,0.601883584542626,43.15205422415666,86.30410844831331,0.10356493013797599,-0.009639906402613363,-0.9355284577407095,774.7310033611112,773.7954749033705,False
2024-08-05 00:00:00,long,0.9667450189590454,0.7148973364692754,24.392765889512876,48.78553177902575,0.05854263813483091,-0.01692882040613486,-0.8844241440397428,773.7954749033705,772.9110507593308,False
2024-08-05 01:00:00,long,0.9947422742843628,0.9558752235684715,22.607648234710425,45.21529646942085,0.054258355763305025,-0.02247926004625367,-1.0706647631678716,772.9110507593308,771.8403859961629,False
2024-08-06 03:00:00,long,0.8760818243026733,0.7096442522022053,22.576331290387763,45.15266258077553,0.054183195096930634,-0.02236519835970574,-1.0640314501848382,771.8403859961629,770.776354545978,False
2024-08-06 04:00:00,long,0.9137018322944641,0.6893862088658362,22.545208370469858,45.090416740939716,0.05410850008912767,-0.01979242318885377,-0.9465571099875831,770.776354545978,769.8297974359905,False
2024-08-07 00:00:00,short,0.39779651165008545,0.11440824068392438,36.181802814915265,72.36360562983053,0.08683632675579664,-0.013538885773611398,-1.0665589175447348,769.8297974359905,768.7632385184457,False
2024-08-07 02:00:00,short,0.3773563802242279,0.16418590995138638,35.12582575119499,70.25165150238998,0.08430198180286798,-0.014325375840447352,-1.0906832929867323,768.7632385184457,767.6725552254591,False
2024-08-08 00:00:00,long,0.9383660554885864,0.7595141860064535,36.823654724983776,73.64730944996755,0.08837677133996107,0.012997868667971701,0.8688812846401884,767.6725552254591,768.5414365100993,False
2024-08-08 13:00:00,short,0.35633203387260437,0.20106323392936026,36.593191916339805,73.18638383267961,0.08782366059921554,-0.013737497046055092,-1.0932213923121057,768.5414365100993,767.4482151177872,False
2024-08-08 14:00:00,short,0.39760950207710266,0.12885876662789036,35.23206987822653,70.46413975645306,0.08455696770774368,-0.014777312808249787,-1.1258276026530805,767.4482151177872,766.3223875151341,False
2024-08-09 01:00:00,long,0.8764457106590271,0.574192008914235,24.533884946049124,49.06776989209825,0.0588813238705179,-0.017091749853166083,-0.8975353727189753,766.3223875151341,765.4248521424151,False
2024-08-09 02:00:00,long,0.8767172694206238,0.7296441447798145,34.01498332565232,68.02996665130463,0.08163595998156557,-0.015770236863990594,-1.1544846479220205,765.4248521424151,764.2703674944931,False
2024-08-10 05:00:00,short,0.33198675513267517,0.17079630280833713,44.2775761475568,88.5551522951136,0.10626618275413634,-0.009278974657910277,-0.9279671967278805,764.2703674944931,763.3424002977653,False
2024-08-10 08:00:00,long,0.911632776260376,0.5189899903582774,47.47291085652966,94.94582171305932,0.11393498605567119,0.008052313445796155,0.6505985307465609,763.3424002977653,763.9929988285119,False
2024-08-11 15:00:00,long,0.8980228304862976,0.4395742997253497,51.605134258527706,103.21026851705541,0.12385232222046651,-0.006826004278583375,-0.8283660567116258,763.9929988285119,763.1646327718003,False
2024-08-11 16:00:00,long,0.7864980697631836,0.288264182207273,50.89822681848592,101.79645363697183,0.12215574436436621,-0.007001720804156508,-0.8349060915837054,763.1646327718003,762.3297266802166,False
2024-08-12 02:00:00,short,0.17282149195671082,0.46686894678414204,42.00460919113896,84.00921838227792,0.10081106205873351,0.010258064767383002,0.7609609411638961,762.3297266802166,763.0906876213805,False
2024-08-12 03:00:00,short,0.15168525278568268,0.5020774227698197,42.13697677863684,84.27395355727369,0.10112874426872843,0.010214078347868472,0.7596520200498939,763.0906876213805,763.8503396414304,False
2024-08-13 00:00:00,long,0.8324182033538818,0.49538965741098145,24.643577583888565,49.28715516777713,0.05914458620133256,-0.016830816700801776,-0.8886876605341645,763.8503396414304,762.9616519808962,False
2024-08-13 01:00:00,long,0.755203127861023,0.35587224046529126,25.164056594862267,50.32811318972453,0.060393735827669444,-0.016104241083765847,-0.8708898039260491,762.9616519808962,762.0907621769702,False
2024-08-14 00:00:00,short,0.26940369606018066,0.2950464996012372,42.32816085813776,84.65632171627551,0.10158758605953062,-0.01009550898935796,-0.9562362429521696,762.0907621769702,761.134525934018,False
2024-08-14 01:00:00,short,0.27002307772636414,0.2926956472169122,42.38401026096993,84.76802052193986,0.10172162462632785,-0.010043668637935266,-0.9531035338423882,761.134525934018,760.1814224001756,False
2024-08-15 00:00:00,long,0.7062856554985046,0.2814373993933129,39.734589018324385,79.46917803664877,0.09536301364397853,-0.01139910295864699,-1.0012403561227858,760.1814224001756,759.1801820440528,False
2024-08-15 02:00:00,long,0.6329960227012634,0.14721382112342873,39.679976015627076,79.35995203125415,0.09523194243750499,-0.011400411993815251,-0.9999680914032179,759.1801820440528,758.1802139526496,False
2024-08-16 00:00:00,short,0.19698983430862427,0.503547555632401,37.04910536952503,74.09821073905006,0.08891785288686008,-0.01304256666967607,-1.0553487065546279,758.1802139526496,757.124865246095,False
2024-08-16 01:00:00,short,0.38173577189445496,0.1415752877869701,36.99799266324047,73.99598532648093,0.08879518239177712,-0.01304224391472486,-1.0538688717301432,757.124865246095,756.0709963743649,False
2024-08-17 03:00:00,long,0.7331353425979614,0.2360946269673621,47.83556905295568,95.67113810591135,0.11480536572709364,0.007780309806246777,0.6295457282531182,756.0709963743649,756.700542102618,False
2024-08-17 04:00:00,long,0.8856935501098633,0.44200020895049863,49.63311411577672,99.26622823155344,0.11911947387786415,0.007239001450793037,0.5994688963051039,756.700542102618,757.3000109989231,False
2024-08-18 10:00:00,short,0.21319666504859924,0.2521156930777284,54.1516626194688,108.3033252389376,0.12996399028672515,-0.006090962964519386,-0.7896355332513918,757.3000109989231,756.5103754656717,False
2024-08-18 11:00:00,short,0.18230988085269928,0.29395708796677444,54.04802995345607,108.09605990691215,0.1297152718882946,0.0061015990175717905,0.5298435410431019,756.5103754656717,757.0402190067148,False
2024-08-19 02:00:00,long,0.763586699962616,0.23422064626907976,52.68910158384432,105.37820316768864,0.12645384380122637,-0.006429392539053835,-0.803971677026463,757.0402190067148,756.2362473296884,False
2024-08-19 13:00:00,long,0.8213132619857788,0.3330817261298941,50.88479768912166,101.76959537824332,0.122123514453892,0.0068787970834665035,0.5779288814195344,756.2362473296884,756.8141762111079,False
2024-08-20 00:00:00,long,0.8028769493103027,0.37391370484890685,45.31080829707385,90.6216165941477,0.10874593991297725,0.008688574330394827,0.6786267118058164,756.8141762111079,757.4928029229137,False
2024-08-20 01:00:00,long,0.7567123174667358,0.3005600898353259,45.31051546830566,90.62103093661132,0.1087452371239336,0.008704275714453535,0.6800452016763548,757.4928029229137,758.17284812459,False
2024-08-21 00:00:00,long,0.78519207239151,0.35124648276772236,44.94592086347971,89.89184172695941,0.1078702100723513,0.008861954425064988,0.6887471944971182,758.17284812459,758.8615953190871,False
2024-08-21 07:00:00,long,0.7667982578277588,0.213896515249023,55.55370146927141,111.10740293854282,0.13332888352625138,-0.0058112929737947905,-0.7790065535595919,758.8615953190871,758.0825887655275,False
2024-08-22 00:00:00,long,0.7441431879997253,0.32940109517999105,41.23499320181332,82.46998640362663,0.09896398368435197,-0.01052627744807888,-0.9670659417082189,758.0825887655275,757.1155228238192,False
2024-08-22 13:00:00,long,0.8635633587837219,0.42440312630194554,49.23373850043123,98.46747700086246,0.11816097240103496,-0.007577887269187067,-0.8643364127948409,757.1155228238192,756.2511864110244,False
2024-08-22 14:00:00,long,0.9128616452217102,0.5053739830140916,48.68606488696827,97.37212977393654,0.11684655572872385,0.00773165130950626,0.6360007989473461,756.2511864110244,756.8871872099717,False
2024-08-23 00:00:00,long,0.9584172964096069,0.5288930013142243,51.58538501746916,103.17077003493831,0.12380492404192599,0.00689855963441155,0.5879247855722561,756.8871872099717,757.4751119955439,False
2024-08-23 01:00:00,long,0.9222064018249512,0.47509120466890564,51.78547324951418,103.57094649902837,0.12428513579883405,0.006855992056369553,0.5857964506691804,757.4751119955439,758.060908446213,False
2024-08-24 10:00:00,long,0.7863636612892151,0.28236493963753423,51.815659379772384,103.63131875954477,0.12435758251145373,-0.006858602186364027,-0.8351235719314549,758.060908446213,757.2257848742815,False
2024-08-24 15:00:00,long,0.9449631571769714,0.3461104532797944,65.09461926820988,130.18923853641977,0.15622708624370374,0.004336207680420534,0.40830048980602063,757.2257848742815,757.6340853640876,False
2024-08-25 04:00:00,long,0.840934693813324,0.29216817181913113,58.09318110663306,116.18636221326612,0.13942363465591937,-0.005450271811781482,-0.7726708895403168,757.6340853640876,756.8614144745472,False
2024-08-25 05:00:00,long,0.8886964321136475,0.3384069615595029,59.36346786023066,118.72693572046131,0.14247232286455358,-0.005208871838935036,-0.7609057148619147,756.8614144745472,756.1005087596853,False
2024-08-26 01:00:00,long,0.9002372622489929,0.3312341156409312,61.35175742401045,122.7035148480209,0.1472442178176251,-0.004866923433629933,-0.7444328296202164,756.1005087596853,755.3560759300651,False
2024-08-26 06:00:00,short,0.23338405787944794,0.18400269732317787,59.668414793587154,119.33682958717431,0.1432041955046092,0.005135277562873464,0.4696235478988612,755.3560759300651,755.825699477964,False
2024-08-27 01:00:00,short,0.2666543126106262,0.2424955950405409,47.86639932575546,95.73279865151092,0.11487935838181311,0.007989714463598863,0.6499983676449614,755.825699477964,756.4756978456089,False
2024-08-27 03:00:00,short,0.30668312311172485,0.1728867699714449,48.884899234596716,97.76979846919343,0.11732375816303213,0.007673437874463507,0.632906716389141,756.4756978456089,757.108604561998,False
2024-08-28 00:00:00,long,0.8892212510108948,0.6293101207178816,39.4938966230702,78.9877932461404,0.09478535189536849,0.011776218700858765,0.8353921760693956,757.108604561998,757.9439967380674,False
2024-08-28 01:00:00,long,0.8886706829071045,0.635685557607317,39.182594413078036,78.36518882615607,0.09403822659138729,-0.011990500905134316,-1.0336760941424332,757.9439967380674,756.910320643925,False
2024-08-29 00:00:00,short,0.10347670316696167,0.6326240051573155,39.97606208167743,79.95212416335487,0.09594254899602585,-0.011487837954619273,-1.0144195955122466,756.910320643925,755.8959010484128,False
2024-08-29 01:00:00,short,0.24320048093795776,0.37803335349419964,39.772141174631756,79.54428234926351,0.09545313881911623,-0.011574853545883057,-1.016166557424212,755.8959010484128,754.8797344909887,False
2024-08-30 00:00:00,short,0.28990426659584045,0.25958720772472843,42.523040020696186,85.04608004139237,0.10205529604967085,-0.010098488871723044,-0.960892188931339,754.8797344909887,753.9188423020573,False
2024-08-30 01:00:00,short,0.09220436215400696,0.5752668759001421,43.819591603612665,87.63918320722533,0.1051670198486704,-0.009485538966820473,-0.9364719071811246,753.9188423020573,752.9823703948762,False
2024-08-31 04:00:00,long,0.7889971733093262,0.2849605515283434,51.578801297264,103.157602594528,0.12378912311343361,-0.006829306358757337,-0.828283994466406,752.9823703948762,752.1540864004097,False
2024-08-31 06:00:00,long,0.829088032245636,0.25195483136218283,60.38079686192654,120.76159372385308,0.1449139124686237,-0.004972392776627421,-0.7453879887951261,752.1540864004097,751.4086984116146,False
2024-09-01 02:00:00,long,0.9404885768890381,0.3124781950585649,42.423821548389554,84.84764309677911,0.10181717171613494,-0.003969074568649811,-0.43858379414143656,751.4086984116146,750.9701146174732,True
