open_time,year,hour,direction,p_up,p_up_bucket,atr_pct,atr_bucket,win,ret
2022-06-30 15:00:00+00:00,2022,15,short,0.43381035,Q2,0.013384900828390042,high_atr,True,0.02556980165678
2022-06-30 16:00:00+00:00,2022,16,short,0.42919344,Q2,0.013855540909413445,high_atr,True,0.0265110818188268
2022-07-01 00:00:00+00:00,2022,0,short,0.4322529,Q2,0.019660292785006313,high_atr,True,0.0381205855700126
2022-07-01 01:00:00+00:00,2022,1,short,0.46746,Q3,0.01975776960466965,high_atr,True,0.0383155392093393
2022-07-02 00:00:00+00:00,2022,0,short,0.43895632,Q3,0.012779322947408628,high_atr,True,0.0243586458948172
2022-07-02 01:00:00+00:00,2022,1,short,0.45674953,Q3,0.012324151725091399,high_atr,True,0.0234483034501827
2022-07-03 00:00:00+00:00,2022,0,short,0.47070876,Q4,0.007214444632571997,mid_high,True,0.0132288892651439
2022-07-03 01:00:00+00:00,2022,1,short,0.47070876,Q4,0.007124387061410031,mid_high,True,0.01304877412282
2022-07-04 00:00:00+00:00,2022,0,short,0.47070876,Q4,0.008591831435248724,mid_high,True,0.0159836628704974
2022-07-04 01:00:00+00:00,2022,1,short,0.47070876,Q4,0.00880357867722169,mid_high,True,0.0164071573544433
2022-07-05 00:00:00+00:00,2022,0,short,0.49442697,Q5_high,0.013357049296825872,high_atr,True,0.0255140985936517
2022-07-05 02:00:00+00:00,2022,2,short,0.4801261,Q5_high,0.01234146818313185,high_atr,True,0.0234829363662637
2022-07-06 00:00:00+00:00,2022,0,short,0.46746,Q3,0.01486766896505028,high_atr,True,0.0285353379301005
2022-07-06 09:00:00+00:00,2022,9,short,0.46746,Q3,0.014077855703128708,high_atr,True,0.0269557114062574
2022-07-07 02:00:00+00:00,2022,2,short,0.47070876,Q4,0.009378477300879678,high_atr,True,0.0175569546017593
2022-07-07 06:00:00+00:00,2022,6,short,0.47070876,Q4,0.008168996667479361,mid_high,False,-0.0077351973339834
2022-07-08 00:00:00+00:00,2022,0,short,0.49442697,Q5_high,0.012288223980017183,high_atr,False,-0.0110305791840137
2022-07-08 01:00:00+00:00,2022,1,short,0.48379886,Q5_high,0.014853709070489426,high_atr,True,0.0285074181409788
2022-07-09 02:00:00+00:00,2022,2,short,0.4644644,Q3,0.014125913196365998,high_atr,True,0.0270518263927319
2022-07-09 03:00:00+00:00,2022,3,short,0.4644644,Q3,0.01371616086346783,high_atr,True,0.0262323217269356
2022-07-10 00:00:00+00:00,2022,0,short,0.452825,Q3,0.009404196937543418,high_atr,True,0.0176083938750868
2022-07-10 01:00:00+00:00,2022,1,short,0.452825,Q3,0.008325853756193637,mid_high,True,0.0154517075123872
2022-07-11 00:00:00+00:00,2022,0,short,0.40525505,Q1_low,0.010163175253229613,high_atr,True,0.0191263505064592
2022-07-11 02:00:00+00:00,2022,2,short,0.41677123,Q2,0.011079223838915424,high_atr,True,0.0209584476778308
2022-07-12 00:00:00+00:00,2022,0,short,0.41489246,Q2,0.011088774392165926,high_atr,True,0.0209775487843318
2022-07-12 01:00:00+00:00,2022,1,short,0.41489246,Q2,0.011016230663668147,high_atr,True,0.0208324613273362
2022-07-13 00:00:00+00:00,2022,0,short,0.40525505,Q1_low,0.010814049988081274,high_atr,False,-0.009851239990465
2022-07-13 01:00:00+00:00,2022,1,short,0.40525505,Q1_low,0.01025379560389758,high_atr,False,-0.009403036483118
2022-07-14 00:00:00+00:00,2022,0,short,0.46746,Q3,0.0194044023293448,high_atr,True,0.0376088046586896
2022-07-14 01:00:00+00:00,2022,1,short,0.46746,Q3,0.01975255735142056,high_atr,True,0.0383051147028411
2022-07-14 15:00:00+00:00,2022,15,short,0.46746,Q3,0.011108610908407753,high_atr,True,0.0210172218168155
2022-07-14 16:00:00+00:00,2022,16,short,0.46746,Q3,0.01194828581747096,high_atr,False,-0.0107586286539767
2022-07-15 00:00:00+00:00,2022,0,short,0.4597862,Q3,0.013558697367296278,high_atr,False,-0.012046957893837
2022-07-15 02:00:00+00:00,2022,2,short,0.4597862,Q3,0.014259278505478618,high_atr,False,-0.0126074228043828
2022-07-16 00:00:00+00:00,2022,0,short,0.46570167,Q3,0.010603733724626233,high_atr,True,0.0200074674492524
2022-07-16 01:00:00+00:00,2022,1,short,0.47070876,Q4,0.010354166293015318,high_atr,True,0.0195083325860306
2022-07-17 00:00:00+00:00,2022,0,short,0.4610217,Q3,0.01030470821168497,high_atr,True,0.0194094164233699
2022-07-17 01:00:00+00:00,2022,1,short,0.4597862,Q3,0.011036056724635883,high_atr,False,-0.0100288453797087
2022-07-18 00:00:00+00:00,2022,0,short,0.44217145,Q3,0.010142216133933759,high_atr,False,-0.009313772907147
2022-07-18 01:00:00+00:00,2022,1,short,0.47979954,Q5_high,0.010017222210110926,high_atr,False,-0.0092137777680887
2022-07-19 00:00:00+00:00,2022,0,short,0.4597542,Q3,0.019580431208202846,high_atr,True,0.0379608624164056
2022-07-19 01:00:00+00:00,2022,1,short,0.4597542,Q3,0.0197984622968639,high_atr,True,0.0383969245937278
2022-07-20 00:00:00+00:00,2022,0,short,0.47312072,Q5_high,0.018597986047711665,high_atr,False,-0.0160783888381693
2022-07-20 04:00:00+00:00,2022,4,short,0.4801261,Q5_high,0.017164056008992738,high_atr,False,-0.0149312448071941
2022-07-21 00:00:00+00:00,2022,0,short,0.46207651,Q3,0.017555773659210502,high_atr,True,0.033911547318421
2022-07-21 01:00:00+00:00,2022,1,short,0.46207651,Q3,0.017687710330033638,high_atr,True,0.0341754206600672
2022-07-22 00:00:00+00:00,2022,0,short,0.46746,Q3,0.012824488988761842,high_atr,True,0.0244489779775236
2022-07-22 01:00:00+00:00,2022,1,short,0.46746,Q3,0.012215778905100604,high_atr,True,0.0232315578102012
2022-07-23 00:00:00+00:00,2022,0,short,0.42135316,Q2,0.011864847270812037,high_atr,True,0.022529694541624002
2022-07-23 01:00:00+00:00,2022,1,short,0.42135316,Q2,0.011526433049905525,high_atr,True,0.021852866099811002
2022-07-24 00:00:00+00:00,2022,0,short,0.4322529,Q2,0.010000956999053763,high_atr,True,0.0188019139981075
2022-07-24 02:00:00+00:00,2022,2,short,0.42061746,Q2,0.009196421416041536,mid_high,True,0.017192842832083
2022-07-25 00:00:00+00:00,2022,0,short,0.44959486,Q3,0.010752953196981375,high_atr,True,0.0203059063939627
2022-07-25 01:00:00+00:00,2022,1,short,0.45425656,Q3,0.010500927309489696,high_atr,True,0.0198018546189793
2022-07-26 01:00:00+00:00,2022,1,short,0.42135316,Q2,0.013232461613585822,high_atr,True,0.0252649232271716
2022-07-26 02:00:00+00:00,2022,2,short,0.43381035,Q2,0.012929595810211277,high_atr,True,0.024659191620422502
2022-07-27 03:00:00+00:00,2022,3,short,0.4449715,Q3,0.008967439034231982,mid_high,False,-0.0083739512273855
2022-07-27 04:00:00+00:00,2022,4,short,0.4449715,Q3,0.008521382838348622,mid_high,False,-0.0080171062706788
2022-07-28 00:00:00+00:00,2022,0,short,0.4995067,Q5_high,0.013892869529006468,high_atr,False,-0.0123142956232051
2022-07-28 01:00:00+00:00,2022,1,short,0.4995067,Q5_high,0.013342868062402048,high_atr,False,-0.0118742944499216
2022-07-28 17:00:00+00:00,2022,17,short,0.4995067,Q5_high,0.013662791736287185,high_atr,True,0.0261255834725743
2022-07-28 18:00:00+00:00,2022,18,short,0.4995067,Q5_high,0.01420774113152913,high_atr,False,-0.0125661929052233
2022-07-29 00:00:00+00:00,2022,0,short,0.498339,Q5_high,0.015461576707477515,high_atr,True,0.029723153414955
2022-07-29 01:00:00+00:00,2022,1,short,0.4826325,Q5_high,0.015370997214150911,high_atr,True,0.0295419944283018
2022-07-30 00:00:00+00:00,2022,0,short,0.4597862,Q3,0.012975690181987649,high_atr,True,0.0247513803639752
2022-07-30 01:00:00+00:00,2022,1,short,0.4597862,Q3,0.01246686109353465,high_atr,True,0.0237337221870693
2022-07-31 02:00:00+00:00,2022,2,short,0.4721481,Q5_high,0.01042477535918507,high_atr,True,0.0196495507183701
2022-07-31 04:00:00+00:00,2022,4,short,0.45499706,Q3,0.0091771929582277,mid_high,True,0.0171543859164554
2022-08-01 00:00:00+00:00,2022,0,short,0.41677123,Q2,0.009798161300992352,high_atr,True,0.0183963226019847
2022-08-01 01:00:00+00:00,2022,1,short,0.41677123,Q2,0.009778791684823004,high_atr,True,0.018357583369646
2022-08-02 00:00:00+00:00,2022,0,short,0.4343614,Q2,0.01070003358879305,high_atr,True,0.0202000671775861
2022-08-02 01:00:00+00:00,2022,1,short,0.41677123,Q2,0.010689303301407228,high_atr,True,0.0201786066028144
2022-08-03 00:00:00+00:00,2022,0,short,0.44959486,Q3,0.01167924265662093,high_atr,False,-0.0105433941252967
2022-08-03 01:00:00+00:00,2022,1,short,0.44959486,Q3,0.01173603266681629,high_atr,False,-0.010588826133453
2022-08-04 00:00:00+00:00,2022,0,short,0.46570167,Q3,0.009638041384452862,high_atr,True,0.0180760827689057
2022-08-04 01:00:00+00:00,2022,1,short,0.4721481,Q5_high,0.0096971643514944,high_atr,True,0.018194328702988802
2022-08-05 00:00:00+00:00,2022,0,short,0.40525505,Q1_low,0.009237523044072214,mid_high,False,-0.0085900184352577
2022-08-05 01:00:00+00:00,2022,1,short,0.42784876,Q2,0.009624331639299431,high_atr,False,-0.0088994653114395
2022-08-06 02:00:00+00:00,2022,2,short,0.47070876,Q4,0.008278475227234195,mid_high,True,0.015356950454468301
2022-08-06 05:00:00+00:00,2022,5,short,0.47070876,Q4,0.0067428453143847785,mid_low,True,0.0122856906287695
2022-08-07 02:00:00+00:00,2022,2,short,0.452825,Q3,0.0049986233197820045,low_atr,True,0.008797246639564
2022-08-07 03:00:00+00:00,2022,3,short,0.452825,Q3,0.005006903608713029,low_atr,True,0.008813807217426
2022-08-08 00:00:00+00:00,2022,0,short,0.47070876,Q4,0.005669938726446425,mid_low,False,-0.0057359509811571
2022-08-08 01:00:00+00:00,2022,1,short,0.47070876,Q4,0.005703663084144647,mid_low,False,-0.0057629304673156995
2022-08-09 00:00:00+00:00,2022,0,short,0.47070876,Q4,0.007606906042336538,mid_high,True,0.014013812084673
2022-08-09 01:00:00+00:00,2022,1,short,0.47070876,Q4,0.0075405054541162935,mid_high,True,0.0138810109082325
2022-08-10 00:00:00+00:00,2022,0,short,0.40525505,Q1_low,0.007834064939515422,mid_high,False,-0.0074672519516123
2022-08-10 01:00:00+00:00,2022,1,short,0.40525505,Q1_low,0.00762513148393837,mid_high,False,-0.0073001051871506
2022-08-11 00:00:00+00:00,2022,0,short,0.4597862,Q3,0.012617765114489546,high_atr,False,-0.0112942120915916
2022-08-11 02:00:00+00:00,2022,2,short,0.4801261,Q5_high,0.011110783926878262,high_atr,False,-0.010088627141502599
2022-08-11 15:00:00+00:00,2022,15,short,0.4801261,Q5_high,0.010809996935832114,high_atr,True,0.0204199938716642
2022-08-11 16:00:00+00:00,2022,16,short,0.4848256,Q5_high,0.010544951688055483,high_atr,True,0.0198899033761109
2022-08-12 00:00:00+00:00,2022,0,short,0.45425656,Q3,0.011040422398526479,high_atr,True,0.020880844797052902
2022-08-12 01:00:00+00:00,2022,1,short,0.45425656,Q3,0.01089879726688526,high_atr,True,0.0205975945337705
2022-08-13 00:00:00+00:00,2022,0,short,0.47070876,Q4,0.007552598453515544,mid_high,False,-0.0072420787628124
2022-08-13 01:00:00+00:00,2022,1,short,0.47070876,Q4,0.007347459249813608,mid_high,True,0.0134949184996272
2022-08-14 00:00:00+00:00,2022,0,short,0.47070876,Q4,0.006191545189504386,mid_low,False,-0.0061532361516035
2022-08-14 01:00:00+00:00,2022,1,short,0.47070876,Q4,0.006213960453655746,mid_low,False,-0.0061711683629245
2022-08-15 00:00:00+00:00,2022,0,short,0.47979954,Q5_high,0.005932488833565226,mid_low,False,-0.0059459910668521
2022-08-15 01:00:00+00:00,2022,1,short,0.49056244,Q5_high,0.006373931516120584,mid_low,False,-0.0062991452128964
2022-08-16 00:00:00+00:00,2022,0,short,0.42271143,Q2,0.008701373024825373,mid_high,True,0.0162027460496507
2022-08-16 01:00:00+00:00,2022,1,short,0.4449715,Q3,0.008204835467604211,mid_high,True,0.015209670935208402
2022-08-17 00:00:00+00:00,2022,0,short,0.45563745,Q3,0.007550147770112093,mid_high,False,-0.0072401182160896
2022-08-17 01:00:00+00:00,2022,1,short,0.45563745,Q3,0.007504956441224455,mid_high,False,-0.007203965152979499
2022-08-18 04:00:00+00:00,2022,4,short,0.40525505,Q1_low,0.006338066914043642,mid_low,True,0.0114761338280872
2022-08-18 05:00:00+00:00,2022,5,short,0.40525505,Q1_low,0.006228234172806919,mid_low,True,0.0112564683456138
2022-08-19 00:00:00+00:00,2022,0,short,0.40525505,Q1_low,0.006726838865598456,mid_low,True,0.012253677731196901
2022-08-19 01:00:00+00:00,2022,1,short,0.40525505,Q1_low,0.007340272161468406,mid_high,True,0.013480544322936801
2022-08-20 06:00:00+00:00,2022,6,short,0.4270911,Q2,0.011203837406531303,high_atr,True,0.0212076748130626
2022-08-20 07:00:00+00:00,2022,7,short,0.4270911,Q2,0.010989785041092635,high_atr,True,0.0207795700821852
2022-08-21 00:00:00+00:00,2022,0,short,0.42271143,Q2,0.008577641072736935,mid_high,False,-0.0080621128581895
2022-08-21 01:00:00+00:00,2022,1,short,0.42061746,Q2,0.008651632139243621,mid_high,True,0.0161032642784872
2022-08-22 00:00:00+00:00,2022,0,short,0.47070876,Q4,0.00796893312039316,mid_high,True,0.0147378662407863
2022-08-22 01:00:00+00:00,2022,1,short,0.47070876,Q4,0.007603385650971378,mid_high,True,0.0140067713019427
2022-08-23 00:00:00+00:00,2022,0,short,0.49056244,Q5_high,0.009241187375331016,mid_high,True,0.017282374750662
2022-08-23 01:00:00+00:00,2022,1,short,0.49056244,Q5_high,0.009166788528282847,mid_high,True,0.0171335770565656
2022-08-24 00:00:00+00:00,2022,0,short,0.47070876,Q4,0.007878104576692233,mid_high,True,0.0145562091533844
2022-08-24 02:00:00+00:00,2022,2,short,0.452825,Q3,0.008468559940293318,mid_high,False,-0.0079748479522346
2022-08-25 00:00:00+00:00,2022,0,short,0.47070876,Q4,0.007813654180170238,mid_high,False,-0.0074509233441361
2022-08-25 15:00:00+00:00,2022,15,short,0.47070876,Q4,0.006012299617625034,mid_low,True,0.01082459923525
2022-08-25 17:00:00+00:00,2022,17,short,0.47070876,Q4,0.006395282956978443,mid_low,True,0.0115905659139568
2022-08-26 00:00:00+00:00,2022,0,short,0.47070876,Q4,0.006383604426107681,mid_low,True,0.0115672088522153
2022-08-26 02:00:00+00:00,2022,2,short,0.47070876,Q4,0.005940193733762333,mid_low,True,0.0106803874675246
2022-08-27 00:00:00+00:00,2022,0,short,0.43381035,Q2,0.015765935414292248,high_atr,True,0.030331870828584503
2022-08-27 01:00:00+00:00,2022,1,short,0.43381035,Q2,0.014668156487594413,high_atr,True,0.0281363129751888
2022-08-28 01:00:00+00:00,2022,1,short,0.40318713,Q1_low,0.007352531729611862,mid_high,True,0.0135050634592237
2022-08-28 02:00:00+00:00,2022,2,short,0.40318713,Q1_low,0.007786134085996519,mid_high,True,0.014372268171993
2022-08-29 00:00:00+00:00,2022,0,short,0.40525505,Q1_low,0.007580195719838414,mid_high,False,-0.0072641565758707
2022-08-29 01:00:00+00:00,2022,1,short,0.40525505,Q1_low,0.007552582373963702,mid_high,False,-0.0072420658991709
2022-08-30 00:00:00+00:00,2022,0,short,0.47070876,Q4,0.008092204136062483,mid_high,True,0.0149844082721249
2022-08-30 01:00:00+00:00,2022,1,short,0.47070876,Q4,0.008449379225664381,mid_high,False,-0.0079595033805315
2022-08-31 00:00:00+00:00,2022,0,short,0.45674953,Q3,0.011209810239885407,high_atr,False,-0.0101678481919083
2022-08-31 02:00:00+00:00,2022,2,short,0.46746,Q3,0.011995892785104914,high_atr,True,0.0227917855702098
2022-09-01 01:00:00+00:00,2022,1,short,0.47070876,Q4,0.010204385979239724,high_atr,True,0.0192087719584794
2022-09-01 02:00:00+00:00,2022,2,short,0.47070876,Q4,0.009888896860400453,high_atr,True,0.0185777937208009
2022-09-02 02:00:00+00:00,2022,2,short,0.49056244,Q5_high,0.008775540779635847,mid_high,False,-0.0082204326237086
2022-09-02 03:00:00+00:00,2022,3,short,0.47070876,Q4,0.009118842795518486,mid_high,True,0.0170376855910369
2022-09-03 00:00:00+00:00,2022,0,short,0.47070876,Q4,0.009878693121322606,high_atr,True,0.0185573862426452
2022-09-03 02:00:00+00:00,2022,2,short,0.47070876,Q4,0.008796600912558655,mid_high,True,0.0163932018251173
2022-09-04 00:00:00+00:00,2022,0,short,0.49056244,Q5_high,0.00423197028383215,low_atr,True,0.007263940567664301
2022-09-04 01:00:00+00:00,2022,1,short,0.49056244,Q5_high,0.004153819584697556,low_atr,True,0.007107639169395101
2022-09-05 00:00:00+00:00,2022,0,short,0.47070876,Q4,0.006745138677582537,mid_low,True,0.012290277355165
2022-09-05 02:00:00+00:00,2022,2,short,0.47070876,Q4,0.006393332502968077,mid_low,True,0.0115866650059361
2022-09-06 00:00:00+00:00,2022,0,short,0.47070876,Q4,0.006300869075583374,mid_low,True,0.0114017381511667
2022-09-06 03:00:00+00:00,2022,3,short,0.47070876,Q4,0.007949146838035699,mid_high,True,0.0146982936760713
2022-09-07 00:00:00+00:00,2022,0,short,0.42135316,Q2,0.012730122466328365,high_atr,True,0.0242602449326567
2022-09-07 07:00:00+00:00,2022,7,short,0.40525505,Q1_low,0.009242780740532364,mid_high,False,-0.0085942245924258
2022-09-08 00:00:00+00:00,2022,0,short,0.49056244,Q5_high,0.008713257315219507,mid_high,True,0.016226514630439
2022-09-08 01:00:00+00:00,2022,1,short,0.47070876,Q4,0.009078709719721993,mid_high,True,0.0169574194394439
2022-09-08 15:00:00+00:00,2022,15,short,0.47070876,Q4,0.008158428544699095,mid_high,True,0.015116857089398101
2022-09-08 16:00:00+00:00,2022,16,short,0.47070876,Q4,0.008555994782902743,mid_high,False,-0.0080447958263221
2022-09-09 00:00:00+00:00,2022,0,short,0.47070876,Q4,0.007785370721219727,mid_high,False,-0.0074282965769757
2022-09-09 01:00:00+00:00,2022,1,short,0.47070876,Q4,0.007547957863611156,mid_high,False,-0.007238366290888899
2022-09-10 02:00:00+00:00,2022,2,short,0.48499078,Q5_high,0.009331631143631336,mid_high,True,0.0174632622872626
2022-09-10 03:00:00+00:00,2022,3,short,0.48499078,Q5_high,0.009066727491672925,mid_high,True,0.0169334549833458
2022-09-11 00:00:00+00:00,2022,0,short,0.47070876,Q4,0.009119077242231885,mid_high,True,0.0170381544844637
2022-09-11 01:00:00+00:00,2022,1,short,0.47070876,Q4,0.009242094667567006,mid_high,True,0.017284189335134
2022-09-12 00:00:00+00:00,2022,0,short,0.47070876,Q4,0.00861125052831785,mid_high,False,-0.0080890004226542
2022-09-12 01:00:00+00:00,2022,1,short,0.46746,Q3,0.010791835623365147,high_atr,True,0.0203836712467302
2022-09-13 00:00:00+00:00,2022,0,short,0.47070876,Q4,0.009309875184238491,mid_high,False,-0.0086479001473907
2022-09-13 01:00:00+00:00,2022,1,short,0.47070876,Q4,0.008595089970509982,mid_high,True,0.0159901799410199
2022-09-14 02:00:00+00:00,2022,2,short,0.42919344,Q2,0.013605475468057442,high_atr,True,0.0260109509361148
2022-09-14 03:00:00+00:00,2022,3,short,0.42919344,Q2,0.013013705373845582,high_atr,True,0.0248274107476911
2022-09-15 00:00:00+00:00,2022,0,short,0.41468552,Q2,0.011531475195044983,high_atr,True,0.0218629503900899
2022-09-15 01:00:00+00:00,2022,1,short,0.4322529,Q2,0.011283242836193598,high_atr,True,0.021366485672387102
2022-09-16 00:00:00+00:00,2022,0,short,0.40525505,Q1_low,0.010297516721320973,high_atr,True,0.0193950334426419
2022-09-16 01:00:00+00:00,2022,1,short,0.40525505,Q1_low,0.010270569026539726,high_atr,True,0.0193411380530794
2022-09-17 00:00:00+00:00,2022,0,short,0.49056244,Q5_high,0.009581274240688331,high_atr,True,0.0179625484813766
2022-09-17 01:00:00+00:00,2022,1,short,0.49056244,Q5_high,0.0095548479213802,high_atr,True,0.0179096958427604
2022-09-18 00:00:00+00:00,2022,0,short,0.47070876,Q4,0.005841880158491722,mid_low,True,0.0104837603169834
2022-09-18 01:00:00+00:00,2022,1,short,0.47070876,Q4,0.0059120595437021925,mid_low,True,0.0106241190874043
2022-09-19 00:00:00+00:00,2022,0,short,0.40525505,Q1_low,0.008082310511741306,mid_high,True,0.014964621023482599
2022-09-19 01:00:00+00:00,2022,1,short,0.40525505,Q1_low,0.008210805749621863,mid_high,True,0.015221611499243701
2022-09-20 00:00:00+00:00,2022,0,short,0.46746,Q3,0.013542208973759073,high_atr,True,0.025884417947518102
2022-09-20 01:00:00+00:00,2022,1,short,0.46746,Q3,0.01345958416673272,high_atr,True,0.0257191683334654
2022-09-21 01:00:00+00:00,2022,1,short,0.41677123,Q2,0.011826824418192907,high_atr,False,-0.0106614595345543
2022-09-21 02:00:00+00:00,2022,2,short,0.45674953,Q3,0.011755415196378419,high_atr,True,0.0223108303927568
2022-09-22 00:00:00+00:00,2022,0,short,0.42135316,Q2,0.023303729327399582,high_atr,False,-0.0198429834619196
2022-09-22 15:00:00+00:00,2022,15,short,0.4610217,Q3,0.011534422206077779,high_atr,True,0.0218688444121555
2022-09-22 16:00:00+00:00,2022,16,short,0.4610217,Q3,0.011567328321750251,high_atr,False,-0.0104538626574002
2022-09-23 01:00:00+00:00,2022,1,short,0.47070876,Q4,0.011067365577860708,high_atr,True,0.0209347311557214
2022-09-23 02:00:00+00:00,2022,2,short,0.47070876,Q4,0.010925764062754641,high_atr,True,0.0206515281255092
2022-09-24 00:00:00+00:00,2022,0,short,0.46746,Q3,0.012000991280760136,high_atr,True,0.0228019825615202
2022-09-24 01:00:00+00:00,2022,1,short,0.46746,Q3,0.011987677421139325,high_atr,True,0.0227753548422786
2022-09-25 00:00:00+00:00,2022,0,short,0.47070876,Q4,0.006138407579408842,mid_low,False,-0.006110726063527
2022-09-25 01:00:00+00:00,2022,1,short,0.47070876,Q4,0.006072633608483469,mid_low,True,0.010945267216966901
2022-09-26 00:00:00+00:00,2022,0,short,0.4618718,Q3,0.008358492548152695,mid_high,False,-0.0078867940385221
2022-09-26 01:00:00+00:00,2022,1,short,0.47979954,Q5_high,0.008518045539087641,mid_high,True,0.0158360910781752
2022-09-27 00:00:00+00:00,2022,0,short,0.47070876,Q4,0.00890714581240025,mid_high,False,-0.0083257166499202
2022-09-27 01:00:00+00:00,2022,1,short,0.48499078,Q5_high,0.009582035833762914,high_atr,False,-0.0088656286670103
2022-09-28 00:00:00+00:00,2022,0,short,0.42135316,Q2,0.013995446128235944,high_atr,True,0.0267908922564718
2022-09-28 02:00:00+00:00,2022,2,short,0.42135316,Q2,0.015944651467477096,high_atr,False,-0.013955721173981599
2022-09-29 00:00:00+00:00,2022,0,short,0.46746,Q3,0.011828542018969214,high_atr,True,0.0224570840379384
2022-09-29 01:00:00+00:00,2022,1,short,0.46746,Q3,0.011805375862496156,high_atr,True,0.022410751724992302
2022-09-30 00:00:00+00:00,2022,0,short,0.46746,Q3,0.013576531238851606,high_atr,True,0.0259530624777032
2022-09-30 01:00:00+00:00,2022,1,short,0.46746,Q3,0.013380105769096913,high_atr,True,0.0255602115381938
2022-10-01 00:00:00+00:00,2022,0,short,0.46746,Q3,0.013751209008800629,high_atr,True,0.0263024180176012
2022-10-01 01:00:00+00:00,2022,1,short,0.46746,Q3,0.013507009957878438,high_atr,True,0.0258140199157568
2022-10-02 00:00:00+00:00,2022,0,short,0.49056244,Q5_high,0.0047414429021441305,low_atr,True,0.0082828858042882
2022-10-02 01:00:00+00:00,2022,1,short,0.49056244,Q5_high,0.0041904031551270975,low_atr,True,0.0071808063102541
2022-10-03 01:00:00+00:00,2022,1,short,0.49056244,Q5_high,0.006307802936279464,mid_low,True,0.0114156058725589
2022-10-03 02:00:00+00:00,2022,2,short,0.49056244,Q5_high,0.0063264954060748965,mid_low,False,-0.0062611963248598995
2022-10-04 00:00:00+00:00,2022,0,short,0.47070876,Q4,0.007852902092767915,mid_high,False,-0.0074823216742143
2022-10-04 01:00:00+00:00,2022,1,short,0.47070876,Q4,0.007879446772067844,mid_high,False,-0.0075035574176541995
2022-10-05 00:00:00+00:00,2022,0,short,0.47070876,Q4,0.008442314566735457,mid_high,True,0.0156846291334709
2022-10-05 01:00:00+00:00,2022,1,short,0.47070876,Q4,0.008420929854449586,mid_high,True,0.0156418597088991
2022-10-06 00:00:00+00:00,2022,0,short,0.47070876,Q4,0.009582444699039391,high_atr,True,0.0179648893980787
2022-10-06 01:00:00+00:00,2022,1,short,0.47070876,Q4,0.009573664320544822,high_atr,True,0.0179473286410896
2022-10-06 15:00:00+00:00,2022,15,short,0.452825,Q3,0.007170922397072667,mid_high,True,0.0131418447941453
2022-10-06 16:00:00+00:00,2022,16,short,0.47070876,Q4,0.007188047505477746,mid_high,True,0.0131760950109554
2022-10-07 00:00:00+00:00,2022,0,short,0.47979954,Q5_high,0.0075525493428695795,mid_high,True,0.0139050986857391
2022-10-07 01:00:00+00:00,2022,1,short,0.47979954,Q5_high,0.007295857865509461,mid_high,True,0.0133917157310189
2022-10-08 00:00:00+00:00,2022,0,short,0.40525505,Q1_low,0.00808506131631035,mid_high,True,0.014970122632620701
2022-10-08 01:00:00+00:00,2022,1,short,0.40525505,Q1_low,0.008063757260809963,mid_high,True,0.0149275145216199
2022-10-09 00:00:00+00:00,2022,0,short,0.4618718,Q3,0.004030398021608464,low_atr,True,0.006860796043216901
2022-10-09 01:00:00+00:00,2022,1,short,0.4618718,Q3,0.004037512070551695,low_atr,True,0.0068750241411033
2022-10-10 00:00:00+00:00,2022,0,short,0.47070876,Q4,0.004235688147185206,low_atr,True,0.007271376294370401
2022-10-10 01:00:00+00:00,2022,1,short,0.47070876,Q4,0.004093275375192479,low_atr,True,0.006986550750384901
2022-10-11 02:00:00+00:00,2022,2,short,0.42727622,Q2,0.007108178529251865,mid_high,True,0.013016357058503701
2022-10-11 03:00:00+00:00,2022,3,short,0.40525505,Q1_low,0.006808705719402833,mid_low,True,0.012417411438805601
2022-10-12 00:00:00+00:00,2022,0,short,0.49056244,Q5_high,0.006207892924514172,mid_low,True,0.0112157858490283
2022-10-12 01:00:00+00:00,2022,1,short,0.49056244,Q5_high,0.006121453046745985,mid_low,True,0.0110429060934919
2022-10-13 00:00:00+00:00,2022,0,short,0.47070876,Q4,0.004309633891955032,low_atr,True,0.00741926778391
2022-10-13 01:00:00+00:00,2022,1,short,0.47070876,Q4,0.0043468635569490046,low_atr,True,0.007493727113898001
2022-10-14 00:00:00+00:00,2022,0,short,0.46746,Q3,0.013788763521987569,high_atr,False,-0.01223101081759
2022-10-14 01:00:00+00:00,2022,1,short,0.48173314,Q5_high,0.014882061658058682,high_atr,True,0.0285641233161173
2022-10-15 00:00:00+00:00,2022,0,short,0.44217145,Q3,0.008349591601726644,mid_high,True,0.015499183203453202
2022-10-15 01:00:00+00:00,2022,1,short,0.4618718,Q3,0.007894187623917371,mid_high,True,0.014588375247834701
2022-10-16 00:00:00+00:00,2022,0,short,0.49056244,Q5_high,0.0030877818674397086,low_atr,True,0.0049755637348794
2022-10-16 01:00:00+00:00,2022,1,short,0.49056244,Q5_high,0.003206216977532983,low_atr,True,0.0052124339550659
2022-10-17 00:00:00+00:00,2022,0,short,0.47070876,Q4,0.005215920915712745,mid_low,False,-0.0053727367325700996
2022-10-17 01:00:00+00:00,2022,1,short,0.47070876,Q4,0.005352232979027036,mid_low,False,-0.0054817863832216
2022-10-18 00:00:00+00:00,2022,0,short,0.47070876,Q4,0.006067156619283171,mid_low,True,0.0109343132385663
2022-10-18 02:00:00+00:00,2022,2,short,0.47070876,Q4,0.00544518632185618,mid_low,False,-0.0055561490574848995
2022-10-19 00:00:00+00:00,2022,0,short,0.4618718,Q3,0.007032478914451864,mid_low,True,0.0128649578289037
2022-10-19 01:00:00+00:00,2022,1,short,0.47979954,Q5_high,0.007134606262824949,mid_high,True,0.0130692125256498
2022-10-20 00:00:00+00:00,2022,0,short,0.4618718,Q3,0.006126086491421799,mid_low,False,-0.006100869193137399
2022-10-20 02:00:00+00:00,2022,2,short,0.4618718,Q3,0.006141075664830199,mid_low,False,-0.0061128605318641
2022-10-20 15:00:00+00:00,2022,15,short,0.47070876,Q4,0.00489903875062077,low_atr,True,0.0085980775012415
2022-10-20 16:00:00+00:00,2022,16,short,0.47070876,Q4,0.005074366421336683,mid_low,True,0.0089487328426733
2022-10-21 00:00:00+00:00,2022,0,short,0.4725979,Q5_high,0.005716281554534407,mid_low,True,0.010232563109068801
2022-10-21 01:00:00+00:00,2022,1,short,0.49056244,Q5_high,0.005755798525687968,mid_low,True,0.0103115970513759
2022-10-22 05:00:00+00:00,2022,5,short,0.47070876,Q4,0.0030291242418789464,low_atr,False,-0.0036232993935031
2022-10-22 06:00:00+00:00,2022,6,short,0.47070876,Q4,0.0026396549935090814,low_atr,False,-0.0033117239948072
2022-10-23 00:00:00+00:00,2022,0,short,0.47070876,Q4,0.002290661190622592,low_atr,True,0.0033813223812451006
2022-10-23 01:00:00+00:00,2022,1,short,0.47070876,Q4,0.0023317075715291427,low_atr,True,0.0034634151430582
2022-10-24 00:00:00+00:00,2022,0,short,0.48499078,Q5_high,0.005316578410928119,mid_low,True,0.009433156821856201
2022-10-24 02:00:00+00:00,2022,2,short,0.47070876,Q4,0.005685590908354797,mid_low,True,0.0101711818167095
2022-10-25 00:00:00+00:00,2022,0,short,0.47070876,Q4,0.004541790915530013,low_atr,True,0.007883581831060001
2022-10-25 01:00:00+00:00,2022,1,short,0.47070876,Q4,0.00448560185867521,low_atr,False,-0.0047884814869401
2022-10-26 00:00:00+00:00,2022,0,short,0.48499078,Q5_high,0.009766613413774973,high_atr,False,-0.0090132907310199
2022-10-26 01:00:00+00:00,2022,1,short,0.48499078,Q5_high,0.010297948464686839,high_atr,False,-0.0094383587717494
2022-10-27 00:00:00+00:00,2022,0,short,0.47070876,Q4,0.009778452417684156,high_atr,True,0.0183569048353683
2022-10-27 01:00:00+00:00,2022,1,short,0.47070876,Q4,0.009517212082007832,high_atr,True,0.0178344241640156
2022-10-28 00:00:00+00:00,2022,0,short,0.4618718,Q3,0.008448707397093476,mid_high,True,0.0156974147941869
2022-10-28 01:00:00+00:00,2022,1,short,0.4618718,Q3,0.008455116217408024,mid_high,True,0.015710232434816
2022-10-29 00:00:00+00:00,2022,0,short,0.47070876,Q4,0.007615637942218451,mid_high,False,-0.0072925103537747
2022-10-29 01:00:00+00:00,2022,1,short,0.47070876,Q4,0.007392973193933468,mid_high,False,-0.0071143785551467
2022-10-30 01:00:00+00:00,2022,1,short,0.47070876,Q4,0.0055208030959420125,mid_low,True,0.009841606191884001
2022-10-30 03:00:00+00:00,2022,3,short,0.47070876,Q4,0.0052220515512069205,mid_low,True,0.0092441031024138
2022-10-31 00:00:00+00:00,2022,0,short,0.4725979,Q5_high,0.005320407209092623,mid_low,True,0.0094408144181852
2022-10-31 01:00:00+00:00,2022,1,short,0.4725979,Q5_high,0.005273916313795396,mid_low,True,0.0093478326275907
2022-11-01 01:00:00+00:00,2022,1,short,0.49056244,Q5_high,0.0066596290257396485,mid_low,True,0.0121192580514792
2022-11-01 02:00:00+00:00,2022,2,short,0.49056244,Q5_high,0.006616695618110429,mid_low,True,0.0120333912362208
2022-11-02 00:00:00+00:00,2022,0,short,0.47070876,Q4,0.004654001040724079,low_atr,True,0.0081080020814481
2022-11-02 02:00:00+00:00,2022,2,short,0.47070876,Q4,0.004219466604801139,low_atr,True,0.0072389332096022
2022-11-03 00:00:00+00:00,2022,0,short,0.4618718,Q3,0.008513298291963175,mid_high,True,0.0158265965839263
2022-11-03 01:00:00+00:00,2022,1,short,0.47979954,Q5_high,0.00880437223400521,mid_high,True,0.0164087444680104
2022-11-03 15:00:00+00:00,2022,15,short,0.49056244,Q5_high,0.005362877328195263,mid_low,True,0.0095257546563905
2022-11-03 16:00:00+00:00,2022,16,short,0.49056244,Q5_high,0.0053751704167746646,mid_low,True,0.0095503408335493
2022-11-04 00:00:00+00:00,2022,0,short,0.49056244,Q5_high,0.005399418865653379,mid_low,False,-0.0055195350925226995
2022-11-04 01:00:00+00:00,2022,1,short,0.49056244,Q5_high,0.004845110749917738,low_atr,False,-0.0050760885999341
2022-11-05 00:00:00+00:00,2022,0,short,0.49442697,Q5_high,0.011240419907257724,high_atr,True,0.0212808398145154
2022-11-05 03:00:00+00:00,2022,3,short,0.48499078,Q5_high,0.009898670825128061,high_atr,True,0.0185973416502561
2022-11-06 00:00:00+00:00,2022,0,short,0.47070876,Q4,0.003632637167240059,low_atr,True,0.006065274334480101
2022-11-06 02:00:00+00:00,2022,2,short,0.47070876,Q4,0.003709054547730206,low_atr,True,0.0062181090954604
2022-11-07 00:00:00+00:00,2022,0,short,0.44217145,Q3,0.0044789854834651425,low_atr,True,0.0077579709669302
2022-11-07 01:00:00+00:00,2022,1,short,0.4618718,Q3,0.004740069075220072,low_atr,True,0.0082801381504401
2022-11-08 00:00:00+00:00,2022,0,short,0.40525505,Q1_low,0.0064178216469808124,mid_low,True,0.011635643293961601
2022-11-08 01:00:00+00:00,2022,1,short,0.42271143,Q2,0.006660518637742762,mid_low,True,0.0121210372754855
2022-11-09 00:00:00+00:00,2022,0,short,0.48831505,Q5_high,0.03394050062062987,high_atr,True,0.0666810012412597
2022-11-09 01:00:00+00:00,2022,1,short,0.47345716,Q5_high,0.034142410097452794,high_atr,True,0.0670848201949055
2022-11-10 01:00:00+00:00,2022,1,short,0.46829325,Q4,0.03482890279891813,high_atr,False,-0.0290631222391345
2022-11-10 02:00:00+00:00,2022,2,short,0.47199944,Q5_high,0.032941722359051816,high_atr,False,-0.0275533778872414
2022-11-11 00:00:00+00:00,2022,0,short,0.4837861,Q5_high,0.028332915317615944,high_atr,True,0.0554658306352318
2022-11-11 02:00:00+00:00,2022,2,short,0.4837861,Q5_high,0.028971967275630638,high_atr,True,0.0567439345512612
2022-11-12 00:00:00+00:00,2022,0,short,0.4343614,Q2,0.018773319219560207,high_atr,True,0.0363466384391204
2022-11-12 01:00:00+00:00,2022,1,short,0.4343614,Q2,0.018578214129189585,high_atr,True,0.0359564282583791
2022-11-13 00:00:00+00:00,2022,0,short,0.49056244,Q5_high,0.005705425882928016,mid_low,True,0.010210851765856
2022-11-13 01:00:00+00:00,2022,1,short,0.49056244,Q5_high,0.005555118033555977,mid_low,True,0.0099102360671119
2022-11-14 00:00:00+00:00,2022,0,short,0.40525505,Q1_low,0.009324737646996773,mid_high,True,0.0174494752939935
2022-11-14 01:00:00+00:00,2022,1,short,0.40525505,Q1_low,0.01013834341467399,high_atr,True,0.019076686829347902
2022-11-15 03:00:00+00:00,2022,3,short,0.46746,Q3,0.013239663577581768,high_atr,True,0.0252793271551635
2022-11-15 05:00:00+00:00,2022,5,short,0.47070876,Q4,0.011816233118747538,high_atr,False,-0.010652986494997999
2022-11-16 00:00:00+00:00,2022,0,short,0.47070876,Q4,0.011485126427072837,high_atr,True,0.021770252854145602
2022-11-16 01:00:00+00:00,2022,1,short,0.47070876,Q4,0.010641707421300037,high_atr,True,0.0200834148426
2022-11-17 00:00:00+00:00,2022,0,short,0.49056244,Q5_high,0.00899399259323289,mid_high,True,0.0167879851864657
2022-11-17 01:00:00+00:00,2022,1,short,0.49056244,Q5_high,0.008703470598813145,mid_high,True,0.0162069411976262
2022-11-17 15:00:00+00:00,2022,15,short,0.49056244,Q5_high,0.006426358572569551,mid_low,False,-0.0063410868580556
2022-11-17 16:00:00+00:00,2022,16,short,0.49056244,Q5_high,0.00653490144645903,mid_low,False,-0.0064279211571672
2022-11-18 00:00:00+00:00,2022,0,short,0.47070876,Q4,0.007002602677569923,mid_low,True,0.0128052053551398
2022-11-18 01:00:00+00:00,2022,1,short,0.47070876,Q4,0.007223589385994919,mid_high,True,0.0132471787719898
2022-11-19 00:00:00+00:00,2022,0,short,0.47070876,Q4,0.0049061312704225995,low_atr,True,0.0086122625408451
2022-11-19 01:00:00+00:00,2022,1,short,0.47070876,Q4,0.004703530499408719,low_atr,True,0.0082070609988174
2022-11-20 00:00:00+00:00,2022,0,short,0.47070876,Q4,0.0027632620338224356,low_atr,True,0.0043265240676448
2022-11-20 01:00:00+00:00,2022,1,short,0.47070876,Q4,0.002935585048006904,low_atr,True,0.004671170096013801
2022-11-21 00:00:00+00:00,2022,0,short,0.4618718,Q3,0.007264309653388165,mid_high,True,0.0133286193067763
2022-11-21 01:00:00+00:00,2022,1,short,0.43943572,Q3,0.006957588858689198,mid_low,True,0.0127151777173783
2022-11-22 00:00:00+00:00,2022,0,short,0.40525505,Q1_low,0.011818212117090379,high_atr,True,0.0224364242341807
2022-11-22 01:00:00+00:00,2022,1,short,0.40525505,Q1_low,0.011882243961952954,high_atr,True,0.0225644879239059
2022-11-23 00:00:00+00:00,2022,0,short,0.47070876,Q4,0.009305595545749865,mid_high,False,-0.0086444764365998
2022-11-23 01:00:00+00:00,2022,1,short,0.47070876,Q4,0.00909034046159566,mid_high,False,-0.0084722723692765
2022-11-24 01:00:00+00:00,2022,1,short,0.47070876,Q4,0.009514563106796117,high_atr,True,0.0178291262135922
2022-11-24 02:00:00+00:00,2022,2,short,0.47070876,Q4,0.009588914415181973,high_atr,True,0.0179778288303639
2022-11-25 00:00:00+00:00,2022,0,short,0.47070876,Q4,0.004912838411633754,low_atr,True,0.0086256768232675
2022-11-25 01:00:00+00:00,2022,1,short,0.47070876,Q4,0.004858080396603383,low_atr,True,0.0085161607932067
2022-11-26 01:00:00+00:00,2022,1,short,0.47070876,Q4,0.004691152206792243,low_atr,True,0.0081823044135844
2022-11-26 02:00:00+00:00,2022,2,short,0.47070876,Q4,0.004521796684617461,low_atr,True,0.0078435933692349
2022-11-27 00:00:00+00:00,2022,0,short,0.452825,Q3,0.003960658185432567,low_atr,False,-0.004368526548346
2022-11-27 04:00:00+00:00,2022,4,short,0.47070876,Q4,0.0038150517445783116,low_atr,True,0.0064301034891566
2022-11-28 01:00:00+00:00,2022,1,short,0.452825,Q3,0.004642053659413355,low_atr,True,0.0080841073188267
2022-11-28 02:00:00+00:00,2022,2,short,0.44217145,Q3,0.005089783984583905,mid_low,False,-0.0052718271876670995
2022-11-29 00:00:00+00:00,2022,0,short,0.4725979,Q5_high,0.007041562891228608,mid_low,False,-0.006833250312982799
2022-11-29 01:00:00+00:00,2022,1,short,0.49056244,Q5_high,0.007457763963683463,mid_high,False,-0.0071662111709467
2022-11-30 00:00:00+00:00,2022,0,short,0.48499078,Q5_high,0.006421589503528279,mid_low,False,-0.006337271602822599
2022-11-30 01:00:00+00:00,2022,1,short,0.48499078,Q5_high,0.0066908333001761576,mid_low,True,0.0121816666003523
2022-12-01 00:00:00+00:00,2022,0,short,0.48499078,Q5_high,0.007284559182983435,mid_high,True,0.0133691183659668
2022-12-01 01:00:00+00:00,2022,1,short,0.47070876,Q4,0.007411780522448695,mid_high,True,0.0136235610448973
2022-12-01 15:00:00+00:00,2022,15,short,0.47070876,Q4,0.005677499189770491,mid_low,True,0.0101549983795409
2022-12-01 16:00:00+00:00,2022,16,short,0.47070876,Q4,0.005791494418485664,mid_low,True,0.0103829888369713
2022-12-02 00:00:00+00:00,2022,0,short,0.47070876,Q4,0.006246324396110334,mid_low,True,0.0112926487922206
2022-12-02 03:00:00+00:00,2022,3,short,0.452825,Q3,0.005385714032030138,mid_low,False,-0.0055085712256240996
2022-12-03 00:00:00+00:00,2022,0,short,0.47070876,Q4,0.005410417106776547,mid_low,True,0.009620834213553
2022-12-03 01:00:00+00:00,2022,1,short,0.47070876,Q4,0.005160900384940409,mid_low,True,0.0091218007698808
2022-12-04 00:00:00+00:00,2022,0,short,0.47070876,Q4,0.0028638217346866673,low_atr,False,-0.0034910573877493002
2022-12-04 04:00:00+00:00,2022,4,short,0.47070876,Q4,0.0031854252822175427,low_atr,True,0.005170850564435001
2022-12-05 00:00:00+00:00,2022,0,short,0.48499078,Q5_high,0.004931891737503799,low_atr,False,-0.0051455133900029995
2022-12-05 02:00:00+00:00,2022,2,short,0.48499078,Q5_high,0.005187948112230094,mid_low,False,-0.005350358489783999
2022-12-06 00:00:00+00:00,2022,0,short,0.49056244,Q5_high,0.005196024990565615,mid_low,True,0.0091920499811312
2022-12-06 01:00:00+00:00,2022,1,short,0.49056244,Q5_high,0.005392054838666331,mid_low,True,0.0095841096773326
2022-12-07 00:00:00+00:00,2022,0,short,0.47070876,Q4,0.003912207746523113,low_atr,True,0.006624415493046201
2022-12-07 01:00:00+00:00,2022,1,short,0.47070876,Q4,0.003790073772052164,low_atr,True,0.006380147544104301
2022-12-08 00:00:00+00:00,2022,0,short,0.4725979,Q5_high,0.0032678127247471635,low_atr,True,0.0053356254494943
2022-12-08 01:00:00+00:00,2022,1,short,0.49056244,Q5_high,0.003301133163966076,low_atr,True,0.0054022663279321
2022-12-09 01:00:00+00:00,2022,1,short,0.48499078,Q5_high,0.00544707747728627,mid_low,True,0.009694154954572501
2022-12-09 02:00:00+00:00,2022,2,short,0.48499078,Q5_high,0.005421287144741785,mid_low,True,0.0096425742894835
2022-12-10 03:00:00+00:00,2022,3,short,0.47070876,Q4,0.0025400066677780087,low_atr,True,0.0038800133355560004
2022-12-10 04:00:00+00:00,2022,4,short,0.47070876,Q4,0.0022370646911276256,low_atr,True,0.0032741293822552003
2022-12-11 20:00:00+00:00,2022,20,short,0.452825,Q3,0.0023203766088654666,low_atr,True,0.0034407532177309005
2022-12-11 22:00:00+00:00,2022,22,short,0.452825,Q3,0.002437676880977189,low_atr,True,0.0036753537619543
2022-12-12 00:00:00+00:00,2022,0,short,0.452825,Q3,0.003223739402805124,low_atr,True,0.0052474788056102
2022-12-12 01:00:00+00:00,2022,1,short,0.452825,Q3,0.0033273563997447434,low_atr,True,0.0054547127994894005
2022-12-13 00:00:00+00:00,2022,0,short,0.47070876,Q4,0.0034105440292570787,low_atr,True,0.0056210880585141005
2022-12-13 01:00:00+00:00,2022,1,short,0.47070876,Q4,0.0034648000987085024,low_atr,True,0.005729600197417
2022-12-14 02:00:00+00:00,2022,2,short,0.47070876,Q4,0.007888206785656101,mid_high,False,-0.007510565428524799
2022-12-14 03:00:00+00:00,2022,3,short,0.47070876,Q4,0.005272870125196023,mid_low,False,-0.0054182961001568
2022-12-15 00:00:00+00:00,2022,0,short,0.47070876,Q4,0.010597016243859473,high_atr,True,0.019994032487718902
2022-12-15 01:00:00+00:00,2022,1,short,0.452825,Q3,0.01134043422037705,high_atr,True,0.021480868440754
2022-12-15 15:00:00+00:00,2022,15,short,0.4618718,Q3,0.005218581923127363,mid_low,True,0.0092371638462547
2022-12-15 16:00:00+00:00,2022,16,short,0.4618718,Q3,0.005003207605598389,low_atr,True,0.0088064152111967
2022-12-16 00:00:00+00:00,2022,0,short,0.40525505,Q1_low,0.0059149953168853,mid_low,True,0.0106299906337706
2022-12-16 01:00:00+00:00,2022,1,short,0.40525505,Q1_low,0.005835550743973135,mid_low,True,0.0104711014879462
2022-12-17 00:00:00+00:00,2022,0,short,0.40525505,Q1_low,0.007508733024822064,mid_high,True,0.0138174660496441
2022-12-17 07:00:00+00:00,2022,7,short,0.40525505,Q1_low,0.005848112933786242,mid_low,True,0.0104962258675724
2022-12-18 00:00:00+00:00,2022,0,short,0.45563745,Q3,0.0032004020875786438,low_atr,True,0.0052008041751572
2022-12-18 01:00:00+00:00,2022,1,short,0.49056244,Q5_high,0.0031281181784835774,low_atr,True,0.0050562363569671
2022-12-19 00:00:00+00:00,2022,0,short,0.47070876,Q4,0.0033088150718720813,low_atr,True,0.0054176301437441005
2022-12-19 01:00:00+00:00,2022,1,short,0.47070876,Q4,0.0034168894640941613,low_atr,True,0.0056337789281883
2022-12-20 00:00:00+00:00,2022,0,short,0.4618718,Q3,0.006187512805642493,mid_low,False,-0.0061500102445139
2022-12-20 01:00:00+00:00,2022,1,short,0.47979954,Q5_high,0.006653690024335534,mid_low,False,-0.006522952019468399
2022-12-21 01:00:00+00:00,2022,1,short,0.47070876,Q4,0.005957747529115078,mid_low,True,0.0107154950582301
2022-12-21 02:00:00+00:00,2022,2,short,0.47070876,Q4,0.005893215528400236,mid_low,True,0.0105864310568004
2022-12-22 00:00:00+00:00,2022,0,short,0.47070876,Q4,0.004318611532689554,low_atr,True,0.007437223065379101
2022-12-22 02:00:00+00:00,2022,2,short,0.47070876,Q4,0.00429103195947375,low_atr,True,0.007382063918947501
2022-12-23 01:00:00+00:00,2022,1,short,0.47070876,Q4,0.004596989329268274,low_atr,False,-0.0048775914634146
2022-12-23 02:00:00+00:00,2022,2,short,0.47070876,Q4,0.004894232506150641,low_atr,True,0.0085884650123012
2022-12-24 03:00:00+00:00,2022,3,short,0.47070876,Q4,0.002534092712489124,low_atr,True,0.0038681854249782007
2022-12-24 07:00:00+00:00,2022,7,short,0.47070876,Q4,0.0018717854534318736,low_atr,True,0.0025435709068637
2022-12-25 15:00:00+00:00,2022,15,short,0.452825,Q3,0.0016490947640070918,low_atr,True,0.0020981895280140998
2022-12-25 16:00:00+00:00,2022,16,short,0.47070876,Q4,0.0017544963218480666,low_atr,True,0.0023089926436961
2022-12-26 00:00:00+00:00,2022,0,short,0.47070876,Q4,0.0026045669514677765,low_atr,False,-0.0032836535611742
2022-12-26 02:00:00+00:00,2022,2,short,0.47070876,Q4,0.0029593359984564464,low_atr,True,0.0047186719969128
2022-12-27 00:00:00+00:00,2022,0,short,0.47070876,Q4,0.002535983260053744,low_atr,True,0.0038719665201074
2022-12-27 01:00:00+00:00,2022,1,short,0.47070876,Q4,0.0025906933313901677,low_atr,True,0.0039813866627803
2022-12-28 00:00:00+00:00,2022,0,short,0.4725979,Q5_high,0.003941252893635009,low_atr,True,0.006682505787270001
2022-12-28 01:00:00+00:00,2022,1,short,0.4725979,Q5_high,0.0041450604232969234,low_atr,True,0.0070901208465938
2022-12-29 00:00:00+00:00,2022,0,short,0.49056244,Q5_high,0.004363961358236144,low_atr,True,0.0075279227164722
2022-12-29 15:00:00+00:00,2022,15,short,0.47070876,Q4,0.00277111946517911,low_atr,True,0.0043422389303582
2022-12-29 16:00:00+00:00,2022,16,short,0.47070876,Q4,0.002708485499462934,low_atr,True,0.0042169709989258
2022-12-30 00:00:00+00:00,2022,0,short,0.47070876,Q4,0.0026433542756427466,low_atr,True,0.004086708551285401
2022-12-30 01:00:00+00:00,2022,1,short,0.47070876,Q4,0.0026509200353111873,low_atr,True,0.0041018400706223
2022-12-31 13:00:00+00:00,2022,13,short,0.47070876,Q4,0.0014928918722818096,low_atr,True,0.0017857837445636002
2022-12-31 14:00:00+00:00,2022,14,short,0.47070876,Q4,0.0016038782499638443,low_atr,True,0.0020077564999276005
2023-01-01 00:00:00+00:00,2023,0,short,0.452825,Q3,0.002282412329607837,low_atr,True,0.0033648246592156003
2023-01-01 01:00:00+00:00,2023,1,short,0.47070876,Q4,0.0023473752900232078,low_atr,True,0.0034947505800464003
2023-01-02 00:00:00+00:00,2023,0,short,0.47070876,Q4,0.0015735139513641486,low_atr,True,0.0019470279027282002
2023-01-02 01:00:00+00:00,2023,1,short,0.47070876,Q4,0.0016765103045416163,low_atr,False,-0.0025412082436332
2023-01-03 00:00:00+00:00,2023,0,short,0.47070876,Q4,0.0025440043415848046,low_atr,True,0.0038880086831696
2023-01-03 01:00:00+00:00,2023,1,short,0.47070876,Q4,0.002570837278854434,low_atr,False,-0.0032566698230835
2023-01-04 00:00:00+00:00,2023,0,short,0.47070876,Q4,0.0024607768129466506,low_atr,False,-0.0031686214503573
2023-01-04 01:00:00+00:00,2023,1,short,0.47070876,Q4,0.002672565962795421,low_atr,False,-0.0033380527702363003
2023-01-05 02:00:00+00:00,2023,2,short,0.47070876,Q4,0.004153391519016463,low_atr,True,0.0071067830380329
2023-01-05 03:00:00+00:00,2023,3,short,0.47070876,Q4,0.004123737609676132,low_atr,True,0.0070474752193522006
2023-01-06 00:00:00+00:00,2023,0,short,0.47070876,Q4,0.0023536702081215486,low_atr,True,0.0035073404162430004
2023-01-06 01:00:00+00:00,2023,1,short,0.47070876,Q4,0.002444645097501225,low_atr,True,0.0036892901950024
2023-01-07 00:00:00+00:00,2023,0,short,0.47070876,Q4,0.004209529421668469,low_atr,True,0.007219058843336901
2023-01-07 07:00:00+00:00,2023,7,short,0.47070876,Q4,0.0026509842416759886,low_atr,True,0.0041019684833519
2023-01-08 16:00:00+00:00,2023,16,short,0.47070876,Q4,0.0015884641639953188,low_atr,False,-0.0024707713311962
2023-01-08 17:00:00+00:00,2023,17,short,0.47070876,Q4,0.0016557004305158877,low_atr,False,-0.0025245603444127
2023-01-09 01:00:00+00:00,2023,1,short,0.48499078,Q5_high,0.003514217477053113,low_atr,False,-0.0040113739816424
2023-01-09 03:00:00+00:00,2023,3,short,0.48499078,Q5_high,0.003933369183164054,low_atr,False,-0.0043466953465312
2023-01-10 00:00:00+00:00,2023,0,short,0.47070876,Q4,0.004150169741942445,low_atr,True,0.007100339483884801
2023-01-10 03:00:00+00:00,2023,3,short,0.47070876,Q4,0.004046119869467691,low_atr,False,-0.0044368958955741
2023-01-11 00:00:00+00:00,2023,0,short,0.47070876,Q4,0.0037087683893781325,low_atr,True,0.0062175367787562
2023-01-11 01:00:00+00:00,2023,1,short,0.47070876,Q4,0.00386285137948454,low_atr,True,0.006525702758969
2023-01-12 00:00:00+00:00,2023,0,short,0.48499078,Q5_high,0.006712658782303993,mid_low,True,0.0122253175646079
2023-01-12 01:00:00+00:00,2023,1,short,0.48499078,Q5_high,0.007218112812130643,mid_high,True,0.0132362256242612
2023-01-12 15:00:00+00:00,2023,15,short,0.47070876,Q4,0.0080651852835261,mid_high,False,-0.0076521482268208
2023-01-12 16:00:00+00:00,2023,16,short,0.47070876,Q4,0.007500506311757224,mid_high,False,-0.0072004050494057
2023-01-13 04:00:00+00:00,2023,4,short,0.4610217,Q3,0.011569980615461004,high_atr,False,-0.0104559844923688
2023-01-13 05:00:00+00:00,2023,5,short,0.47070876,Q4,0.011231814053402742,high_atr,False,-0.0101854512427221
2023-01-14 00:00:00+00:00,2023,0,short,0.4995067,Q5_high,0.0157032887645894,high_atr,True,0.030206577529178803
2023-01-14 01:00:00+00:00,2023,1,short,0.4995067,Q5_high,0.01652448715402814,high_atr,True,0.0318489743080562
2023-01-15 00:00:00+00:00,2023,0,short,0.4848256,Q5_high,0.011904589992360192,high_atr,True,0.022609179984720302
2023-01-15 01:00:00+00:00,2023,1,short,0.4848256,Q5_high,0.011432873919823812,high_atr,True,0.0216657478396476
2023-01-16 00:00:00+00:00,2023,0,short,0.47070876,Q4,0.007421879787403544,mid_high,False,-0.0071375038299228
2023-01-16 01:00:00+00:00,2023,1,short,0.47070876,Q4,0.008441089653842875,mid_high,True,0.0156821793076857
2023-01-17 00:00:00+00:00,2023,0,short,0.47070876,Q4,0.009025045999887687,mid_high,True,0.016850091999775302
2023-01-17 02:00:00+00:00,2023,2,short,0.47070876,Q4,0.009955122595647905,high_atr,False,-0.0091640980765183
2023-01-18 02:00:00+00:00,2023,2,short,0.47070876,Q4,0.009080491619272144,mid_high,True,0.0169609832385442
2023-01-18 03:00:00+00:00,2023,3,short,0.47070876,Q4,0.009194192448246957,mid_high,False,-0.0085553539585975
2023-01-19 06:00:00+00:00,2023,6,short,0.40525505,Q1_low,0.007325470937828987,mid_high,True,0.0134509418756579
2023-01-19 07:00:00+00:00,2023,7,short,0.40525505,Q1_low,0.006132683352615892,mid_low,True,0.0110653667052317
2023-01-20 00:00:00+00:00,2023,0,short,0.47070876,Q4,0.006938063978524546,mid_low,True,0.012676127957049
2023-01-20 01:00:00+00:00,2023,1,short,0.47070876,Q4,0.0070650890696448854,mid_high,True,0.0129301781392897
2023-01-21 00:00:00+00:00,2023,0,short,0.4995067,Q5_high,0.01129141996386088,high_atr,False,-0.0102331359710887
2023-01-21 01:00:00+00:00,2023,1,short,0.4995067,Q5_high,0.011354540042810295,high_atr,False,-0.010283632034248199
2023-01-22 00:00:00+00:00,2023,0,short,0.4848256,Q5_high,0.011246300251020951,high_atr,True,0.0212926005020419
2023-01-22 04:00:00+00:00,2023,4,short,0.4644644,Q3,0.010818835383271682,high_atr,True,0.0204376707665433
2023-01-23 02:00:00+00:00,2023,2,short,0.47070876,Q4,0.008813125573697634,mid_high,False,-0.0082505004589581
2023-01-23 03:00:00+00:00,2023,3,short,0.47070876,Q4,0.009010852240055708,mid_high,False,-0.0084086817920445
2023-01-24 01:00:00+00:00,2023,1,short,0.46746,Q3,0.010725562590841502,high_atr,True,0.020251125181683
2023-01-24 02:00:00+00:00,2023,2,short,0.46746,Q3,0.010525039641370386,high_atr,True,0.019850079282740702
2023-01-25 00:00:00+00:00,2023,0,short,0.452825,Q3,0.008681347308769703,mid_high,True,0.0161626946175394
2023-01-25 03:00:00+00:00,2023,3,short,0.4618718,Q3,0.009019351744938064,mid_high,True,0.0168387034898761
2023-01-26 00:00:00+00:00,2023,0,short,0.46746,Q3,0.012894959628705824,high_atr,True,0.0245899192574116
2023-01-26 01:00:00+00:00,2023,1,short,0.46746,Q3,0.013079682833035802,high_atr,True,0.0249593656660716
2023-01-26 15:00:00+00:00,2023,15,short,0.47070876,Q4,0.00750539590403104,mid_high,True,0.013810791808062
2023-01-26 16:00:00+00:00,2023,16,short,0.47070876,Q4,0.007630579459452751,mid_high,True,0.014061158918905501
2023-01-27 00:00:00+00:00,2023,0,short,0.47070876,Q4,0.007554966032104794,mid_high,True,0.0139099320642095
2023-01-27 03:00:00+00:00,2023,3,short,0.452825,Q3,0.008114329897813062,mid_high,False,-0.007691463918250399
2023-01-28 00:00:00+00:00,2023,0,short,0.47070876,Q4,0.007585212123007637,mid_high,True,0.0139704242460152
2023-01-28 01:00:00+00:00,2023,1,short,0.47070876,Q4,0.007730756043308563,mid_high,True,0.014261512086617101
2023-01-29 00:00:00+00:00,2023,0,short,0.47070876,Q4,0.0032305792722324253,low_atr,False,-0.0037844634177858997
2023-01-29 02:00:00+00:00,2023,2,short,0.47070876,Q4,0.004800795091176222,low_atr,False,-0.0050406360729409
2023-01-30 00:00:00+00:00,2023,0,short,0.47070876,Q4,0.008256504974772786,mid_high,True,0.0153130099495455
2023-01-30 01:00:00+00:00,2023,1,short,0.47070876,Q4,0.007488703128847085,mid_high,True,0.013777406257694101
2023-01-31 04:00:00+00:00,2023,4,short,0.40525505,Q1_low,0.007738832225092397,mid_high,False,-0.0073910657800739
2023-01-31 05:00:00+00:00,2023,5,short,0.40525505,Q1_low,0.007367648287109698,mid_high,False,-0.0070941186296876995
2023-02-01 00:00:00+00:00,2023,0,short,0.47070876,Q4,0.006999481221840209,mid_low,True,0.0127989624436804
2023-02-01 01:00:00+00:00,2023,1,short,0.47070876,Q4,0.0071729193868414675,mid_high,True,0.0131458387736829
2023-02-02 00:00:00+00:00,2023,0,short,0.47403356,Q5_high,0.009678154567054491,high_atr,True,0.0181563091341089
2023-02-02 01:00:00+00:00,2023,1,short,0.49442697,Q5_high,0.01022269367039095,high_atr,True,0.019245387340781902
2023-02-03 00:00:00+00:00,2023,0,short,0.4721481,Q5_high,0.009662524227568116,high_atr,True,0.0181250484551362
2023-02-03 01:00:00+00:00,2023,1,short,0.4721481,Q5_high,0.00962307062498105,high_atr,True,0.0180461412499621
2023-02-04 00:00:00+00:00,2023,0,short,0.49056244,Q5_high,0.007290086934233298,mid_high,True,0.0133801738684665
2023-02-04 02:00:00+00:00,2023,2,short,0.49056244,Q5_high,0.0070945401147392015,mid_high,True,0.0129890802294784
2023-02-05 00:00:00+00:00,2023,0,short,0.452825,Q3,0.003990815388824608,low_atr,True,0.0067816307776492005
2023-02-05 01:00:00+00:00,2023,1,short,0.452825,Q3,0.004050657883450841,low_atr,True,0.006901315766901601
2023-02-06 00:00:00+00:00,2023,0,short,0.42271143,Q2,0.00678834831112488,mid_low,True,0.012376696622249701
2023-02-06 01:00:00+00:00,2023,1,short,0.40525505,Q1_low,0.006945808948437912,mid_low,True,0.0126916178968758
2023-02-07 05:00:00+00:00,2023,5,short,0.49056244,Q5_high,0.004946830682500019,low_atr,False,-0.005157464546
2023-02-07 06:00:00+00:00,2023,6,short,0.49056244,Q5_high,0.004411356757919276,low_atr,False,-0.0047290854063354
2023-02-08 00:00:00+00:00,2023,0,short,0.47070876,Q4,0.007826819407008107,mid_high,True,0.0144536388140162
2023-02-08 01:00:00+00:00,2023,1,short,0.47070876,Q4,0.00821155957346407,mid_high,True,0.015223119146928102
2023-02-09 00:00:00+00:00,2023,0,short,0.49056244,Q5_high,0.0058542555288636075,mid_low,True,0.0105085110577272
2023-02-09 01:00:00+00:00,2023,1,short,0.49056244,Q5_high,0.005902763072339098,mid_low,True,0.0106055261446781
2023-02-09 15:00:00+00:00,2023,15,short,0.42727622,Q2,0.006833869905565811,mid_low,True,0.0124677398111316
2023-02-09 16:00:00+00:00,2023,16,short,0.40525505,Q1_low,0.006904158810571283,mid_low,True,0.012608317621142501
2023-02-10 00:00:00+00:00,2023,0,short,0.40525505,Q1_low,0.009555804062477094,high_atr,True,0.0179116081249541
2023-02-10 01:00:00+00:00,2023,1,short,0.40525505,Q1_low,0.00958574143394888,high_atr,True,0.017971482867897702
2023-02-11 07:00:00+00:00,2023,7,short,0.4449715,Q3,0.0043139998932618575,low_atr,True,0.0074279997865237
2023-02-11 08:00:00+00:00,2023,8,short,0.4449715,Q3,0.004181930449211558,low_atr,True,0.007163860898423101
2023-02-12 02:00:00+00:00,2023,2,short,0.47070876,Q4,0.003516693155419763,low_atr,False,-0.0040133545243358
2023-02-12 03:00:00+00:00,2023,3,short,0.47070876,Q4,0.0034346053632204427,low_atr,False,-0.0039476842905763
2023-02-13 00:00:00+00:00,2023,0,short,0.47070876,Q4,0.005750982961992151,mid_low,True,0.0103019659239843
2023-02-13 01:00:00+00:00,2023,1,short,0.452825,Q3,0.006268806089057751,mid_low,True,0.0113376121781155
2023-02-14 01:00:00+00:00,2023,1,short,0.49056244,Q5_high,0.006415789227662762,mid_low,True,0.0116315784553255
2023-02-14 02:00:00+00:00,2023,2,short,0.49056244,Q5_high,0.006194855094688331,mid_low,True,0.0111897101893766
2023-02-15 00:00:00+00:00,2023,0,short,0.47070876,Q4,0.00927983211118762,mid_high,False,-0.008623865688950001
2023-02-15 01:00:00+00:00,2023,1,short,0.47070876,Q4,0.009399874082280888,high_atr,False,-0.0087198992658247
2023-02-16 01:00:00+00:00,2023,1,short,0.44264892,Q3,0.01351796986746599,high_atr,True,0.0258359397349319
2023-02-16 02:00:00+00:00,2023,2,short,0.44264892,Q3,0.012474506115640143,high_atr,True,0.0237490122312802
2023-02-17 01:00:00+00:00,2023,1,short,0.4053276,Q1_low,0.01528729904519137,high_atr,True,0.0293745980903827
2023-02-17 03:00:00+00:00,2023,3,short,0.41829616,Q2,0.014607454619871167,high_atr,True,0.0280149092397423
2023-02-18 10:00:00+00:00,2023,10,short,0.47070876,Q4,0.007983550533871873,mid_high,False,-0.0075868404270974
2023-02-18 12:00:00+00:00,2023,12,short,0.47070876,Q4,0.005444635569105123,mid_low,True,0.0096892711382102
2023-02-19 00:00:00+00:00,2023,0,short,0.47070876,Q4,0.0050439559995450415,low_atr,True,0.00888791199909
2023-02-19 01:00:00+00:00,2023,1,short,0.47070876,Q4,0.005083853231267056,mid_low,True,0.0089677064625341
2023-02-20 00:00:00+00:00,2023,0,short,0.44359666,Q3,0.00934693051381267,high_atr,True,0.0174938610276253
2023-02-20 01:00:00+00:00,2023,1,short,0.44359666,Q3,0.01051633975368035,high_atr,False,-0.0096130718029442
2023-02-21 00:00:00+00:00,2023,0,short,0.47070876,Q4,0.007431348020385433,mid_high,False,-0.0071450784163082995
2023-02-21 01:00:00+00:00,2023,1,short,0.47070876,Q4,0.007058418059624349,mid_high,False,-0.006846734447699399
2023-02-22 00:00:00+00:00,2023,0,short,0.41677123,Q2,0.009655586118101469,high_atr,True,0.0181111722362029
2023-02-22 01:00:00+00:00,2023,1,short,0.41677123,Q2,0.010178965166120296,high_atr,True,0.0191579303322405
2023-02-23 00:00:00+00:00,2023,0,short,0.42061746,Q2,0.008198381765841766,mid_high,False,-0.0077587054126734
2023-02-23 01:00:00+00:00,2023,1,short,0.4449715,Q3,0.007897614587191905,mid_high,False,-0.007518091669753499
2023-02-23 15:00:00+00:00,2023,15,short,0.44959486,Q3,0.010033416875522158,high_atr,True,0.0188668337510443
2023-02-23 19:00:00+00:00,2023,19,short,0.45674953,Q3,0.010112653619927588,high_atr,True,0.0190253072398551
2023-02-24 00:00:00+00:00,2023,0,short,0.45674953,Q3,0.010520010929261664,high_atr,True,0.0198400218585233
2023-02-24 01:00:00+00:00,2023,1,short,0.45016834,Q3,0.009199524379141509,mid_high,True,0.017199048758283
2023-02-25 00:00:00+00:00,2023,0,short,0.41677123,Q2,0.009974961584939688,high_atr,True,0.0187499231698793
2023-02-25 01:00:00+00:00,2023,1,short,0.41677123,Q2,0.009994771880113279,high_atr,True,0.0187895437602265
2023-02-26 02:00:00+00:00,2023,2,short,0.45563745,Q3,0.005077042872396463,mid_low,True,0.0089540857447929
2023-02-26 03:00:00+00:00,2023,3,short,0.45563745,Q3,0.005013773561903478,low_atr,True,0.0088275471238069
2023-02-27 00:00:00+00:00,2023,0,short,0.47070876,Q4,0.006473568846079218,mid_low,True,0.0117471376921584
2023-02-27 01:00:00+00:00,2023,1,short,0.47070876,Q4,0.006668365613319742,mid_low,True,0.0121367312266394
2023-02-28 00:00:00+00:00,2023,0,short,0.47070876,Q4,0.009147409337490907,mid_high,True,0.0170948186749818
2023-02-28 01:00:00+00:00,2023,1,short,0.4610217,Q3,0.009244490421558758,mid_high,True,0.017288980843117502
2023-03-01 00:00:00+00:00,2023,0,short,0.4618718,Q3,0.007155756808208262,mid_high,False,-0.0069246054465666
2023-03-01 01:00:00+00:00,2023,1,short,0.47979954,Q5_high,0.007508264470431414,mid_high,False,-0.0072066115763451
2023-03-02 00:00:00+00:00,2023,0,short,0.47070876,Q4,0.007555489361650605,mid_high,True,0.013910978723301201
2023-03-02 01:00:00+00:00,2023,1,short,0.47070876,Q4,0.007905137138675277,mid_high,True,0.0146102742773505
2023-03-03 00:00:00+00:00,2023,0,short,0.49056244,Q5_high,0.005300352278580832,mid_low,True,0.009400704557161601
2023-03-03 02:00:00+00:00,2023,2,short,0.42135316,Q2,0.011012208569023699,high_atr,True,0.0208244171380473
2023-03-04 06:00:00+00:00,2023,6,short,0.40318713,Q1_low,0.0038463750519219186,low_atr,True,0.0064927501038438
2023-03-04 07:00:00+00:00,2023,7,short,0.40318713,Q1_low,0.00368512435896289,low_atr,True,0.0061702487179257
2023-03-05 00:00:00+00:00,2023,0,short,0.49056244,Q5_high,0.003150556160810865,low_atr,False,-0.0037204449286485997
2023-03-05 01:00:00+00:00,2023,1,short,0.49056244,Q5_high,0.004026154028146697,low_atr,True,0.0068523080562932995
2023-03-06 00:00:00+00:00,2023,0,short,0.47070876,Q4,0.0033152917953453045,low_atr,True,0.005430583590690601
2023-03-06 01:00:00+00:00,2023,1,short,0.47070876,Q4,0.003817161965305174,low_atr,True,0.0064343239306103
2023-03-07 00:00:00+00:00,2023,0,short,0.47070876,Q4,0.0038981270752441143,low_atr,True,0.0065962541504882
2023-03-07 01:00:00+00:00,2023,1,short,0.47070876,Q4,0.004063317192360635,low_atr,True,0.0069266343847212
2023-03-08 00:00:00+00:00,2023,0,short,0.47979954,Q5_high,0.00782703172254454,mid_high,True,0.014454063445089
2023-03-08 01:00:00+00:00,2023,1,short,0.42727622,Q2,0.007969704294577412,mid_high,True,0.0147394085891548
2023-03-09 00:00:00+00:00,2023,0,short,0.40525505,Q1_low,0.007849434560409969,mid_high,True,0.0144988691208199
2023-03-09 01:00:00+00:00,2023,1,short,0.40525505,Q1_low,0.008061404167275799,mid_high,True,0.0149228083345515
2023-03-09 15:00:00+00:00,2023,15,short,0.40525505,Q1_low,0.004664872594938161,low_atr,True,0.008129745189876301
2023-03-09 16:00:00+00:00,2023,16,short,0.40525505,Q1_low,0.005279459711225006,mid_low,True,0.00935891942245
2023-03-10 00:00:00+00:00,2023,0,short,0.4229532,Q2,0.013334247408384122,high_atr,True,0.0254684948167682
2023-03-10 01:00:00+00:00,2023,1,short,0.4229532,Q2,0.0145697171627004,high_atr,True,0.0279394343254008
2023-03-11 00:00:00+00:00,2023,0,short,0.4322529,Q2,0.01293440783664422,high_atr,True,0.0246688156732884
2023-03-11 01:00:00+00:00,2023,1,short,0.45674953,Q3,0.013519613282880311,high_atr,True,0.0258392265657606
2023-03-12 00:00:00+00:00,2023,0,short,0.47070876,Q4,0.007359959528258269,mid_high,True,0.0135199190565165
2023-03-12 01:00:00+00:00,2023,1,short,0.47070876,Q4,0.007272180009029861,mid_high,True,0.0133443600180597
2023-03-13 00:00:00+00:00,2023,0,long,0.5126473,Q5_high,0.01680919462946232,high_atr,False,-0.0146473557035698
2023-03-13 01:00:00+00:00,2023,1,long,0.5126473,Q5_high,0.0174140182847192,high_atr,False,-0.0151312146277753
2023-03-14 00:00:00+00:00,2023,0,short,0.42806804,Q2,0.017051774086598637,high_atr,False,-0.0148414192692789
2023-03-14 01:00:00+00:00,2023,1,short,0.42806804,Q2,0.017207966469048194,high_atr,False,-0.014966373175238499
2023-03-15 01:00:00+00:00,2023,1,short,0.4663089,Q3,0.024186928017647626,high_atr,True,0.0471738560352952
2023-03-15 02:00:00+00:00,2023,2,short,0.45287988,Q3,0.019911748705214463,high_atr,True,0.0386234974104289
2023-03-16 00:00:00+00:00,2023,0,short,0.42135316,Q2,0.016631807435403247,high_atr,False,-0.0145054459483226
2023-03-16 02:00:00+00:00,2023,2,short,0.4343614,Q2,0.013556583286037975,high_atr,False,-0.0120452666288303
2023-03-17 00:00:00+00:00,2023,0,short,0.46746,Q3,0.010572630873699772,high_atr,False,-0.0096581046989598
2023-03-17 01:00:00+00:00,2023,1,short,0.47403356,Q5_high,0.011980679449027979,high_atr,False,-0.0107845435592223
2023-03-18 00:00:00+00:00,2023,0,long,0.5126473,Q5_high,0.01553852218746798,high_atr,False,-0.0136308177499743
2023-03-18 04:00:00+00:00,2023,4,short,0.498339,Q5_high,0.013834753817840837,high_atr,True,0.0264695076356816
2023-03-19 01:00:00+00:00,2023,1,short,0.4644644,Q3,0.012127261523020207,high_atr,True,0.0230545230460404
2023-03-19 02:00:00+00:00,2023,2,short,0.4644644,Q3,0.01146091715793916,high_atr,True,0.0217218343158783
2023-03-20 00:00:00+00:00,2023,0,short,0.4801261,Q5_high,0.013468837472073147,high_atr,True,0.0257376749441462
2023-03-20 01:00:00+00:00,2023,1,short,0.4801261,Q5_high,0.013689396184679452,high_atr,True,0.0261787923693589
2023-03-21 00:00:00+00:00,2023,0,short,0.46746,Q3,0.01229795321532377,high_atr,True,0.0233959064306475
2023-03-21 01:00:00+00:00,2023,1,short,0.46746,Q3,0.012268826736244454,high_atr,True,0.023337653472488902
2023-03-22 02:00:00+00:00,2023,2,short,0.46746,Q3,0.00855007885129335,mid_high,False,-0.008040063081034601
2023-03-22 03:00:00+00:00,2023,3,short,0.46746,Q3,0.008403570400464251,mid_high,False,-0.0079228563203714
2023-03-23 15:00:00+00:00,2023,15,short,0.46746,Q3,0.009696457630804697,high_atr,True,0.0181929152616093
2023-03-23 16:00:00+00:00,2023,16,short,0.46746,Q3,0.009946757540757573,high_atr,True,0.0186935150815151
2023-03-24 00:00:00+00:00,2023,0,short,0.4597862,Q3,0.014101085271946426,high_atr,True,0.0270021705438928
2023-03-24 01:00:00+00:00,2023,1,short,0.4597862,Q3,0.014035950241418344,high_atr,True,0.0268719004828366
2023-03-25 02:00:00+00:00,2023,2,short,0.4343614,Q2,0.010693506163952602,high_atr,True,0.0201870123279052
2023-03-25 03:00:00+00:00,2023,3,short,0.4343614,Q2,0.010032894566385574,high_atr,True,0.0188657891327711
2023-03-26 00:00:00+00:00,2023,0,short,0.4449715,Q3,0.006786430668665622,mid_low,False,-0.0066291445349324
2023-03-26 01:00:00+00:00,2023,1,short,0.45563745,Q3,0.00684244329688658,mid_low,False,-0.006673954637509199
2023-03-27 00:00:00+00:00,2023,0,short,0.46746,Q3,0.008117770724667149,mid_high,True,0.015035541449334201
2023-03-27 01:00:00+00:00,2023,1,short,0.4610217,Q3,0.007803423377706672,mid_high,True,0.0144068467554133
2023-03-28 00:00:00+00:00,2023,0,short,0.41677123,Q2,0.010785601389105335,high_atr,True,0.0203712027782106
2023-03-28 01:00:00+00:00,2023,1,short,0.41677123,Q2,0.011259758210729852,high_atr,True,0.0213195164214597
2023-03-29 00:00:00+00:00,2023,0,short,0.46746,Q3,0.009003026689901859,mid_high,False,-0.0084024213519214
2023-03-29 01:00:00+00:00,2023,1,short,0.46746,Q3,0.008411407063667574,mid_high,False,-0.007929125650934
2023-03-30 00:00:00+00:00,2023,0,short,0.47070876,Q4,0.007333283891496345,mid_high,False,-0.007066627113196999
2023-03-30 01:00:00+00:00,2023,1,short,0.47070876,Q4,0.007374046040143309,mid_high,False,-0.0070992368321145995
2023-03-31 00:00:00+00:00,2023,0,short,0.46142325,Q3,0.009898424753753913,high_atr,True,0.018596849507507802
2023-03-31 01:00:00+00:00,2023,1,short,0.45674953,Q3,0.010315223775730312,high_atr,True,0.0194304475514606
2023-04-01 01:00:00+00:00,2023,1,short,0.46746,Q3,0.008315585160263008,mid_high,True,0.015431170320525999
2023-04-01 02:00:00+00:00,2023,2,short,0.46746,Q3,0.008490454239301802,mid_high,True,0.0157809084786036
2023-04-02 01:00:00+00:00,2023,1,short,0.47070876,Q4,0.0041101946017413436,low_atr,True,0.007020389203482601
2023-04-02 02:00:00+00:00,2023,2,short,0.47070876,Q4,0.003976025101991923,low_atr,True,0.006752050203983801
2023-04-03 00:00:00+00:00,2023,0,short,0.42727622,Q2,0.006363339194905662,mid_low,True,0.0115266783898113
2023-04-03 01:00:00+00:00,2023,1,short,0.40525505,Q1_low,0.007713629630240926,mid_high,False,-0.0073709037041927
2023-04-04 00:00:00+00:00,2023,0,short,0.41677123,Q2,0.010491785724581893,high_atr,False,-0.009593428579665499
2023-04-04 01:00:00+00:00,2023,1,short,0.4343614,Q2,0.010731025240070245,high_atr,False,-0.0097848201920561
2023-04-05 00:00:00+00:00,2023,0,short,0.47070876,Q4,0.007447034970354925,mid_high,True,0.0136940699407098
2023-04-05 01:00:00+00:00,2023,1,short,0.47070876,Q4,0.007221138455382133,mid_high,True,0.013242276910764201
2023-04-06 00:00:00+00:00,2023,0,short,0.43895632,Q3,0.008170697091232878,mid_high,True,0.015141394182465701
2023-04-06 01:00:00+00:00,2023,1,short,0.43895632,Q3,0.00848830279785464,mid_high,True,0.0157766055957092
2023-04-06 15:00:00+00:00,2023,15,short,0.4449715,Q3,0.005545010025178698,mid_low,True,0.009890020050357301
2023-04-06 16:00:00+00:00,2023,16,short,0.4449715,Q3,0.005561983664680863,mid_low,True,0.0099239673293617
2023-04-07 00:00:00+00:00,2023,0,short,0.49056244,Q5_high,0.005030195414406834,low_atr,True,0.0088603908288136
2023-04-07 01:00:00+00:00,2023,1,short,0.49056244,Q5_high,0.004935322440217015,low_atr,True,0.008670644880434
2023-04-08 01:00:00+00:00,2023,1,short,0.49056244,Q5_high,0.0030682120833418567,low_atr,False,-0.0036545696666733995
2023-04-08 02:00:00+00:00,2023,2,short,0.49056244,Q5_high,0.0026934691043550424,low_atr,False,-0.003354775283484
2023-04-09 00:00:00+00:00,2023,0,short,0.47070876,Q4,0.002699241438976838,low_atr,True,0.0041984828779536
2023-04-09 01:00:00+00:00,2023,1,short,0.47070876,Q4,0.0027314143188007355,low_atr,True,0.0042628286376014
2023-04-10 00:00:00+00:00,2023,0,short,0.48499078,Q5_high,0.0049288433647570705,low_atr,True,0.0086576867295141
2023-04-10 01:00:00+00:00,2023,1,short,0.47070876,Q4,0.0051184147809437575,mid_low,True,0.0090368295618875
2023-04-11 01:00:00+00:00,2023,1,short,0.4995067,Q5_high,0.010874013985775748,high_atr,True,0.020548027971551402
2023-04-11 02:00:00+00:00,2023,2,long,0.5126473,Q5_high,0.011968611281983073,high_atr,False,-0.0107748890255864
2023-04-12 00:00:00+00:00,2023,0,short,0.47070876,Q4,0.006770028039018214,mid_low,True,0.0123400560780364
2023-04-12 01:00:00+00:00,2023,1,short,0.47070876,Q4,0.007010171463436357,mid_low,True,0.0128203429268727
2023-04-13 02:00:00+00:00,2023,2,short,0.4610217,Q3,0.007172182683884915,mid_high,False,-0.0069377461471078995
2023-04-13 03:00:00+00:00,2023,3,short,0.47070876,Q4,0.0064657456638772485,mid_low,False,-0.006372596531101699
2023-04-14 00:00:00+00:00,2023,0,short,0.48499078,Q5_high,0.006691556403182144,mid_low,True,0.0121831128063642
2023-04-14 01:00:00+00:00,2023,1,short,0.47527364,Q5_high,0.007098203261497227,mid_high,True,0.0129964065229944
2023-04-15 05:00:00+00:00,2023,5,short,0.47070876,Q4,0.004602104570864846,low_atr,True,0.0080042091417296
2023-04-15 06:00:00+00:00,2023,6,short,0.49056244,Q5_high,0.003992055862916137,low_atr,True,0.0067841117258322006
2023-04-16 00:00:00+00:00,2023,0,short,0.49056244,Q5_high,0.0030942737647681774,low_atr,True,0.0049885475295363005
2023-04-16 01:00:00+00:00,2023,1,short,0.4725979,Q5_high,0.0032871604378154557,low_atr,True,0.0053743208756309
2023-04-17 00:00:00+00:00,2023,0,short,0.452825,Q3,0.0052954302761563194,mid_low,True,0.009390860552312601
2023-04-17 01:00:00+00:00,2023,1,short,0.44217145,Q3,0.005671790241122681,mid_low,True,0.0101435804822453
2023-04-18 00:00:00+00:00,2023,0,short,0.40525505,Q1_low,0.00600753313997627,mid_low,True,0.0108150662799525
2023-04-18 01:00:00+00:00,2023,1,short,0.40525505,Q1_low,0.005355348658425938,mid_low,False,-0.005484278926740699
2023-04-19 00:00:00+00:00,2023,0,short,0.4610217,Q3,0.00716586029919185,mid_high,True,0.0131317205983837
2023-04-19 01:00:00+00:00,2023,1,short,0.47070876,Q4,0.006298503201483075,mid_low,True,0.011397006402966101
2023-04-20 00:00:00+00:00,2023,0,short,0.41677123,Q2,0.008151865083482828,mid_high,True,0.0151037301669656
2023-04-20 01:00:00+00:00,2023,1,short,0.41677123,Q2,0.008287318745004614,mid_high,True,0.0153746374900092
2023-04-20 15:00:00+00:00,2023,15,short,0.41677123,Q2,0.007999905738944012,mid_high,True,0.014799811477888
2023-04-20 17:00:00+00:00,2023,17,short,0.41677123,Q2,0.008304853522354902,mid_high,True,0.0154097070447098
2023-04-21 01:00:00+00:00,2023,1,short,0.41677123,Q2,0.009834923112791561,high_atr,True,0.0184698462255831
2023-04-21 02:00:00+00:00,2023,2,short,0.41677123,Q2,0.008500173509061425,mid_high,True,0.0158003470181228
2023-04-22 04:00:00+00:00,2023,4,short,0.41757977,Q2,0.007453797898700058,mid_high,True,0.0137075957974001
2023-04-22 05:00:00+00:00,2023,5,short,0.40525505,Q1_low,0.007247219821031444,mid_high,True,0.0132944396420628
2023-04-23 03:00:00+00:00,2023,3,short,0.47070876,Q4,0.006430988235440563,mid_low,True,0.0116619764708811
2023-04-23 04:00:00+00:00,2023,4,short,0.47070876,Q4,0.0060118357287826775,mid_low,True,0.0108236714575653
2023-04-24 00:00:00+00:00,2023,0,short,0.47070876,Q4,0.006908554302388159,mid_low,True,0.0126171086047763
2023-04-24 01:00:00+00:00,2023,1,short,0.47070876,Q4,0.007402206010343058,mid_high,True,0.0136044120206861
2023-04-25 00:00:00+00:00,2023,0,short,0.46746,Q3,0.008560405049376834,mid_high,True,0.0159208100987536
2023-04-25 01:00:00+00:00,2023,1,short,0.46746,Q3,0.008530271692778762,mid_high,True,0.0158605433855575
2023-04-26 00:00:00+00:00,2023,0,short,0.47527364,Q5_high,0.0077756566620709325,mid_high,False,-0.007420525329656699
2023-04-26 01:00:00+00:00,2023,1,short,0.47527364,Q5_high,0.00778320817022855,mid_high,False,-0.0074265665361827994
2023-04-27 00:00:00+00:00,2023,0,short,0.4663089,Q3,0.02103511051281212,high_atr,True,0.0408702210256242
2023-04-27 04:00:00+00:00,2023,4,short,0.4773583,Q5_high,0.02001964087365043,high_atr,True,0.0388392817473008
2023-04-28 00:00:00+00:00,2023,0,short,0.4597862,Q3,0.011370692706932877,high_atr,True,0.021541385413865702
2023-04-28 01:00:00+00:00,2023,1,short,0.4597862,Q3,0.01120529358784392,high_atr,True,0.0212105871756878
2023-04-29 03:00:00+00:00,2023,3,short,0.47070876,Q4,0.005219150751869454,mid_low,True,0.0092383015037389
2023-04-29 04:00:00+00:00,2023,4,short,0.47070876,Q4,0.004753309558676867,low_atr,True,0.008306619117353701
2023-04-30 00:00:00+00:00,2023,0,short,0.452825,Q3,0.003716337020485084,low_atr,False,-0.004173069616388
2023-04-30 01:00:00+00:00,2023,1,short,0.4725979,Q5_high,0.003692688545445147,low_atr,False,-0.0041541508363560995
2023-05-01 00:00:00+00:00,2023,0,short,0.47070876,Q4,0.007008474423407207,mid_low,True,0.0128169488468144
2023-05-01 01:00:00+00:00,2023,1,short,0.45425656,Q3,0.009404111261715956,high_atr,True,0.017608222523431902
2023-05-02 02:00:00+00:00,2023,2,short,0.41677123,Q2,0.009381887755102052,high_atr,False,-0.0087055102040816
2023-05-02 03:00:00+00:00,2023,3,short,0.41677123,Q2,0.009190294934393634,mid_high,False,-0.0085522359475149
2023-05-03 00:00:00+00:00,2023,0,short,0.46746,Q3,0.00869066003489701,mid_high,True,0.016181320069794
2023-05-03 01:00:00+00:00,2023,1,short,0.46746,Q3,0.00874281968579129,mid_high,True,0.016285639371582502
2023-05-04 01:00:00+00:00,2023,1,short,0.46746,Q3,0.010509985654010937,high_atr,True,0.0198199713080218
2023-05-04 02:00:00+00:00,2023,2,short,0.46746,Q3,0.010142756831498557,high_atr,True,0.0190855136629971
2023-05-04 15:00:00+00:00,2023,15,short,0.47070876,Q4,0.006390195592968539,mid_low,True,0.011580391185937
2023-05-04 16:00:00+00:00,2023,16,short,0.47070876,Q4,0.006324191142969796,mid_low,True,0.0114483822859395
2023-05-05 00:00:00+00:00,2023,0,short,0.47070876,Q4,0.0061620466134426986,mid_low,False,-0.0061296372907541
2023-05-05 01:00:00+00:00,2023,1,short,0.47070876,Q4,0.00686316027490651,mid_low,True,0.012526320549813
2023-05-06 00:00:00+00:00,2023,0,short,0.4597862,Q3,0.008739356390693495,mid_high,True,0.0162787127813869
2023-05-06 01:00:00+00:00,2023,1,short,0.4597862,Q3,0.008914302739975158,mid_high,True,0.0166286054799503
2023-05-07 00:00:00+00:00,2023,0,short,0.42271143,Q2,0.006458311214701761,mid_low,True,0.0117166224294035
2023-05-07 01:00:00+00:00,2023,1,short,0.42271143,Q2,0.007149808070298873,mid_high,True,0.0130996161405977
2023-05-08 00:00:00+00:00,2023,0,short,0.4618718,Q3,0.006361015181712928,mid_low,True,0.0115220303634258
2023-05-08 01:00:00+00:00,2023,1,short,0.43943572,Q3,0.0072102394820498655,mid_high,True,0.0132204789640997
2023-05-09 01:00:00+00:00,2023,1,short,0.41677123,Q2,0.008113312395420081,mid_high,True,0.0150266247908401
2023-05-09 02:00:00+00:00,2023,2,short,0.40825498,Q2,0.00796980126040079,mid_high,True,0.0147396025208015
2023-05-10 00:00:00+00:00,2023,0,short,0.45563745,Q3,0.007041132720754889,mid_low,True,0.0128822654415097
2023-05-10 01:00:00+00:00,2023,1,short,0.49056244,Q5_high,0.006989035916043861,mid_low,True,0.012778071832087701
2023-05-11 01:00:00+00:00,2023,1,short,0.46746,Q3,0.01339310026477598,high_atr,True,0.0255862005295519
2023-05-11 02:00:00+00:00,2023,2,short,0.46746,Q3,0.012219743930653561,high_atr,True,0.0232394878613071
2023-05-12 00:00:00+00:00,2023,0,short,0.41677123,Q2,0.009211464777547562,mid_high,True,0.0172229295550951
2023-05-12 01:00:00+00:00,2023,1,short,0.41677123,Q2,0.009659106317968576,high_atr,True,0.0181182126359371
2023-05-13 11:00:00+00:00,2023,11,short,0.47070876,Q4,0.004422746711376294,low_atr,False,-0.004738197369101
2023-05-13 12:00:00+00:00,2023,12,short,0.47070876,Q4,0.004109699263264813,low_atr,False,-0.0044877594106118
2023-05-14 00:00:00+00:00,2023,0,short,0.47070876,Q4,0.004730124764990132,low_atr,True,0.008260249529980201
2023-05-14 03:00:00+00:00,2023,3,short,0.47070876,Q4,0.004729613268133249,low_atr,True,0.0082592265362664
2023-05-15 00:00:00+00:00,2023,0,short,0.47070876,Q4,0.004809758813447038,low_atr,False,-0.0050478070507576
2023-05-15 01:00:00+00:00,2023,1,short,0.47070876,Q4,0.005986902419611148,mid_low,False,-0.0059895219356889
2023-05-16 00:00:00+00:00,2023,0,short,0.47070876,Q4,0.0059545479140170636,mid_low,True,0.0107090958280341
2023-05-16 02:00:00+00:00,2023,2,short,0.452825,Q3,0.006757305944508059,mid_low,True,0.0123146118890161
2023-05-17 00:00:00+00:00,2023,0,short,0.49056244,Q5_high,0.005091191581958518,mid_low,True,0.008982383163917
2023-05-17 01:00:00+00:00,2023,1,short,0.49056244,Q5_high,0.005227205664612023,mid_low,True,0.009254411329224001
2023-05-18 00:00:00+00:00,2023,0,short,0.47070876,Q4,0.007513449615460361,mid_high,True,0.013826899230920701
2023-05-18 01:00:00+00:00,2023,1,short,0.47070876,Q4,0.006958352402745997,mid_low,True,0.012716704805491901
2023-05-18 15:00:00+00:00,2023,15,short,0.452825,Q3,0.005400039255744861,mid_low,True,0.009600078511489701
2023-05-18 16:00:00+00:00,2023,16,short,0.452825,Q3,0.0055125970920812915,mid_low,True,0.0098251941841625
2023-05-19 03:00:00+00:00,2023,3,short,0.4343614,Q2,0.008501131673545471,mid_high,True,0.0158022633470909
2023-05-19 04:00:00+00:00,2023,4,short,0.42271143,Q2,0.007626357918202648,mid_high,True,0.0140527158364052
2023-05-20 05:00:00+00:00,2023,5,short,0.49056244,Q5_high,0.0027915812612148588,low_atr,False,-0.0034332650089718003
2023-05-20 06:00:00+00:00,2023,6,short,0.49056244,Q5_high,0.0024185109764418605,low_atr,False,-0.0031348087811534
2023-05-21 00:00:00+00:00,2023,0,short,0.47070876,Q4,0.003634793494097411,low_atr,True,0.0060695869881948
2023-05-21 01:00:00+00:00,2023,1,short,0.47070876,Q4,0.003848048140329328,low_atr,True,0.0064960962806586
2023-05-22 00:00:00+00:00,2023,0,short,0.4618718,Q3,0.004554068097071944,low_atr,True,0.0079081361941438
2023-05-22 01:00:00+00:00,2023,1,short,0.4618718,Q3,0.004392465635226168,low_atr,False,-0.0047139725081809
2023-05-23 00:00:00+00:00,2023,0,short,0.47070876,Q4,0.005070628128188108,mid_low,False,-0.0052565025025503994
2023-05-23 01:00:00+00:00,2023,1,short,0.47070876,Q4,0.005682582273816481,mid_low,False,-0.0057460658190530995
2023-05-24 00:00:00+00:00,2023,0,short,0.47070876,Q4,0.0037409101960524296,low_atr,True,0.0062818203921048005
2023-05-24 01:00:00+00:00,2023,1,short,0.47070876,Q4,0.0037036705442196937,low_atr,True,0.0062073410884393
2023-05-25 00:00:00+00:00,2023,0,short,0.40525505,Q1_low,0.007443159814834692,mid_high,True,0.0136863196296693
2023-05-25 05:00:00+00:00,2023,5,short,0.40525505,Q1_low,0.0063134769318510175,mid_low,True,0.011426953863702
2023-05-26 00:00:00+00:00,2023,0,short,0.47070876,Q4,0.005281087530435603,mid_low,True,0.0093621750608712
2023-05-26 02:00:00+00:00,2023,2,short,0.47070876,Q4,0.005047738490826034,low_atr,False,-0.0052381907926608
2023-05-27 01:00:00+00:00,2023,1,short,0.47070876,Q4,0.004662978507611513,low_atr,True,0.008125957015223
2023-05-27 02:00:00+00:00,2023,2,short,0.47070876,Q4,0.004341035233239812,low_atr,True,0.0074820704664796
2023-05-28 00:00:00+00:00,2023,0,short,0.48499078,Q5_high,0.0042524641963734774,low_atr,False,-0.0046019713570987
2023-05-28 01:00:00+00:00,2023,1,short,0.48499078,Q5_high,0.004389359186793461,low_atr,False,-0.0047114873494347
2023-05-29 00:00:00+00:00,2023,0,short,0.47527364,Q5_high,0.0077924105084021,mid_high,True,0.014384821016804201
2023-05-29 01:00:00+00:00,2023,1,short,0.48499078,Q5_high,0.007394987824675347,mid_high,True,0.0135899756493506
2023-05-30 02:00:00+00:00,2023,2,short,0.47070876,Q4,0.005150213488348173,mid_low,True,0.0091004269766963
2023-05-30 04:00:00+00:00,2023,4,short,0.47070876,Q4,0.00488658170798842,low_atr,False,-0.0051092653663907
2023-05-31 00:00:00+00:00,2023,0,short,0.47070876,Q4,0.005715294901493547,mid_low,True,0.010230589802987
2023-05-31 01:00:00+00:00,2023,1,short,0.47070876,Q4,0.0054929003451546716,mid_low,True,0.0097858006903093
2023-06-01 00:00:00+00:00,2023,0,short,0.40318713,Q1_low,0.005763953487144352,mid_low,True,0.0103279069742887
2023-06-01 01:00:00+00:00,2023,1,short,0.40525505,Q1_low,0.005675385374633505,mid_low,True,0.010150770749267
2023-06-01 15:00:00+00:00,2023,15,short,0.4449715,Q3,0.0052548124389577905,mid_low,False,-0.005403849951166199
2023-06-01 16:00:00+00:00,2023,16,short,0.4449715,Q3,0.004991921032377606,low_atr,True,0.0087838420647552
2023-06-02 00:00:00+00:00,2023,0,short,0.4618718,Q3,0.006539819576836158,mid_low,False,-0.0064318556614689
2023-06-02 03:00:00+00:00,2023,3,short,0.49056244,Q5_high,0.00665208366310087,mid_low,True,0.0121041673262017
2023-06-03 03:00:00+00:00,2023,3,short,0.47070876,Q4,0.0037748208026378107,low_atr,False,-0.0042198566421102
2023-06-03 05:00:00+00:00,2023,5,short,0.47070876,Q4,0.0033744994553864377,low_atr,False,-0.0038995995643090996
2023-06-04 00:00:00+00:00,2023,0,short,0.452825,Q3,0.003453451944001913,low_atr,False,-0.0039627615552015
2023-06-04 01:00:00+00:00,2023,1,short,0.47070876,Q4,0.003672219039303531,low_atr,False,-0.0041377752314428
2023-06-05 00:00:00+00:00,2023,0,short,0.452825,Q3,0.003873243346274983,low_atr,True,0.0065464866925499
2023-06-05 01:00:00+00:00,2023,1,short,0.452825,Q3,0.003991971147698966,low_atr,True,0.0067839422953979
2023-06-06 00:00:00+00:00,2023,0,short,0.43381035,Q2,0.009575287169604754,high_atr,True,0.0179505743392095
2023-06-06 01:00:00+00:00,2023,1,short,0.42919344,Q2,0.009454470054713528,high_atr,True,0.017708940109427
2023-06-07 00:00:00+00:00,2023,0,short,0.49442697,Q5_high,0.011164542665967038,high_atr,True,0.021129085331934
2023-06-07 02:00:00+00:00,2023,2,short,0.4801261,Q5_high,0.010789798388850764,high_atr,True,0.0203795967777015
2023-06-08 01:00:00+00:00,2023,1,short,0.45674953,Q3,0.008412676793227053,mid_high,True,0.0156253535864541
2023-06-08 02:00:00+00:00,2023,2,short,0.47009155,Q4,0.008200863608000828,mid_high,True,0.0152017272160016
2023-06-09 01:00:00+00:00,2023,1,short,0.47070876,Q4,0.006054575850725354,mid_low,True,0.0109091517014507
2023-06-09 04:00:00+00:00,2023,4,short,0.47070876,Q4,0.005186589912221557,mid_low,False,-0.0053492719297772
2023-06-10 00:00:00+00:00,2023,0,short,0.47070876,Q4,0.0038116301301057923,low_atr,True,0.0064232602602115
2023-06-10 01:00:00+00:00,2023,1,short,0.452825,Q3,0.0041809297837709525,low_atr,True,0.0071618595675419
2023-06-11 01:00:00+00:00,2023,1,short,0.4257481,Q2,0.008527322684095048,mid_high,True,0.01585464536819
2023-06-11 07:00:00+00:00,2023,7,short,0.4449715,Q3,0.006533182302771857,mid_low,False,-0.0064265458422174
2023-06-12 00:00:00+00:00,2023,0,short,0.47070876,Q4,0.006005104380002739,mid_low,True,0.0108102087600054
2023-06-12 01:00:00+00:00,2023,1,short,0.47070876,Q4,0.006057284804522018,mid_low,True,0.010914569609044
2023-06-13 00:00:00+00:00,2023,0,short,0.47070876,Q4,0.0048975519422260125,low_atr,False,-0.005118041553780799
2023-06-13 01:00:00+00:00,2023,1,short,0.47070876,Q4,0.005288956623345605,mid_low,False,-0.0054311652986763995
2023-06-14 00:00:00+00:00,2023,0,short,0.47070876,Q4,0.006162034761013911,mid_low,True,0.0111240695220278
2023-06-14 01:00:00+00:00,2023,1,short,0.47070876,Q4,0.006081397333140192,mid_low,True,0.0109627946662803
2023-06-15 00:00:00+00:00,2023,0,short,0.42135316,Q2,0.008858577467544078,mid_high,True,0.0165171549350881
2023-06-15 01:00:00+00:00,2023,1,short,0.42135316,Q2,0.009174578719196889,mid_high,True,0.0171491574383937
2023-06-15 15:00:00+00:00,2023,15,short,0.40525505,Q1_low,0.004905553634129429,low_atr,False,-0.0051244429073035
2023-06-15 16:00:00+00:00,2023,16,short,0.40525505,Q1_low,0.00491117695042293,low_atr,False,-0.0051289415603383
2023-06-16 02:00:00+00:00,2023,2,short,0.47070876,Q4,0.006568285952583277,mid_low,True,0.0119365719051665
2023-06-16 04:00:00+00:00,2023,4,short,0.47070876,Q4,0.006362363875591401,mid_low,True,0.0115247277511828
2023-06-17 00:00:00+00:00,2023,0,short,0.48499078,Q5_high,0.007574626034748993,mid_high,False,-0.0072597008277991
2023-06-17 01:00:00+00:00,2023,1,short,0.47070876,Q4,0.007726681132715645,mid_high,False,-0.0073813449061725
2023-06-18 03:00:00+00:00,2023,3,short,0.47070876,Q4,0.003929077433885569,low_atr,True,0.006658154867771101
2023-06-18 04:00:00+00:00,2023,4,short,0.47070876,Q4,0.0038601742355988044,low_atr,True,0.0065203484711976005
2023-06-19 04:00:00+00:00,2023,4,short,0.47070876,Q4,0.004443111784290747,low_atr,True,0.0076862235685814
2023-06-19 05:00:00+00:00,2023,5,short,0.47070876,Q4,0.004454259983602365,low_atr,True,0.0077085199672047005
2023-06-20 00:00:00+00:00,2023,0,short,0.48499078,Q5_high,0.007511395668851351,mid_high,True,0.0138227913377027
2023-06-20 01:00:00+00:00,2023,1,short,0.4610217,Q3,0.008134708888073185,mid_high,True,0.015069417776146302
2023-06-21 00:00:00+00:00,2023,0,short,0.4995067,Q5_high,0.010585373386741027,high_atr,False,-0.0096682987093928
2023-06-21 02:00:00+00:00,2023,2,short,0.4995067,Q5_high,0.011772721180622782,high_atr,False,-0.0106181769444982
2023-06-22 00:00:00+00:00,2023,0,long,0.5126473,Q5_high,0.013745700394224363,high_atr,False,-0.0121965603153794
2023-06-22 01:00:00+00:00,2023,1,long,0.5126473,Q5_high,0.013532223551063195,high_atr,False,-0.0120257788408505
2023-06-23 03:00:00+00:00,2023,3,short,0.4644644,Q3,0.008201486738203805,mid_high,False,-0.007761189390562999
2023-06-23 04:00:00+00:00,2023,4,short,0.47070876,Q4,0.006559883405252484,mid_low,False,-0.0064479067242019
2023-06-24 03:00:00+00:00,2023,3,short,0.4597862,Q3,0.01203958397760383,high_atr,True,0.0228791679552076
2023-06-24 04:00:00+00:00,2023,4,short,0.4597862,Q3,0.011464893447189518,high_atr,True,0.021729786894379
2023-06-25 00:00:00+00:00,2023,0,short,0.47070876,Q4,0.005145554239264282,mid_low,False,-0.0053164433914113995
2023-06-25 01:00:00+00:00,2023,1,short,0.47070876,Q4,0.00533301702596039,mid_low,False,-0.0054664136207682994
2023-06-26 00:00:00+00:00,2023,0,short,0.4618718,Q3,0.005467375617381064,mid_low,True,0.0097347512347621
2023-06-26 01:00:00+00:00,2023,1,short,0.4618718,Q3,0.006293509248823191,mid_low,False,-0.0062348073990585
2023-06-27 00:00:00+00:00,2023,0,short,0.4449715,Q3,0.007089230039088004,mid_high,False,-0.0068713840312704
2023-06-27 01:00:00+00:00,2023,1,short,0.4808379,Q5_high,0.007150784946676717,mid_high,False,-0.0069206279573412995
2023-06-28 00:00:00+00:00,2023,0,short,0.46746,Q3,0.007283213409217065,mid_high,True,0.0133664268184341
2023-06-28 01:00:00+00:00,2023,1,short,0.4610217,Q3,0.00713871095142679,mid_high,True,0.0130774219028535
2023-06-29 00:00:00+00:00,2023,0,short,0.40525505,Q1_low,0.007026629502959984,mid_low,False,-0.006821303602367899
2023-06-29 01:00:00+00:00,2023,1,short,0.42784876,Q2,0.0072493326037573295,mid_high,False,-0.0069994660830057995
2023-06-29 15:00:00+00:00,2023,15,short,0.47070876,Q4,0.005558001501326218,mid_low,True,0.0099160030026524
2023-06-29 16:00:00+00:00,2023,16,short,0.47070876,Q4,0.00554413168173636,mid_low,True,0.009888263363472701
2023-06-30 00:00:00+00:00,2023,0,short,0.47070876,Q4,0.00591566671720988,mid_low,False,-0.0059325333737679
2023-06-30 01:00:00+00:00,2023,1,short,0.47070876,Q4,0.005772699374240148,mid_low,False,-0.0058181594993920996
2023-07-01 08:00:00+00:00,2023,8,short,0.49056244,Q5_high,0.003275454606058171,low_atr,False,-0.0038203636848465
2023-07-01 09:00:00+00:00,2023,9,short,0.49056244,Q5_high,0.0029957506018259525,low_atr,False,-0.0035966004814606996
2023-07-02 00:00:00+00:00,2023,0,short,0.47070876,Q4,0.002565950369037952,low_atr,True,0.0039319007380759
2023-07-02 01:00:00+00:00,2023,1,short,0.47070876,Q4,0.002365401192611007,low_atr,True,0.0035308023852220006
2023-07-03 02:00:00+00:00,2023,2,short,0.47070876,Q4,0.0053499353473009294,mid_low,True,0.0094998706946018
2023-07-03 03:00:00+00:00,2023,3,short,0.47070876,Q4,0.005389450522288871,mid_low,True,0.0095789010445777
2023-07-04 00:00:00+00:00,2023,0,short,0.47070876,Q4,0.006005909454806192,mid_low,True,0.0108118189096123
2023-07-04 01:00:00+00:00,2023,1,short,0.47070876,Q4,0.006339188370131151,mid_low,True,0.0114783767402623
2023-07-05 00:00:00+00:00,2023,0,short,0.4725979,Q5_high,0.004349149054285392,low_atr,True,0.0074982981085707
2023-07-05 01:00:00+00:00,2023,1,short,0.4725979,Q5_high,0.004351812837708663,low_atr,True,0.0075036256754173
2023-07-06 00:00:00+00:00,2023,0,short,0.40525505,Q1_low,0.004696091970009284,low_atr,False,-0.0049568735760074
2023-07-06 01:00:00+00:00,2023,1,short,0.4449715,Q3,0.004712325195688448,low_atr,False,-0.0049698601565507
2023-07-07 03:00:00+00:00,2023,3,short,0.41677123,Q2,0.007880070968301874,mid_high,True,0.0145601419366037
2023-07-07 04:00:00+00:00,2023,4,short,0.40525505,Q1_low,0.0068030264383490725,mid_low,True,0.0124060528766981
2023-07-08 00:00:00+00:00,2023,0,short,0.47070876,Q4,0.004778372960821737,low_atr,True,0.008356745921643401
2023-07-08 01:00:00+00:00,2023,1,short,0.47070876,Q4,0.004637315474225354,low_atr,True,0.008074630948450701
2023-07-09 00:00:00+00:00,2023,0,short,0.47070876,Q4,0.0026499606863610086,low_atr,True,0.004099921372722
2023-07-09 01:00:00+00:00,2023,1,short,0.47070876,Q4,0.002751330080455012,low_atr,True,0.00430266016091
2023-07-10 00:00:00+00:00,2023,0,short,0.452825,Q3,0.0038844630502237404,low_atr,True,0.0065689261004474005
2023-07-10 01:00:00+00:00,2023,1,short,0.452825,Q3,0.004021394800178857,low_atr,False,-0.0044171158401429995
2023-07-11 01:00:00+00:00,2023,1,short,0.46746,Q3,0.007407547591244501,mid_high,True,0.013615095182489
2023-07-11 02:00:00+00:00,2023,2,short,0.46746,Q3,0.007448870761693806,mid_high,True,0.0136977415233876
2023-07-12 00:00:00+00:00,2023,0,short,0.47070876,Q4,0.004769320843091344,low_atr,False,-0.005015456674473
2023-07-12 01:00:00+00:00,2023,1,short,0.47070876,Q4,0.004799133838843666,low_atr,False,-0.0050393070710749
2023-07-13 01:00:00+00:00,2023,1,short,0.4618718,Q3,0.005761696243374041,mid_low,True,0.010323392486748
2023-07-13 02:00:00+00:00,2023,2,short,0.4618718,Q3,0.0050587220620951666,mid_low,False,-0.005246977649676099
2023-07-13 15:00:00+00:00,2023,15,short,0.47070876,Q4,0.0050515739266329615,mid_low,True,0.0089031478532659
2023-07-13 16:00:00+00:00,2023,16,short,0.47070876,Q4,0.005512175696080235,mid_low,False,-0.005609740556864099
2023-07-14 00:00:00+00:00,2023,0,short,0.4801261,Q5_high,0.00996404554836448,high_atr,True,0.0187280910967289
2023-07-14 01:00:00+00:00,2023,1,short,0.4801261,Q5_high,0.01023874486232137,high_atr,True,0.019277489724642702
2023-07-15 09:00:00+00:00,2023,9,short,0.40525505,Q1_low,0.0028583672998448374,low_atr,True,0.004516734599689601
2023-07-15 10:00:00+00:00,2023,10,short,0.40525505,Q1_low,0.0024325235133727625,low_atr,True,0.0036650470267455
2023-07-16 00:00:00+00:00,2023,0,short,0.42727622,Q2,0.0017115559028870134,low_atr,True,0.0022231118057740003
2023-07-16 01:00:00+00:00,2023,1,short,0.42727622,Q2,0.0017652834205506814,low_atr,True,0.0023305668411012998
2023-07-17 00:00:00+00:00,2023,0,short,0.452825,Q3,0.0031733154843699217,low_atr,True,0.0051466309687398
2023-07-17 01:00:00+00:00,2023,1,short,0.47070876,Q4,0.0034205709869334477,low_atr,True,0.0056411419738668
2023-07-18 00:00:00+00:00,2023,0,short,0.49056244,Q5_high,0.006198922734026768,mid_low,True,0.0111978454680535
2023-07-18 01:00:00+00:00,2023,1,short,0.49056244,Q5_high,0.006129247578269567,mid_low,True,0.011058495156539101
2023-07-19 00:00:00+00:00,2023,0,short,0.4449715,Q3,0.006493571335846892,mid_low,True,0.011787142671693701
2023-07-19 02:00:00+00:00,2023,2,short,0.49056244,Q5_high,0.005809492074070555,mid_low,True,0.010418984148141101
2023-07-20 00:00:00+00:00,2023,0,short,0.47070876,Q4,0.00533671597703611,mid_low,False,-0.0054693727816288
2023-07-20 01:00:00+00:00,2023,1,short,0.47070876,Q4,0.005301737696479778,mid_low,False,-0.0054413901571838
2023-07-21 01:00:00+00:00,2023,1,short,0.47979954,Q5_high,0.005818149987587382,mid_low,True,0.010436299975174701
2023-07-21 02:00:00+00:00,2023,2,short,0.47979954,Q5_high,0.005841900913025526,mid_low,True,0.010483801826051001
2023-07-22 00:00:00+00:00,2023,0,short,0.47070876,Q4,0.0033451567802407177,low_atr,True,0.0054903135604814
2023-07-22 01:00:00+00:00,2023,1,short,0.47070876,Q4,0.003312667472284975,low_atr,True,0.0054253349445699
2023-07-23 01:00:00+00:00,2023,1,short,0.47070876,Q4,0.0022769695726914964,low_atr,False,-0.0030215756581531
2023-07-23 05:00:00+00:00,2023,5,short,0.47070876,Q4,0.0025003080608785437,low_atr,True,0.003800616121757
2023-07-24 00:00:00+00:00,2023,0,short,0.47070876,Q4,0.0039389425805787985,low_atr,True,0.0066778851611575
2023-07-24 02:00:00+00:00,2023,2,short,0.452825,Q3,0.004526967073550926,low_atr,True,0.007853934147101801
2023-07-25 01:00:00+00:00,2023,1,short,0.40525505,Q1_low,0.0039296771340114976,low_atr,False,-0.0043437417072091
2023-07-25 03:00:00+00:00,2023,3,short,0.40525505,Q1_low,0.003718509630962039,low_atr,False,-0.0041748077047696
2023-07-26 00:00:00+00:00,2023,0,short,0.49056244,Q5_high,0.0034507325548748724,low_atr,False,-0.0039605860438998
2023-07-26 01:00:00+00:00,2023,1,short,0.4725979,Q5_high,0.00353696645032796,low_atr,False,-0.0040295731602623
2023-07-27 15:00:00+00:00,2023,15,short,0.452825,Q3,0.0029236969738370413,low_atr,True,0.004647393947674001
2023-07-27 16:00:00+00:00,2023,16,short,0.452825,Q3,0.002874355796235153,low_atr,True,0.004548711592470301
2023-07-28 00:00:00+00:00,2023,0,short,0.49056244,Q5_high,0.003102670865412747,low_atr,True,0.0050053417308254
2023-07-28 01:00:00+00:00,2023,1,short,0.49056244,Q5_high,0.0030642109345464918,low_atr,True,0.004928421869092901
2023-07-29 01:00:00+00:00,2023,1,short,0.47070876,Q4,0.0032458024684151707,low_atr,True,0.0052916049368303
2023-07-29 02:00:00+00:00,2023,2,short,0.47070876,Q4,0.0030138976466833564,low_atr,True,0.0048277952933667
2023-07-30 15:00:00+00:00,2023,15,short,0.47070876,Q4,0.0017471782438326562,low_atr,True,0.0022943564876653005
2023-07-30 16:00:00+00:00,2023,16,short,0.47070876,Q4,0.0018927693389852128,low_atr,True,0.0025855386779704004
2023-07-31 00:00:00+00:00,2023,0,short,0.47070876,Q4,0.004166911232178451,low_atr,True,0.0071338224643569
2023-07-31 01:00:00+00:00,2023,1,short,0.47070876,Q4,0.004252613335093028,low_atr,True,0.007305226670186
2023-08-01 00:00:00+00:00,2023,0,short,0.49056244,Q5_high,0.0034291316851962905,low_atr,True,0.005658263370392501
2023-08-01 01:00:00+00:00,2023,1,short,0.4725979,Q5_high,0.003822321988410173,low_atr,True,0.0064446439768203
2023-08-02 00:00:00+00:00,2023,0,short,0.48499078,Q5_high,0.006135323518476655,mid_low,True,0.011070647036953301
2023-08-02 01:00:00+00:00,2023,1,short,0.48499078,Q5_high,0.006640197807796262,mid_low,True,0.0120803956155925
2023-08-03 00:00:00+00:00,2023,0,short,0.4618718,Q3,0.005130894772195132,mid_low,True,0.0090617895443902
2023-08-03 01:00:00+00:00,2023,1,short,0.49056244,Q5_high,0.005251206358217421,mid_low,True,0.0093024127164348
2023-08-04 00:00:00+00:00,2023,0,short,0.47070876,Q4,0.004333070811865991,low_atr,True,0.0074661416237319
2023-08-04 01:00:00+00:00,2023,1,short,0.47070876,Q4,0.004306865579878838,low_atr,True,0.007413731159757601
2023-08-05 00:00:00+00:00,2023,0,short,0.49056244,Q5_high,0.004004971180601404,low_atr,True,0.0068099423612028
2023-08-05 01:00:00+00:00,2023,1,short,0.49056244,Q5_high,0.0040443877638779374,low_atr,True,0.006888775527755801
2023-08-07 00:00:00+00:00,2023,0,short,0.47070876,Q4,0.002353623365177316,low_atr,False,-0.0030828986921418
2023-08-07 01:00:00+00:00,2023,1,short,0.47070876,Q4,0.0026675231508155985,low_atr,True,0.0041350463016311
2023-08-08 00:00:00+00:00,2023,0,short,0.47070876,Q4,0.004329825620320228,low_atr,True,0.007459651240640401
2023-08-08 01:00:00+00:00,2023,1,short,0.47070876,Q4,0.004497131170043387,low_atr,False,-0.0047977049360347
2023-08-09 01:00:00+00:00,2023,1,short,0.47070876,Q4,0.0068391043961567935,mid_low,True,0.0124782087923135
2023-08-09 02:00:00+00:00,2023,2,short,0.47070876,Q4,0.0068468194417905005,mid_low,False,-0.006677455553432399
2023-08-10 00:00:00+00:00,2023,0,short,0.47070876,Q4,0.005405258072188143,mid_low,True,0.0096105161443762
2023-08-10 01:00:00+00:00,2023,1,short,0.47070876,Q4,0.005319164342338122,mid_low,True,0.0094383286846762
2023-08-10 15:00:00+00:00,2023,15,short,0.4725979,Q5_high,0.003700836592785754,low_atr,True,0.0062016731855715004
2023-08-10 16:00:00+00:00,2023,16,short,0.4725979,Q5_high,0.003775192838569174,low_atr,True,0.0063503856771383
2023-08-11 00:00:00+00:00,2023,0,short,0.49056244,Q5_high,0.0035949741616533716,low_atr,True,0.0059899483233067
2023-08-11 01:00:00+00:00,2023,1,short,0.49056244,Q5_high,0.003523811141386746,low_atr,True,0.0058476222827734
2023-08-12 00:00:00+00:00,2023,0,short,0.49056244,Q5_high,0.0026235443149747405,low_atr,True,0.004047088629949401
2023-08-14 03:00:00+00:00,2023,3,short,0.47070876,Q4,0.002596121129635924,low_atr,True,0.0039922422592718
2023-08-14 04:00:00+00:00,2023,4,short,0.47070876,Q4,0.0027124681711318053,low_atr,True,0.004224936342263601
2023-08-15 03:00:00+00:00,2023,3,short,0.47070876,Q4,0.003565242627545879,low_atr,True,0.0059304852550917005
2023-08-15 04:00:00+00:00,2023,4,short,0.47070876,Q4,0.0031313833495245384,low_atr,True,0.005062766699049
2023-08-16 00:00:00+00:00,2023,0,short,0.4618718,Q3,0.003251031885393111,low_atr,True,0.005302063770786201
2023-08-16 01:00:00+00:00,2023,1,short,0.49056244,Q5_high,0.0032741148993970684,low_atr,True,0.005348229798794101
2023-08-17 00:00:00+00:00,2023,0,short,0.40525505,Q1_low,0.005592214657028355,mid_low,True,0.0099844293140567
2023-08-17 01:00:00+00:00,2023,1,short,0.40525505,Q1_low,0.005681942960959118,mid_low,True,0.0101638859219182
2023-08-18 00:00:00+00:00,2023,0,short,0.4772436,Q5_high,0.019442029938448804,high_atr,True,0.0376840598768976
2023-08-18 01:00:00+00:00,2023,1,short,0.4684447,Q4,0.01982049083095218,high_atr,True,0.0384409816619043
2023-08-19 00:00:00+00:00,2023,0,short,0.4270911,Q2,0.009044939390089475,mid_high,True,0.0168898787801789
2023-08-19 01:00:00+00:00,2023,1,short,0.4270911,Q2,0.008940246713887904,mid_high,True,0.016680493427775802
2023-08-20 00:00:00+00:00,2023,0,short,0.45563745,Q3,0.004162247116670119,low_atr,True,0.0071244942333402
2023-08-20 03:00:00+00:00,2023,3,short,0.49056244,Q5_high,0.00441834399842747,low_atr,True,0.0076366879968549
2023-08-21 02:00:00+00:00,2023,2,short,0.47070876,Q4,0.0036541284202685972,low_atr,True,0.0061082568405371
2023-08-21 03:00:00+00:00,2023,3,short,0.47070876,Q4,0.003520110180462158,low_atr,True,0.0058402203609243
2023-08-22 00:00:00+00:00,2023,0,short,0.47070876,Q4,0.004708035532880973,low_atr,True,0.0082160710657619
2023-08-22 02:00:00+00:00,2023,2,short,0.47070876,Q4,0.0044038127992972655,low_atr,True,0.0076076255985945
2023-08-23 00:00:00+00:00,2023,0,short,0.49056244,Q5_high,0.007941386818565791,mid_high,True,0.0146827736371315
2023-08-23 01:00:00+00:00,2023,1,short,0.49056244,Q5_high,0.008077785513753868,mid_high,True,0.014955571027507702
2023-08-24 02:00:00+00:00,2023,2,short,0.4610217,Q3,0.008229024427249288,mid_high,True,0.0152580488544985
2023-08-24 15:00:00+00:00,2023,15,short,0.452825,Q3,0.004413419521953288,low_atr,True,0.0076268390439065
2023-08-24 16:00:00+00:00,2023,16,short,0.452825,Q3,0.004652014231042638,low_atr,True,0.008104028462085201
2023-08-25 00:00:00+00:00,2023,0,short,0.47979954,Q5_high,0.005444121688079575,mid_low,True,0.0096882433761591
2023-08-25 01:00:00+00:00,2023,1,short,0.49056244,Q5_high,0.005331106300204584,mid_low,True,0.0094622126004091
2023-08-26 04:00:00+00:00,2023,4,short,0.49056244,Q5_high,0.0038137878419172936,low_atr,True,0.0064275756838345
2023-08-26 05:00:00+00:00,2023,5,short,0.49056244,Q5_high,0.0032137387124316617,low_atr,True,0.0052274774248633
2023-08-27 19:00:00+00:00,2023,19,short,0.47070876,Q4,0.0019159152817495063,low_atr,True,0.002631830563499
2023-08-27 22:00:00+00:00,2023,22,short,0.47070876,Q4,0.0022422863541563236,low_atr,True,0.0032845727083126
2023-08-28 01:00:00+00:00,2023,1,short,0.47070876,Q4,0.0026438045747976865,low_atr,True,0.0040876091495953
2023-08-28 02:00:00+00:00,2023,2,short,0.47070876,Q4,0.002701524504235513,low_atr,True,0.004203049008471
2023-08-29 00:00:00+00:00,2023,0,short,0.47070876,Q4,0.004111352900008752,low_atr,True,0.007022705800017501
2023-08-29 01:00:00+00:00,2023,1,short,0.47070876,Q4,0.004269250500839624,low_atr,True,0.007338501001679201
2023-08-30 00:00:00+00:00,2023,0,short,0.4852,Q5_high,0.012313014109341063,high_atr,True,0.0234260282186821
2023-08-30 01:00:00+00:00,2023,1,short,0.498339,Q5_high,0.012642401747721473,high_atr,True,0.0240848034954429
2023-08-31 00:00:00+00:00,2023,0,short,0.47070876,Q4,0.006360342585393031,mid_low,False,-0.0062882740683144
2023-08-31 01:00:00+00:00,2023,1,short,0.47070876,Q4,0.006253389299691868,mid_low,False,-0.0062027114397534
2023-09-01 02:00:00+00:00,2023,2,short,0.43381035,Q2,0.009907425385782404,high_atr,True,0.0186148507715648
2023-09-01 03:00:00+00:00,2023,3,short,0.42919344,Q2,0.009666548858770246,high_atr,True,0.0181330977175404
2023-09-02 09:00:00+00:00,2023,9,short,0.4449715,Q3,0.003246325353510315,low_atr,False,-0.0037970602828082
2023-09-02 10:00:00+00:00,2023,10,short,0.4449715,Q3,0.002348954298993045,low_atr,True,0.0034979085979860002
2023-09-03 00:00:00+00:00,2023,0,short,0.49056244,Q5_high,0.0024859131587669767,low_atr,False,-0.0031887305270134995
2023-09-03 01:00:00+00:00,2023,1,short,0.49056244,Q5_high,0.0024189145580252153,low_atr,False,-0.0031351316464201
2023-09-04 00:00:00+00:00,2023,0,short,0.47070876,Q4,0.004154132290208468,low_atr,True,0.0071082645804169
2023-09-04 01:00:00+00:00,2023,1,short,0.47070876,Q4,0.004198111360137337,low_atr,True,0.007196222720274601
2023-09-05 00:00:00+00:00,2023,0,short,0.4725979,Q5_high,0.004421475548219711,low_atr,True,0.0076429510964394
2023-09-05 01:00:00+00:00,2023,1,short,0.4725979,Q5_high,0.004372594559646604,low_atr,True,0.007545189119293201
2023-09-06 00:00:00+00:00,2023,0,short,0.49056244,Q5_high,0.003577382567806314,low_atr,True,0.0059547651356126
2023-09-06 01:00:00+00:00,2023,1,short,0.47070876,Q4,0.0036052415689230826,low_atr,True,0.0060104831378461005
2023-09-07 02:00:00+00:00,2023,2,short,0.47070876,Q4,0.006058579310191729,mid_low,True,0.0109171586203834
2023-09-07 15:00:00+00:00,2023,15,short,0.47070876,Q4,0.002733040264039581,low_atr,False,-0.0033864322112316
2023-09-07 16:00:00+00:00,2023,16,short,0.47070876,Q4,0.0031472852002060844,low_atr,False,-0.0037178281601648
2023-09-08 00:00:00+00:00,2023,0,short,0.48499078,Q5_high,0.006864966842418932,mid_low,True,0.012529933684837801
2023-09-08 02:00:00+00:00,2023,2,short,0.47070876,Q4,0.007140433980254226,mid_high,True,0.0130808679605084
2023-09-09 01:00:00+00:00,2023,1,short,0.49056244,Q5_high,0.003295037193833932,low_atr,True,0.0053900743876678005
2023-09-09 02:00:00+00:00,2023,2,short,0.49056244,Q5_high,0.0030884285918543154,low_atr,True,0.004976857183708601
2023-09-10 01:00:00+00:00,2023,1,short,0.47070876,Q4,0.0017597097778055486,low_atr,True,0.0023194195556110004
2023-09-10 02:00:00+00:00,2023,2,short,0.47070876,Q4,0.0017678451195202666,low_atr,True,0.0023356902390404997
2023-09-11 00:00:00+00:00,2023,0,short,0.452825,Q3,0.004771422793946075,low_atr,True,0.008342845587892101
2023-09-11 01:00:00+00:00,2023,1,short,0.452825,Q3,0.004939317748216345,low_atr,True,0.0086786354964326
2023-09-12 00:00:00+00:00,2023,0,short,0.40525505,Q1_low,0.007423576824082519,mid_high,False,-0.007138861459266
2023-09-12 01:00:00+00:00,2023,1,short,0.40525505,Q1_low,0.007315927911150368,mid_high,False,-0.0070527423289202
2023-09-13 02:00:00+00:00,2023,2,short,0.47070876,Q4,0.008122769072414044,mid_high,False,-0.007698215257931199
2023-09-13 03:00:00+00:00,2023,3,short,0.47070876,Q4,0.0075652147021076,mid_high,False,-0.007252171761686
2023-09-14 01:00:00+00:00,2023,1,short,0.47070876,Q4,0.007569507049675097,mid_high,False,-0.00725560563974
2023-09-14 02:00:00+00:00,2023,2,short,0.47070876,Q4,0.0071581358072082876,mid_high,False,-0.0069265086457665995
2023-09-15 01:00:00+00:00,2023,1,short,0.47070876,Q4,0.006908806557730691,mid_low,True,0.0126176131154613
2023-09-15 02:00:00+00:00,2023,2,short,0.47070876,Q4,0.006458519428466158,mid_low,True,0.0117170388569323
2023-09-16 00:00:00+00:00,2023,0,short,0.47070876,Q4,0.005920806893413151,mid_low,True,0.0106416137868263
2023-09-16 01:00:00+00:00,2023,1,short,0.47070876,Q4,0.005467548896113911,mid_low,True,0.0097350977922278
2023-09-17 09:00:00+00:00,2023,9,short,0.47070876,Q4,0.0021505445733838936,low_atr,True,0.0031010891467677
2023-09-17 10:00:00+00:00,2023,10,short,0.47070876,Q4,0.0021453103848177316,low_atr,True,0.0030906207696354
2023-09-18 00:00:00+00:00,2023,0,short,0.47070876,Q4,0.002776127464218192,low_atr,False,-0.0034209019713744996
2023-09-18 01:00:00+00:00,2023,1,short,0.47070876,Q4,0.0027326801978310254,low_atr,False,-0.0033861441582647995
2023-09-19 00:00:00+00:00,2023,0,short,0.47070876,Q4,0.007313294429810572,mid_high,False,-0.0070506355438484
2023-09-19 01:00:00+00:00,2023,1,short,0.47070876,Q4,0.0070930205170590425,mid_high,False,-0.006874416413647199
2023-09-20 00:00:00+00:00,2023,0,short,0.47070876,Q4,0.007067204640020157,mid_high,True,0.0129344092800403
2023-09-20 01:00:00+00:00,2023,1,short,0.47070876,Q4,0.007066044358533514,mid_high,True,0.012932088717067
2023-09-21 01:00:00+00:00,2023,1,short,0.47070876,Q4,0.006054326335566055,mid_low,True,0.0109086526711321
2023-09-21 02:00:00+00:00,2023,2,short,0.452825,Q3,0.006044259741801407,mid_low,True,0.010888519483602801
2023-09-21 17:00:00+00:00,2023,17,short,0.40525505,Q1_low,0.005652393109218446,mid_low,True,0.010104786218436801
2023-09-21 18:00:00+00:00,2023,18,short,0.40525505,Q1_low,0.005593988242068975,mid_low,True,0.0099879764841379
2023-09-22 04:00:00+00:00,2023,4,short,0.4449715,Q3,0.0034918632264612603,low_atr,True,0.0057837264529225
2023-09-22 05:00:00+00:00,2023,5,short,0.4449715,Q3,0.003332947432850658,low_atr,True,0.0054658948657013
2023-09-23 00:00:00+00:00,2023,0,short,0.49056244,Q5_high,0.002808019967186964,low_atr,True,0.0044160399343739
2023-09-23 01:00:00+00:00,2023,1,short,0.49056244,Q5_high,0.00277838868512368,low_atr,True,0.004356777370247301
2023-09-24 19:00:00+00:00,2023,19,short,0.452825,Q3,0.002929294294091409,low_atr,True,0.0046585885881828
2023-09-24 20:00:00+00:00,2023,20,short,0.452825,Q3,0.0031853832086378596,low_atr,True,0.0051707664172757
2023-09-25 00:00:00+00:00,2023,0,short,0.4618718,Q3,0.005111976763494518,mid_low,True,0.009023953526989
2023-09-25 01:00:00+00:00,2023,1,short,0.4618718,Q3,0.005538311777700584,mid_low,True,0.009876623555401101
2023-09-26 01:00:00+00:00,2023,1,short,0.49056244,Q5_high,0.003903193200591272,low_atr,True,0.0066063864011825
2023-09-26 02:00:00+00:00,2023,2,short,0.49056244,Q5_high,0.0037415740695549513,low_atr,True,0.0062831481391099
2023-09-27 00:00:00+00:00,2023,0,short,0.49056244,Q5_high,0.004128760952605944,low_atr,False,-0.0045030087620847
2023-09-27 01:00:00+00:00,2023,1,short,0.49056244,Q5_high,0.003966741964455824,low_atr,False,-0.0043733935715646
2023-09-28 02:00:00+00:00,2023,2,short,0.47070876,Q4,0.0059497852963625465,mid_low,False,-0.00595982823709
2023-09-28 03:00:00+00:00,2023,3,short,0.47070876,Q4,0.005434941635337654,mid_low,False,-0.0055479533082701
2023-09-29 01:00:00+00:00,2023,1,short,0.47070876,Q4,0.007236785769786594,mid_high,True,0.013273571539573101
2023-09-29 02:00:00+00:00,2023,2,short,0.47070876,Q4,0.007568433724054185,mid_high,True,0.0139368674481083
2023-09-30 18:00:00+00:00,2023,18,short,0.47070876,Q4,0.00194658688377267,low_atr,True,0.0026931737675453
2023-09-30 21:00:00+00:00,2023,21,short,0.47070876,Q4,0.002315393248909418,low_atr,False,-0.0030523145991274998
2023-10-01 00:00:00+00:00,2023,0,short,0.47070876,Q4,0.0024804290231377926,low_atr,False,-0.0031843432185101996
2023-10-01 01:00:00+00:00,2023,1,short,0.47070876,Q4,0.002441866800821232,low_atr,False,-0.0031534934406569
2023-10-02 00:00:00+00:00,2023,0,short,0.48499078,Q5_high,0.006356438490890831,mid_low,False,-0.006285150792712599
2023-10-02 01:00:00+00:00,2023,1,short,0.48499078,Q5_high,0.006534109232676642,mid_low,False,-0.0064272873861413
2023-10-03 02:00:00+00:00,2023,2,short,0.46142325,Q3,0.01056376891272955,high_atr,True,0.0199275378254591
2023-10-03 03:00:00+00:00,2023,3,short,0.46142325,Q3,0.010124515408030865,high_atr,True,0.0190490308160617
2023-10-04 07:00:00+00:00,2023,7,short,0.45563745,Q3,0.004663081616292005,low_atr,True,0.008126163232584001
2023-10-04 09:00:00+00:00,2023,9,short,0.49056244,Q5_high,0.004463315597002403,low_atr,True,0.0077266311940047995
2023-10-05 00:00:00+00:00,2023,0,short,0.47070876,Q4,0.005271349466491441,mid_low,True,0.0093426989329828
2023-10-05 01:00:00+00:00,2023,1,short,0.47070876,Q4,0.005398085273615185,mid_low,True,0.0095961705472303
2023-10-05 15:00:00+00:00,2023,15,short,0.47070876,Q4,0.005341062350866298,mid_low,True,0.0094821247017325
2023-10-05 22:00:00+00:00,2023,22,short,0.452825,Q3,0.006399142717527112,mid_low,False,-0.0063193141740216
2023-10-06 00:00:00+00:00,2023,0,short,0.4618718,Q3,0.00627141769177474,mid_low,True,0.0113428353835494
2023-10-06 01:00:00+00:00,2023,1,short,0.49056244,Q5_high,0.006266835091160118,mid_low,True,0.011333670182320201
2023-10-07 08:00:00+00:00,2023,8,short,0.47070876,Q4,0.0045516318562176285,low_atr,True,0.0079032637124352
2023-10-07 09:00:00+00:00,2023,9,short,0.47070876,Q4,0.004380314351971137,low_atr,True,0.0075606287039421995
2023-10-08 01:00:00+00:00,2023,1,short,0.47070876,Q4,0.0020833216416992905,low_atr,True,0.0029666432833985006
2023-10-08 02:00:00+00:00,2023,2,short,0.47070876,Q4,0.002249817213512479,low_atr,True,0.0032996344270249
2023-10-09 00:00:00+00:00,2023,0,short,0.452825,Q3,0.003532026860973072,low_atr,True,0.0058640537219461
2023-10-09 01:00:00+00:00,2023,1,short,0.47070876,Q4,0.0038645197169477497,low_atr,True,0.0065290394338954
2023-10-10 01:00:00+00:00,2023,1,short,0.4449715,Q3,0.004975089590976217,low_atr,True,0.0087501791819524
2023-10-10 02:00:00+00:00,2023,2,short,0.45563745,Q3,0.004863757981055104,low_atr,True,0.0085275159621102
2023-10-11 00:00:00+00:00,2023,0,short,0.47979954,Q5_high,0.00450103549834009,low_atr,True,0.007802070996680101
2023-10-11 01:00:00+00:00,2023,1,short,0.49056244,Q5_high,0.004359551404478149,low_atr,True,0.0075191028089562
2023-10-12 00:00:00+00:00,2023,0,short,0.40525505,Q1_low,0.0056454536729971545,mid_low,True,0.0100909073459943
2023-10-12 02:00:00+00:00,2023,2,short,0.42271143,Q2,0.005418391291897699,mid_low,True,0.0096367825837953
2023-10-13 03:00:00+00:00,2023,3,short,0.49056244,Q5_high,0.003881015975003555,low_atr,True,0.0065620319500071
2023-10-13 04:00:00+00:00,2023,4,short,0.49056244,Q5_high,0.0035705487975891174,low_atr,True,0.0059410975951782
2023-10-14 10:00:00+00:00,2023,10,short,0.47070876,Q4,0.0033872679778603255,low_atr,True,0.0055745359557206
2023-10-14 11:00:00+00:00,2023,11,short,0.47070876,Q4,0.002697841248330646,low_atr,True,0.0041956824966612
2023-10-15 01:00:00+00:00,2023,1,short,0.47070876,Q4,0.0017431585213848566,low_atr,True,0.0022863170427697005
2023-10-15 04:00:00+00:00,2023,4,short,0.47070876,Q4,0.0016532730287377225,low_atr,True,0.0021065460574754002
2023-10-16 00:00:00+00:00,2023,0,short,0.47070876,Q4,0.004645529559827907,low_atr,False,-0.0049164236478623
2023-10-16 01:00:00+00:00,2023,1,short,0.47070876,Q4,0.00486391854874481,low_atr,False,-0.0050911348389958
2023-10-17 03:00:00+00:00,2023,3,short,0.4801261,Q5_high,0.008339176207781553,mid_high,True,0.015478352415563099
2023-10-17 04:00:00+00:00,2023,4,short,0.47070876,Q4,0.0075986817087083346,mid_high,False,-0.0072789453669666
2023-10-18 00:00:00+00:00,2023,0,short,0.47070876,Q4,0.006069365908795561,mid_low,False,-0.0060554927270364
2023-10-18 01:00:00+00:00,2023,1,short,0.47070876,Q4,0.006040427462445817,mid_low,False,-0.0060323419699565995
2023-10-19 00:00:00+00:00,2023,0,short,0.47070876,Q4,0.004133124058679473,low_atr,True,0.007066248117358901
2023-10-19 01:00:00+00:00,2023,1,short,0.49056244,Q5_high,0.004794940737711211,low_atr,False,-0.0050359525901689
2023-10-19 15:00:00+00:00,2023,15,short,0.47070876,Q4,0.004488663694162761,low_atr,False,-0.0047909309553302
2023-10-19 16:00:00+00:00,2023,16,short,0.47070876,Q4,0.005093371399801828,mid_low,True,0.008986742799603601
2023-10-20 00:00:00+00:00,2023,0,short,0.47070876,Q4,0.00636681499524568,mid_low,False,-0.0062934519961965
2023-10-20 01:00:00+00:00,2023,1,short,0.47070876,Q4,0.0063549420815721055,mid_low,False,-0.0062839536652576
2023-10-21 00:00:00+00:00,2023,0,short,0.47070876,Q4,0.006296739549370794,mid_low,True,0.0113934790987415
2023-10-21 02:00:00+00:00,2023,2,short,0.47070876,Q4,0.0049463413215448905,low_atr,False,-0.0051570730572359
2023-10-22 02:00:00+00:00,2023,2,short,0.47070876,Q4,0.006388617445758954,mid_low,True,0.0115772348915179
2023-10-22 03:00:00+00:00,2023,3,short,0.47070876,Q4,0.006224206170020306,mid_low,True,0.011248412340040601
2023-10-23 01:00:00+00:00,2023,1,short,0.47070876,Q4,0.0054773536162353795,mid_low,True,0.0097547072324707
2023-10-23 02:00:00+00:00,2023,2,short,0.47070876,Q4,0.005845889977593981,mid_low,False,-0.0058767119820751
2023-10-24 00:00:00+00:00,2023,0,short,0.36478743,Q1_low,0.022676978887208002,high_atr,False,-0.0193415831097664
2023-10-24 02:00:00+00:00,2023,2,short,0.36478743,Q1_low,0.025118747641681975,high_atr,True,0.0490374952833639
2023-10-25 01:00:00+00:00,2023,1,short,0.4663089,Q3,0.015138418784815675,high_atr,True,0.0290768375696313
2023-10-25 03:00:00+00:00,2023,3,short,0.45287988,Q3,0.014284411902605269,high_atr,False,-0.012627529522084199
2023-10-26 00:00:00+00:00,2023,0,short,0.4597862,Q3,0.010092116823410538,high_atr,True,0.018984233646821
2023-10-26 01:00:00+00:00,2023,1,short,0.4597862,Q3,0.009768789723108797,high_atr,True,0.0183375794462175
2023-10-27 00:00:00+00:00,2023,0,short,0.45674953,Q3,0.007346938775510212,mid_high,True,0.0134938775510204
2023-10-27 02:00:00+00:00,2023,2,short,0.4343614,Q2,0.007374785775043909,mid_high,True,0.0135495715500878
2023-10-28 00:00:00+00:00,2023,0,short,0.4449715,Q3,0.006150263925911122,mid_low,False,-0.0061202111407288
2023-10-28 01:00:00+00:00,2023,1,short,0.4449715,Q3,0.005978840345844654,mid_low,False,-0.0059830722766757
2023-10-29 00:00:00+00:00,2023,0,short,0.47070876,Q4,0.004092979003862232,low_atr,True,0.0069859580077244
2023-10-29 01:00:00+00:00,2023,1,short,0.47070876,Q4,0.0035020697389671522,low_atr,False,-0.0040016557911737
2023-10-30 00:00:00+00:00,2023,0,short,0.47070876,Q4,0.005926787113139295,mid_low,True,0.0106535742262785
2023-10-30 01:00:00+00:00,2023,1,short,0.47070876,Q4,0.005805763941529971,mid_low,True,0.0104115278830599
2023-10-31 00:00:00+00:00,2023,0,short,0.47070876,Q4,0.006184455795612756,mid_low,True,0.011168911591225501
2023-10-31 01:00:00+00:00,2023,1,short,0.47070876,Q4,0.006097947741470886,mid_low,True,0.0109958954829417
2023-11-01 00:00:00+00:00,2023,0,short,0.47070876,Q4,0.005954122407834928,mid_low,True,0.0107082448156698
2023-11-01 01:00:00+00:00,2023,1,short,0.47070876,Q4,0.005832770990565051,mid_low,True,0.0104655419811301
2023-11-02 00:00:00+00:00,2023,0,short,0.4801261,Q5_high,0.01191262276036161,high_atr,True,0.0226252455207232
2023-11-02 01:00:00+00:00,2023,1,short,0.48411405,Q5_high,0.01203480405755604,high_atr,True,0.022869608115112
2023-11-02 15:00:00+00:00,2023,15,short,0.42912266,Q2,0.00825305010300336,mid_high,True,0.0153061002060067
2023-11-02 16:00:00+00:00,2023,16,short,0.41829616,Q2,0.008197965032736211,mid_high,True,0.015195930065472402
2023-11-03 00:00:00+00:00,2023,0,short,0.44359666,Q3,0.008820613649298927,mid_high,True,0.016441227298597802
2023-11-03 01:00:00+00:00,2023,1,short,0.44359666,Q3,0.009050533401009125,mid_high,True,0.0169010668020182
2023-11-04 00:00:00+00:00,2023,0,short,0.49056244,Q5_high,0.005773792875041148,mid_low,False,-0.005819034300032899
2023-11-04 01:00:00+00:00,2023,1,short,0.49056244,Q5_high,0.005821772817888494,mid_low,True,0.0104435456357769
2023-11-05 00:00:00+00:00,2023,0,short,0.47070876,Q4,0.003799020658782797,low_atr,False,-0.0042392165270262
2023-11-05 01:00:00+00:00,2023,1,short,0.47070876,Q4,0.0038265851642790313,low_atr,True,0.0064531703285580005
2023-11-06 00:00:00+00:00,2023,0,short,0.46746,Q3,0.007118399418064993,mid_high,True,0.0130367988361299
2023-11-06 03:00:00+00:00,2023,3,short,0.46746,Q3,0.006987539921363648,mid_low,True,0.0127750798427272
2023-11-07 00:00:00+00:00,2023,0,short,0.47070876,Q4,0.005278761800090292,mid_low,True,0.0093575236001805
2023-11-07 01:00:00+00:00,2023,1,short,0.47070876,Q4,0.005192479344517443,mid_low,True,0.0091849586890348
2023-11-08 01:00:00+00:00,2023,1,short,0.46746,Q3,0.007452108439815088,mid_high,True,0.0137042168796301
2023-11-08 03:00:00+00:00,2023,3,short,0.4597862,Q3,0.007091483661289659,mid_high,True,0.0129829673225793
2023-11-09 00:00:00+00:00,2023,0,short,0.4597862,Q3,0.008308259985326421,mid_high,False,-0.0078466079882611
2023-11-09 01:00:00+00:00,2023,1,short,0.4597862,Q3,0.00868083247844958,mid_high,False,-0.0081446659827596
2023-11-10 02:00:00+00:00,2023,2,short,0.4773583,Q5_high,0.015725922350631524,high_atr,True,0.030251844701263
2023-11-10 04:00:00+00:00,2023,4,short,0.46388772,Q3,0.01319054138164929,high_atr,True,0.0251810827632985
2023-11-11 00:00:00+00:00,2023,0,short,0.4597862,Q3,0.007577494931937697,mid_high,True,0.0139549898638753
2023-11-11 06:00:00+00:00,2023,6,short,0.47070876,Q4,0.005506319247579399,mid_low,True,0.0098126384951588
2023-11-12 05:00:00+00:00,2023,5,short,0.47070876,Q4,0.0053762654986196645,mid_low,True,0.0095525309972393
2023-11-12 06:00:00+00:00,2023,6,short,0.47070876,Q4,0.005287880558280307,mid_low,True,0.0093757611165606
2023-11-13 00:00:00+00:00,2023,0,short,0.47070876,Q4,0.0033963937299596497,low_atr,False,-0.0039171149839677
2023-11-13 01:00:00+00:00,2023,1,short,0.47070876,Q4,0.0039336617334983556,low_atr,True,0.006667323466996701
2023-11-14 00:00:00+00:00,2023,0,short,0.42135316,Q2,0.006688077336789916,mid_low,False,-0.006550461869431899
2023-11-14 02:00:00+00:00,2023,2,short,0.42135316,Q2,0.006173732072959381,mid_low,True,0.0111474641459187
2023-11-15 00:00:00+00:00,2023,0,short,0.43381035,Q2,0.011842274643581258,high_atr,False,-0.010673819714865
2023-11-15 01:00:00+00:00,2023,1,short,0.43381035,Q2,0.011842692861415153,high_atr,False,-0.0106741542891321
2023-11-16 00:00:00+00:00,2023,0,long,0.5126473,Q5_high,0.010801069221186056,high_atr,False,-0.0098408553769488
2023-11-16 01:00:00+00:00,2023,1,short,0.498339,Q5_high,0.01085722371327195,high_atr,True,0.0205144474265439
2023-11-16 15:00:00+00:00,2023,15,short,0.41829616,Q2,0.00784039328259893,mid_high,True,0.0144807865651978
2023-11-16 16:00:00+00:00,2023,16,short,0.41829616,Q2,0.007961609324855543,mid_high,True,0.014723218649711
2023-11-17 01:00:00+00:00,2023,1,short,0.4343614,Q2,0.0105222965266168,high_atr,True,0.0198445930532336
2023-11-17 02:00:00+00:00,2023,2,short,0.4343614,Q2,0.010552724842552359,high_atr,True,0.0199054496851047
2023-11-18 04:00:00+00:00,2023,4,short,0.46746,Q3,0.006823644253245248,mid_low,False,-0.006658915402596099
2023-11-18 05:00:00+00:00,2023,5,short,0.46746,Q3,0.0065075687413419965,mid_low,False,-0.0064060549930735
2023-11-19 01:00:00+00:00,2023,1,short,0.47070876,Q4,0.003718625382793932,low_atr,True,0.0062372507655878
2023-11-19 03:00:00+00:00,2023,3,short,0.47070876,Q4,0.0036475254200432827,low_atr,True,0.006095050840086501
2023-11-20 00:00:00+00:00,2023,0,short,0.48499078,Q5_high,0.005283795098319569,mid_low,True,0.009367590196639101
2023-11-20 01:00:00+00:00,2023,1,short,0.48499078,Q5_high,0.005233079079171047,mid_low,True,0.009266158158342001
2023-11-21 01:00:00+00:00,2023,1,short,0.4597862,Q3,0.009449635172312981,high_atr,True,0.0176992703446259
2023-11-21 02:00:00+00:00,2023,2,short,0.4597862,Q3,0.009785667967762708,high_atr,True,0.0183713359355254
2023-11-22 06:00:00+00:00,2023,6,short,0.4343614,Q2,0.009947578016729026,high_atr,False,-0.009158062413383199
2023-11-22 07:00:00+00:00,2023,7,short,0.4343614,Q2,0.008395391798675296,mid_high,False,-0.0079163134389402
2023-11-23 01:00:00+00:00,2023,1,short,0.4597862,Q3,0.008430381293480702,mid_high,True,0.0156607625869614
2023-11-23 03:00:00+00:00,2023,3,short,0.4597862,Q3,0.008271019270456465,mid_high,True,0.0153420385409129
2023-11-24 00:00:00+00:00,2023,0,short,0.47070876,Q4,0.005210380083696974,mid_low,False,-0.005368304066957499
2023-11-24 01:00:00+00:00,2023,1,short,0.47070876,Q4,0.004917743453705272,low_atr,False,-0.0051341947629641995
2023-11-25 02:00:00+00:00,2023,2,short,0.4597862,Q3,0.006919235050407029,mid_low,True,0.012638470100814
2023-11-25 03:00:00+00:00,2023,3,short,0.4597862,Q3,0.006658632482574214,mid_low,True,0.0121172649651484
2023-11-26 00:00:00+00:00,2023,0,short,0.47070876,Q4,0.0022306815931568366,low_atr,True,0.0032613631863136006
2023-11-26 01:00:00+00:00,2023,1,short,0.47070876,Q4,0.0021044149294199093,low_atr,True,0.0030088298588398007
2023-11-27 00:00:00+00:00,2023,0,short,0.45674953,Q3,0.006248608752130714,mid_low,True,0.0112972175042614
2023-11-27 01:00:00+00:00,2023,1,short,0.45674953,Q3,0.006356682531846318,mid_low,True,0.011513365063692601
2023-11-28 00:00:00+00:00,2023,0,short,0.45674953,Q3,0.006772312907089524,mid_low,True,0.012344625814179
2023-11-28 01:00:00+00:00,2023,1,short,0.45674953,Q3,0.006398122106123597,mid_low,True,0.0115962442122471
2023-11-29 00:00:00+00:00,2023,0,short,0.4801261,Q5_high,0.007537591852564035,mid_high,False,-0.007230073482051199
2023-11-29 01:00:00+00:00,2023,1,short,0.4801261,Q5_high,0.007536938798113111,mid_high,False,-0.0072295510384904
2023-11-30 00:00:00+00:00,2023,0,short,0.4610217,Q3,0.005714928882608537,mid_low,True,0.010229857765217001
2023-11-30 01:00:00+00:00,2023,1,short,0.47070876,Q4,0.005464354516252034,mid_low,False,-0.0055714836130015995
2023-11-30 15:00:00+00:00,2023,15,short,0.452825,Q3,0.0053409065013786524,mid_low,False,-0.005472725201102899
2023-11-30 16:00:00+00:00,2023,16,short,0.49056244,Q5_high,0.00526464961651965,mid_low,False,-0.0054117196932157
2023-12-01 00:00:00+00:00,2023,0,short,0.49056244,Q5_high,0.004527056139137197,low_atr,False,-0.0048216449113096995
2023-12-01 01:00:00+00:00,2023,1,short,0.49056244,Q5_high,0.0046404568740722515,low_atr,False,-0.0049123654992578
2023-12-02 03:00:00+00:00,2023,3,short,0.47070876,Q4,0.004605477710527081,low_atr,True,0.0080109554210541
2023-12-02 04:00:00+00:00,2023,4,short,0.47070876,Q4,0.00446272107441062,low_atr,True,0.007725442148821201
2023-12-03 00:00:00+00:00,2023,0,short,0.49442697,Q5_high,0.005717274145511288,mid_low,True,0.0102345482910225
2023-12-03 01:00:00+00:00,2023,1,short,0.49442697,Q5_high,0.005790361341131513,mid_low,True,0.010380722682263
2023-12-04 00:00:00+00:00,2023,0,short,0.49442697,Q5_high,0.006432684766299903,mid_low,False,-0.0063461478130399
2023-12-04 01:00:00+00:00,2023,1,short,0.49442697,Q5_high,0.007516816106036012,mid_high,False,-0.0072134528848288
2023-12-05 00:00:00+00:00,2023,0,short,0.498339,Q5_high,0.00895729983477651,mid_high,True,0.016714599669553
2023-12-05 01:00:00+00:00,2023,1,short,0.47421032,Q5_high,0.008062992276653178,mid_high,True,0.0149259845533063
2023-12-06 00:00:00+00:00,2023,0,short,0.3844113,Q1_low,0.012283888267346698,high_atr,True,0.0233677765346933
2023-12-06 01:00:00+00:00,2023,1,short,0.3844113,Q1_low,0.012733222134113558,high_atr,True,0.024266444268227102
2023-12-07 00:00:00+00:00,2023,0,short,0.4644644,Q3,0.0075130001362089804,mid_high,True,0.0138260002724179
2023-12-07 01:00:00+00:00,2023,1,short,0.4644644,Q3,0.0064440560861613524,mid_low,True,0.0116881121723227
2023-12-08 00:00:00+00:00,2023,0,short,0.4343614,Q2,0.00704398410794021,mid_low,True,0.0128879682158804
2023-12-08 01:00:00+00:00,2023,1,short,0.45674953,Q3,0.006776601900007668,mid_low,True,0.0123532038000153
2023-12-09 00:00:00+00:00,2023,0,short,0.4801261,Q5_high,0.006848885674602642,mid_low,True,0.0124977713492052
2023-12-09 01:00:00+00:00,2023,1,short,0.4597862,Q3,0.00649196210150275,mid_low,True,0.0117839242030055
2023-12-10 00:00:00+00:00,2023,0,short,0.47070876,Q4,0.0045269080234833815,low_atr,True,0.007853816046966701
2023-12-10 01:00:00+00:00,2023,1,short,0.47070876,Q4,0.004538934960621724,low_atr,True,0.0078778699212434
2023-12-11 00:00:00+00:00,2023,0,short,0.452825,Q3,0.0040926872716214565,low_atr,True,0.006985374543242901
2023-12-11 01:00:00+00:00,2023,1,short,0.4618718,Q3,0.004714695041393558,low_atr,True,0.0082293900827871
2023-12-12 02:00:00+00:00,2023,2,short,0.47622606,Q5_high,0.0105565472424037,high_atr,True,0.019913094484807402
2023-12-12 03:00:00+00:00,2023,3,short,0.44627187,Q3,0.010256494462786085,high_atr,True,0.0193129889255721
2023-12-13 00:00:00+00:00,2023,0,short,0.4343614,Q2,0.009190140820789144,mid_high,True,0.0171802816415782
2023-12-13 01:00:00+00:00,2023,1,short,0.41677123,Q2,0.009762371028556404,high_atr,True,0.0183247420571128
2023-12-14 01:00:00+00:00,2023,1,short,0.498339,Q5_high,0.008583164408407094,mid_high,True,0.0159663288168141
2023-12-14 02:00:00+00:00,2023,2,short,0.498339,Q5_high,0.008458545545629088,mid_high,True,0.0157170910912581
2023-12-14 15:00:00+00:00,2023,15,short,0.4644644,Q3,0.00934202215703886,mid_high,False,-0.008673617725631
2023-12-14 16:00:00+00:00,2023,16,short,0.4644644,Q3,0.009381728183080373,high_atr,False,-0.0087053825464642
2023-12-15 00:00:00+00:00,2023,0,short,0.46388772,Q3,0.01097298933418842,high_atr,True,0.0207459786683768
2023-12-15 01:00:00+00:00,2023,1,short,0.45629025,Q3,0.010488995832776779,high_atr,True,0.0197779916655535
2023-12-16 06:00:00+00:00,2023,6,short,0.4322529,Q2,0.005617947122019873,mid_low,False,-0.0056943576976158
2023-12-16 07:00:00+00:00,2023,7,short,0.45674953,Q3,0.005304839302580963,mid_low,False,-0.005443871442064699
2023-12-17 00:00:00+00:00,2023,0,short,0.452825,Q3,0.004697277523952298,low_atr,True,0.0081945550479045
2023-12-17 01:00:00+00:00,2023,1,short,0.44319782,Q3,0.005152224824355969,mid_low,True,0.0091044496487119
2023-12-18 00:00:00+00:00,2023,0,short,0.42135316,Q2,0.00737693375514524,mid_high,True,0.013553867510290401
2023-12-18 01:00:00+00:00,2023,1,short,0.42135316,Q2,0.008123744601678343,mid_high,True,0.0150474892033566
2023-12-19 00:00:00+00:00,2023,0,short,0.4801261,Q5_high,0.00899235902710897,mid_high,False,-0.0083938872216871
2023-12-19 01:00:00+00:00,2023,1,short,0.49442697,Q5_high,0.00950522159350637,high_atr,True,0.0178104431870127
2023-12-20 01:00:00+00:00,2023,1,short,0.4721481,Q5_high,0.008057254634085763,mid_high,False,-0.0076458037072686
2023-12-20 02:00:00+00:00,2023,2,short,0.4721481,Q5_high,0.008180874713035878,mid_high,False,-0.0077446997704287
2023-12-21 05:00:00+00:00,2023,5,short,0.4644644,Q3,0.008049153875884296,mid_high,False,-0.0076393231007074
2023-12-21 06:00:00+00:00,2023,6,short,0.4597862,Q3,0.00751038634059378,mid_high,True,0.0138207726811875
2023-12-22 00:00:00+00:00,2023,0,short,0.4597862,Q3,0.007882954763055415,mid_high,True,0.0145659095261108
2023-12-22 01:00:00+00:00,2023,1,short,0.4597862,Q3,0.008160353782473586,mid_high,True,0.0151207075649471
2023-12-23 00:00:00+00:00,2023,0,short,0.46746,Q3,0.005457297304342426,mid_low,True,0.0097145946086848
2023-12-23 01:00:00+00:00,2023,1,short,0.46746,Q3,0.005582655400897177,mid_low,True,0.009965310801794301
2023-12-24 00:00:00+00:00,2023,0,short,0.47070876,Q4,0.0031120497927966937,low_atr,True,0.0050240995855933
2023-12-24 01:00:00+00:00,2023,1,short,0.47070876,Q4,0.0032101354781844836,low_atr,True,0.005220270956368901
2023-12-25 00:00:00+00:00,2023,0,short,0.42135316,Q2,0.005438443419997401,mid_low,False,-0.0055507547359978995
2023-12-25 01:00:00+00:00,2023,1,short,0.42135316,Q2,0.005563491529145121,mid_low,False,-0.005650793223316
2023-12-26 00:00:00+00:00,2023,0,short,0.46746,Q3,0.005643998917350768,mid_low,True,0.0100879978347015
2023-12-26 01:00:00+00:00,2023,1,short,0.46746,Q3,0.005568742610984485,mid_low,True,0.009937485221968901
2023-12-27 00:00:00+00:00,2023,0,short,0.41677123,Q2,0.006928263277374162,mid_low,True,0.0126565265547483
2023-12-27 01:00:00+00:00,2023,1,short,0.4322529,Q2,0.0069476825985529825,mid_low,True,0.012695365197105901
2023-12-28 00:00:00+00:00,2023,0,short,0.4801261,Q5_high,0.007177752293577963,mid_high,True,0.0131555045871559
2023-12-28 01:00:00+00:00,2023,1,short,0.4801261,Q5_high,0.0071429557525265275,mid_high,True,0.013085911505053
2023-12-28 15:00:00+00:00,2023,15,short,0.44359666,Q3,0.006014278384105484,mid_low,True,0.0108285567682109
2023-12-28 16:00:00+00:00,2023,16,short,0.42135316,Q2,0.006232769604128146,mid_low,True,0.0112655392082562
2023-12-29 00:00:00+00:00,2023,0,short,0.41677123,Q2,0.006668780107273932,mid_low,True,0.0121375602145478
2023-12-29 01:00:00+00:00,2023,1,short,0.41677123,Q2,0.007237960836561894,mid_high,False,-0.0069903686692495
2023-12-30 00:00:00+00:00,2023,0,short,0.4343614,Q2,0.009002616982650912,mid_high,True,0.0168052339653018
2023-12-30 01:00:00+00:00,2023,1,short,0.4343614,Q2,0.008725436331058156,mid_high,True,0.0162508726621163
2023-12-31 00:00:00+00:00,2023,0,short,0.4610217,Q3,0.005144967898918245,mid_low,True,0.0090899357978364
2023-12-31 01:00:00+00:00,2023,1,short,0.46746,Q3,0.005363572985339316,mid_low,True,0.0095271459706786
2024-01-01 00:00:00+00:00,2024,0,short,0.46746,Q3,0.005546097884375904,mid_low,True,0.0098921957687518
2024-01-01 01:00:00+00:00,2024,1,short,0.46746,Q3,0.0058328110612044844,mid_low,True,0.0104656221224089
2024-01-02 00:00:00+00:00,2024,0,long,0.5126473,Q5_high,0.007814491052575322,mid_high,False,-0.007451592842060199
2024-01-02 01:00:00+00:00,2024,1,long,0.5126473,Q5_high,0.0087707136863199,mid_high,True,0.0163414273726398
2024-01-03 00:00:00+00:00,2024,0,short,0.4553114,Q3,0.010316225072878542,high_atr,True,0.019432450145757
2024-01-03 01:00:00+00:00,2024,1,short,0.46340698,Q3,0.00985856614244319,high_atr,True,0.0185171322848863
2024-01-04 02:00:00+00:00,2024,2,short,0.49729854,Q5_high,0.012530250912907185,high_atr,True,0.0238605018258143
2024-01-04 03:00:00+00:00,2024,3,short,0.49729854,Q5_high,0.012040762371238556,high_atr,True,0.0228815247424771
2024-01-05 02:00:00+00:00,2024,2,short,0.49729854,Q5_high,0.013961821052272099,high_atr,True,0.0267236421045441
2024-01-05 04:00:00+00:00,2024,4,short,0.4773583,Q5_high,0.013845140894669091,high_atr,True,0.0264902817893381
2024-01-06 00:00:00+00:00,2024,0,short,0.48385447,Q5_high,0.010489136425232281,high_atr,True,0.0197782728504645
2024-01-06 01:00:00+00:00,2024,1,short,0.48385447,Q5_high,0.010317956783614227,high_atr,True,0.0194359135672284
2024-01-07 00:00:00+00:00,2024,0,short,0.47070876,Q4,0.004852946414405197,low_atr,True,0.008505892828810301
2024-01-07 01:00:00+00:00,2024,1,short,0.4610217,Q3,0.0050487243412432594,low_atr,False,-0.0052389794729946
2024-01-08 00:00:00+00:00,2024,0,short,0.45425656,Q3,0.0069093893420262556,mid_low,True,0.012618778684052501
2024-01-08 01:00:00+00:00,2024,1,short,0.45425656,Q3,0.006935057148676148,mid_low,True,0.0126701142973522
2024-01-09 00:00:00+00:00,2024,0,short,0.37990123,Q1_low,0.01395157183741318,high_atr,True,0.0267031436748263
2024-01-09 01:00:00+00:00,2024,1,short,0.36292633,Q1_low,0.013497306795843133,high_atr,True,0.0257946135916862
2024-01-10 00:00:00+00:00,2024,0,short,0.46849054,Q4,0.01709763639189615,high_atr,True,0.0329952727837923
2024-01-10 01:00:00+00:00,2024,1,short,0.46849054,Q4,0.017278959537428477,high_atr,True,0.0333579190748569
2024-01-11 00:00:00+00:00,2024,0,short,0.4361026,Q3,0.021443568429171327,high_atr,True,0.0416871368583426
2024-01-11 01:00:00+00:00,2024,1,short,0.48113766,Q5_high,0.020627749795805176,high_atr,True,0.040055499591610304
2024-01-11 15:00:00+00:00,2024,15,short,0.4950979,Q5_high,0.013575783246433116,high_atr,True,0.0259515664928662
2024-01-11 17:00:00+00:00,2024,17,short,0.46849054,Q4,0.01625048253936863,high_atr,True,0.0313009650787372
2024-01-12 00:00:00+00:00,2024,0,short,0.46849054,Q4,0.01713616769050053,high_atr,True,0.033072335381001
2024-01-12 02:00:00+00:00,2024,2,short,0.46849054,Q4,0.016747073502764463,high_atr,True,0.0322941470055289
2024-01-13 05:00:00+00:00,2024,5,short,0.4506966,Q3,0.014522478518906342,high_atr,True,0.0278449570378126
2024-01-13 06:00:00+00:00,2024,6,short,0.46547168,Q3,0.012404126610467726,high_atr,True,0.0236082532209354
2024-01-14 01:00:00+00:00,2024,1,short,0.41468552,Q2,0.005758787561793744,mid_low,True,0.0103175751235874
2024-01-14 02:00:00+00:00,2024,2,short,0.41468552,Q2,0.005606044871732802,mid_low,True,0.0100120897434656
2024-01-15 03:00:00+00:00,2024,3,short,0.4343614,Q2,0.008564858158955654,mid_high,True,0.0159297163179113
2024-01-15 04:00:00+00:00,2024,4,short,0.4343614,Q2,0.008410019249730023,mid_high,True,0.01562003849946
2024-01-16 02:00:00+00:00,2024,2,short,0.46746,Q3,0.007865454592898894,mid_high,True,0.014530909185797702
2024-01-16 03:00:00+00:00,2024,3,short,0.46746,Q3,0.007656859269762488,mid_high,True,0.0141137185395249
2024-01-17 00:00:00+00:00,2024,0,short,0.4597862,Q3,0.00870217335519709,mid_high,True,0.0162043467103941
2024-01-17 01:00:00+00:00,2024,1,short,0.4597862,Q3,0.008818058916510248,mid_high,True,0.0164361178330204
2024-01-18 00:00:00+00:00,2024,0,short,0.46746,Q3,0.006862791377369164,mid_low,True,0.0125255827547383
2024-01-18 01:00:00+00:00,2024,1,short,0.45674953,Q3,0.006916607639224282,mid_low,True,0.0126332152784485
2024-01-19 00:00:00+00:00,2024,0,short,0.45247263,Q3,0.010597939856544267,high_atr,True,0.0199958797130885
2024-01-19 01:00:00+00:00,2024,1,short,0.47195733,Q5_high,0.010681813775856393,high_atr,True,0.0201636275517127
2024-01-20 10:00:00+00:00,2024,10,short,0.47070876,Q4,0.003683491089159975,low_atr,False,-0.0041467928713279
2024-01-20 11:00:00+00:00,2024,11,short,0.47070876,Q4,0.0035458690445271616,low_atr,False,-0.0040366952356217
2024-01-21 04:00:00+00:00,2024,4,short,0.47070876,Q4,0.0029332559998574014,low_atr,True,0.0046665119997148004
2024-01-21 05:00:00+00:00,2024,5,short,0.47070876,Q4,0.002705275450127164,low_atr,False,-0.0033642203601016996
2024-01-22 00:00:00+00:00,2024,0,short,0.47070876,Q4,0.003709414824420622,low_atr,True,0.0062188296488412
2024-01-22 01:00:00+00:00,2024,1,short,0.452825,Q3,0.004275467255263701,low_atr,True,0.0073509345105274
2024-01-23 00:00:00+00:00,2024,0,short,0.48831505,Q5_high,0.012977973688246283,high_atr,True,0.0247559473764925
2024-01-23 01:00:00+00:00,2024,1,short,0.48831505,Q5_high,0.012862451398154924,high_atr,True,0.0245249027963098
2024-01-24 00:00:00+00:00,2024,0,short,0.4322529,Q2,0.009962894110040118,high_atr,True,0.0187257882200802
2024-01-24 02:00:00+00:00,2024,2,short,0.45674953,Q3,0.009846213877723468,high_atr,False,-0.0090769711021787
2024-01-25 00:00:00+00:00,2024,0,short,0.46746,Q3,0.0075650214070150145,mid_high,True,0.01393004281403
2024-01-25 01:00:00+00:00,2024,1,short,0.46746,Q3,0.007546925052853664,mid_high,True,0.0138938501057073
2024-01-25 15:00:00+00:00,2024,15,short,0.47070876,Q4,0.005408802276891623,mid_low,True,0.0096176045537832
2024-01-25 16:00:00+00:00,2024,16,short,0.44319782,Q3,0.005473911478949265,mid_low,False,-0.0055791291831593995
2024-01-26 00:00:00+00:00,2024,0,short,0.46746,Q3,0.0062778154011774315,mid_low,False,-0.0062222523209419
2024-01-26 01:00:00+00:00,2024,1,short,0.46746,Q3,0.0061048715536885425,mid_low,False,-0.0060838972429508
2024-01-27 00:00:00+00:00,2024,0,short,0.498339,Q5_high,0.00843867643196394,mid_high,True,0.0156773528639278
2024-01-27 01:00:00+00:00,2024,1,short,0.4852,Q5_high,0.007552088049828758,mid_high,True,0.0139041760996575
2024-01-28 00:00:00+00:00,2024,0,short,0.47070876,Q4,0.0030993679766915866,low_atr,False,-0.0036794943813532
2024-01-28 01:00:00+00:00,2024,1,short,0.47070876,Q4,0.0033720878117945974,low_atr,False,-0.0038976702494355996
2024-01-29 00:00:00+00:00,2024,0,short,0.4721481,Q5_high,0.0063015745508397695,mid_low,False,-0.006241259640671799
2024-01-29 01:00:00+00:00,2024,1,short,0.4721481,Q5_high,0.006434864433454973,mid_low,True,0.0116697288669099
2024-01-30 00:00:00+00:00,2024,0,short,0.4801261,Q5_high,0.007471641138724988,mid_high,False,-0.0071773129109799
2024-01-30 01:00:00+00:00,2024,1,short,0.4801261,Q5_high,0.007877160642687883,mid_high,True,0.0145543212853757
2024-01-31 00:00:00+00:00,2024,0,short,0.44661772,Q3,0.007726263436654232,mid_high,True,0.014252526873308401
2024-01-31 01:00:00+00:00,2024,1,short,0.42912266,Q2,0.007964694286469145,mid_high,True,0.0147293885729382
2024-02-01 00:00:00+00:00,2024,0,short,0.42135316,Q2,0.009824158018231518,high_atr,True,0.018448316036463
2024-02-01 03:00:00+00:00,2024,3,short,0.41058168,Q2,0.010144190539685563,high_atr,False,-0.0093153524317484
2024-02-02 01:00:00+00:00,2024,1,short,0.46746,Q3,0.008123420850997258,mid_high,True,0.015046841701994499
2024-02-02 03:00:00+00:00,2024,3,short,0.4597862,Q3,0.007551140433578287,mid_high,True,0.0139022808671565
2024-02-03 00:00:00+00:00,2024,0,short,0.46746,Q3,0.006403437029122581,mid_low,True,0.011606874058245101
2024-02-03 01:00:00+00:00,2024,1,short,0.46746,Q3,0.006385508104238211,mid_low,True,0.011571016208476401
2024-02-04 00:00:00+00:00,2024,0,short,0.47070876,Q4,0.0029948933314284556,low_atr,True,0.0047897866628569
2024-02-04 01:00:00+00:00,2024,1,short,0.47070876,Q4,0.0030024476439269175,low_atr,True,0.004804895287853801
2024-02-05 00:00:00+00:00,2024,0,short,0.42135316,Q2,0.005319454041914537,mid_low,False,-0.0054555632335315995
2024-02-05 01:00:00+00:00,2024,1,short,0.42135316,Q2,0.0054710223820814245,mid_low,False,-0.0055768179056651
2024-02-06 04:00:00+00:00,2024,4,short,0.46746,Q3,0.005995220642340061,mid_low,False,-0.005996176513871999
2024-02-06 05:00:00+00:00,2024,5,short,0.4808379,Q5_high,0.005154678780047661,mid_low,False,-0.005323743024038099
2024-02-07 00:00:00+00:00,2024,0,short,0.46746,Q3,0.005259286697531433,mid_low,True,0.0093185733950628
2024-02-07 01:00:00+00:00,2024,1,short,0.46746,Q3,0.005252037368184483,mid_low,True,0.0093040747363689
2024-02-08 00:00:00+00:00,2024,0,short,0.49442697,Q5_high,0.006773099797214869,mid_low,True,0.0123461995944297
2024-02-08 15:00:00+00:00,2024,15,short,0.4995067,Q5_high,0.005286396695738594,mid_low,True,0.0093727933914771
2024-02-08 16:00:00+00:00,2024,16,short,0.46952,Q4,0.005831628688771567,mid_low,False,-0.0058653029510172
2024-02-09 00:00:00+00:00,2024,0,short,0.4801261,Q5_high,0.006817486775467479,mid_low,False,-0.0066539894203739
2024-02-09 01:00:00+00:00,2024,1,short,0.4801261,Q5_high,0.00682071002738463,mid_low,False,-0.0066565680219076995
2024-02-10 01:00:00+00:00,2024,1,short,0.47911686,Q5_high,0.009695884699057312,high_atr,True,0.0181917693981146
2024-02-10 02:00:00+00:00,2024,2,short,0.498339,Q5_high,0.008931780930994357,mid_high,True,0.0166635618619887
2024-02-11 00:00:00+00:00,2024,0,short,0.4801261,Q5_high,0.005733402544280616,mid_low,False,-0.0057867220354244
2024-02-11 01:00:00+00:00,2024,1,short,0.4801261,Q5_high,0.005536539269214601,mid_low,False,-0.005629231415371599
2024-02-12 00:00:00+00:00,2024,0,short,0.4597862,Q3,0.0061293254612312005,mid_low,True,0.0110586509224624
2024-02-12 01:00:00+00:00,2024,1,short,0.4597862,Q3,0.0061116891635644936,mid_low,True,0.0110233783271289
2024-02-13 00:00:00+00:00,2024,0,short,0.4837861,Q5_high,0.00978624866405416,high_atr,True,0.0183724973281083
2024-02-13 01:00:00+00:00,2024,1,short,0.49729854,Q5_high,0.01013278174683867,high_atr,True,0.0190655634936773
2024-02-14 00:00:00+00:00,2024,0,short,0.4837861,Q5_high,0.010180760350504667,high_atr,False,-0.0093446082804037
2024-02-14 01:00:00+00:00,2024,1,short,0.4837861,Q5_high,0.009932900257764747,high_atr,False,-0.009146320206211799
2024-02-15 00:00:00+00:00,2024,0,short,0.48967245,Q5_high,0.008412726911557969,mid_high,True,0.0156254538231159
2024-02-15 02:00:00+00:00,2024,2,short,0.498339,Q5_high,0.00816647435245148,mid_high,True,0.0151329487049029
2024-02-16 02:00:00+00:00,2024,2,short,0.45629025,Q3,0.008947611155740528,mid_high,True,0.016695222311481
2024-02-16 03:00:00+00:00,2024,3,short,0.47615218,Q5_high,0.008894929203513247,mid_high,True,0.0165898584070264
2024-02-17 00:00:00+00:00,2024,0,short,0.46746,Q3,0.006198699389231879,mid_low,True,0.0111973987784637
2024-02-17 01:00:00+00:00,2024,1,short,0.46746,Q3,0.006079492110384567,mid_low,True,0.0109589842207691
2024-02-18 00:00:00+00:00,2024,0,short,0.45674953,Q3,0.006697878956650879,mid_low,True,0.0121957579133017
2024-02-18 01:00:00+00:00,2024,1,short,0.45674953,Q3,0.006977341475943149,mid_low,True,0.0127546829518862
2024-02-19 00:00:00+00:00,2024,0,short,0.46746,Q3,0.005115855993872066,mid_low,True,0.0090317119877441
2024-02-19 04:00:00+00:00,2024,4,short,0.4597862,Q3,0.0048721318823794725,low_atr,True,0.0085442637647589
2024-02-20 00:00:00+00:00,2024,0,short,0.44359666,Q3,0.005700428624235906,mid_low,True,0.010200857248471801
2024-02-20 01:00:00+00:00,2024,1,short,0.44359666,Q3,0.006055387000901649,mid_low,False,-0.006044309600721299
2024-02-21 00:00:00+00:00,2024,0,short,0.4837861,Q5_high,0.00949161076350741,high_atr,True,0.0177832215270148
2024-02-21 02:00:00+00:00,2024,2,short,0.4837861,Q5_high,0.009264090534327253,mid_high,True,0.0173281810686545
2024-02-22 02:00:00+00:00,2024,2,short,0.45674953,Q3,0.008201482394654592,mid_high,True,0.0152029647893091
2024-02-22 15:00:00+00:00,2024,15,short,0.46746,Q3,0.006316233640463759,mid_low,True,0.0114324672809275
2024-02-22 16:00:00+00:00,2024,16,short,0.46746,Q3,0.006444343249400016,mid_low,True,0.0116886864988
2024-02-23 00:00:00+00:00,2024,0,short,0.46746,Q3,0.007164986715319388,mid_high,True,0.0131299734306387
2024-02-23 01:00:00+00:00,2024,1,short,0.46746,Q3,0.007277987163761146,mid_high,True,0.0133559743275222
2024-02-24 00:00:00+00:00,2024,0,short,0.41677123,Q2,0.005395173789154597,mid_low,True,0.009590347578309101
2024-02-24 01:00:00+00:00,2024,1,short,0.41677123,Q2,0.0056743707938615275,mid_low,False,-0.005739496635089199
2024-02-25 01:00:00+00:00,2024,1,short,0.47070876,Q4,0.00352676396204089,low_atr,True,0.0058535279240817
2024-02-25 03:00:00+00:00,2024,3,short,0.47070876,Q4,0.003960264329217892,low_atr,True,0.0067205286584357
2024-02-26 00:00:00+00:00,2024,0,short,0.47070876,Q4,0.0040014749181061385,low_atr,True,0.006802949836212201
2024-02-26 01:00:00+00:00,2024,1,short,0.47070876,Q4,0.004128076885848027,low_atr,True,0.0070561537716959995
2024-02-27 00:00:00+00:00,2024,0,short,0.3844113,Q1_low,0.009231706331109058,mid_high,False,-0.0085853650648872
2024-02-27 01:00:00+00:00,2024,1,short,0.3746338,Q1_low,0.010504555221996408,high_atr,False,-0.0096036441775971
2024-02-28 00:00:00+00:00,2024,0,short,0.35548177,Q1_low,0.010112214675035635,high_atr,False,-0.009289771740028499
2024-02-28 01:00:00+00:00,2024,1,short,0.35548177,Q1_low,0.010257155580521784,high_atr,False,-0.0094057244644174
2024-02-29 05:00:00+00:00,2024,5,short,0.35525373,Q1_low,0.022705335941012848,high_atr,True,0.0442106718820256
2024-02-29 06:00:00+00:00,2024,6,short,0.35525373,Q1_low,0.02199722774664015,high_atr,True,0.0427944554932803
2024-03-01 08:00:00+00:00,2024,8,short,0.4625324,Q3,0.01051514313372977,high_atr,True,0.0198302862674595
2024-03-01 09:00:00+00:00,2024,9,short,0.49729854,Q5_high,0.009733677506719662,high_atr,True,0.0182673550134393
2024-03-02 00:00:00+00:00,2024,0,short,0.49729854,Q5_high,0.009514136240296279,high_atr,True,0.0178282724805925
2024-03-02 02:00:00+00:00,2024,2,short,0.49729854,Q5_high,0.00911213987042228,mid_high,True,0.0170242797408445
2024-03-03 00:00:00+00:00,2024,0,short,0.46746,Q3,0.004692863731035858,low_atr,True,0.0081857274620717
2024-03-03 01:00:00+00:00,2024,1,short,0.46746,Q3,0.004630618642151703,low_atr,True,0.008061237284303401
2024-03-04 00:00:00+00:00,2024,0,short,0.49729854,Q5_high,0.008538785530500002,mid_high,False,-0.0080310284244
2024-03-04 01:00:00+00:00,2024,1,short,0.49729854,Q5_high,0.008966370801854447,mid_high,False,-0.0083730966414835
2024-03-05 00:00:00+00:00,2024,0,short,0.3487869,Q1_low,0.013350878072382978,high_atr,True,0.0255017561447659
2024-03-05 01:00:00+00:00,2024,1,short,0.3487869,Q1_low,0.01362366783272194,high_atr,True,0.0260473356654438
2024-03-06 00:00:00+00:00,2024,0,short,0.39993736,Q1_low,0.02863849606766167,high_atr,False,-0.0241107968541293
2024-03-06 01:00:00+00:00,2024,1,short,0.39993736,Q1_low,0.02908282819144125,high_atr,False,-0.024466262553152998
2024-03-07 02:00:00+00:00,2024,2,short,0.46849054,Q4,0.012846415742715042,high_atr,False,-0.011477132594171999
2024-03-07 15:00:00+00:00,2024,15,short,0.47436613,Q5_high,0.009441031433957471,high_atr,True,0.0176820628679149
2024-03-07 16:00:00+00:00,2024,16,short,0.47436613,Q5_high,0.009291775775965143,mid_high,True,0.0173835515519302
2024-03-08 02:00:00+00:00,2024,2,short,0.4773583,Q5_high,0.008565062345003998,mid_high,False,-0.0080520498760031
2024-03-08 03:00:00+00:00,2024,3,short,0.4773583,Q5_high,0.008401211120941467,mid_high,False,-0.0079209688967531
2024-03-09 06:00:00+00:00,2024,6,short,0.4773583,Q5_high,0.007773921833376056,mid_high,True,0.0143478436667521
2024-03-09 08:00:00+00:00,2024,8,short,0.46983433,Q4,0.0062946083140065934,mid_low,True,0.0113892166280131
2024-03-10 00:00:00+00:00,2024,0,short,0.4597862,Q3,0.003331771788304604,low_atr,False,-0.0038654174306436
2024-03-10 01:00:00+00:00,2024,1,short,0.4597862,Q3,0.004075781873599314,low_atr,True,0.006951563747198601
2024-03-11 00:00:00+00:00,2024,0,short,0.4446983,Q3,0.009182803538334497,mid_high,True,0.0171656070766689
2024-03-11 01:00:00+00:00,2024,1,short,0.4446983,Q3,0.009518898943389349,high_atr,False,-0.0088151191547114
2024-03-12 00:00:00+00:00,2024,0,short,0.3428453,Q1_low,0.009468187761309312,high_atr,True,0.0177363755226186
2024-03-12 01:00:00+00:00,2024,1,short,0.34467977,Q1_low,0.008986354921725661,mid_high,True,0.0167727098434513
2024-03-13 00:00:00+00:00,2024,0,short,0.46849054,Q4,0.014111750771683279,high_atr,False,-0.0124894006173466
2024-03-13 06:00:00+00:00,2024,6,short,0.45249864,Q3,0.009417136012455437,high_atr,True,0.017634272024910802
2024-03-14 00:00:00+00:00,2024,0,short,0.4625324,Q3,0.008665784832451517,mid_high,True,0.016131569664903
2024-03-14 01:00:00+00:00,2024,1,short,0.4625324,Q3,0.008702829704014755,mid_high,True,0.0162056594080295
2024-03-15 00:00:00+00:00,2024,0,short,0.46109596,Q3,0.016465163548016335,high_atr,True,0.0317303270960326
2024-03-15 01:00:00+00:00,2024,1,short,0.46109596,Q3,0.01658348276549112,high_atr,True,0.0319669655309822
2024-03-16 00:00:00+00:00,2024,0,short,0.4391352,Q3,0.01558466529775308,high_atr,True,0.0299693305955061
2024-03-16 01:00:00+00:00,2024,1,short,0.4391352,Q3,0.01532544668870544,high_atr,True,0.0294508933774108
2024-03-17 00:00:00+00:00,2024,0,short,0.41343433,Q2,0.013669755651941345,high_atr,False,-0.012135804521553
2024-03-17 01:00:00+00:00,2024,1,short,0.41570732,Q2,0.013578560306473671,high_atr,True,0.0259571206129473
2024-03-18 00:00:00+00:00,2024,0,short,0.46849054,Q4,0.010772055642365946,high_atr,False,-0.0098176445138927
2024-03-18 02:00:00+00:00,2024,2,short,0.46849054,Q4,0.01096861850870768,high_atr,True,0.0207372370174153
2024-03-19 00:00:00+00:00,2024,0,short,0.46849054,Q4,0.011732804173706153,high_atr,True,0.0222656083474123
2024-03-19 01:00:00+00:00,2024,1,short,0.4408915,Q3,0.012927989261505225,high_atr,True,0.0246559785230104
2024-03-20 00:00:00+00:00,2024,0,short,0.43590268,Q2,0.017152067397392015,high_atr,True,0.033104134794784
2024-03-20 01:00:00+00:00,2024,1,short,0.42860767,Q2,0.017939720926741613,high_atr,True,0.0346794418534832
2024-03-21 00:00:00+00:00,2024,0,short,0.34783894,Q1_low,0.017675501515805662,high_atr,True,0.0341510030316113
2024-03-21 01:00:00+00:00,2024,1,short,0.34783894,Q1_low,0.016920474307767632,high_atr,True,0.0326409486155352
2024-03-21 15:00:00+00:00,2024,15,short,0.4722711,Q5_high,0.010606673541948362,high_atr,True,0.0200133470838967
2024-03-21 16:00:00+00:00,2024,16,short,0.46849054,Q4,0.010802534768000676,high_atr,True,0.0204050695360013
2024-03-22 00:00:00+00:00,2024,0,short,0.44000193,Q3,0.012156042026736,high_atr,True,0.023112084053472
2024-03-22 01:00:00+00:00,2024,1,short,0.42235392,Q2,0.012520093463874653,high_atr,True,0.0238401869277493
2024-03-23 01:00:00+00:00,2024,1,short,0.46849054,Q4,0.013927431752499999,high_atr,True,0.0266548635049999
2024-03-23 02:00:00+00:00,2024,2,short,0.46849054,Q4,0.013845736251077706,high_atr,True,0.0264914725021554
2024-03-24 00:00:00+00:00,2024,0,short,0.4773583,Q5_high,0.009196175488519172,mid_high,True,0.0171923509770383
2024-03-24 01:00:00+00:00,2024,1,short,0.4773583,Q5_high,0.00915045705782314,mid_high,True,0.0171009141156462
2024-03-25 01:00:00+00:00,2024,1,short,0.47436613,Q5_high,0.00962731380756009,high_atr,False,-0.008901851046048
2024-03-25 02:00:00+00:00,2024,2,short,0.47436613,Q5_high,0.009414062274250956,high_atr,False,-0.0087312498194007
2024-03-26 00:00:00+00:00,2024,0,short,0.33958736,Q1_low,0.011596079084885663,high_atr,False,-0.0104768632679085
2024-03-26 02:00:00+00:00,2024,2,short,0.34424484,Q1_low,0.01179100704871976,high_atr,True,0.0223820140974395
2024-03-27 00:00:00+00:00,2024,0,short,0.43117628,Q2,0.010175071514489884,high_atr,True,0.019150143028979702
2024-03-27 01:00:00+00:00,2024,1,short,0.46849054,Q4,0.010466794921935639,high_atr,True,0.0197335898438712
2024-03-28 00:00:00+00:00,2024,0,short,0.46849054,Q4,0.011886925355012175,high_atr,True,0.0225738507100243
2024-03-28 01:00:00+00:00,2024,1,short,0.46849054,Q4,0.01202093875830422,high_atr,False,-0.0108167510066433
2024-03-29 00:00:00+00:00,2024,0,short,0.4773583,Q5_high,0.007231172103893794,mid_high,True,0.0132623442077875
2024-03-29 01:00:00+00:00,2024,1,short,0.46388772,Q3,0.007030452184939391,mid_low,True,0.0128609043698787
2024-03-30 08:00:00+00:00,2024,8,short,0.46746,Q3,0.004107750523107843,low_atr,True,0.007015501046215601
2024-03-30 09:00:00+00:00,2024,9,short,0.46746,Q3,0.0040600261270341475,low_atr,True,0.0069200522540682
2024-03-31 00:00:00+00:00,2024,0,short,0.45674953,Q3,0.003358870048371152,low_atr,False,-0.0038870960386969003
2024-03-31 01:00:00+00:00,2024,1,short,0.46746,Q3,0.003460361345772607,low_atr,True,0.005720722691545201
2024-04-01 00:00:00+00:00,2024,0,short,0.4801261,Q5_high,0.005129365209719948,mid_low,True,0.0090587304194398
2024-04-01 01:00:00+00:00,2024,1,short,0.4801261,Q5_high,0.005364314926550119,mid_low,True,0.0095286298531002
2024-04-02 00:00:00+00:00,2024,0,short,0.49729854,Q5_high,0.008474258799526851,mid_high,True,0.0157485175990537
2024-04-02 01:00:00+00:00,2024,1,short,0.49729854,Q5_high,0.008469408475601145,mid_high,True,0.0157388169512022
2024-04-03 03:00:00+00:00,2024,3,short,0.48113766,Q5_high,0.011128040168585237,high_atr,True,0.0210560803371704
2024-04-03 04:00:00+00:00,2024,4,short,0.48492718,Q5_high,0.010398468378223436,high_atr,True,0.0195969367564468
2024-04-04 00:00:00+00:00,2024,0,short,0.49729854,Q5_high,0.008885273631304778,mid_high,True,0.0165705472626095
2024-04-04 01:00:00+00:00,2024,1,short,0.49729854,Q5_high,0.008458913724219834,mid_high,True,0.0157178274484396
2024-04-04 16:00:00+00:00,2024,16,short,0.4837861,Q5_high,0.007030483197429623,mid_low,False,-0.006824386557943599
2024-04-04 17:00:00+00:00,2024,17,short,0.44420975,Q3,0.007884103103385167,mid_high,True,0.014568206206770299
2024-04-05 00:00:00+00:00,2024,0,short,0.36656576,Q1_low,0.010470065402377557,high_atr,True,0.0197401308047551
2024-04-05 01:00:00+00:00,2024,1,short,0.36177292,Q1_low,0.011009218726160983,high_atr,True,0.0208184374523219
2024-04-06 05:00:00+00:00,2024,5,short,0.4597542,Q3,0.006402988663364826,mid_low,True,0.0116059773267296
2024-04-06 06:00:00+00:00,2024,6,short,0.4597862,Q3,0.005939708985930854,mid_low,True,0.0106794179718617
2024-04-07 00:00:00+00:00,2024,0,short,0.4801261,Q5_high,0.005409464466847428,mid_low,False,-0.0055275715734779
2024-04-07 03:00:00+00:00,2024,3,short,0.498339,Q5_high,0.006107987263456603,mid_low,True,0.0110159745269132
2024-04-08 00:00:00+00:00,2024,0,short,0.45629025,Q3,0.006625183566528979,mid_low,False,-0.0065001468532231
2024-04-08 01:00:00+00:00,2024,1,short,0.46388772,Q3,0.007001960277388184,mid_low,False,-0.0068015682219104995
2024-04-09 00:00:00+00:00,2024,0,short,0.45287988,Q3,0.00667832657058907,mid_low,True,0.0121566531411781
2024-04-09 01:00:00+00:00,2024,1,short,0.45287988,Q3,0.006846540934422651,mid_low,True,0.012493081868845301
2024-04-10 00:00:00+00:00,2024,0,short,0.48831505,Q5_high,0.008777251521484581,mid_high,True,0.0163545030429691
2024-04-10 01:00:00+00:00,2024,1,short,0.47716758,Q5_high,0.009108658717394214,mid_high,True,0.0170173174347884
2024-04-11 00:00:00+00:00,2024,0,short,0.44909313,Q3,0.010498194346604497,high_atr,True,0.0197963886932089
2024-04-11 01:00:00+00:00,2024,1,short,0.44909313,Q3,0.010517197636763958,high_atr,True,0.0198343952735279
2024-04-12 01:00:00+00:00,2024,1,short,0.4773583,Q5_high,0.008177356291463897,mid_high,True,0.0151547125829277
2024-04-12 02:00:00+00:00,2024,2,short,0.49729854,Q5_high,0.007501510812160052,mid_high,True,0.0138030216243201
2024-04-13 00:00:00+00:00,2024,0,short,0.4220883,Q2,0.01361972679898228,high_atr,True,0.0260394535979645
2024-04-13 01:00:00+00:00,2024,1,short,0.41343433,Q2,0.014906670254980436,high_atr,False,-0.0131253362039843
2024-04-14 00:00:00+00:00,2024,0,short,0.39993736,Q1_low,0.023235173311253625,high_atr,True,0.0452703466225072
2024-04-14 01:00:00+00:00,2024,1,short,0.40850556,Q2,0.023558832362842532,high_atr,True,0.045917664725685
2024-04-15 00:00:00+00:00,2024,0,short,0.4391352,Q3,0.013272025282750406,high_atr,True,0.0253440505655008
2024-04-15 02:00:00+00:00,2024,2,short,0.48113766,Q5_high,0.012903847301657551,high_atr,False,-0.011523077841326
2024-04-16 00:00:00+00:00,2024,0,short,0.45347366,Q3,0.014791061432321433,high_atr,True,0.0283821228646428
2024-04-16 01:00:00+00:00,2024,1,short,0.45347366,Q3,0.014747560898043126,high_atr,True,0.0282951217960862
2024-04-17 00:00:00+00:00,2024,0,short,0.44909313,Q3,0.012317518757396319,high_atr,True,0.0234350375147926
2024-04-17 01:00:00+00:00,2024,1,short,0.44909313,Q3,0.011797700511014931,high_atr,True,0.0223954010220298
2024-04-18 01:00:00+00:00,2024,1,short,0.46849054,Q4,0.01535630765150375,high_atr,True,0.0295126153030074
2024-04-18 02:00:00+00:00,2024,2,short,0.46849054,Q4,0.015009636537076326,high_atr,True,0.0288192730741526
2024-04-18 15:00:00+00:00,2024,15,short,0.40769008,Q1_low,0.0117474421472909,high_atr,True,0.0222948842945818
2024-04-18 16:00:00+00:00,2024,16,short,0.40769008,Q1_low,0.011872778402699664,high_atr,True,0.0225455568053993
2024-04-19 00:00:00+00:00,2024,0,short,0.46849054,Q4,0.01265174217667434,high_atr,True,0.024103484353348602
2024-04-19 01:00:00+00:00,2024,1,short,0.4408915,Q3,0.014081381733021077,high_atr,True,0.0269627634660421
2024-04-20 04:00:00+00:00,2024,4,short,0.4625324,Q3,0.009912550087583632,high_atr,True,0.0186251001751672
2024-04-20 05:00:00+00:00,2024,5,short,0.4625324,Q3,0.009772303033300766,high_atr,True,0.0183446060666015
2024-04-21 00:00:00+00:00,2024,0,short,0.46983433,Q4,0.006647728539185782,mid_low,False,-0.006518182831348599
2024-04-21 02:00:00+00:00,2024,2,short,0.46980226,Q4,0.0067090504444869015,mid_low,True,0.0122181008889738
2024-04-22 00:00:00+00:00,2024,0,short,0.46746,Q3,0.006567967319154647,mid_low,True,0.011935934638309201
2024-04-22 01:00:00+00:00,2024,1,short,0.46395582,Q3,0.007235211909819666,mid_high,False,-0.0069881695278557
2024-04-23 00:00:00+00:00,2024,0,short,0.4837861,Q5_high,0.007073298051961599,mid_high,True,0.0129465961039231
2024-04-23 01:00:00+00:00,2024,1,short,0.4837861,Q5_high,0.007102081790433928,mid_high,True,0.013004163580867801
2024-04-24 00:00:00+00:00,2024,0,short,0.4597862,Q3,0.006231846263140395,mid_low,True,0.0112636925262807
2024-04-24 01:00:00+00:00,2024,1,short,0.4597862,Q3,0.006043890971385067,mid_low,True,0.0108877819427701
2024-04-25 00:00:00+00:00,2024,0,short,0.46177188,Q3,0.0096477699848878,high_atr,True,0.0180955399697756
2024-04-25 01:00:00+00:00,2024,1,short,0.45350456,Q3,0.010105894973391257,high_atr,True,0.0190117899467825
2024-04-26 01:00:00+00:00,2024,1,short,0.49729854,Q5_high,0.009304211967678428,mid_high,True,0.0174084239353568
2024-04-26 03:00:00+00:00,2024,3,short,0.4837861,Q5_high,0.007802020741018275,mid_high,True,0.0144040414820365
2024-04-27 00:00:00+00:00,2024,0,short,0.4594412,Q3,0.008367747961192017,mid_high,True,0.015535495922383999
2024-04-27 08:00:00+00:00,2024,8,short,0.42919344,Q2,0.0068493305998444795,mid_low,True,0.0124986611996889
2024-04-28 00:00:00+00:00,2024,0,short,0.46746,Q3,0.006038759952916665,mid_low,True,0.010877519905833301
2024-04-28 01:00:00+00:00,2024,1,short,0.46746,Q3,0.005940311259860167,mid_low,False,-0.0059522490078881
2024-04-29 00:00:00+00:00,2024,0,short,0.44359666,Q3,0.005203744020619777,mid_low,True,0.009207488041239501
2024-04-29 01:00:00+00:00,2024,1,short,0.44359666,Q3,0.005160441841782035,mid_low,True,0.009120883683564
2024-04-30 00:00:00+00:00,2024,0,short,0.49729854,Q5_high,0.008960280448790646,mid_high,True,0.0167205608975812
2024-04-30 01:00:00+00:00,2024,1,short,0.4950979,Q5_high,0.010036111757711498,high_atr,True,0.0188722235154229
2024-05-01 00:00:00+00:00,2024,0,short,0.43590268,Q2,0.012371643222961437,high_atr,True,0.0235432864459228
2024-05-01 01:00:00+00:00,2024,1,short,0.43590268,Q2,0.012152242223976649,high_atr,True,0.0231044844479532
2024-05-02 00:00:00+00:00,2024,0,short,0.46340364,Q3,0.016607098010542977,high_atr,True,0.0320141960210859
2024-05-02 01:00:00+00:00,2024,1,short,0.44841227,Q3,0.01738582382438585,high_atr,False,-0.0151086590595086
2024-05-02 15:00:00+00:00,2024,15,short,0.43090332,Q2,0.008352449465757259,mid_high,True,0.0155048989315145
2024-05-02 16:00:00+00:00,2024,16,short,0.47278216,Q5_high,0.008198716278330855,mid_high,True,0.0151974325566617
2024-05-03 00:00:00+00:00,2024,0,short,0.49729854,Q5_high,0.009996499252156957,high_atr,False,-0.0091971994017255
2024-05-03 01:00:00+00:00,2024,1,short,0.49729854,Q5_high,0.009424844142174704,high_atr,True,0.017649688284349402
2024-05-04 00:00:00+00:00,2024,0,short,0.34563753,Q1_low,0.011671084167265453,high_atr,False,-0.010536867333812299
2024-05-04 01:00:00+00:00,2024,1,short,0.34563753,Q1_low,0.011917020576607002,high_atr,False,-0.0107336164612856
2024-05-05 00:00:00+00:00,2024,0,short,0.45287988,Q3,0.00776252460565134,mid_high,True,0.0143250492113026
2024-05-05 01:00:00+00:00,2024,1,short,0.45287988,Q3,0.007534164631310932,mid_high,False,-0.0072273317050487
2024-05-06 00:00:00+00:00,2024,0,short,0.4597862,Q3,0.005917946679386132,mid_low,True,0.0106358933587722
2024-05-06 01:00:00+00:00,2024,1,short,0.4597862,Q3,0.006028637700355734,mid_low,True,0.010857275400711401
2024-05-07 00:00:00+00:00,2024,0,short,0.4773583,Q5_high,0.009283064584334264,mid_high,True,0.0173661291686685
2024-05-07 01:00:00+00:00,2024,1,short,0.49729854,Q5_high,0.009398858281041627,high_atr,True,0.0175977165620832
2024-05-08 00:00:00+00:00,2024,0,short,0.44845062,Q3,0.008696644914398997,mid_high,True,0.0161932898287979
2024-05-08 01:00:00+00:00,2024,1,short,0.4772436,Q5_high,0.008157586947860911,mid_high,True,0.015115173895721801
2024-05-09 00:00:00+00:00,2024,0,short,0.4748162,Q5_high,0.008225100465506287,mid_high,True,0.015250200931012502
2024-05-09 02:00:00+00:00,2024,2,short,0.4748162,Q5_high,0.007804227653131434,mid_high,True,0.0144084553062628
2024-05-10 02:00:00+00:00,2024,2,short,0.49729854,Q5_high,0.008187297669185373,mid_high,True,0.015174595338370702
2024-05-10 03:00:00+00:00,2024,3,short,0.4837861,Q5_high,0.007600758814976371,mid_high,True,0.014001517629952701
2024-05-11 05:00:00+00:00,2024,5,short,0.42919344,Q2,0.006783770837819569,mid_low,True,0.0123675416756391
2024-05-11 06:00:00+00:00,2024,6,short,0.42919344,Q2,0.005754695789558105,mid_low,True,0.0103093915791162
2024-05-12 00:00:00+00:00,2024,0,short,0.45674953,Q3,0.004742381170351417,low_atr,True,0.0082847623407028
2024-05-12 01:00:00+00:00,2024,1,short,0.45674953,Q3,0.0046310634633911635,low_atr,True,0.0080621269267823
2024-05-13 00:00:00+00:00,2024,0,short,0.46746,Q3,0.004808442952496201,low_atr,True,0.008416885904992401
2024-05-13 01:00:00+00:00,2024,1,short,0.46746,Q3,0.005095076764132375,mid_low,True,0.0089901535282647
2024-05-14 00:00:00+00:00,2024,0,short,0.4848256,Q5_high,0.0060655838768552345,mid_low,True,0.0109311677537104
2024-05-14 01:00:00+00:00,2024,1,short,0.4848256,Q5_high,0.006269858124400787,mid_low,True,0.0113397162488015
2024-05-15 00:00:00+00:00,2024,0,short,0.46591094,Q3,0.00744767760490764,mid_high,False,-0.0071581420839261
2024-05-15 01:00:00+00:00,2024,1,short,0.48385447,Q5_high,0.007557550032906244,mid_high,False,-0.007246040026324899
2024-05-16 15:00:00+00:00,2024,15,short,0.44942734,Q3,0.006658044592637422,mid_low,True,0.0121160891852748
2024-05-16 16:00:00+00:00,2024,16,short,0.42352217,Q2,0.007142835210117862,mid_high,True,0.013085670420235701
2024-05-17 00:00:00+00:00,2024,0,short,0.4663089,Q3,0.007998978937309408,mid_high,False,-0.0075991831498475
2024-05-17 01:00:00+00:00,2024,1,short,0.4663089,Q3,0.007807260645220598,mid_high,False,-0.007445808516176399
2024-05-18 02:00:00+00:00,2024,2,short,0.4786049,Q5_high,0.006638678583070692,mid_low,True,0.0120773571661413
2024-05-18 03:00:00+00:00,2024,3,short,0.4801261,Q5_high,0.006103977031472858,mid_low,True,0.011007954062945701
2024-05-19 00:00:00+00:00,2024,0,short,0.4597862,Q3,0.003665254603835318,low_atr,False,-0.0041322036830682
2024-05-19 01:00:00+00:00,2024,1,short,0.46746,Q3,0.0034810937560063103,low_atr,False,-0.003984875004805
2024-05-20 00:00:00+00:00,2024,0,short,0.43899113,Q3,0.005698789016742508,mid_low,True,0.010197578033485
2024-05-20 01:00:00+00:00,2024,1,short,0.4343614,Q2,0.005794078090826674,mid_low,False,-0.0058352624726613
2024-05-21 02:00:00+00:00,2024,2,short,0.36478743,Q1_low,0.011911222819831816,high_atr,True,0.0226224456396636
2024-05-21 03:00:00+00:00,2024,3,short,0.36459166,Q1_low,0.011766559189018455,high_atr,True,0.0223331183780369
2024-05-22 00:00:00+00:00,2024,0,short,0.4663089,Q3,0.007637984293220394,mid_high,True,0.014075968586440701
2024-05-22 01:00:00+00:00,2024,1,short,0.4663089,Q3,0.007361416361416365,mid_high,True,0.0135228327228327
2024-05-23 00:00:00+00:00,2024,0,short,0.4773583,Q5_high,0.008368253694368796,mid_high,True,0.015536507388737502
2024-05-23 01:00:00+00:00,2024,1,short,0.4773583,Q5_high,0.0081682435440898,mid_high,True,0.0151364870881796
2024-05-24 00:00:00+00:00,2024,0,short,0.45347366,Q3,0.012264827665174205,high_atr,True,0.0233296553303484
2024-05-24 01:00:00+00:00,2024,1,short,0.45347366,Q3,0.011956888160561938,high_atr,True,0.0227137763211238
2024-05-25 00:00:00+00:00,2024,0,short,0.46746,Q3,0.006287348846378173,mid_low,False,-0.0062298790771024995
2024-05-25 05:00:00+00:00,2024,5,short,0.4597862,Q3,0.00441606729055401,low_atr,False,-0.0047328538324432
2024-05-26 02:00:00+00:00,2024,2,short,0.47070876,Q4,0.003068962851393354,low_atr,False,-0.0036551702811145996
2024-05-26 03:00:00+00:00,2024,3,short,0.47070876,Q4,0.0029523269190848823,low_atr,False,-0.0035618615352679
2024-05-27 00:00:00+00:00,2024,0,short,0.43899113,Q3,0.004112888919320182,low_atr,True,0.0070257778386403
2024-05-27 01:00:00+00:00,2024,1,short,0.45674953,Q3,0.004512604774434932,low_atr,True,0.0078252095488698
2024-05-28 00:00:00+00:00,2024,0,short,0.4837861,Q5_high,0.00725614304320838,mid_high,True,0.0133122860864167
2024-05-28 01:00:00+00:00,2024,1,short,0.4594412,Q3,0.008007836239004891,mid_high,True,0.0148156724780097
2024-05-29 00:00:00+00:00,2024,0,short,0.49729854,Q5_high,0.007880643458728237,mid_high,True,0.014561286917456399
2024-05-29 01:00:00+00:00,2024,1,short,0.49729854,Q5_high,0.007875402880373406,mid_high,True,0.014550805760746799
2024-05-30 00:00:00+00:00,2024,0,short,0.41677123,Q2,0.006352389445332157,mid_low,False,-0.0062819115562657
2024-05-30 01:00:00+00:00,2024,1,short,0.47622606,Q5_high,0.006466438491449374,mid_low,True,0.0117328769828987
2024-05-30 15:00:00+00:00,2024,15,short,0.48385447,Q5_high,0.006700283020754859,mid_low,False,-0.0065602264166038
2024-05-30 16:00:00+00:00,2024,16,short,0.48385447,Q5_high,0.006590101408881691,mid_low,True,0.0119802028177633
2024-05-31 00:00:00+00:00,2024,0,short,0.4837861,Q5_high,0.006968310544899812,mid_low,True,0.0127366210897996
2024-05-31 01:00:00+00:00,2024,1,short,0.46388772,Q3,0.007000688417890502,mid_low,True,0.012801376835781
2024-06-01 14:00:00+00:00,2024,14,short,0.45563745,Q3,0.0024554226188633708,low_atr,True,0.0037108452377267002
2024-06-01 16:00:00+00:00,2024,16,short,0.45563745,Q3,0.002268020582901002,low_atr,True,0.0033360411658020003
2024-06-02 00:00:00+00:00,2024,0,short,0.49056244,Q5_high,0.0022304734198236665,low_atr,True,0.0032609468396473003
2024-06-02 01:00:00+00:00,2024,1,short,0.47070876,Q4,0.0023818304427538676,low_atr,True,0.0035636608855077
2024-06-03 00:00:00+00:00,2024,0,short,0.46746,Q3,0.005338334120626785,mid_low,False,-0.0054706672965014
2024-06-03 01:00:00+00:00,2024,1,short,0.46746,Q3,0.005219321151546767,mid_low,False,-0.0053754569212373995
2024-06-04 01:00:00+00:00,2024,1,short,0.4773583,Q5_high,0.008366622368375194,mid_high,True,0.015533244736750301
2024-06-04 03:00:00+00:00,2024,3,short,0.46388772,Q3,0.007309033953166602,mid_high,True,0.0134180679063332
2024-06-05 02:00:00+00:00,2024,2,short,0.49729854,Q5_high,0.008025073114131009,mid_high,True,0.014850146228262001
2024-06-05 03:00:00+00:00,2024,3,short,0.49729854,Q5_high,0.007360481167422612,mid_high,True,0.013520962334845201
2024-06-06 05:00:00+00:00,2024,5,short,0.4644644,Q3,0.004957413104066102,low_atr,False,-0.0051659304832528
2024-06-06 06:00:00+00:00,2024,6,short,0.4644644,Q3,0.004683804432586415,low_atr,False,-0.0049470435460691
2024-06-07 00:00:00+00:00,2024,0,short,0.46746,Q3,0.005722999070253106,mid_low,False,-0.0057783992562024
2024-06-07 01:00:00+00:00,2024,1,short,0.46746,Q3,0.005687375274647754,mid_low,False,-0.0057499002197182
2024-06-08 07:00:00+00:00,2024,7,short,0.42919344,Q2,0.004740835748916198,low_atr,True,0.0082816714978323
2024-06-08 08:00:00+00:00,2024,8,short,0.42919344,Q2,0.0033924548825914154,low_atr,True,0.005584909765182801
2024-06-09 00:00:00+00:00,2024,0,short,0.40318713,Q1_low,0.0020200885611441725,low_atr,True,0.0028401771222883003
2024-06-09 01:00:00+00:00,2024,1,short,0.40525505,Q1_low,0.0019310394575488652,low_atr,True,0.0026620789150977
2024-06-10 00:00:00+00:00,2024,0,short,0.46746,Q3,0.0032155126213898786,low_atr,True,0.0052310252427797
2024-06-10 01:00:00+00:00,2024,1,short,0.46746,Q3,0.0033029705504868424,low_atr,True,0.0054059411009736
2024-06-11 00:00:00+00:00,2024,0,short,0.46746,Q3,0.004471986016764917,low_atr,True,0.0077439720335298005
2024-06-11 01:00:00+00:00,2024,1,short,0.44359666,Q3,0.005413144667655066,mid_low,True,0.0096262893353101
2024-06-12 00:00:00+00:00,2024,0,short,0.47852755,Q5_high,0.007046944064376745,mid_low,False,-0.006837555251501299
2024-06-12 01:00:00+00:00,2024,1,short,0.47852755,Q5_high,0.007019663008547904,mid_low,False,-0.0068157304068383
2024-06-13 00:00:00+00:00,2024,0,short,0.46849054,Q4,0.0108089405143451,high_atr,True,0.020417881028690202
2024-06-13 01:00:00+00:00,2024,1,short,0.46849054,Q4,0.011056265542866069,high_atr,True,0.0209125310857321
2024-06-13 16:00:00+00:00,2024,16,short,0.4594412,Q3,0.009095376152784088,mid_high,True,0.0169907523055681
2024-06-13 21:00:00+00:00,2024,21,short,0.49357936,Q5_high,0.008378301830858742,mid_high,True,0.015556603661717402
2024-06-14 02:00:00+00:00,2024,2,short,0.48385447,Q5_high,0.006767895443446136,mid_low,True,0.0123357908868922
2024-06-14 03:00:00+00:00,2024,3,short,0.42919344,Q2,0.006306288374971843,mid_low,True,0.011412576749943601
2024-06-15 08:00:00+00:00,2024,8,short,0.4322529,Q2,0.004421437933763014,low_atr,True,0.007642875867526001
2024-06-15 09:00:00+00:00,2024,9,short,0.4322529,Q2,0.004217822264898191,low_atr,True,0.0072356445297963
2024-06-16 00:00:00+00:00,2024,0,short,0.45563745,Q3,0.0024041186686881554,low_atr,True,0.0036082373373763
2024-06-16 01:00:00+00:00,2024,1,short,0.49056244,Q5_high,0.0024359715395958215,low_atr,True,0.0036719430791916008
2024-06-17 00:00:00+00:00,2024,0,short,0.46746,Q3,0.0033607070157535904,low_atr,True,0.0055214140315071
2024-06-17 01:00:00+00:00,2024,1,short,0.46746,Q3,0.003415564422665815,low_atr,True,0.005631128845331601
2024-06-18 00:00:00+00:00,2024,0,short,0.4793194,Q5_high,0.008776583548263519,mid_high,True,0.016353167096527
2024-06-18 01:00:00+00:00,2024,1,short,0.4446983,Q3,0.010081812209337813,high_atr,True,0.0189636244186756
2024-06-19 02:00:00+00:00,2024,2,short,0.49729854,Q5_high,0.008937567952467718,mid_high,True,0.0166751359049354
2024-06-19 03:00:00+00:00,2024,3,short,0.49729854,Q5_high,0.00861638533545056,mid_high,True,0.0160327706709011
2024-06-20 00:00:00+00:00,2024,0,short,0.45674953,Q3,0.004475455965825512,low_atr,False,-0.0047803647726604
2024-06-20 01:00:00+00:00,2024,1,short,0.45674953,Q3,0.004260279161292299,low_atr,False,-0.0046082233290338
2024-06-21 00:00:00+00:00,2024,0,short,0.42135316,Q2,0.005523584398271164,mid_low,True,0.0098471687965423
2024-06-21 01:00:00+00:00,2024,1,short,0.43899113,Q3,0.005482865632512287,mid_low,True,0.0097657312650245
2024-06-22 05:00:00+00:00,2024,5,short,0.46746,Q3,0.003991573148373273,low_atr,True,0.006783146296746501
2024-06-22 06:00:00+00:00,2024,6,short,0.46746,Q3,0.003867923126053902,low_atr,True,0.0065358462521078005
2024-06-23 02:00:00+00:00,2024,2,short,0.47070876,Q4,0.0016590969514356743,low_atr,True,0.0021181939028713003
2024-06-23 03:00:00+00:00,2024,3,short,0.47070876,Q4,0.0017101412619280722,low_atr,True,0.0022202825238561005
2024-06-24 00:00:00+00:00,2024,0,short,0.41058168,Q2,0.0038912061753626627,low_atr,True,0.0065824123507253005
2024-06-24 01:00:00+00:00,2024,1,short,0.42135316,Q2,0.004256210966675532,low_atr,True,0.007312421933351
2024-06-25 02:00:00+00:00,2024,2,short,0.45317832,Q3,0.011659615366494857,high_atr,False,-0.0105276922931958
2024-06-25 03:00:00+00:00,2024,3,short,0.48113766,Q5_high,0.011827295879646817,high_atr,True,0.0224545917592936
2024-06-26 00:00:00+00:00,2024,0,short,0.4837861,Q5_high,0.007946303333041797,mid_high,True,0.014692606666083501
2024-06-26 01:00:00+00:00,2024,1,short,0.4837861,Q5_high,0.008030840378919511,mid_high,True,0.014861680757839002
2024-06-27 00:00:00+00:00,2024,0,short,0.42135316,Q2,0.00607908218908812,mid_low,True,0.0109581643781762
2024-06-27 01:00:00+00:00,2024,1,short,0.4343614,Q2,0.006023442282599141,mid_low,True,0.0108468845651982
2024-06-27 16:00:00+00:00,2024,16,short,0.46746,Q3,0.0060380956394155555,mid_low,True,0.010876191278831101
2024-06-27 17:00:00+00:00,2024,17,short,0.46746,Q3,0.005949405729574313,mid_low,True,0.0106988114591486
2024-06-28 00:00:00+00:00,2024,0,short,0.4597862,Q3,0.005381672274219657,mid_low,False,-0.0055053378193757
2024-06-28 01:00:00+00:00,2024,1,short,0.4597862,Q3,0.0059198573203320054,mid_low,True,0.010639714640664
2024-06-29 11:00:00+00:00,2024,11,short,0.45563745,Q3,0.0030684211633631507,low_atr,True,0.0049368423267263
2024-06-29 12:00:00+00:00,2024,12,short,0.45563745,Q3,0.003126014246425585,low_atr,True,0.0050520284928511
2024-06-30 01:00:00+00:00,2024,1,short,0.47070876,Q4,0.0025827791134466205,low_atr,True,0.0039655582268932005
2024-06-30 02:00:00+00:00,2024,2,short,0.452825,Q3,0.0026197615337141744,low_atr,False,-0.0032958092269712996
2024-07-01 00:00:00+00:00,2024,0,short,0.4995067,Q5_high,0.005426449160696165,mid_low,False,-0.0055411593285569
2024-07-01 02:00:00+00:00,2024,2,long,0.5126473,Q5_high,0.006510511392494005,mid_low,False,-0.0064084091139952
2024-07-02 00:00:00+00:00,2024,0,short,0.4644644,Q3,0.005939409462863404,mid_low,True,0.0106788189257268
2024-07-02 02:00:00+00:00,2024,2,short,0.4644644,Q3,0.005743540402452702,mid_low,True,0.0102870808049054
2024-07-03 00:00:00+00:00,2024,0,short,0.41677123,Q2,0.0051884639840674126,mid_low,True,0.009176927968134801
2024-07-03 01:00:00+00:00,2024,1,short,0.42135316,Q2,0.006310086609804696,mid_low,True,0.0114201732196093
2024-07-04 00:00:00+00:00,2024,0,short,0.48385447,Q5_high,0.007600041898652078,mid_high,True,0.014000083797304101
2024-07-04 01:00:00+00:00,2024,1,short,0.48831505,Q5_high,0.009955921947035594,high_atr,True,0.0187118438940711
2024-07-05 01:00:00+00:00,2024,1,short,0.4670245,Q3,0.01187482861787203,high_atr,True,0.022549657235744
2024-07-05 02:00:00+00:00,2024,2,short,0.4423589,Q3,0.013805846247503166,high_atr,True,0.0264116924950063
2024-07-06 00:00:00+00:00,2024,0,short,0.4950979,Q5_high,0.011430000446883812,high_atr,True,0.0216600008937676
2024-07-06 06:00:00+00:00,2024,6,short,0.46746,Q3,0.007684991844798324,mid_high,False,-0.0073479934758386
2024-07-07 00:00:00+00:00,2024,0,short,0.498339,Q5_high,0.006998162422691145,mid_low,True,0.0127963248453822
2024-07-07 01:00:00+00:00,2024,1,short,0.498339,Q5_high,0.007395564013951453,mid_high,True,0.0135911280279029
2024-07-08 00:00:00+00:00,2024,0,short,0.43533674,Q2,0.008942044809839528,mid_high,True,0.016684089619679
2024-07-08 01:00:00+00:00,2024,1,short,0.44867212,Q3,0.009810668123065728,high_atr,False,-0.0090485344984525
2024-07-09 06:00:00+00:00,2024,6,short,0.49729854,Q5_high,0.009026050888256719,mid_high,True,0.0168521017765134
2024-07-09 07:00:00+00:00,2024,7,short,0.4837861,Q5_high,0.008750930344555855,mid_high,False,-0.0082007442756446
2024-07-10 01:00:00+00:00,2024,1,short,0.49729854,Q5_high,0.00905105929908871,mid_high,False,-0.0084408474392709
2024-07-10 02:00:00+00:00,2024,2,short,0.49729854,Q5_high,0.009023506168767743,mid_high,False,-0.0084188049350141
2024-07-11 00:00:00+00:00,2024,0,short,0.46103686,Q3,0.007613277917749524,mid_high,True,0.014026555835499001
2024-07-11 01:00:00+00:00,2024,1,short,0.4837861,Q5_high,0.00819368441907744,mid_high,True,0.015187368838154799
2024-07-11 15:00:00+00:00,2024,15,short,0.4594412,Q3,0.010463190064917418,high_atr,True,0.0197263801298348
2024-07-11 16:00:00+00:00,2024,16,short,0.4773583,Q5_high,0.01029654414070878,high_atr,True,0.0193930882814175
2024-07-12 02:00:00+00:00,2024,2,short,0.4773583,Q5_high,0.009556972769825709,high_atr,True,0.0179139455396514
2024-07-12 03:00:00+00:00,2024,3,short,0.4594412,Q3,0.009353281106703642,high_atr,False,-0.008682624885362901
2024-07-13 00:00:00+00:00,2024,0,short,0.46746,Q3,0.0071165781516442424,mid_high,False,-0.0068932625213153
2024-07-13 01:00:00+00:00,2024,1,short,0.46746,Q3,0.00705067921810604,mid_high,False,-0.0068405433744848
2024-07-14 00:00:00+00:00,2024,0,short,0.49442697,Q5_high,0.006334353894706676,mid_low,True,0.0114687077894133
2024-07-14 02:00:00+00:00,2024,2,short,0.4826325,Q5_high,0.006609647824942754,mid_low,False,-0.0064877182599542
2024-07-15 00:00:00+00:00,2024,0,short,0.49906036,Q5_high,0.007619290435191908,mid_high,False,-0.0072954323481535
2024-07-15 01:00:00+00:00,2024,1,short,0.4837861,Q5_high,0.008092191157736161,mid_high,False,-0.0076737529261889
2024-07-16 00:00:00+00:00,2024,0,short,0.3844113,Q1_low,0.00907293698549896,mid_high,True,0.0169458739709979
2024-07-16 01:00:00+00:00,2024,1,short,0.3844113,Q1_low,0.009122442902350597,mid_high,True,0.0170448858047011
2024-07-17 00:00:00+00:00,2024,0,short,0.45249864,Q3,0.0106985698509846,high_atr,True,0.0201971397019692
2024-07-17 01:00:00+00:00,2024,1,short,0.45249864,Q3,0.010635236726876747,high_atr,True,0.0200704734537534
2024-07-18 03:00:00+00:00,2024,3,short,0.4837861,Q5_high,0.007762873335204974,mid_high,True,0.0143257466704099
2024-07-18 04:00:00+00:00,2024,4,short,0.4837861,Q5_high,0.0075421472937001076,mid_high,True,0.0138842945874002
2024-07-19 01:00:00+00:00,2024,1,short,0.4837861,Q5_high,0.007473837035484362,mid_high,True,0.013747674070968701
2024-07-19 02:00:00+00:00,2024,2,short,0.4837861,Q5_high,0.007478920477698034,mid_high,True,0.013757840955396
2024-07-20 04:00:00+00:00,2024,4,short,0.4033255,Q1_low,0.006607659851101427,mid_low,True,0.012015319702202801
2024-07-20 05:00:00+00:00,2024,5,short,0.45304245,Q3,0.006253991309497464,mid_low,False,-0.0062031930475979
2024-07-21 00:00:00+00:00,2024,0,short,0.4801261,Q5_high,0.005146578485481749,mid_low,True,0.0090931569709634
2024-07-21 01:00:00+00:00,2024,1,short,0.4801261,Q5_high,0.0054601209658829706,mid_low,True,0.0097202419317659
2024-07-22 00:00:00+00:00,2024,0,short,0.45249864,Q3,0.009883035775849697,high_atr,True,0.0185660715516993
2024-07-22 01:00:00+00:00,2024,1,short,0.45249864,Q3,0.010321202147962859,high_atr,True,0.0194424042959257
2024-07-23 00:00:00+00:00,2024,0,short,0.49729854,Q5_high,0.007676087611632764,mid_high,True,0.014152175223265501
2024-07-23 01:00:00+00:00,2024,1,short,0.49729854,Q5_high,0.007670533629901547,mid_high,True,0.014141067259803
2024-07-24 01:00:00+00:00,2024,1,short,0.48831505,Q5_high,0.008802857895805505,mid_high,False,-0.0082422863166444
2024-07-24 02:00:00+00:00,2024,2,short,0.49203312,Q5_high,0.00885637799996579,mid_high,False,-0.008285102399972601
2024-07-25 00:00:00+00:00,2024,0,short,0.4594412,Q3,0.00861568889842008,mid_high,True,0.0160313777968401
2024-07-25 01:00:00+00:00,2024,1,short,0.47345716,Q5_high,0.009925316098620959,high_atr,True,0.0186506321972419
2024-07-25 15:00:00+00:00,2024,15,short,0.4837861,Q5_high,0.007341869919506079,mid_high,True,0.013483739839012101
2024-07-25 16:00:00+00:00,2024,16,short,0.4837861,Q5_high,0.007309619153499686,mid_high,True,0.013419238306999301
2024-07-26 01:00:00+00:00,2024,1,short,0.439499,Q3,0.009468827040108655,high_atr,False,-0.0087750616320869
2024-07-26 07:00:00+00:00,2024,7,short,0.4798473,Q5_high,0.007922385149340986,mid_high,False,-0.007537908119472699
2024-07-27 02:00:00+00:00,2024,2,short,0.46388772,Q3,0.006916488452139843,mid_low,False,-0.0067331907617117995
2024-07-27 03:00:00+00:00,2024,3,short,0.4688608,Q4,0.006412594226283044,mid_low,False,-0.0063300753810264
2024-07-28 00:00:00+00:00,2024,0,short,0.46849054,Q4,0.010902075221795388,high_atr,True,0.0206041504435907
2024-07-28 01:00:00+00:00,2024,1,short,0.46849054,Q4,0.011036947622546442,high_atr,True,0.0208738952450928
2024-07-29 00:00:00+00:00,2024,0,short,0.46746,Q3,0.0050322111010008995,low_atr,True,0.008864422202001801
2024-07-29 01:00:00+00:00,2024,1,short,0.46746,Q3,0.005104826073919349,mid_low,False,-0.0052838608591354
2024-07-30 00:00:00+00:00,2024,0,short,0.43855152,Q3,0.010450339482064534,high_atr,True,0.019700678964129
2024-07-30 02:00:00+00:00,2024,2,short,0.4251678,Q2,0.011021863856195729,high_atr,True,0.0208437277123914
2024-07-31 00:00:00+00:00,2024,0,short,0.49729854,Q5_high,0.007936388255597381,mid_high,True,0.0146727765111947
2024-07-31 01:00:00+00:00,2024,1,short,0.49729854,Q5_high,0.008024856230128389,mid_high,True,0.014849712460256702
2024-08-01 00:00:00+00:00,2024,0,short,0.4772436,Q5_high,0.00931010502563307,mid_high,True,0.0174202100512661
2024-08-01 01:00:00+00:00,2024,1,short,0.47345716,Q5_high,0.009964644456623926,high_atr,True,0.0187292889132478
2024-08-02 01:00:00+00:00,2024,1,short,0.48113766,Q5_high,0.011199061891094047,high_atr,True,0.021198123782188
2024-08-02 02:00:00+00:00,2024,2,short,0.48113766,Q5_high,0.012245709916369682,high_atr,True,0.023291419832739302
2024-08-03 03:00:00+00:00,2024,3,short,0.43590268,Q2,0.014358179492946781,high_atr,True,0.0275163589858935
2024-08-03 04:00:00+00:00,2024,4,short,0.43590268,Q2,0.01246374846974092,high_atr,True,0.0237274969394818
2024-08-04 00:00:00+00:00,2024,0,short,0.49203312,Q5_high,0.00933237321118045,mid_high,True,0.0174647464223609
2024-08-04 01:00:00+00:00,2024,1,short,0.49203312,Q5_high,0.009604710532817251,high_atr,True,0.0180094210656345
2024-08-05 00:00:00+00:00,2024,0,short,0.4220883,Q2,0.016928820406134942,high_atr,True,0.0326576408122698
2024-08-05 01:00:00+00:00,2024,1,short,0.40624452,Q1_low,0.02247926004625367,high_atr,True,0.0437585200925073
2024-08-06 00:00:00+00:00,2024,0,short,0.389972,Q1_low,0.02807338064282794,high_atr,True,0.0549467612856558
2024-08-06 01:00:00+00:00,2024,1,short,0.42008662,Q2,0.027661544775927964,high_atr,True,0.0541230895518559
2024-08-07 02:00:00+00:00,2024,2,short,0.44005296,Q3,0.014325375840447232,high_atr,True,0.0274507516808944
2024-08-07 03:00:00+00:00,2024,3,short,0.44005296,Q3,0.013390060424206289,high_atr,True,0.0255801208484125
2024-08-08 00:00:00+00:00,2024,0,short,0.45347366,Q3,0.01299786866797175,high_atr,False,-0.0115982949343774
2024-08-08 15:00:00+00:00,2024,15,short,0.3641902,Q1_low,0.012764014739051486,high_atr,False,-0.0114112117912411
2024-08-08 16:00:00+00:00,2024,16,short,0.36478743,Q1_low,0.0123817170770149,high_atr,False,-0.011105373661611899
2024-08-09 00:00:00+00:00,2024,0,short,0.3534091,Q1_low,0.0167214284430168,high_atr,True,0.0322428568860336
2024-08-09 01:00:00+00:00,2024,1,short,0.36266047,Q1_low,0.01709174985316605,high_atr,True,0.0329834997063321
2024-08-10 07:00:00+00:00,2024,7,short,0.4773583,Q5_high,0.008356189646119666,mid_high,True,0.015512379292239302
2024-08-10 09:00:00+00:00,2024,9,short,0.4837861,Q5_high,0.0077273995741997175,mid_high,True,0.0142547991483994
2024-08-11 00:00:00+00:00,2024,0,short,0.4597862,Q3,0.0046797751218550015,low_atr,False,-0.004943820097484
2024-08-11 01:00:00+00:00,2024,1,short,0.4597862,Q3,0.004638955485439144,low_atr,True,0.0080779109708782
2024-08-12 00:00:00+00:00,2024,0,short,0.44867212,Q3,0.010537741926414518,high_atr,True,0.019875483852829
2024-08-12 01:00:00+00:00,2024,1,short,0.42891315,Q2,0.010348733878165725,high_atr,True,0.0194974677563314
2024-08-13 00:00:00+00:00,2024,0,short,0.46849054,Q4,0.01683081670080186,high_atr,True,0.0324616334016037
2024-08-13 01:00:00+00:00,2024,1,short,0.48113766,Q5_high,0.016104241083765798,high_atr,True,0.031008482167531604
2024-08-14 01:00:00+00:00,2024,1,short,0.49729854,Q5_high,0.010043668637935281,high_atr,False,-0.0092349349103482
2024-08-14 02:00:00+00:00,2024,2,short,0.49729854,Q5_high,0.009822972592754711,high_atr,True,0.0184459451855094
2024-08-15 00:00:00+00:00,2024,0,short,0.4670245,Q3,0.011399102958646977,high_atr,True,0.0215982059172939
2024-08-15 02:00:00+00:00,2024,2,short,0.47345716,Q5_high,0.011400411993815205,high_atr,True,0.0216008239876304
2024-08-16 02:00:00+00:00,2024,2,short,0.46849054,Q4,0.013418651970445465,high_atr,True,0.0256373039408909
2024-08-16 04:00:00+00:00,2024,4,short,0.46849054,Q4,0.01272066191711622,high_atr,True,0.0242413238342324
2024-08-17 09:00:00+00:00,2024,9,short,0.4597862,Q3,0.004293272507756388,low_atr,True,0.0073865450155127
2024-08-17 11:00:00+00:00,2024,11,short,0.4610217,Q3,0.003704451166236251,low_atr,False,-0.004163560932989
2024-08-18 00:00:00+00:00,2024,0,short,0.4597862,Q3,0.003885371889187702,low_atr,True,0.0065707437783754
2024-08-18 01:00:00+00:00,2024,1,short,0.4597862,Q3,0.004099296912986801,low_atr,False,-0.0044794375303894
2024-08-19 00:00:00+00:00,2024,0,short,0.41058168,Q2,0.0064263639317062625,mid_low,True,0.011652727863412501
2024-08-19 01:00:00+00:00,2024,1,short,0.41058168,Q2,0.006521144809910283,mid_low,True,0.011842289619820501
2024-08-20 02:00:00+00:00,2024,2,short,0.49729854,Q5_high,0.00864892719106707,mid_high,True,0.0160978543821341
2024-08-20 03:00:00+00:00,2024,3,short,0.4837861,Q5_high,0.007784467705145859,mid_high,True,0.014368935410291701
2024-08-21 01:00:00+00:00,2024,1,short,0.4773583,Q5_high,0.009067160445606546,mid_high,True,0.016934320891213002
2024-08-21 02:00:00+00:00,2024,2,short,0.4773583,Q5_high,0.009058822396425187,mid_high,True,0.016917644792850302
2024-08-22 00:00:00+00:00,2024,0,short,0.47436613,Q5_high,0.010526277448078875,high_atr,True,0.0198525548961577
2024-08-22 01:00:00+00:00,2024,1,short,0.47436613,Q5_high,0.010551830840639488,high_atr,True,0.0199036616812789
2024-08-22 17:00:00+00:00,2024,17,short,0.433327,Q2,0.006990378029894314,mid_low,False,-0.006792302423915399
2024-08-22 18:00:00+00:00,2024,18,short,0.45107552,Q3,0.007009467578991264,mid_low,False,-0.006807574063193
2024-08-23 02:00:00+00:00,2024,2,short,0.46746,Q3,0.006317781870268052,mid_low,False,-0.0062542254962144
2024-08-23 03:00:00+00:00,2024,3,short,0.46746,Q3,0.005861461468733644,mid_low,False,-0.0058891691749869
2024-08-24 07:00:00+00:00,2024,7,short,0.3844113,Q1_low,0.007930691636597898,mid_high,True,0.014661383273195699
2024-08-24 08:00:00+00:00,2024,8,short,0.3844113,Q1_low,0.007454963570572101,mid_high,True,0.0137099271411442
2024-08-25 00:00:00+00:00,2024,0,short,0.4670972,Q3,0.0057585438296098,mid_low,True,0.0103170876592196
2024-08-25 01:00:00+00:00,2024,1,short,0.4848256,Q5_high,0.005786684731138689,mid_low,True,0.0103733694622773
2024-08-26 00:00:00+00:00,2024,0,short,0.4597862,Q3,0.0046504160757766515,low_atr,True,0.0081008321515533
2024-08-26 01:00:00+00:00,2024,1,short,0.4597862,Q3,0.00486692343362987,low_atr,True,0.008533846867259701
2024-08-27 00:00:00+00:00,2024,0,short,0.44604474,Q3,0.00772780938070193,mid_high,True,0.0142556187614038
2024-08-27 01:00:00+00:00,2024,1,short,0.44604474,Q3,0.007989714463598783,mid_high,True,0.0147794289271975
2024-08-28 00:00:00+00:00,2024,0,short,0.41026464,Q2,0.011776218700858838,high_atr,True,0.0223524374017176
2024-08-28 01:00:00+00:00,2024,1,short,0.41026464,Q2,0.011990500905134224,high_atr,True,0.0227810018102684
2024-08-29 01:00:00+00:00,2024,1,short,0.4670245,Q3,0.01157485354588298,high_atr,False,-0.0104598828367063
2024-08-29 02:00:00+00:00,2024,2,short,0.4722711,Q5_high,0.011539117833021709,high_atr,False,-0.0104312942664173
2024-08-30 00:00:00+00:00,2024,0,short,0.4594412,Q3,0.010098488871723068,high_atr,True,0.0189969777434461
2024-08-30 01:00:00+00:00,2024,1,short,0.4594412,Q3,0.00948553896682046,high_atr,True,0.0177710779336409
2024-08-31 03:00:00+00:00,2024,3,short,0.4837861,Q5_high,0.008374169550962087,mid_high,True,0.015548339101924099
2024-08-31 04:00:00+00:00,2024,4,short,0.46746,Q3,0.006829306358757405,mid_low,True,0.0124586127175148
2024-09-01 01:00:00+00:00,2024,1,short,0.4618718,Q3,0.0034585780826264273,low_atr,True,0.0057171561652528
2024-09-01 02:00:00+00:00,2024,2,short,0.41677123,Q2,0.003969074568649727,low_atr,True,0.0067381491372994
2024-09-02 00:00:00+00:00,2024,0,short,0.4594412,Q3,0.009436195788223953,high_atr,False,-0.0087489566305791
2024-09-02 01:00:00+00:00,2024,1,short,0.48831505,Q5_high,0.009370374740313376,high_atr,False,-0.0086962997922507
2024-09-03 00:00:00+00:00,2024,0,short,0.4801261,Q5_high,0.006402553592593539,mid_low,True,0.011605107185187001
2024-09-03 01:00:00+00:00,2024,1,short,0.4801261,Q5_high,0.006276096746341847,mid_low,True,0.0113521934926836
2024-09-04 00:00:00+00:00,2024,0,short,0.46377334,Q3,0.008326251570725364,mid_high,True,0.015452503141450701
2024-09-04 01:00:00+00:00,2024,1,short,0.4772436,Q5_high,0.01015112913250212,high_atr,True,0.0191022582650042
2024-09-05 00:00:00+00:00,2024,0,short,0.4837861,Q5_high,0.008302954666692931,mid_high,True,0.0154059093333858
2024-09-05 01:00:00+00:00,2024,1,short,0.4837861,Q5_high,0.008391734299965474,mid_high,True,0.0155834685999309
2024-09-05 16:00:00+00:00,2024,16,short,0.4748162,Q5_high,0.008742474953723246,mid_high,True,0.0162849499074464
2024-09-05 17:00:00+00:00,2024,17,short,0.48013985,Q5_high,0.008212448773984372,mid_high,True,0.0152248975479687
2024-09-06 00:00:00+00:00,2024,0,short,0.47852755,Q5_high,0.008863102224445417,mid_high,True,0.0165262044488908
2024-09-06 01:00:00+00:00,2024,1,short,0.49729854,Q5_high,0.009330340399850786,mid_high,True,0.0174606807997015
2024-09-07 08:00:00+00:00,2024,8,short,0.4322529,Q2,0.007763432209962297,mid_high,True,0.0143268644199245
2024-09-07 09:00:00+00:00,2024,9,short,0.4322529,Q2,0.007139234236073845,mid_high,True,0.0130784684721476
2024-09-08 02:00:00+00:00,2024,2,short,0.4343614,Q2,0.005599883841011597,mid_low,True,0.009999767682023101
2024-09-08 03:00:00+00:00,2024,3,short,0.45674953,Q3,0.005437197271154404,mid_low,True,0.0096743945423088
2024-09-09 00:00:00+00:00,2024,0,short,0.46746,Q3,0.007706551633688184,mid_high,True,0.014213103267376301
2024-09-09 01:00:00+00:00,2024,1,short,0.47622606,Q5_high,0.008117440239811185,mid_high,True,0.0150348804796223
2024-09-10 00:00:00+00:00,2024,0,short,0.3844113,Q1_low,0.010287549650299828,high_atr,True,0.0193750993005996
2024-09-10 01:00:00+00:00,2024,1,short,0.3844113,Q1_low,0.010454720034805536,high_atr,True,0.019709440069611
2024-09-11 00:00:00+00:00,2024,0,short,0.48623607,Q5_high,0.008075283509692511,mid_high,True,0.014950567019385002
2024-09-11 01:00:00+00:00,2024,1,short,0.4773583,Q5_high,0.009255692181402991,mid_high,True,0.0173113843628059
2024-09-12 01:00:00+00:00,2024,1,short,0.47436613,Q5_high,0.010764790218582083,high_atr,True,0.0203295804371641
2024-09-12 02:00:00+00:00,2024,2,short,0.47436613,Q5_high,0.010854754068759818,high_atr,True,0.0205095081375196
2024-09-13 00:00:00+00:00,2024,0,short,0.45629025,Q3,0.008037558440304559,mid_high,True,0.0148751168806091
2024-09-13 01:00:00+00:00,2024,1,short,0.46388772,Q3,0.008170180898767844,mid_high,True,0.015140361797535602
2024-09-14 01:00:00+00:00,2024,1,short,0.3844113,Q1_low,0.008048733042189633,mid_high,True,0.0148974660843792
2024-09-14 02:00:00+00:00,2024,2,short,0.3844113,Q1_low,0.007910731415180795,mid_high,True,0.0146214628303615
2024-09-15 01:00:00+00:00,2024,1,short,0.4610217,Q3,0.0036467826763879638,low_atr,True,0.0060935653527759
2024-09-15 02:00:00+00:00,2024,2,short,0.47070876,Q4,0.0035631051672500233,low_atr,True,0.0059262103345
2024-09-16 00:00:00+00:00,2024,0,short,0.41058168,Q2,0.006221681840737907,mid_low,True,0.0112433636814758
2024-09-16 01:00:00+00:00,2024,1,short,0.41058168,Q2,0.00651646400647732,mid_low,True,0.0118329280129546
2024-09-17 00:00:00+00:00,2024,0,short,0.47852755,Q5_high,0.008302868281622307,mid_high,False,-0.0078422946252978
2024-09-17 01:00:00+00:00,2024,1,short,0.47852755,Q5_high,0.008435505579809396,mid_high,False,-0.0079484044638475
2024-09-18 00:00:00+00:00,2024,0,short,0.49729854,Q5_high,0.010023532717168621,high_atr,True,0.0188470654343372
2024-09-18 01:00:00+00:00,2024,1,short,0.4773583,Q5_high,0.01012730277556331,high_atr,True,0.0190546055511266
2024-09-19 00:00:00+00:00,2024,0,short,0.47572827,Q5_high,0.011316093698831204,high_atr,True,0.0214321873976624
2024-09-19 15:00:00+00:00,2024,15,short,0.40257004,Q1_low,0.007037064695193292,mid_low,True,0.0128741293903865
2024-09-19 16:00:00+00:00,2024,16,short,0.3910719,Q1_low,0.007212314221710779,mid_high,True,0.0132246284434215
2024-09-20 00:00:00+00:00,2024,0,short,0.45287988,Q3,0.007640464737349986,mid_high,False,-0.0073123717898799
2024-09-20 01:00:00+00:00,2024,1,short,0.45287988,Q3,0.007711999804142566,mid_high,False,-0.0073695998433139995
2024-09-21 00:00:00+00:00,2024,0,short,0.44761893,Q3,0.006883191953150524,mid_low,True,0.012566383906301
2024-09-21 10:00:00+00:00,2024,10,short,0.47070876,Q4,0.00330678691181319,low_atr,False,-0.0038454295294505
2024-09-22 00:00:00+00:00,2024,0,short,0.47070876,Q4,0.0030568490054249686,low_atr,True,0.0049136980108499
2024-09-22 01:00:00+00:00,2024,1,short,0.47070876,Q4,0.0032384628132786945,low_atr,True,0.0052769256265573
2024-09-23 00:00:00+00:00,2024,0,short,0.4837861,Q5_high,0.007778031789191212,mid_high,False,-0.0074224254313528994
2024-09-23 01:00:00+00:00,2024,1,short,0.49729854,Q5_high,0.007968694956556482,mid_high,True,0.014737389913112901
2024-09-24 00:00:00+00:00,2024,0,short,0.45425656,Q3,0.006003143551822819,mid_low,False,-0.0060025148414582
2024-09-24 01:00:00+00:00,2024,1,short,0.44359666,Q3,0.006331841831803663,mid_low,False,-0.0062654734654429
2024-09-25 00:00:00+00:00,2024,0,short,0.4837861,Q5_high,0.007308795407893406,mid_high,True,0.013417590815786801
2024-09-25 02:00:00+00:00,2024,2,short,0.49729854,Q5_high,0.007881880504958635,mid_high,True,0.0145637610099172
2024-09-26 00:00:00+00:00,2024,0,short,0.42135316,Q2,0.005827583630950976,mid_low,False,-0.0058620669047606995
2024-09-26 01:00:00+00:00,2024,1,short,0.42135316,Q2,0.005975794918775148,mid_low,False,-0.005980635935020099
2024-09-27 00:00:00+00:00,2024,0,short,0.49729854,Q5_high,0.0079094181374018,mid_high,True,0.0146188362748036
2024-09-27 02:00:00+00:00,2024,2,short,0.49729854,Q5_high,0.008084580539074822,mid_high,False,-0.0076676644312598
2024-09-28 00:00:00+00:00,2024,0,short,0.4848256,Q5_high,0.006116225193495801,mid_low,True,0.011032450386991601
2024-09-28 01:00:00+00:00,2024,1,short,0.4848256,Q5_high,0.0060277522208534474,mid_low,True,0.0108555044417068
2024-09-29 00:00:00+00:00,2024,0,short,0.46746,Q3,0.003433338824354297,low_atr,True,0.0056666776487085
2024-09-29 01:00:00+00:00,2024,1,short,0.46746,Q3,0.0035465609815797596,low_atr,True,0.0058931219631595
2024-09-30 00:00:00+00:00,2024,0,short,0.44959486,Q3,0.0036477132286339147,low_atr,True,0.0060954264572678
2024-09-30 01:00:00+00:00,2024,1,short,0.44359666,Q3,0.004412304050228115,low_atr,True,0.0076246081004562
2024-10-01 00:00:00+00:00,2024,0,short,0.4410727,Q3,0.006742917782670146,mid_low,True,0.0122858355653402
2024-10-01 01:00:00+00:00,2024,1,short,0.4270911,Q2,0.006666049731712106,mid_low,True,0.0121320994634242
2024-10-02 01:00:00+00:00,2024,1,short,0.43590268,Q2,0.012157968216800347,high_atr,True,0.0231159364336006
2024-10-02 02:00:00+00:00,2024,2,short,0.43590268,Q2,0.012295384404695001,high_atr,True,0.02339076880939
2024-10-03 00:00:00+00:00,2024,0,short,0.48242497,Q5_high,0.010564325928536721,high_atr,True,0.0199286518570734
2024-10-03 02:00:00+00:00,2024,2,short,0.49729854,Q5_high,0.009982382176424892,high_atr,True,0.0187647643528497
2024-10-03 15:00:00+00:00,2024,15,short,0.46388772,Q3,0.00832383608075984,mid_high,True,0.015447672161519599
2024-10-03 16:00:00+00:00,2024,16,short,0.47210574,Q5_high,0.008877604127695162,mid_high,False,-0.0083020833021561
2024-10-04 00:00:00+00:00,2024,0,short,0.49729854,Q5_high,0.008476275829096401,mid_high,False,-0.0079810206632771
2024-10-04 03:00:00+00:00,2024,3,short,0.4837861,Q5_high,0.008018037007659306,mid_high,False,-0.0076144296061274
2024-10-05 00:00:00+00:00,2024,0,short,0.4801261,Q5_high,0.006809760772062572,mid_low,True,0.0124195215441251
2024-10-05 01:00:00+00:00,2024,1,short,0.4801261,Q5_high,0.006826730395559109,mid_low,True,0.0124534607911182
2024-10-06 02:00:00+00:00,2024,2,short,0.47070876,Q4,0.003092973743515445,low_atr,True,0.0049859474870308
2024-10-06 03:00:00+00:00,2024,3,short,0.47070876,Q4,0.002954383569363734,low_atr,False,-0.0035635068554908996
2024-10-07 00:00:00+00:00,2024,0,short,0.49442697,Q5_high,0.005435708461259978,mid_low,True,0.009671416922519901
2024-10-07 01:00:00+00:00,2024,1,short,0.49442697,Q5_high,0.0056131366184583135,mid_low,True,0.0100262732369166
2024-10-08 00:00:00+00:00,2024,0,short,0.4663089,Q3,0.009729863366514893,high_atr,True,0.0182597267330297
2024-10-08 01:00:00+00:00,2024,1,short,0.4663089,Q3,0.009577289885160595,high_atr,True,0.0179545797703211
2024-10-09 00:00:00+00:00,2024,0,short,0.4837861,Q5_high,0.007736815386907449,mid_high,True,0.0142736307738149
2024-10-09 01:00:00+00:00,2024,1,short,0.4837861,Q5_high,0.007940553650634877,mid_high,True,0.014681107301269699
2024-10-10 03:00:00+00:00,2024,3,short,0.42919344,Q2,0.00712551620690685,mid_high,True,0.013051032413813701
2024-10-10 04:00:00+00:00,2024,4,short,0.42919344,Q2,0.006821366814101542,mid_low,True,0.012442733628203001
2024-10-11 00:00:00+00:00,2024,0,short,0.47852755,Q5_high,0.008096385828267475,mid_high,False,-0.0076771086626139
2024-10-11 01:00:00+00:00,2024,1,short,0.49729854,Q5_high,0.008540702241285452,mid_high,False,-0.0080325617930283
2024-10-12 03:00:00+00:00,2024,3,short,0.498339,Q5_high,0.006481305924035819,mid_low,False,-0.0063850447392286
2024-10-12 04:00:00+00:00,2024,4,short,0.498339,Q5_high,0.006312914209354639,mid_low,False,-0.006250331367483699
2024-10-13 00:00:00+00:00,2024,0,short,0.4801261,Q5_high,0.004145065295580511,low_atr,True,0.007090130591161
2024-10-13 01:00:00+00:00,2024,1,short,0.4644644,Q3,0.004178695314169328,low_atr,True,0.0071573906283385995
2024-10-14 00:00:00+00:00,2024,0,short,0.46746,Q3,0.005522152397962637,mid_low,False,-0.0056177219183701
2024-10-14 01:00:00+00:00,2024,1,short,0.46746,Q3,0.005569315545177453,mid_low,False,-0.0056554524361418996
2024-10-15 00:00:00+00:00,2024,0,short,0.3844113,Q1_low,0.00722000258379785,mid_high,True,0.0132400051675957
2024-10-15 01:00:00+00:00,2024,1,short,0.3722371,Q1_low,0.007067030864224312,mid_high,True,0.0129340617284486
2024-10-16 04:00:00+00:00,2024,4,short,0.49729854,Q5_high,0.009282335051110945,mid_high,False,-0.0086258680408887
2024-10-16 05:00:00+00:00,2024,5,short,0.49729854,Q5_high,0.008114394572402357,mid_high,True,0.0150287891448047
2024-10-17 00:00:00+00:00,2024,0,short,0.46388772,Q3,0.007114219617949653,mid_high,True,0.013028439235899301
2024-10-17 01:00:00+00:00,2024,1,short,0.46632797,Q3,0.006762051105691827,mid_low,True,0.0123241022113836
2024-10-17 15:00:00+00:00,2024,15,short,0.45636374,Q3,0.00653390234944334,mid_low,True,0.0118678046988866
2024-10-17 16:00:00+00:00,2024,16,short,0.47622606,Q5_high,0.006528174931927009,mid_low,True,0.011856349863854001
2024-10-18 00:00:00+00:00,2024,0,short,0.47622606,Q5_high,0.006552816616173944,mid_low,False,-0.006442253292939099
2024-10-18 01:00:00+00:00,2024,1,short,0.4837861,Q5_high,0.0071128399803004946,mid_high,True,0.013025679960600901
2024-10-19 03:00:00+00:00,2024,3,short,0.4644644,Q3,0.005036651448813657,low_atr,True,0.0088733028976273
2024-10-19 04:00:00+00:00,2024,4,short,0.4644644,Q3,0.00458651603189083,low_atr,True,0.0079730320637816
2024-10-20 01:00:00+00:00,2024,1,short,0.47070876,Q4,0.0023327560679441304,low_atr,False,-0.0030662048543553
2024-10-20 02:00:00+00:00,2024,2,short,0.47070876,Q4,0.002272316620558675,low_atr,False,-0.0030178532964469
2024-10-21 00:00:00+00:00,2024,0,short,0.4597862,Q3,0.004436068371724963,low_atr,True,0.0076721367434499
2024-10-21 01:00:00+00:00,2024,1,short,0.49442697,Q5_high,0.00475864379116334,low_atr,True,0.0083172875823266
2024-10-22 00:00:00+00:00,2024,0,short,0.4748162,Q5_high,0.007226114666624105,mid_high,True,0.0132522293332482
2024-10-22 01:00:00+00:00,2024,1,short,0.47852755,Q5_high,0.00743121693121693,mid_high,True,0.0136624338624338
2024-10-23 00:00:00+00:00,2024,0,short,0.45671755,Q3,0.006479814966359151,mid_low,True,0.0117596299327183
2024-10-23 01:00:00+00:00,2024,1,short,0.45674953,Q3,0.006285676096842714,mid_low,True,0.0113713521936854
2024-10-24 00:00:00+00:00,2024,0,short,0.4837861,Q5_high,0.007474831756164332,mid_high,True,0.0137496635123286
2024-10-24 01:00:00+00:00,2024,1,short,0.49729854,Q5_high,0.007796748145373869,mid_high,True,0.0143934962907477
2024-10-25 00:00:00+00:00,2024,0,short,0.46983433,Q4,0.006355844025901788,mid_low,True,0.0115116880518035
2024-10-25 01:00:00+00:00,2024,1,short,0.4801261,Q5_high,0.006157617343214397,mid_low,True,0.0111152346864287
2024-10-26 08:00:00+00:00,2024,8,short,0.4343614,Q2,0.006329906217540121,mid_low,True,0.0114598124350802
2024-10-26 09:00:00+00:00,2024,9,short,0.4322529,Q2,0.005923617852693844,mid_low,True,0.0106472357053876
2024-10-27 00:00:00+00:00,2024,0,short,0.49056244,Q5_high,0.0029436526370470667,low_atr,False,-0.0035549221096375996
2024-10-27 01:00:00+00:00,2024,1,short,0.49056244,Q5_high,0.0029269385094678113,low_atr,False,-0.0035415508075742003
2024-10-28 00:00:00+00:00,2024,0,short,0.4801261,Q5_high,0.004322134483908915,low_atr,True,0.0074442689678178
2024-10-28 02:00:00+00:00,2024,2,short,0.4597862,Q3,0.004131916122355658,low_atr,False,-0.0045055328978845
2024-10-29 00:00:00+00:00,2024,0,short,0.48967245,Q5_high,0.006335067144766971,mid_low,False,-0.0062680537158135
2024-10-29 01:00:00+00:00,2024,1,short,0.42693058,Q2,0.006607399458139996,mid_low,False,-0.0064859195665119
2024-10-30 00:00:00+00:00,2024,0,short,0.34467977,Q1_low,0.00906526914755943,mid_high,True,0.0169305382951188
2024-10-30 01:00:00+00:00,2024,1,short,0.34467977,Q1_low,0.009009076527745415,mid_high,True,0.016818153055490802
2024-10-31 01:00:00+00:00,2024,1,short,0.4773583,Q5_high,0.007449128480786774,mid_high,True,0.0136982569615735
2024-10-31 02:00:00+00:00,2024,2,short,0.49729854,Q5_high,0.0074159913460247065,mid_high,True,0.0136319826920494
2024-10-31 15:00:00+00:00,2024,15,short,0.3976888,Q1_low,0.005850698190732747,mid_low,True,0.0105013963814654
2024-10-31 16:00:00+00:00,2024,16,short,0.409942,Q2,0.005992137189850627,mid_low,True,0.010784274379701201
2024-11-01 00:00:00+00:00,2024,0,short,0.48831505,Q5_high,0.008152626332074253,mid_high,True,0.0151052526641485
2024-11-01 01:00:00+00:00,2024,1,short,0.4684447,Q4,0.008876909746050352,mid_high,True,0.0165538194921007
2024-11-02 02:00:00+00:00,2024,2,short,0.48242497,Q5_high,0.009507642331110934,high_atr,True,0.0178152846622218
2024-11-02 03:00:00+00:00,2024,3,short,0.49729854,Q5_high,0.00860920777185022,mid_high,True,0.016018415543700402
2024-11-03 00:00:00+00:00,2024,0,short,0.41677123,Q2,0.0035955923317992572,low_atr,True,0.0059911846635985
2024-11-03 02:00:00+00:00,2024,2,short,0.42135316,Q2,0.004660340883454922,low_atr,True,0.0081206817669098
2024-11-04 01:00:00+00:00,2024,1,short,0.49729854,Q5_high,0.00768475935125439,mid_high,True,0.0141695187025087
2024-11-04 02:00:00+00:00,2024,2,short,0.49729854,Q5_high,0.007838951862211075,mid_high,True,0.014477903724422099
2024-11-05 00:00:00+00:00,2024,0,short,0.4773583,Q5_high,0.008849288912368346,mid_high,True,0.0164985778247366
2024-11-05 02:00:00+00:00,2024,2,short,0.49729854,Q5_high,0.009126256103555455,mid_high,False,-0.0085010048828443
2024-11-06 00:00:00+00:00,2024,0,short,0.44005296,Q3,0.011909486375631191,high_atr,False,-0.0107275891005049
2024-11-06 01:00:00+00:00,2024,1,short,0.44500127,Q3,0.012514707315627257,high_atr,False,-0.0112117658525018
2024-11-07 00:00:00+00:00,2024,0,short,0.33958736,Q1_low,0.009369303654456831,high_atr,True,0.0175386073089136
2024-11-07 01:00:00+00:00,2024,1,short,0.33958736,Q1_low,0.00940795018402079,high_atr,True,0.0176159003680415
2024-11-08 06:00:00+00:00,2024,6,short,0.4773583,Q5_high,0.0068133264153969735,mid_low,False,-0.006650661132317499
2024-11-08 07:00:00+00:00,2024,7,short,0.46388772,Q3,0.00660103113858479,mid_low,True,0.0120020622771695
2024-11-09 05:00:00+00:00,2024,5,short,0.4597862,Q3,0.005282392026578067,mid_low,True,0.0093647840531561
2024-11-09 06:00:00+00:00,2024,6,short,0.4597862,Q3,0.005012190578284434,low_atr,True,0.0088243811565688
2024-11-10 00:00:00+00:00,2024,0,short,0.46746,Q3,0.004160286903523118,low_atr,False,-0.0045282295228184
2024-11-10 01:00:00+00:00,2024,1,short,0.46746,Q3,0.00430088401628162,low_atr,False,-0.0046407072130252
2024-11-11 00:00:00+00:00,2024,0,short,0.34737864,Q1_low,0.011191190013401697,high_atr,False,-0.0101529520107213
2024-11-11 01:00:00+00:00,2024,1,short,0.352086,Q1_low,0.011823175470616596,high_atr,True,0.0224463509412331
2024-11-12 00:00:00+00:00,2024,0,short,0.38560334,Q1_low,0.015322522825394284,high_atr,True,0.0294450456507885
2024-11-12 01:00:00+00:00,2024,1,short,0.38560334,Q1_low,0.015968167486328302,high_atr,True,0.030736334972656598
2024-11-13 00:00:00+00:00,2024,0,short,0.41774645,Q2,0.015895431620258485,high_atr,True,0.0305908632405169
2024-11-13 01:00:00+00:00,2024,1,short,0.41348925,Q2,0.015584974428120887,high_atr,True,0.0299699488562417
2024-11-14 02:00:00+00:00,2024,2,short,0.41774645,Q2,0.01919947969714291,high_atr,True,0.0371989593942858
2024-11-14 15:00:00+00:00,2024,15,short,0.43600488,Q3,0.01284975649350649,high_atr,True,0.0244995129870129
2024-11-14 16:00:00+00:00,2024,16,short,0.41774645,Q2,0.01330451295932171,high_atr,True,0.0254090259186434
2024-11-15 00:00:00+00:00,2024,0,short,0.41733608,Q2,0.014876169223127428,high_atr,False,-0.0131009353785019
2024-11-15 01:00:00+00:00,2024,1,short,0.41733608,Q2,0.014489285912801261,high_atr,True,0.0277785718256025
2024-11-16 02:00:00+00:00,2024,2,short,0.40010133,Q1_low,0.010545858319314313,high_atr,True,0.0198917166386286
2024-11-16 03:00:00+00:00,2024,3,short,0.40521184,Q1_low,0.010105044134060385,high_atr,True,0.0190100882681207
2024-11-17 00:00:00+00:00,2024,0,short,0.42681912,Q2,0.00601122747666311,mid_low,True,0.0108224549533262
2024-11-17 01:00:00+00:00,2024,1,short,0.42681912,Q2,0.006415443502467393,mid_low,True,0.0116308870049347
2024-11-18 00:00:00+00:00,2024,0,short,0.42361462,Q2,0.007393927790776734,mid_high,False,-0.0071151422326212995
2024-11-18 01:00:00+00:00,2024,1,short,0.4164735,Q2,0.007698451327224808,mid_high,False,-0.007358761061779799
2024-11-19 05:00:00+00:00,2024,5,short,0.40521184,Q1_low,0.010302786418114968,high_atr,True,0.0194055728362299
2024-11-19 06:00:00+00:00,2024,6,short,0.40521184,Q1_low,0.009443405766563669,high_atr,True,0.0176868115331273
2024-11-20 01:00:00+00:00,2024,1,short,0.42499408,Q2,0.010883676379971771,high_atr,False,-0.0099069411039774
2024-11-20 02:00:00+00:00,2024,2,short,0.42499408,Q2,0.010565166855613855,high_atr,False,-0.009652133484491
2024-11-21 00:00:00+00:00,2024,0,short,0.40038675,Q1_low,0.008849003553780363,mid_high,True,0.016498007107560702
2024-11-21 01:00:00+00:00,2024,1,short,0.40038675,Q1_low,0.008548197461716896,mid_high,True,0.0158963949234337
2024-11-22 02:00:00+00:00,2024,2,short,0.39581242,Q1_low,0.009358305612984967,high_atr,True,0.0175166112259699
2024-11-22 03:00:00+00:00,2024,3,short,0.39550182,Q1_low,0.009481275018155287,high_atr,True,0.0177625500363105
2024-11-23 04:00:00+00:00,2024,4,short,0.42222524,Q2,0.006163165470627497,mid_low,True,0.0111263309412549
2024-11-23 05:00:00+00:00,2024,5,short,0.42222524,Q2,0.00529252365869928,mid_low,True,0.0093850473173985
2024-11-24 00:00:00+00:00,2024,0,short,0.4287158,Q2,0.004673546473101692,low_atr,True,0.0081470929462033
2024-11-24 01:00:00+00:00,2024,1,short,0.4062396,Q1_low,0.004920864003917596,low_atr,True,0.0086417280078351
2024-11-25 00:00:00+00:00,2024,0,short,0.4242499,Q2,0.007747364477197367,mid_high,True,0.0142947289543947
2024-11-25 01:00:00+00:00,2024,1,short,0.4242499,Q2,0.008105165625637107,mid_high,False,-0.0076841325005096
2024-11-26 00:00:00+00:00,2024,0,short,0.43522036,Q2,0.013184003422365644,high_atr,True,0.0251680068447312
2024-11-26 01:00:00+00:00,2024,1,short,0.40987602,Q2,0.013409856437522818,high_atr,True,0.0256197128750456
2024-11-27 03:00:00+00:00,2024,3,short,0.41603786,Q2,0.011515964652281354,high_atr,False,-0.010412771721825
2024-11-27 04:00:00+00:00,2024,4,short,0.41603786,Q2,0.01068684844682013,high_atr,False,-0.0097494787574561
2024-11-28 00:00:00+00:00,2024,0,short,0.3958809,Q1_low,0.008200330881983256,mid_high,True,0.015200661763966502
2024-11-28 01:00:00+00:00,2024,1,short,0.3958809,Q1_low,0.008201280925533735,mid_high,True,0.0152025618510674
2024-11-28 15:00:00+00:00,2024,15,short,0.42656535,Q2,0.007158838302670082,mid_high,False,-0.006927070642135999
2024-11-28 16:00:00+00:00,2024,16,short,0.42559695,Q2,0.006934539784781318,mid_low,False,-0.006747631827825
2024-11-29 00:00:00+00:00,2024,0,short,0.40937036,Q2,0.006093885178004066,mid_low,False,-0.0060751081424031995
2024-11-29 01:00:00+00:00,2024,1,short,0.40937036,Q2,0.00572804224424642,mid_low,False,-0.0057824337953971
2024-11-30 00:00:00+00:00,2024,0,short,0.43285844,Q2,0.006559115450709325,mid_low,True,0.0119182309014186
2024-11-30 02:00:00+00:00,2024,2,short,0.42222524,Q2,0.006162937580464224,mid_low,True,0.011125875160928401
2024-12-01 00:00:00+00:00,2024,0,short,0.43420014,Q2,0.003316354051080716,low_atr,True,0.0054327081021614005
2024-12-01 01:00:00+00:00,2024,1,short,0.42942554,Q2,0.003429080078668457,low_atr,True,0.0056581601573369
2024-12-02 00:00:00+00:00,2024,0,short,0.40937036,Q2,0.00480245623260967,low_atr,True,0.008404912465219301
2024-12-02 01:00:00+00:00,2024,1,short,0.40937036,Q2,0.005107086707300405,mid_low,True,0.0090141734146008
2024-12-03 00:00:00+00:00,2024,0,short,0.41803616,Q2,0.009929388005036408,high_atr,True,0.0186587760100728
2024-12-03 01:00:00+00:00,2024,1,short,0.41431212,Q2,0.009958596139375806,high_atr,True,0.0187171922787516
2024-12-04 01:00:00+00:00,2024,1,short,0.42741954,Q2,0.008550609464015518,mid_high,True,0.015901218928031
2024-12-04 04:00:00+00:00,2024,4,short,0.42119336,Q2,0.00724587039956888,mid_high,True,0.0132917407991377
2024-12-05 00:00:00+00:00,2024,0,short,0.39559656,Q1_low,0.009982141477601786,high_atr,False,-0.0091857131820814
2024-12-05 01:00:00+00:00,2024,1,short,0.39559656,Q1_low,0.010275979759187082,high_atr,False,-0.009420783807349599
2024-12-06 06:00:00+00:00,2024,6,short,0.41889966,Q2,0.017400310644448944,high_atr,False,-0.0151202485155591
2024-12-06 07:00:00+00:00,2024,7,short,0.40987602,Q2,0.017183437988023288,high_atr,False,-0.0149467503904186
2024-12-07 00:00:00+00:00,2024,0,short,0.42741954,Q2,0.01048257547854413,high_atr,True,0.0197651509570882
2024-12-07 01:00:00+00:00,2024,1,short,0.42119336,Q2,0.01055137243822706,high_atr,True,0.0199027448764541
2024-12-08 00:00:00+00:00,2024,0,short,0.41621542,Q2,0.004519730124189783,low_atr,True,0.0078394602483795
2024-12-08 01:00:00+00:00,2024,1,short,0.41621542,Q2,0.0046075592825330245,low_atr,True,0.008015118565066
2024-12-09 00:00:00+00:00,2024,0,short,0.42119336,Q2,0.007134097628972187,mid_high,True,0.0130681952579443
2024-12-09 01:00:00+00:00,2024,1,short,0.42119336,Q2,0.006971364544082684,mid_low,True,0.012742729088165301
2024-12-10 00:00:00+00:00,2024,0,short,0.40456593,Q1_low,0.014429793365067207,high_atr,True,0.0276595867301344
2024-12-10 01:00:00+00:00,2024,1,short,0.3981739,Q1_low,0.014380517586362215,high_atr,True,0.027561035172724402
2024-12-11 01:00:00+00:00,2024,1,short,0.3981739,Q1_low,0.012868637907408512,high_atr,False,-0.0114949103259268
2024-12-11 03:00:00+00:00,2024,3,short,0.4053803,Q1_low,0.013032384362722683,high_atr,False,-0.011625907490178099
2024-12-12 02:00:00+00:00,2024,2,short,0.39550182,Q1_low,0.008795403416285734,mid_high,True,0.0163908068325714
2024-12-12 15:00:00+00:00,2024,15,short,0.3958809,Q1_low,0.006839028968213822,mid_low,True,0.012478057936427601
2024-12-12 16:00:00+00:00,2024,16,short,0.3958809,Q1_low,0.006708243880224513,mid_low,True,0.012216487760449
2024-12-13 00:00:00+00:00,2024,0,short,0.42656535,Q2,0.008577068044887368,mid_high,True,0.0159541360897747
2024-12-13 05:00:00+00:00,2024,5,short,0.42615262,Q2,0.007282211053436021,mid_high,False,-0.0070257688427487995
2024-12-14 01:00:00+00:00,2024,1,short,0.3958809,Q1_low,0.00738888034714515,mid_high,True,0.0135777606942903
2024-12-14 02:00:00+00:00,2024,2,short,0.3958809,Q1_low,0.0076001997306577255,mid_high,True,0.014000399461315401
2024-12-15 00:00:00+00:00,2024,0,short,0.42374864,Q2,0.004567172281829574,low_atr,False,-0.0048537378254636
2024-12-15 01:00:00+00:00,2024,1,short,0.40937036,Q2,0.004909982144501608,low_atr,True,0.0086199642890032
2024-12-16 00:00:00+00:00,2024,0,short,0.42500553,Q2,0.007386053234593371,mid_high,True,0.0135721064691867
2024-12-16 02:00:00+00:00,2024,2,short,0.40040722,Q1_low,0.007740342656910814,mid_high,True,0.0142806853138216
2024-12-17 02:00:00+00:00,2024,2,short,0.4016577,Q1_low,0.008289452165043386,mid_high,False,-0.0078315617320347
2024-12-17 03:00:00+00:00,2024,3,short,0.39638257,Q1_low,0.008329290204966531,mid_high,True,0.015458580409933
2024-12-18 00:00:00+00:00,2024,0,short,0.40036556,Q1_low,0.009370670442046822,high_atr,True,0.0175413408840936
2024-12-18 01:00:00+00:00,2024,1,short,0.40036556,Q1_low,0.010140101034687033,high_atr,True,0.019080202069374
2024-12-19 00:00:00+00:00,2024,0,short,0.4438823,Q3,0.011177495283695988,high_atr,True,0.0211549905673919
2024-12-19 01:00:00+00:00,2024,1,short,0.4438823,Q3,0.011826282818006434,high_atr,True,0.0224525656360128
2024-12-20 00:00:00+00:00,2024,0,short,0.43522036,Q2,0.016179044922883034,high_atr,True,0.031158089845766
2024-12-20 01:00:00+00:00,2024,1,short,0.43522036,Q2,0.017097929576098438,high_atr,True,0.0329958591521968
2024-12-21 01:00:00+00:00,2024,1,short,0.39644918,Q1_low,0.011923492683691691,high_atr,True,0.0226469853673833
2024-12-21 02:00:00+00:00,2024,2,short,0.41519335,Q2,0.010789561468558547,high_atr,False,-0.0098316491748468
2024-12-22 00:00:00+00:00,2024,0,short,0.42656535,Q2,0.0075987701252827515,mid_high,True,0.0139975402505655
2024-12-22 01:00:00+00:00,2024,1,short,0.42615262,Q2,0.007686981088654262,mid_high,True,0.0141739621773085
2024-12-23 00:00:00+00:00,2024,0,short,0.44254076,Q3,0.009397691547542338,high_atr,True,0.0175953830950846
2024-12-23 01:00:00+00:00,2024,1,short,0.44254076,Q3,0.010155109475247984,high_atr,True,0.0191102189504959
2024-12-24 00:00:00+00:00,2024,0,short,0.40095723,Q1_low,0.011717813700447008,high_atr,True,0.022235627400894
2024-12-24 02:00:00+00:00,2024,2,short,0.40268847,Q1_low,0.011907233310596389,high_atr,False,-0.0107257866484771
2024-12-25 04:00:00+00:00,2024,4,short,0.38580012,Q1_low,0.007849369504422929,mid_high,True,0.0144987390088458
2024-12-25 05:00:00+00:00,2024,5,short,0.39102566,Q1_low,0.007208236522119486,mid_high,True,0.0132164730442389
2024-12-26 00:00:00+00:00,2024,0,short,0.3958809,Q1_low,0.007363337299643018,mid_high,True,0.013526674599286
2024-12-26 01:00:00+00:00,2024,1,short,0.3958809,Q1_low,0.007030256733550632,mid_low,True,0.0128605134671012
2024-12-26 15:00:00+00:00,2024,15,short,0.44254076,Q3,0.007750599184915022,mid_high,True,0.014301198369830001
2024-12-26 16:00:00+00:00,2024,16,short,0.41708487,Q2,0.007741391802427352,mid_high,True,0.0142827836048547
2024-12-27 00:00:00+00:00,2024,0,short,0.40863898,Q2,0.006858364933219184,mid_low,True,0.0125167298664383
2024-12-27 01:00:00+00:00,2024,1,short,0.39932874,Q1_low,0.006950025193450241,mid_low,True,0.0127000503869004
2024-12-28 06:00:00+00:00,2024,6,short,0.39177045,Q1_low,0.0046303006389678495,low_atr,False,-0.0049042405111742
2024-12-28 07:00:00+00:00,2024,7,short,0.38381946,Q1_low,0.004209858241831615,low_atr,False,-0.0045678865934652
2024-12-29 00:00:00+00:00,2024,0,short,0.41409895,Q2,0.004421523035130216,low_atr,True,0.0076430460702604005
2024-12-29 02:00:00+00:00,2024,2,short,0.40794158,Q2,0.004564982758998757,low_atr,True,0.0079299655179975
2024-12-30 01:00:00+00:00,2024,1,short,0.42640632,Q2,0.006592956032253173,mid_low,True,0.011985912064506301
2024-12-30 02:00:00+00:00,2024,2,short,0.40672922,Q1_low,0.006832654783109468,mid_low,True,0.0124653095662189
2024-12-31 00:00:00+00:00,2024,0,short,0.4192165,Q2,0.011194101357760873,high_atr,False,-0.0101552810862086
2024-12-31 01:00:00+00:00,2024,1,short,0.4245818,Q2,0.011232758164914987,high_atr,False,-0.0101862065319319
2025-01-01 00:00:00+00:00,2025,0,short,0.42499408,Q2,0.008959947025578282,mid_high,True,0.0167198940511565
2025-01-01 01:00:00+00:00,2025,1,short,0.42499408,Q2,0.009423750908236113,high_atr,True,0.017647501816472202
2025-01-02 00:00:00+00:00,2025,0,short,0.40937036,Q2,0.005820419011891823,mid_low,False,-0.0058563352095133995
2025-01-02 01:00:00+00:00,2025,1,short,0.40937036,Q2,0.006056992117656329,mid_low,False,-0.006045593694125
2025-01-03 00:00:00+00:00,2025,0,short,0.4011538,Q1_low,0.007799447254446704,mid_high,True,0.0143988945088934
2025-01-03 01:00:00+00:00,2025,1,short,0.4011538,Q1_low,0.00773753966084865,mid_high,True,0.0142750793216973
2025-01-04 00:00:00+00:00,2025,0,short,0.42165595,Q2,0.005292945268637723,mid_low,True,0.0093858905372754
2025-01-04 01:00:00+00:00,2025,1,short,0.42165595,Q2,0.005253794540806319,mid_low,True,0.0093075890816126
2025-01-05 00:00:00+00:00,2025,0,short,0.42713937,Q2,0.0035208536771509508,low_atr,True,0.0058417073543019
2025-01-05 01:00:00+00:00,2025,1,short,0.42713937,Q2,0.0035695861761807592,low_atr,True,0.005939172352361501
2025-01-06 00:00:00+00:00,2025,0,short,0.41621542,Q2,0.004651627367553279,low_atr,False,-0.0049213018940426
2025-01-06 01:00:00+00:00,2025,1,short,0.40937036,Q2,0.005129929122466781,mid_low,False,-0.0053039432979734
2025-01-07 00:00:00+00:00,2025,0,short,0.40084183,Q1_low,0.008484973171404281,mid_high,True,0.0157699463428085
2025-01-07 01:00:00+00:00,2025,1,short,0.38580012,Q1_low,0.008260983151018768,mid_high,True,0.015321966302037502
2025-01-08 00:00:00+00:00,2025,0,short,0.44254076,Q3,0.009424607255993294,high_atr,True,0.0176492145119865
2025-01-08 01:00:00+00:00,2025,1,short,0.44254076,Q3,0.009210272110950378,mid_high,True,0.0172205442219007
2025-01-09 00:00:00+00:00,2025,0,short,0.41147673,Q2,0.010565088016615768,high_atr,True,0.0199301760332315
2025-01-09 01:00:00+00:00,2025,1,short,0.41147673,Q2,0.009749669687597141,high_atr,True,0.0182993393751942
2025-01-09 15:00:00+00:00,2025,15,short,0.413571,Q2,0.009927029948750781,high_atr,True,0.0186540598975015
2025-01-09 16:00:00+00:00,2025,16,short,0.4197663,Q2,0.009348538020031463,high_atr,True,0.0174970760400629
2025-01-10 00:00:00+00:00,2025,0,short,0.40377024,Q1_low,0.011646537960652997,high_atr,False,-0.0105172303685223
2025-01-10 01:00:00+00:00,2025,1,short,0.40377024,Q1_low,0.011541117976913153,high_atr,False,-0.0104328943815305
2025-01-11 10:00:00+00:00,2025,10,short,0.42569327,Q2,0.0035306029963158635,low_atr,True,0.0058612059926317
2025-01-11 14:00:00+00:00,2025,14,short,0.41866842,Q2,0.0033239085303153285,low_atr,True,0.0054478170606306
2025-01-12 00:00:00+00:00,2025,0,short,0.41409895,Q2,0.003498748863445663,low_atr,True,0.0057974977268913
2025-01-12 01:00:00+00:00,2025,1,short,0.41409895,Q2,0.003457036447270214,low_atr,True,0.005714072894540401
2025-01-13 00:00:00+00:00,2025,0,short,0.40937036,Q2,0.005511431681233325,mid_low,True,0.0098228633624666
2025-01-13 01:00:00+00:00,2025,1,short,0.40937036,Q2,0.00632739156439817,mid_low,True,0.0114547831287963
2025-01-14 00:00:00+00:00,2025,0,short,0.40010133,Q1_low,0.012498744468096177,high_atr,False,-0.0111989955744769
2025-01-14 01:00:00+00:00,2025,1,short,0.40010133,Q1_low,0.012189086777292281,high_atr,False,-0.0109512694218338
2025-01-15 01:00:00+00:00,2025,1,short,0.3958809,Q1_low,0.008063353472998495,mid_high,True,0.0149267069459969
2025-01-15 02:00:00+00:00,2025,2,short,0.3958809,Q1_low,0.008093505666900525,mid_high,False,-0.0076748045335204
2025-01-16 00:00:00+00:00,2025,0,short,0.38580012,Q1_low,0.008618307562528566,mid_high,True,0.0160366151250571
2025-01-16 01:00:00+00:00,2025,1,short,0.38580012,Q1_low,0.008580615764703895,mid_high,True,0.0159612315294077
2025-01-17 00:00:00+00:00,2025,0,short,0.400688,Q1_low,0.00889337005171766,mid_high,False,-0.0083146960413741
2025-01-17 01:00:00+00:00,2025,1,short,0.400688,Q1_low,0.009627896921990961,high_atr,True,0.0180557938439819
2025-01-18 00:00:00+00:00,2025,0,short,0.37180138,Q1_low,0.00810456065116692,mid_high,True,0.0150091213023338
2025-01-18 01:00:00+00:00,2025,1,short,0.37180138,Q1_low,0.008269112737402365,mid_high,True,0.0153382254748047
2025-01-19 01:00:00+00:00,2025,1,short,0.41682085,Q2,0.007423880301025423,mid_high,True,0.0136477606020508
2025-01-19 02:00:00+00:00,2025,2,short,0.39159337,Q1_low,0.007611896230287992,mid_high,True,0.0140237924605759
2025-01-20 00:00:00+00:00,2025,0,short,0.44293052,Q3,0.014362333827520541,high_atr,False,-0.0126898670620164
2025-01-20 01:00:00+00:00,2025,1,short,0.44293052,Q3,0.014369200954668567,high_atr,False,-0.0126953607637348
2025-01-21 03:00:00+00:00,2025,3,short,0.41840714,Q2,0.02102097704671285,high_atr,True,0.0408419540934257
2025-01-21 05:00:00+00:00,2025,5,short,0.42784536,Q2,0.019822569555082242,high_atr,False,-0.0170580556440657
2025-01-22 00:00:00+00:00,2025,0,short,0.39131016,Q1_low,0.011868111534191934,high_atr,True,0.0225362230683838
2025-01-22 01:00:00+00:00,2025,1,short,0.4031087,Q1_low,0.011921462603040164,high_atr,True,0.0226429252060803
2025-01-23 01:00:00+00:00,2025,1,short,0.4142842,Q2,0.009015637331082575,mid_high,True,0.0168312746621651
2025-01-23 02:00:00+00:00,2025,2,short,0.42639613,Q2,0.00928842734282711,mid_high,True,0.0173768546856542
2025-01-23 15:00:00+00:00,2025,15,short,0.3836707,Q1_low,0.011521606567275704,high_atr,True,0.0218432131345514
2025-01-23 16:00:00+00:00,2025,16,short,0.38248962,Q1_low,0.012183826928532215,high_atr,True,0.023167653857064402
2025-01-24 10:00:00+00:00,2025,10,short,0.40040722,Q1_low,0.008473977658878692,mid_high,True,0.0157479553177573
2025-01-24 11:00:00+00:00,2025,11,short,0.39159337,Q1_low,0.007879485045104651,mid_high,True,0.0145589700902093
2025-01-25 01:00:00+00:00,2025,1,short,0.40036556,Q1_low,0.007638053373036912,mid_high,True,0.0140761067460738
2025-01-25 03:00:00+00:00,2025,3,short,0.40036556,Q1_low,0.007561977526001671,mid_high,True,0.013923955052003301
2025-01-26 00:00:00+00:00,2025,0,short,0.42713937,Q2,0.0033761111615101176,low_atr,False,-0.0039008889292079995
2025-01-26 01:00:00+00:00,2025,1,short,0.42713937,Q2,0.003353179232761219,low_atr,False,-0.0038825433862088995
2025-01-27 00:00:00+00:00,2025,0,short,0.43193838,Q2,0.004705040451362381,low_atr,True,0.0082100809027247
2025-01-27 01:00:00+00:00,2025,1,short,0.44588342,Q3,0.005238753242340591,mid_low,True,0.0092775064846811
2025-01-28 04:00:00+00:00,2025,4,short,0.39559656,Q1_low,0.010492591059275,high_atr,True,0.0197851821185499
2025-01-28 05:00:00+00:00,2025,5,short,0.39559656,Q1_low,0.009980326949997434,high_atr,True,0.0187606538999948
2025-01-29 05:00:00+00:00,2025,5,short,0.42119336,Q2,0.00760906524845076,mid_high,True,0.014018130496901501
2025-01-29 06:00:00+00:00,2025,6,short,0.3958809,Q1_low,0.007285674944265123,mid_high,True,0.0133713498885302
2025-01-30 04:00:00+00:00,2025,4,short,0.4067251,Q1_low,0.009284156752721894,mid_high,True,0.0173683135054437
2025-01-30 09:00:00+00:00,2025,9,short,0.39653584,Q1_low,0.0070389232744076415,mid_low,True,0.0128778465488152
2025-01-31 00:00:00+00:00,2025,0,short,0.41305774,Q2,0.006760277319276052,mid_low,True,0.012320554638552101
2025-01-31 01:00:00+00:00,2025,1,short,0.40036556,Q1_low,0.006890466861639789,mid_low,True,0.0125809337232795
2025-02-01 00:00:00+00:00,2025,0,short,0.45123193,Q3,0.007801630171815878,mid_high,True,0.0144032603436317
2025-02-01 01:00:00+00:00,2025,1,short,0.44109067,Q3,0.007618493958880135,mid_high,True,0.0140369879177602
2025-02-02 00:00:00+00:00,2025,0,short,0.42538977,Q2,0.005269950238559639,mid_low,True,0.0093399004771192
2025-02-02 01:00:00+00:00,2025,1,short,0.40290442,Q1_low,0.005188127856201448,mid_low,True,0.009176255712402801
2025-02-03 00:00:00+00:00,2025,0,short,0.42982107,Q2,0.013609507677279675,high_atr,True,0.0260190153545593
2025-02-03 01:00:00+00:00,2025,1,short,0.43522036,Q2,0.017170909070888064,high_atr,True,0.0331418181417761
2025-02-04 00:00:00+00:00,2025,0,short,0.39559656,Q1_low,0.012952908490114615,high_atr,True,0.024705816980229202
2025-02-04 01:00:00+00:00,2025,1,short,0.39559656,Q1_low,0.013095045439500378,high_atr,True,0.0249900908790007
2025-02-05 00:00:00+00:00,2025,0,short,0.41889966,Q2,0.01272860299262099,high_atr,True,0.0242572059852419
2025-02-05 05:00:00+00:00,2025,5,short,0.41889966,Q2,0.011344016604594064,high_atr,True,0.0214880332091881
2025-02-06 00:00:00+00:00,2025,0,short,0.42615262,Q2,0.008647190296051415,mid_high,False,-0.0081177522368411
2025-02-06 01:00:00+00:00,2025,1,short,0.42615262,Q2,0.0086827592364779,mid_high,False,-0.0081462073891823
2025-02-06 15:00:00+00:00,2025,15,short,0.41513294,Q2,0.006490389416022814,mid_low,True,0.0117807788320456
2025-02-06 16:00:00+00:00,2025,16,short,0.45089513,Q3,0.007120772124785907,mid_high,True,0.013041544249571801
2025-02-07 01:00:00+00:00,2025,1,short,0.42078203,Q2,0.01005699118197308,high_atr,True,0.018913982363946102
2025-02-07 02:00:00+00:00,2025,2,short,0.41803616,Q2,0.009889498101325344,high_atr,True,0.0185789962026506
2025-02-08 00:00:00+00:00,2025,0,short,0.42615262,Q2,0.010202328373984194,high_atr,True,0.0192046567479683
2025-02-08 02:00:00+00:00,2025,2,short,0.42615262,Q2,0.010045526801906865,high_atr,True,0.018891053603813702
2025-02-09 00:00:00+00:00,2025,0,short,0.4136337,Q2,0.0036444666521717587,low_atr,False,-0.0041155733217374
2025-02-09 01:00:00+00:00,2025,1,short,0.41868708,Q2,0.0037957108636721207,low_atr,True,0.0063914217273442
2025-02-10 00:00:00+00:00,2025,0,short,0.41803616,Q2,0.007434348503178225,mid_high,True,0.0136686970063564
2025-02-10 01:00:00+00:00,2025,1,short,0.42078203,Q2,0.00834671535029484,mid_high,False,-0.0078773722802358
2025-02-11 01:00:00+00:00,2025,1,short,0.40937036,Q2,0.005622267080111219,mid_low,True,0.0100445341602224
2025-02-11 02:00:00+00:00,2025,2,short,0.40937036,Q2,0.00563929587086592,mid_low,True,0.0100785917417318
2025-02-12 00:00:00+00:00,2025,0,short,0.42615262,Q2,0.00747492562344483,mid_high,True,0.0137498512468896
2025-02-12 01:00:00+00:00,2025,1,short,0.42615262,Q2,0.007538259457415231,mid_high,True,0.0138765189148304
2025-02-13 00:00:00+00:00,2025,0,short,0.39559656,Q1_low,0.010220914643838949,high_atr,True,0.0192418292876778
2025-02-13 01:00:00+00:00,2025,1,short,0.39559656,Q1_low,0.010167751564261062,high_atr,True,0.0191355031285221
2025-02-14 03:00:00+00:00,2025,3,short,0.40937036,Q2,0.006367113882544652,mid_low,True,0.0115342277650893
2025-02-14 04:00:00+00:00,2025,4,short,0.40937036,Q2,0.00619786064503244,mid_low,True,0.0111957212900648
2025-02-15 10:00:00+00:00,2025,10,short,0.4295823,Q2,0.003583323466656181,low_atr,True,0.005966646933312301
2025-02-15 11:00:00+00:00,2025,11,short,0.4295823,Q2,0.0031415001600326293,low_atr,True,0.005083000320065201
2025-02-16 00:00:00+00:00,2025,0,short,0.42713937,Q2,0.00243826355917061,low_atr,True,0.0036765271183412003
2025-02-16 01:00:00+00:00,2025,1,short,0.42713937,Q2,0.002388632463268794,low_atr,True,0.0035772649265375005
2025-02-17 00:00:00+00:00,2025,0,short,0.4277337,Q2,0.003954280894688221,low_atr,True,0.006708561789376401
2025-02-17 01:00:00+00:00,2025,1,short,0.4192782,Q2,0.00416877762604703,low_atr,True,0.0071375552520940005
2025-02-18 00:00:00+00:00,2025,0,short,0.40254796,Q1_low,0.005807868510090025,mid_low,True,0.01041573702018
2025-02-18 01:00:00+00:00,2025,1,short,0.4062396,Q1_low,0.00607513953212205,mid_low,True,0.0109502790642441
2025-02-19 02:00:00+00:00,2025,2,short,0.4242499,Q2,0.007846701666504105,mid_high,True,0.0144934033330082
2025-02-19 03:00:00+00:00,2025,3,short,0.42741954,Q2,0.0077626004416573476,mid_high,True,0.0143252008833146
2025-02-20 15:00:00+00:00,2025,15,short,0.43420014,Q2,0.0040608706616417755,low_atr,False,-0.0044486965293134
2025-02-20 16:00:00+00:00,2025,16,short,0.42713937,Q2,0.004426206282413056,low_atr,False,-0.0047409650259304
2025-02-21 01:00:00+00:00,2025,1,short,0.42165595,Q2,0.0051058883017149545,mid_low,False,-0.0052847106413719
2025-02-21 02:00:00+00:00,2025,2,short,0.42165595,Q2,0.00506260424936812,mid_low,False,-0.005250083399494399
2025-02-22 12:00:00+00:00,2025,12,short,0.38889435,Q1_low,0.0030510679697349405,low_atr,True,0.004902135939469801
2025-02-22 17:00:00+00:00,2025,17,short,0.38889435,Q1_low,0.002716271227801613,low_atr,True,0.004232542455603201
2025-02-23 00:00:00+00:00,2025,0,short,0.4061097,Q1_low,0.002576150478661391,low_atr,True,0.0039523009573227
2025-02-23 01:00:00+00:00,2025,1,short,0.4061097,Q1_low,0.0026896858328393273,low_atr,True,0.0041793716656786
2025-02-24 00:00:00+00:00,2025,0,short,0.39631224,Q1_low,0.0034052462011639768,low_atr,True,0.0056104924023279
2025-02-24 01:00:00+00:00,2025,1,short,0.39631224,Q1_low,0.0037319478201874707,low_atr,True,0.0062638956403749
2025-02-25 00:00:00+00:00,2025,0,short,0.44718456,Q3,0.010304027301502988,high_atr,True,0.0194080546030059
2025-02-25 01:00:00+00:00,2025,1,short,0.44718456,Q3,0.010903841434814926,high_atr,True,0.0206076828696298
2025-02-26 01:00:00+00:00,2025,1,short,0.39728147,Q1_low,0.012669081421097675,high_atr,True,0.0241381628421953
2025-02-26 02:00:00+00:00,2025,2,short,0.39728147,Q1_low,0.012757619361242367,high_atr,True,0.0243152387224847
2025-02-27 05:00:00+00:00,2025,5,short,0.377996,Q1_low,0.016174193092027226,high_atr,True,0.031148386184054404
2025-02-27 06:00:00+00:00,2025,6,short,0.38160634,Q1_low,0.015668658160194006,high_atr,True,0.030137316320387998
2025-02-28 00:00:00+00:00,2025,0,short,0.38906413,Q1_low,0.011505121301480148,high_atr,True,0.0218102426029603
2025-02-28 01:00:00+00:00,2025,1,short,0.3863482,Q1_low,0.014204260989455389,high_atr,True,0.027208521978910702
2025-03-01 00:00:00+00:00,2025,0,short,0.4163068,Q2,0.012931728728385966,high_atr,False,-0.011545382982708699
2025-03-01 03:00:00+00:00,2025,3,short,0.36919752,Q1_low,0.012835136176908435,high_atr,True,0.0244702723538168
2025-03-02 01:00:00+00:00,2025,1,short,0.3998038,Q1_low,0.005673239482316893,mid_low,True,0.0101464789646337
2025-03-02 03:00:00+00:00,2025,3,short,0.39145258,Q1_low,0.00589978113258683,mid_low,True,0.0105995622651736
2025-03-03 00:00:00+00:00,2025,0,short,0.39162138,Q1_low,0.017155422704640662,high_atr,True,0.0331108454092813
2025-03-03 01:00:00+00:00,2025,1,short,0.39491823,Q1_low,0.017576782349652507,high_atr,True,0.033953564699305
2025-03-04 00:00:00+00:00,2025,0,short,0.43364134,Q2,0.019121100413349298,high_atr,True,0.0370422008266985
2025-03-04 02:00:00+00:00,2025,2,short,0.43364134,Q2,0.023328785393500136,high_atr,True,0.0454575707870002
2025-03-05 00:00:00+00:00,2025,0,short,0.41306034,Q2,0.018481144290205784,high_atr,False,-0.0159849154321646
2025-03-05 01:00:00+00:00,2025,1,short,0.40010133,Q1_low,0.018699966219373775,high_atr,False,-0.016159972975499
2025-03-06 00:00:00+00:00,2025,0,short,0.40184417,Q1_low,0.012210842299921811,high_atr,False,-0.010968673839937399
2025-03-06 01:00:00+00:00,2025,1,short,0.40184417,Q1_low,0.013092574673654976,high_atr,True,0.0249851493473099
2025-03-06 15:00:00+00:00,2025,15,short,0.42499408,Q2,0.010608072795565587,high_atr,True,0.0200161455911311
2025-03-06 16:00:00+00:00,2025,16,short,0.42499408,Q2,0.011450585662138331,high_atr,True,0.0217011713242766
2025-03-07 00:00:00+00:00,2025,0,short,0.43269446,Q2,0.018844887726200913,high_atr,False,-0.0162759101809607
2025-03-07 02:00:00+00:00,2025,2,short,0.41733608,Q2,0.020799246323517366,high_atr,False,-0.0178393970588138
2025-03-08 00:00:00+00:00,2025,0,short,0.40832248,Q2,0.018255975234157448,high_atr,True,0.0353119504683148
2025-03-08 12:00:00+00:00,2025,12,short,0.39813507,Q1_low,0.006955594019517119,mid_low,True,0.0127111880390342
2025-03-09 00:00:00+00:00,2025,0,short,0.41336542,Q2,0.005008628866141356,low_atr,True,0.0088172577322827
2025-03-09 01:00:00+00:00,2025,1,short,0.4040001,Q1_low,0.005062152574001613,mid_low,True,0.0089243051480032
2025-03-10 00:00:00+00:00,2025,0,short,0.39940494,Q1_low,0.013732956563635261,high_atr,False,-0.0121863652509082
2025-03-10 02:00:00+00:00,2025,2,short,0.40352014,Q1_low,0.014410663035166117,high_atr,True,0.0276213260703322
2025-03-11 00:00:00+00:00,2025,0,short,0.43503922,Q2,0.019924278852125648,high_atr,False,-0.0171394230817005
2025-03-11 05:00:00+00:00,2025,5,short,0.44413596,Q3,0.0162596812012979,high_atr,True,0.0313193624025958
2025-03-12 00:00:00+00:00,2025,0,short,0.3425774,Q1_low,0.013331825117152986,high_atr,True,0.025463650234305902
2025-03-12 01:00:00+00:00,2025,1,short,0.3425774,Q1_low,0.013529105561835033,high_atr,True,0.02585821112367
2025-03-13 00:00:00+00:00,2025,0,short,0.42086142,Q2,0.011311610401194187,high_atr,True,0.0214232208023883
2025-03-13 01:00:00+00:00,2025,1,short,0.42968607,Q2,0.01148645288484201,high_atr,True,0.021772905769684
2025-03-14 00:00:00+00:00,2025,0,short,0.46946368,Q4,0.011200250435807444,high_atr,False,-0.0101602003486459
2025-03-14 01:00:00+00:00,2025,1,short,0.46946368,Q4,0.01134216543953116,high_atr,False,-0.0102737323516249
2025-03-15 00:00:00+00:00,2025,0,short,0.38781172,Q1_low,0.008200813264555195,mid_high,True,0.0152016265291103
2025-03-15 01:00:00+00:00,2025,1,short,0.40267345,Q1_low,0.008272139345213763,mid_high,True,0.0153442786904275
2025-03-16 00:00:00+00:00,2025,0,short,0.3922582,Q1_low,0.0029736318019738775,low_atr,True,0.004747263603947701
2025-03-16 02:00:00+00:00,2025,2,short,0.396754,Q1_low,0.0032020417622983756,low_atr,True,0.0052040835245967
2025-03-17 02:00:00+00:00,2025,2,short,0.43219325,Q2,0.008980292119492856,mid_high,True,0.0167605842389857
2025-03-17 03:00:00+00:00,2025,3,short,0.43219325,Q2,0.008800366190880413,mid_high,True,0.0164007323817608
2025-03-18 00:00:00+00:00,2025,0,short,0.39400762,Q1_low,0.008050666913197745,mid_high,True,0.0149013338263954
2025-03-18 01:00:00+00:00,2025,1,short,0.39874244,Q1_low,0.00847401847495679,mid_high,True,0.015748036949913502
2025-03-19 00:00:00+00:00,2025,0,short,0.49607474,Q5_high,0.007581996779648381,mid_high,True,0.0139639935592967
2025-03-19 01:00:00+00:00,2025,1,short,0.49607474,Q5_high,0.007808735256371751,mid_high,False,-0.0074469882050974
2025-03-20 00:00:00+00:00,2025,0,short,0.37809986,Q1_low,0.01045328587146548,high_atr,True,0.0197065717429309
2025-03-20 01:00:00+00:00,2025,1,short,0.37415951,Q1_low,0.010380476858382363,high_atr,True,0.0195609537167647
2025-03-20 15:00:00+00:00,2025,15,short,0.39779347,Q1_low,0.007570278687724979,mid_high,True,0.0139405573754499
2025-03-20 20:00:00+00:00,2025,20,short,0.3936048,Q1_low,0.008578699085267918,mid_high,True,0.015957398170535802
2025-03-21 00:00:00+00:00,2025,0,short,0.39266002,Q1_low,0.007803726684544212,mid_high,True,0.014407453369088401
2025-03-21 01:00:00+00:00,2025,1,short,0.39266002,Q1_low,0.007828072722122876,mid_high,True,0.0144561454442457
2025-03-22 04:00:00+00:00,2025,4,short,0.41036373,Q2,0.004613691931126104,low_atr,True,0.008027383862252201
2025-03-22 05:00:00+00:00,2025,5,short,0.41036373,Q2,0.004180911813711612,low_atr,True,0.0071618236274232
2025-03-23 00:00:00+00:00,2025,0,short,0.45210552,Q3,0.0023166699165212664,low_atr,False,-0.003053335933217
2025-03-23 01:00:00+00:00,2025,1,short,0.4472083,Q3,0.002262640386396675,low_atr,False,-0.0030101123091173
2025-03-24 00:00:00+00:00,2025,0,short,0.4507857,Q3,0.005107285556801087,mid_low,True,0.0090145711136021
2025-03-24 01:00:00+00:00,2025,1,short,0.40960127,Q2,0.005081471583079267,mid_low,False,-0.005265177266463399
2025-03-25 00:00:00+00:00,2025,0,short,0.42481408,Q2,0.00694906391056876,mid_low,True,0.0126981278211375
2025-03-25 01:00:00+00:00,2025,1,short,0.42202508,Q2,0.0073741454395954715,mid_high,True,0.0135482908791909
2025-03-26 00:00:00+00:00,2025,0,short,0.41392457,Q2,0.006689212987724523,mid_low,True,0.012178425975449
2025-03-26 02:00:00+00:00,2025,2,short,0.42144626,Q2,0.006608869338332351,mid_low,True,0.0120177386766647
2025-03-27 00:00:00+00:00,2025,0,short,0.4104329,Q2,0.007215481935503925,mid_high,True,0.0132309638710078
2025-03-27 01:00:00+00:00,2025,1,short,0.4104329,Q2,0.007219916917425799,mid_high,True,0.0132398338348515
2025-03-28 00:00:00+00:00,2025,0,short,0.41392457,Q2,0.006357094914880385,mid_low,True,0.0115141898297607
2025-03-28 01:00:00+00:00,2025,1,short,0.41392457,Q2,0.00625847843610125,mid_low,True,0.0113169568722025
2025-03-29 00:00:00+00:00,2025,0,short,0.37762383,Q1_low,0.0060176751053272965,mid_low,True,0.0108353502106545
2025-03-29 01:00:00+00:00,2025,1,short,0.3956374,Q1_low,0.005868182743182728,mid_low,True,0.0105363654863654
2025-03-30 01:00:00+00:00,2025,1,short,0.40607232,Q1_low,0.005230152564140605,mid_low,True,0.0092603051282812
2025-03-30 02:00:00+00:00,2025,2,short,0.41650632,Q2,0.005276462336052988,mid_low,True,0.0093529246721059
2025-03-31 02:00:00+00:00,2025,2,short,0.48929155,Q5_high,0.007399213904388843,mid_high,True,0.0135984278087776
2025-03-31 03:00:00+00:00,2025,3,short,0.48929155,Q5_high,0.0074307486933343665,mid_high,False,-0.0071445989546674
2025-04-01 00:00:00+00:00,2025,0,short,0.46946368,Q4,0.008969042637975723,mid_high,False,-0.0083752341103805
2025-04-01 01:00:00+00:00,2025,1,short,0.46946368,Q4,0.008890760144829007,mid_high,False,-0.0083126081158632
2025-04-02 00:00:00+00:00,2025,0,short,0.3834443,Q1_low,0.007559685379006253,mid_high,True,0.0139193707580125
2025-04-02 01:00:00+00:00,2025,1,short,0.3834443,Q1_low,0.007537478819384866,mid_high,True,0.0138749576387697
2025-04-03 00:00:00+00:00,2025,0,short,0.38543433,Q1_low,0.014442702421697852,high_atr,True,0.0276854048433957
2025-04-03 01:00:00+00:00,2025,1,short,0.38543433,Q1_low,0.01469400188401048,high_atr,True,0.0281880037680209
2025-04-03 15:00:00+00:00,2025,15,short,0.41717574,Q2,0.0075737884499399695,mid_high,True,0.0139475768998799
2025-04-03 17:00:00+00:00,2025,17,short,0.45008942,Q3,0.007896804147730243,mid_high,False,-0.007517443318184099
2025-04-04 00:00:00+00:00,2025,0,short,0.47893232,Q5_high,0.00863868065038111,mid_high,False,-0.0081109445203048
2025-04-04 01:00:00+00:00,2025,1,short,0.4751464,Q5_high,0.00906978182960638,mid_high,False,-0.008455825463685101
2025-04-05 01:00:00+00:00,2025,1,short,0.3881914,Q1_low,0.010855387371633511,high_atr,True,0.020510774743267
2025-04-05 02:00:00+00:00,2025,2,short,0.3881914,Q1_low,0.010000148054537828,high_atr,True,0.0188002961090756
2025-04-06 00:00:00+00:00,2025,0,short,0.3869768,Q1_low,0.004512179659712481,low_atr,True,0.007824359319424901
2025-04-06 02:00:00+00:00,2025,2,short,0.39724758,Q1_low,0.004506658417527574,low_atr,True,0.0078133168350551
2025-04-07 00:00:00+00:00,2025,0,short,0.42221677,Q2,0.01266936936328739,high_atr,True,0.0241387387265747
2025-04-07 01:00:00+00:00,2025,1,short,0.42221677,Q2,0.013238062606597953,high_atr,True,0.025276125213195902
2025-04-08 01:00:00+00:00,2025,1,short,0.3701914,Q1_low,0.01871768319064875,high_atr,True,0.0362353663812975
2025-04-08 02:00:00+00:00,2025,2,short,0.39977956,Q1_low,0.01860274166554337,high_atr,True,0.0360054833310867
2025-04-09 00:00:00+00:00,2025,0,short,0.41570732,Q2,0.011996178972020195,high_atr,True,0.0227923579440403
2025-04-09 01:00:00+00:00,2025,1,short,0.4220883,Q2,0.01288782300579031,high_atr,True,0.0245756460115806
2025-04-10 00:00:00+00:00,2025,0,short,0.34869364,Q1_low,0.015498705505156682,high_atr,True,0.0297974110103133
2025-04-10 01:00:00+00:00,2025,1,short,0.34869364,Q1_low,0.014613124598904516,high_atr,True,0.028026249197809
2025-04-11 00:00:00+00:00,2025,0,short,0.41260087,Q2,0.011449154666106397,high_atr,False,-0.0103593237328851
2025-04-11 01:00:00+00:00,2025,1,short,0.46946368,Q4,0.012140900108076638,high_atr,False,-0.010912720086461299
2025-04-12 02:00:00+00:00,2025,2,short,0.36886802,Q1_low,0.009189895628247345,mid_high,False,-0.0085519165025978
2025-04-12 03:00:00+00:00,2025,3,short,0.45678988,Q3,0.00815939726698431,mid_high,False,-0.007727517813587399
2025-04-13 00:00:00+00:00,2025,0,short,0.39145258,Q1_low,0.006893061893061886,mid_low,True,0.0125861237861237
2025-04-13 01:00:00+00:00,2025,1,short,0.3834443,Q1_low,0.007553265395213031,mid_high,True,0.013906530790426001
2025-04-14 03:00:00+00:00,2025,3,short,0.3881914,Q1_low,0.010655595865044106,high_atr,True,0.0201111917300882
2025-04-14 04:00:00+00:00,2025,4,short,0.3881914,Q1_low,0.010602575304443178,high_atr,True,0.020005150608886302
2025-04-15 01:00:00+00:00,2025,1,short,0.39400762,Q1_low,0.008606700943461108,mid_high,False,-0.0080853607547688
2025-04-15 03:00:00+00:00,2025,3,short,0.37518224,Q1_low,0.007958647836611876,mid_high,True,0.0147172956732237
2025-04-16 00:00:00+00:00,2025,0,short,0.4001282,Q1_low,0.006469682832293092,mid_low,False,-0.0063757462658343995
2025-04-16 01:00:00+00:00,2025,1,short,0.4001282,Q1_low,0.00662920267215511,mid_low,True,0.0120584053443102
2025-04-17 15:00:00+00:00,2025,15,short,0.41036373,Q2,0.005128083744104725,mid_low,False,-0.0053024669952837
2025-04-17 17:00:00+00:00,2025,17,short,0.40399566,Q1_low,0.0053722631316530005,mid_low,True,0.009544526263306
2025-04-18 00:00:00+00:00,2025,0,short,0.40399566,Q1_low,0.0054660269498029495,mid_low,True,0.0097320538996058
2025-04-18 01:00:00+00:00,2025,1,short,0.40399566,Q1_low,0.005315004489822854,mid_low,True,0.0094300089796457
2025-04-19 00:00:00+00:00,2025,0,short,0.451928,Q3,0.0023763057366674913,low_atr,False,-0.0031010445893339
2025-04-19 01:00:00+00:00,2025,1,short,0.44703114,Q3,0.0023462784812865855,low_atr,False,-0.0030770227850292
2025-04-20 00:00:00+00:00,2025,0,short,0.402918,Q1_low,0.00316010552424807,low_atr,True,0.005120211048496101
2025-04-20 01:00:00+00:00,2025,1,short,0.402918,Q1_low,0.003181580275341551,low_atr,True,0.005163160550683101
2025-04-21 00:00:00+00:00,2025,0,short,0.44889602,Q3,0.00525486638073242,mid_low,False,-0.0054038931045859
2025-04-21 01:00:00+00:00,2025,1,short,0.3958782,Q1_low,0.005622174851815565,mid_low,True,0.0100443497036311
2025-04-22 01:00:00+00:00,2025,1,short,0.40038675,Q1_low,0.008592277444265188,mid_high,False,-0.0080738219554121
2025-04-22 02:00:00+00:00,2025,2,short,0.40038675,Q1_low,0.008789834890553756,mid_high,False,-0.008231867912443
2025-04-23 01:00:00+00:00,2025,1,short,0.4045763,Q1_low,0.011233417450008998,high_atr,False,-0.0101867339600071
2025-04-23 02:00:00+00:00,2025,2,short,0.39566323,Q1_low,0.011125559779012325,high_atr,False,-0.0101004478232098
2025-04-24 00:00:00+00:00,2025,0,short,0.42499408,Q2,0.008003844539863907,mid_high,True,0.0148076890797278
2025-04-24 01:00:00+00:00,2025,1,short,0.40567937,Q1_low,0.008078961541501386,mid_high,True,0.0149579230830027
2025-04-25 00:00:00+00:00,2025,0,short,0.41392457,Q2,0.005269238486380893,mid_low,True,0.009338476972761701
2025-04-25 01:00:00+00:00,2025,1,short,0.41392457,Q2,0.0056682160075291295,mid_low,True,0.0101364320150582
2025-04-26 00:00:00+00:00,2025,0,short,0.3958809,Q1_low,0.007694249487978859,mid_high,True,0.0141884989759577
2025-04-26 01:00:00+00:00,2025,1,short,0.3958809,Q1_low,0.007235344876348072,mid_high,True,0.0132706897526961
2025-04-27 00:00:00+00:00,2025,0,short,0.41409895,Q2,0.0031908335397281156,low_atr,True,0.0051816670794562
2025-04-27 01:00:00+00:00,2025,1,short,0.41866842,Q2,0.003987215277278938,low_atr,True,0.0067744305545578
2025-04-28 00:00:00+00:00,2025,0,short,0.44437185,Q3,0.0036906271457579206,low_atr,True,0.0061812542915158
2025-04-28 01:00:00+00:00,2025,1,short,0.44437185,Q3,0.004205525126274918,low_atr,False,-0.0045644201010198995
2025-04-29 00:00:00+00:00,2025,0,short,0.4012372,Q1_low,0.006872561596471315,mid_low,True,0.012545123192942601
2025-04-29 01:00:00+00:00,2025,1,short,0.41513294,Q2,0.007037331823259927,mid_low,True,0.012874663646519801
2025-04-30 01:00:00+00:00,2025,1,short,0.42222524,Q2,0.005679701457153285,mid_low,True,0.0101594029143065
2025-04-30 02:00:00+00:00,2025,2,short,0.42222524,Q2,0.005630933164683227,mid_low,True,0.0100618663293664
2025-05-01 01:00:00+00:00,2025,1,short,0.4257843,Q2,0.007151865119257919,mid_high,False,-0.0069214920954063
2025-05-01 02:00:00+00:00,2025,2,short,0.41970572,Q2,0.006769597255452203,mid_low,False,-0.0066156778043617
2025-05-01 15:00:00+00:00,2025,15,short,0.41245633,Q2,0.0055052908440363455,mid_low,True,0.009810581688072601
2025-05-01 16:00:00+00:00,2025,16,short,0.43542555,Q2,0.0055917360771297,mid_low,True,0.0099834721542594
2025-05-02 00:00:00+00:00,2025,0,short,0.41245633,Q2,0.005952337985493292,mid_low,True,0.0107046759709865
2025-05-02 01:00:00+00:00,2025,1,short,0.41245633,Q2,0.005971808629116781,mid_low,True,0.010743617258233501
2025-05-03 00:00:00+00:00,2025,0,short,0.42222524,Q2,0.005066659060002515,mid_low,True,0.008933318120005
2025-05-03 01:00:00+00:00,2025,1,short,0.42222524,Q2,0.00510756824716206,mid_low,True,0.0090151364943241
2025-05-04 00:00:00+00:00,2025,0,short,0.3944032,Q1_low,0.002622131310074202,low_atr,True,0.0040442626201484
2025-05-04 01:00:00+00:00,2025,1,short,0.3880671,Q1_low,0.0029201154452832196,low_atr,True,0.0046402308905664005
2025-05-05 01:00:00+00:00,2025,1,short,0.40879816,Q2,0.004497915271775517,low_atr,True,0.0077958305435509995
2025-05-05 02:00:00+00:00,2025,2,short,0.43721318,Q3,0.005018506995685312,low_atr,True,0.0088370139913706
2025-05-06 00:00:00+00:00,2025,0,short,0.40937036,Q2,0.005595402392623174,mid_low,True,0.009990804785246301
2025-05-06 02:00:00+00:00,2025,2,short,0.41392457,Q2,0.005757689203563864,mid_low,True,0.0103153784071277
2025-05-07 00:00:00+00:00,2025,0,short,0.41143346,Q2,0.006689359402350621,mid_low,True,0.0121787188047012
2025-05-07 01:00:00+00:00,2025,1,short,0.41143346,Q2,0.006842134190949001,mid_low,True,0.012484268381898
2025-05-08 00:00:00+00:00,2025,0,short,0.42165595,Q2,0.006080467410258835,mid_low,False,-0.006064373928207
2025-05-08 01:00:00+00:00,2025,1,short,0.41344953,Q2,0.006550777603931358,mid_low,False,-0.006440622083145
2025-05-09 01:00:00+00:00,2025,1,short,0.40726027,Q1_low,0.00893546688103785,mid_high,True,0.0166709337620757
2025-05-09 03:00:00+00:00,2025,3,short,0.38561618,Q1_low,0.00914258096777053,mid_high,False,-0.0085140647742164
2025-05-10 01:00:00+00:00,2025,1,short,0.42222524,Q2,0.005250726237351473,mid_low,False,-0.005400580989881099
2025-05-10 04:00:00+00:00,2025,4,short,0.4393572,Q3,0.003911474744424206,low_atr,False,-0.0043291797955393
2025-05-11 01:00:00+00:00,2025,1,short,0.40503475,Q1_low,0.005022480113745541,low_atr,True,0.008844960227491
2025-05-11 02:00:00+00:00,2025,2,short,0.40503475,Q1_low,0.005330601422200801,mid_low,False,-0.0054644811377606
2025-05-12 00:00:00+00:00,2025,0,short,0.40503475,Q1_low,0.005268789359796273,mid_low,True,0.009337578719592501
2025-05-12 02:00:00+00:00,2025,2,short,0.421212,Q2,0.006111925762486168,mid_low,False,-0.0060895406099889
2025-05-13 00:00:00+00:00,2025,0,short,0.4442983,Q3,0.008397673106023905,mid_high,True,0.015595346212047799
2025-05-13 01:00:00+00:00,2025,1,short,0.42937508,Q2,0.008118987676372058,mid_high,True,0.0150379753527441
2025-05-14 00:00:00+00:00,2025,0,short,0.40503475,Q1_low,0.0055232789647882,mid_low,True,0.0098465579295764
2025-05-14 01:00:00+00:00,2025,1,short,0.40503475,Q1_low,0.00555562444885362,mid_low,True,0.0099112488977072
2025-05-15 00:00:00+00:00,2025,0,short,0.40503475,Q1_low,0.004978849442732398,low_atr,True,0.008757698885464701
2025-05-15 01:00:00+00:00,2025,1,short,0.40503475,Q1_low,0.00528622701061407,mid_low,True,0.0093724540212281
2025-05-15 15:00:00+00:00,2025,15,short,0.41803616,Q2,0.00663888359845774,mid_low,True,0.0120777671969154
2025-05-15 16:00:00+00:00,2025,16,short,0.39278468,Q1_low,0.006955482462448321,mid_low,True,0.0127109649248966
2025-05-16 01:00:00+00:00,2025,1,short,0.40040722,Q1_low,0.007966856776931168,mid_high,True,0.014733713553862299
2025-05-16 02:00:00+00:00,2025,2,short,0.40040722,Q1_low,0.007942428196052122,mid_high,True,0.0146848563921042
2025-05-17 00:00:00+00:00,2025,0,short,0.41784975,Q2,0.004642161181699865,low_atr,True,0.0080843223633997
2025-05-17 02:00:00+00:00,2025,2,short,0.42222524,Q2,0.005136261207029685,mid_low,True,0.0090725224140593
2025-05-18 00:00:00+00:00,2025,0,short,0.42205805,Q2,0.0032987366916850617,low_atr,False,-0.0038389893533480003
2025-05-18 01:00:00+00:00,2025,1,short,0.42713937,Q2,0.003258723067227557,low_atr,False,-0.0038069784537819997
2025-05-19 00:00:00+00:00,2025,0,short,0.39638257,Q1_low,0.009330523579948395,mid_high,True,0.0174610471598967
2025-05-19 01:00:00+00:00,2025,1,short,0.4031087,Q1_low,0.009682201735626433,high_atr,True,0.0181644034712528
2025-05-20 00:00:00+00:00,2025,0,short,0.40040722,Q1_low,0.007075135966197148,mid_high,True,0.012950271932394201
2025-05-20 01:00:00+00:00,2025,1,short,0.40040722,Q1_low,0.007573841395861639,mid_high,True,0.0139476827917232
2025-05-21 02:00:00+00:00,2025,2,short,0.39638257,Q1_low,0.008688079294456544,mid_high,True,0.016176158588913
2025-05-21 03:00:00+00:00,2025,3,short,0.39638257,Q1_low,0.008452290655847147,mid_high,True,0.0157045813116942
2025-05-22 03:00:00+00:00,2025,3,short,0.39835072,Q1_low,0.012931372239471408,high_atr,True,0.0246627444789428
2025-05-22 04:00:00+00:00,2025,4,short,0.39835888,Q1_low,0.01201633282979543,high_atr,True,0.0228326656595908
2025-05-23 00:00:00+00:00,2025,0,short,0.3732341,Q1_low,0.006204666675544241,mid_low,True,0.0112093333510884
2025-05-23 01:00:00+00:00,2025,1,short,0.3732341,Q1_low,0.006033955441105576,mid_low,True,0.0108679108822111
2025-05-24 01:00:00+00:00,2025,1,short,0.40108302,Q1_low,0.008759910246821241,mid_high,False,-0.0082079281974569
2025-05-24 03:00:00+00:00,2025,3,short,0.3754462,Q1_low,0.007162919199374901,mid_high,True,0.0131258383987498
2025-05-25 00:00:00+00:00,2025,0,short,0.3944901,Q1_low,0.004512685442918013,low_atr,True,0.007825370885836
2025-05-25 01:00:00+00:00,2025,1,short,0.3944901,Q1_low,0.004782226508434977,low_atr,True,0.0083644530168699
2025-05-26 05:00:00+00:00,2025,5,short,0.3911183,Q1_low,0.005740403461579186,mid_low,True,0.0102808069231583
2025-05-26 06:00:00+00:00,2025,6,short,0.39037865,Q1_low,0.005619430962493244,mid_low,True,0.0100388619249864
2025-05-27 00:00:00+00:00,2025,0,short,0.37766415,Q1_low,0.005467024103692689,mid_low,True,0.0097340482073853
2025-05-27 01:00:00+00:00,2025,1,short,0.3824493,Q1_low,0.00641163230499703,mid_low,False,-0.0063293058439976
2025-05-28 00:00:00+00:00,2025,0,short,0.3824493,Q1_low,0.006273558235959312,mid_low,True,0.0113471164719186
2025-05-28 01:00:00+00:00,2025,1,short,0.37686834,Q1_low,0.006523605804974156,mid_low,True,0.0118472116099483
2025-05-29 00:00:00+00:00,2025,0,short,0.38221225,Q1_low,0.005343558099208257,mid_low,True,0.0094871161984165
2025-05-29 01:00:00+00:00,2025,1,short,0.38221225,Q1_low,0.005549911341496065,mid_low,True,0.0098998226829921
2025-05-29 15:00:00+00:00,2025,15,short,0.3881584,Q1_low,0.005968556671774774,mid_low,True,0.0107371133435495
2025-05-29 16:00:00+00:00,2025,16,short,0.3881584,Q1_low,0.005992332738424956,mid_low,True,0.0107846654768499
2025-05-30 01:00:00+00:00,2025,1,short,0.38063958,Q1_low,0.007807228289912283,mid_high,True,0.0144144565798245
2025-05-30 02:00:00+00:00,2025,2,short,0.37101227,Q1_low,0.007829129577312494,mid_high,True,0.0144582591546249
2025-05-31 00:00:00+00:00,2025,0,short,0.39800546,Q1_low,0.006814546221341782,mid_low,True,0.0124290924426835
2025-05-31 06:00:00+00:00,2025,6,short,0.38935903,Q1_low,0.005764183113463918,mid_low,True,0.0103283662269278
2025-06-01 00:00:00+00:00,2025,0,short,0.42713937,Q2,0.0032526025130089798,low_atr,True,0.0053052050260179
2025-06-01 01:00:00+00:00,2025,1,short,0.42713937,Q2,0.003480184639946078,low_atr,True,0.0057603692798921
2025-06-02 00:00:00+00:00,2025,0,short,0.40737718,Q1_low,0.004211257938515067,low_atr,True,0.0072225158770301
2025-06-02 01:00:00+00:00,2025,1,short,0.40737718,Q1_low,0.00421786068283284,low_atr,True,0.007235721365665601
2025-06-03 00:00:00+00:00,2025,0,short,0.41880503,Q2,0.005785052727637773,mid_low,True,0.0103701054552755
2025-06-03 01:00:00+00:00,2025,1,short,0.41880503,Q2,0.0056465040447017546,mid_low,True,0.0100930080894035
2025-06-04 00:00:00+00:00,2025,0,short,0.41784975,Q2,0.005663648583461176,mid_low,True,0.010127297166922301
2025-06-04 01:00:00+00:00,2025,1,short,0.41784975,Q2,0.005757414370839868,mid_low,True,0.0103148287416797
2025-06-05 00:00:00+00:00,2025,0,short,0.41312656,Q2,0.004582185841298275,low_atr,True,0.0079643716825965
2025-06-05 01:00:00+00:00,2025,1,short,0.42437136,Q2,0.004435841759643549,low_atr,True,0.007671683519287001
2025-06-06 00:00:00+00:00,2025,0,short,0.45123193,Q3,0.009595535942229819,high_atr,False,-0.0088764287537838
2025-06-06 01:00:00+00:00,2025,1,short,0.45123193,Q3,0.009573273142461933,high_atr,False,-0.0088586185139695
2025-06-07 00:00:00+00:00,2025,0,short,0.40503475,Q1_low,0.005274147794285053,mid_low,False,-0.005419318235427999
2025-06-07 01:00:00+00:00,2025,1,short,0.40503475,Q1_low,0.005194363529493076,mid_low,False,-0.005355490823594399
2025-06-08 00:00:00+00:00,2025,0,short,0.4191484,Q2,0.0030347163090391795,low_atr,True,0.0048694326180783
2025-06-08 01:00:00+00:00,2025,1,short,0.42157918,Q2,0.0031623578537994515,low_atr,True,0.005124715707598901
2025-06-09 00:00:00+00:00,2025,0,short,0.4261754,Q2,0.003379239920828582,low_atr,True,0.005558479841657101
2025-06-09 01:00:00+00:00,2025,1,short,0.4261754,Q2,0.0033538308095460217,low_atr,False,-0.0038830646476367995
2025-06-10 00:00:00+00:00,2025,0,short,0.39677963,Q1_low,0.006256456464656121,mid_low,True,0.0113129129293122
2025-06-10 01:00:00+00:00,2025,1,short,0.40482214,Q1_low,0.006025002118591944,mid_low,True,0.0108500042371838
2025-06-11 00:00:00+00:00,2025,0,short,0.37678745,Q1_low,0.006549898988584577,mid_low,True,0.011899797977169101
2025-06-11 01:00:00+00:00,2025,1,short,0.37143683,Q1_low,0.006322021774375047,mid_low,True,0.01144404354875
2025-06-12 00:00:00+00:00,2025,0,short,0.3944901,Q1_low,0.0054525461471925385,mid_low,True,0.009705092294385001
2025-06-12 01:00:00+00:00,2025,1,short,0.3944901,Q1_low,0.005641190892763993,mid_low,True,0.010082381785527901
2025-06-12 15:00:00+00:00,2025,15,short,0.39709124,Q1_low,0.004880301718576728,low_atr,False,-0.0051042413748613
2025-06-12 16:00:00+00:00,2025,16,short,0.3820099,Q1_low,0.005154323251889959,mid_low,True,0.0091086465037799
2025-06-13 00:00:00+00:00,2025,0,short,0.39653856,Q1_low,0.008699955476653885,mid_high,True,0.0161999109533077
2025-06-13 05:00:00+00:00,2025,5,short,0.40328777,Q1_low,0.009384384590732226,high_atr,False,-0.0087075076725857
2025-06-14 00:00:00+00:00,2025,0,short,0.40503475,Q1_low,0.005831466169999193,mid_low,True,0.0104629323399983
2025-06-14 01:00:00+00:00,2025,1,short,0.40503475,Q1_low,0.005817044258808424,mid_low,True,0.0104340885176168
2025-06-15 00:00:00+00:00,2025,0,short,0.4191484,Q2,0.0036991697331851536,low_atr,True,0.006198339466370301
2025-06-15 01:00:00+00:00,2025,1,short,0.4191484,Q2,0.00378165975692217,low_atr,True,0.0063633195138443005
2025-06-16 00:00:00+00:00,2025,0,short,0.4191484,Q2,0.00398643857141638,low_atr,True,0.006772877142832701
2025-06-16 01:00:00+00:00,2025,1,short,0.40503475,Q1_low,0.004432351675783531,low_atr,False,-0.0047458813406268
2025-06-17 00:00:00+00:00,2025,0,short,0.3864338,Q1_low,0.006773709749741971,mid_low,True,0.0123474194994839
2025-06-17 01:00:00+00:00,2025,1,short,0.38081998,Q1_low,0.006863012180686501,mid_low,True,0.012526024361373001
2025-06-18 00:00:00+00:00,2025,0,short,0.3795598,Q1_low,0.006613601348364056,mid_low,True,0.0120272026967281
2025-06-18 01:00:00+00:00,2025,1,short,0.37505078,Q1_low,0.006667763398854901,mid_low,True,0.0121355267977098
2025-06-19 03:00:00+00:00,2025,3,short,0.3905188,Q1_low,0.007154932519315161,mid_high,True,0.0131098650386303
2025-06-19 04:00:00+00:00,2025,4,short,0.3905188,Q1_low,0.006600516872060352,mid_low,True,0.0120010337441207
2025-06-20 00:00:00+00:00,2025,0,short,0.42205805,Q2,0.004032365402732135,low_atr,True,0.0068647308054642
2025-06-20 01:00:00+00:00,2025,1,short,0.42092744,Q2,0.004185272386095621,low_atr,True,0.007170544772191201
2025-06-21 06:00:00+00:00,2025,6,short,0.40347278,Q1_low,0.00404313840165896,low_atr,True,0.0068862768033179
2025-06-21 07:00:00+00:00,2025,7,short,0.40347278,Q1_low,0.003185342561100502,low_atr,True,0.005170685122201001
2025-06-22 00:00:00+00:00,2025,0,short,0.43477303,Q2,0.006698842750321557,mid_low,True,0.0121976855006431
2025-06-22 01:00:00+00:00,2025,1,short,0.42937508,Q2,0.007120101345292632,mid_high,True,0.013040202690585201
2025-06-23 04:00:00+00:00,2025,4,short,0.41519335,Q2,0.008125402710111014,mid_high,True,0.015050805420222
2025-06-23 05:00:00+00:00,2025,5,short,0.41519335,Q2,0.00785370243363436,mid_high,True,0.0145074048672687
2025-06-24 05:00:00+00:00,2025,5,short,0.38629717,Q1_low,0.009059655826242966,mid_high,True,0.0169193116524859
2025-06-24 06:00:00+00:00,2025,6,short,0.38644907,Q1_low,0.008178705686446668,mid_high,True,0.015157411372893299
2025-06-25 01:00:00+00:00,2025,1,short,0.41728207,Q2,0.0054382671064949935,mid_low,False,-0.005550613685195899
2025-06-25 02:00:00+00:00,2025,2,short,0.41728207,Q2,0.005544943216903368,mid_low,False,-0.0056359545735225995
2025-06-26 01:00:00+00:00,2025,1,short,0.423362,Q2,0.005344453539967552,mid_low,True,0.0094889070799351
2025-06-26 02:00:00+00:00,2025,2,short,0.3909039,Q1_low,0.005404915076025024,mid_low,True,0.00960983015205
2025-06-26 15:00:00+00:00,2025,15,short,0.3909039,Q1_low,0.004439013345409003,low_atr,True,0.007678026690818001
2025-06-26 16:00:00+00:00,2025,16,short,0.3909039,Q1_low,0.004381748779736609,low_atr,True,0.007563497559473201
2025-06-27 00:00:00+00:00,2025,0,short,0.39837205,Q1_low,0.004868849425745212,low_atr,False,-0.0050950795405961
2025-06-27 01:00:00+00:00,2025,1,short,0.3897831,Q1_low,0.005199693390074413,mid_low,True,0.0091993867801488
2025-06-28 06:00:00+00:00,2025,6,short,0.41744012,Q2,0.0030641365690665064,low_atr,True,0.004928273138133
2025-06-28 07:00:00+00:00,2025,7,short,0.42585477,Q2,0.002450297926548217,low_atr,True,0.0037005958530964
2025-06-29 00:00:00+00:00,2025,0,short,0.44306827,Q3,0.001789680640915115,low_atr,True,0.0023793612818301998
2025-06-29 01:00:00+00:00,2025,1,short,0.44874334,Q3,0.0018279743737329849,low_atr,False,-0.0026623794989862996
2025-06-30 00:00:00+00:00,2025,0,short,0.41744012,Q2,0.003757993896078176,low_atr,True,0.0063159877921563
2025-06-30 01:00:00+00:00,2025,1,short,0.41744012,Q2,0.003743678759261203,low_atr,True,0.006287357518522401
2025-07-01 00:00:00+00:00,2025,0,short,0.38199136,Q1_low,0.004603520376693774,low_atr,True,0.0080070407533875
2025-07-01 01:00:00+00:00,2025,1,short,0.38199136,Q1_low,0.0046310156749656654,low_atr,True,0.0080620313499313
2025-07-02 00:00:00+00:00,2025,0,short,0.41452175,Q2,0.005050698891467784,low_atr,False,-0.0052405591131742
2025-07-02 01:00:00+00:00,2025,1,short,0.3982358,Q1_low,0.005317255498246737,mid_low,False,-0.0054538043985973
2025-07-03 00:00:00+00:00,2025,0,short,0.39037865,Q1_low,0.005178338384320116,mid_low,False,-0.005342670707456
2025-07-03 01:00:00+00:00,2025,1,short,0.39037865,Q1_low,0.005056287118267143,mid_low,True,0.0089125742365342
2025-07-04 00:00:00+00:00,2025,0,short,0.38142526,Q1_low,0.005063531592810303,mid_low,True,0.0089270631856206
2025-07-04 01:00:00+00:00,2025,1,short,0.38142526,Q1_low,0.005112603352976105,mid_low,True,0.0090252067059522
2025-07-05 00:00:00+00:00,2025,0,short,0.40461707,Q1_low,0.0037487495580847156,low_atr,True,0.0062974991161694
2025-07-05 05:00:00+00:00,2025,5,short,0.39142957,Q1_low,0.0030096718445896194,low_atr,True,0.0048193436891792
2025-07-06 00:00:00+00:00,2025,0,short,0.43544194,Q2,0.001508426013160227,low_atr,True,0.0018168520263204
2025-07-06 01:00:00+00:00,2025,1,short,0.43544194,Q2,0.0015043829790943532,low_atr,True,0.0018087659581887
2025-07-07 00:00:00+00:00,2025,0,short,0.39649895,Q1_low,0.004031911738942338,low_atr,False,-0.0044255293911537995
2025-07-07 01:00:00+00:00,2025,1,short,0.39173436,Q1_low,0.004214027442373884,low_atr,True,0.0072280548847477
2025-07-08 00:00:00+00:00,2025,0,short,0.40831473,Q2,0.003950803068413703,low_atr,True,0.006701606136827401
2025-07-08 01:00:00+00:00,2025,1,short,0.39771056,Q1_low,0.004218366399044513,low_atr,False,-0.0045746931192356
2025-07-09 00:00:00+00:00,2025,0,short,0.41744012,Q2,0.003500321425291582,low_atr,True,0.0058006428505831
2025-07-09 01:00:00+00:00,2025,1,short,0.41744012,Q2,0.0036222063360822464,low_atr,True,0.0060444126721644
2025-07-10 01:00:00+00:00,2025,1,short,0.38163775,Q1_low,0.006692281521946041,mid_low,True,0.012184563043892
2025-07-10 02:00:00+00:00,2025,2,short,0.3729801,Q1_low,0.006637401818030443,mid_low,True,0.0120748036360608
2025-07-10 15:00:00+00:00,2025,15,short,0.4441399,Q3,0.0030196933735326245,low_atr,False,-0.0036157546988261
2025-07-10 16:00:00+00:00,2025,16,short,0.49150822,Q5_high,0.0035813153464444012,low_atr,False,-0.0040650522771554995
2025-07-11 00:00:00+00:00,2025,0,short,0.44829303,Q3,0.00789043912799267,mid_high,False,-0.0075123513023941
2025-07-11 01:00:00+00:00,2025,1,short,0.44829303,Q3,0.008079486617404943,mid_high,False,-0.007663589293923899
2025-07-12 03:00:00+00:00,2025,3,short,0.38761106,Q1_low,0.00459981070488162,low_atr,True,0.007999621409763201
2025-07-12 04:00:00+00:00,2025,4,short,0.38761106,Q1_low,0.004312508722859219,low_atr,True,0.0074250174457184005
2025-07-13 00:00:00+00:00,2025,0,short,0.45991537,Q3,0.003264726626881593,low_atr,False,-0.0038117813015051995
2025-07-13 01:00:00+00:00,2025,1,short,0.45991537,Q3,0.003249731696393613,low_atr,False,-0.0037997853571147995
2025-07-14 00:00:00+00:00,2025,0,short,0.42589805,Q2,0.0053057185055175515,mid_low,False,-0.005444574804414
2025-07-14 01:00:00+00:00,2025,1,short,0.42589805,Q2,0.005304455884537557,mid_low,False,-0.005443564707629999
2025-07-15 00:00:00+00:00,2025,0,short,0.34155747,Q1_low,0.006507585186857642,mid_low,True,0.011815170373715201
2025-07-15 01:00:00+00:00,2025,1,short,0.34155747,Q1_low,0.0069021945071072776,mid_low,True,0.0126043890142145
2025-07-16 00:00:00+00:00,2025,0,short,0.41393998,Q2,0.008990973044920698,mid_high,True,0.0167819460898413
2025-07-16 03:00:00+00:00,2025,3,short,0.42127636,Q2,0.00807296758822837,mid_high,False,-0.0076583740705826
2025-07-17 00:00:00+00:00,2025,0,short,0.34000078,Q1_low,0.006927047201754162,mid_low,True,0.0126540944035083
2025-07-17 02:00:00+00:00,2025,2,short,0.34957066,Q1_low,0.007643210958877638,mid_high,True,0.0140864219177552
2025-07-18 00:00:00+00:00,2025,0,short,0.3333156,Q1_low,0.007330365211216215,mid_high,True,0.0134607304224324
2025-07-18 01:00:00+00:00,2025,1,short,0.3333156,Q1_low,0.007701715540191401,mid_high,True,0.0142034310803828
2025-07-19 03:00:00+00:00,2025,3,short,0.3799636,Q1_low,0.005590795617356293,mid_low,True,0.009981591234712501
2025-07-19 04:00:00+00:00,2025,4,short,0.37635937,Q1_low,0.004544348875164947,low_atr,True,0.0078886977503298
2025-07-20 02:00:00+00:00,2025,2,short,0.4370825,Q3,0.0032111362828788855,low_atr,False,-0.0037689090263031003
2025-07-20 03:00:00+00:00,2025,3,short,0.44271883,Q3,0.0033301891237806263,low_atr,False,-0.0038641512990245
2025-07-21 00:00:00+00:00,2025,0,short,0.43583205,Q2,0.004770261786326757,low_atr,True,0.0083405235726535
2025-07-21 01:00:00+00:00,2025,1,short,0.43583205,Q2,0.005018759434691497,low_atr,False,-0.0052150075477531
2025-07-22 00:00:00+00:00,2025,0,short,0.44058603,Q3,0.006671045697090134,mid_low,True,0.0121420913941802
2025-07-22 01:00:00+00:00,2025,1,short,0.4494442,Q3,0.007449933244325794,mid_high,True,0.013699866488651501
2025-07-23 00:00:00+00:00,2025,0,short,0.34534848,Q1_low,0.0065836974019762235,mid_low,True,0.0119673948039524
2025-07-23 01:00:00+00:00,2025,1,short,0.33861214,Q1_low,0.00650551322479517,mid_low,True,0.0118110264495903
2025-07-24 00:00:00+00:00,2025,0,short,0.38756374,Q1_low,0.006006771743513915,mid_low,True,0.0108135434870278
2025-07-24 01:00:00+00:00,2025,1,short,0.35885742,Q1_low,0.005918909517758165,mid_low,True,0.0106378190355163
2025-07-24 15:00:00+00:00,2025,15,short,0.35885742,Q1_low,0.005884750995988447,mid_low,True,0.0105695019919768
2025-07-24 16:00:00+00:00,2025,16,short,0.35609695,Q1_low,0.006265807982292642,mid_low,True,0.0113316159645852
2025-07-25 00:00:00+00:00,2025,0,short,0.42680657,Q2,0.0051549785021983395,mid_low,True,0.0091099570043966
2025-07-25 01:00:00+00:00,2025,1,short,0.42106768,Q2,0.005254991551031837,mid_low,True,0.0093099831020636
2025-07-26 06:00:00+00:00,2025,6,short,0.44255504,Q3,0.003317794396484034,low_atr,False,-0.0038542355171872003
2025-07-26 07:00:00+00:00,2025,7,short,0.44255504,Q3,0.0030642494848156163,low_atr,False,-0.0036513995878524
2025-07-27 00:00:00+00:00,2025,0,short,0.43076512,Q2,0.00214060635956517,low_atr,False,-0.0029124850876521
2025-07-27 01:00:00+00:00,2025,1,short,0.44184962,Q3,0.002132688289556277,low_atr,True,0.0030653765791125
2025-07-28 00:00:00+00:00,2025,0,short,0.3601613,Q1_low,0.0036255022755767702,low_atr,True,0.0060510045511535
2025-07-28 01:00:00+00:00,2025,1,short,0.3529639,Q1_low,0.003819753986096383,low_atr,True,0.0064395079721927
2025-07-29 00:00:00+00:00,2025,0,short,0.4507298,Q3,0.004779891353718136,low_atr,True,0.0083597827074362
2025-07-29 01:00:00+00:00,2025,1,short,0.44212475,Q3,0.0048507577682376755,low_atr,False,-0.0050806062145901
2025-07-30 01:00:00+00:00,2025,1,short,0.4215664,Q2,0.004939271971853743,low_atr,True,0.0086785439437074
2025-07-30 02:00:00+00:00,2025,2,short,0.42530826,Q2,0.004753170425034867,low_atr,True,0.008306340850069701
2025-07-31 02:00:00+00:00,2025,2,short,0.38909414,Q1_low,0.005777614801466735,mid_low,True,0.0103552296029334
2025-07-31 03:00:00+00:00,2025,3,short,0.38141555,Q1_low,0.0056596296997718926,mid_low,True,0.0101192593995437
2025-08-01 00:00:00+00:00,2025,0,short,0.39687556,Q1_low,0.006377479155633037,mid_low,True,0.011554958311266
2025-08-01 01:00:00+00:00,2025,1,short,0.39687556,Q1_low,0.006843052237265146,mid_low,True,0.0124861044745302
2025-08-02 02:00:00+00:00,2025,2,short,0.3725413,Q1_low,0.007866387004192428,mid_high,True,0.014532774008384802
2025-08-02 03:00:00+00:00,2025,3,short,0.37021497,Q1_low,0.0068426197458455575,mid_low,True,0.0124852394916911
2025-08-03 00:00:00+00:00,2025,0,short,0.37021497,Q1_low,0.005726126546074428,mid_low,False,-0.0057809012368595
2025-08-03 07:00:00+00:00,2025,7,short,0.4039081,Q1_low,0.004613902875364663,low_atr,False,-0.0048911223002917
2025-08-04 00:00:00+00:00,2025,0,short,0.42423555,Q2,0.0034521929332501583,low_atr,True,0.0057043858665003005
2025-08-04 01:00:00+00:00,2025,1,short,0.42423555,Q2,0.003465386510507724,low_atr,True,0.0057307730210154
2025-08-05 00:00:00+00:00,2025,0,short,0.39409873,Q1_low,0.00404994635276557,low_atr,True,0.0068998927055311
2025-08-05 01:00:00+00:00,2025,1,short,0.39088854,Q1_low,0.004095165920186452,low_atr,True,0.0069903318403729
2025-08-06 00:00:00+00:00,2025,0,short,0.38088292,Q1_low,0.005614667408763214,mid_low,True,0.0100293348175264
2025-08-06 02:00:00+00:00,2025,2,short,0.385722,Q1_low,0.005008232081435658,low_atr,False,-0.005206585665148499
2025-08-07 00:00:00+00:00,2025,0,short,0.39088854,Q1_low,0.004394037095748588,low_atr,True,0.0075880741914971
2025-08-07 01:00:00+00:00,2025,1,short,0.39088854,Q1_low,0.004526884945197884,low_atr,True,0.0078537698903957
2025-08-07 15:00:00+00:00,2025,15,short,0.41709352,Q2,0.004145792561922951,low_atr,True,0.0070915851238459
2025-08-07 16:00:00+00:00,2025,16,short,0.39274013,Q1_low,0.00456795620918956,low_atr,False,-0.0048543649673516
2025-08-08 00:00:00+00:00,2025,0,short,0.39274013,Q1_low,0.005010325825654746,low_atr,True,0.008820651651309401
2025-08-08 01:00:00+00:00,2025,1,short,0.39274013,Q1_low,0.005020106345389004,low_atr,True,0.008840212690778
2025-08-09 00:00:00+00:00,2025,0,short,0.41280633,Q2,0.003833416932295631,low_atr,False,-0.0042667335458365
2025-08-09 01:00:00+00:00,2025,1,short,0.44255504,Q3,0.003686954325487769,low_atr,False,-0.0041495634603902
2025-08-10 00:00:00+00:00,2025,0,short,0.44501758,Q3,0.0026250602322319726,low_atr,False,-0.0033000481857854997
2025-08-10 01:00:00+00:00,2025,1,short,0.45355532,Q3,0.002507092590252077,low_atr,False,-0.0032056740722016
2025-08-11 00:00:00+00:00,2025,0,short,0.44344902,Q3,0.0038173016380821643,low_atr,False,-0.0042538413104656995
2025-08-11 01:00:00+00:00,2025,1,short,0.43187985,Q2,0.00411197372715937,low_atr,False,-0.0044895789817274
2025-08-12 00:00:00+00:00,2025,0,short,0.36925012,Q1_low,0.006676956343042465,mid_low,True,0.0121539126860849
2025-08-12 01:00:00+00:00,2025,1,short,0.36925012,Q1_low,0.006281481584699438,mid_low,True,0.0113629631693988
2025-08-13 00:00:00+00:00,2025,0,short,0.3434965,Q1_low,0.005748115786280581,mid_low,True,0.0102962315725611
2025-08-13 01:00:00+00:00,2025,1,short,0.3434965,Q1_low,0.005704770884477243,mid_low,True,0.010209541768954401
2025-08-14 00:00:00+00:00,2025,0,short,0.38255724,Q1_low,0.007536982280082142,mid_high,True,0.0138739645601642
2025-08-14 01:00:00+00:00,2025,1,short,0.35635906,Q1_low,0.007738821869008175,mid_high,True,0.0142776437380163
2025-08-15 01:00:00+00:00,2025,1,short,0.4153391,Q2,0.008785197392507408,mid_high,True,0.0163703947850148
2025-08-15 02:00:00+00:00,2025,2,short,0.3928022,Q1_low,0.006726592384431342,mid_low,True,0.0122531847688626
2025-08-16 00:00:00+00:00,2025,0,short,0.37857106,Q1_low,0.005519117213132558,mid_low,True,0.0098382344262651
2025-08-16 01:00:00+00:00,2025,1,short,0.37418982,Q1_low,0.005548009773317634,mid_low,True,0.0098960195466352
2025-08-17 00:00:00+00:00,2025,0,short,0.43273598,Q2,0.0018194131024558571,low_atr,False,-0.0026555304819646
2025-08-17 01:00:00+00:00,2025,1,short,0.43414998,Q2,0.0019023084124967845,low_atr,False,-0.0027218467299974
2025-08-18 00:00:00+00:00,2025,0,short,0.45475367,Q3,0.003185160400929816,low_atr,True,0.0051703208018596
2025-08-18 01:00:00+00:00,2025,1,short,0.4148983,Q2,0.0039045578477144276,low_atr,True,0.0066091156954288
2025-08-19 00:00:00+00:00,2025,0,short,0.39481243,Q1_low,0.005272578387075316,mid_low,True,0.0093451567741506
2025-08-19 01:00:00+00:00,2025,1,short,0.3862919,Q1_low,0.005766457425312006,mid_low,True,0.010332914850624
2025-08-20 00:00:00+00:00,2025,0,short,0.39709124,Q1_low,0.005455133570127511,mid_low,True,0.009710267140255
2025-08-20 02:00:00+00:00,2025,2,short,0.37809712,Q1_low,0.005932474377213969,mid_low,True,0.0106649487544279
2025-08-21 00:00:00+00:00,2025,0,short,0.38759592,Q1_low,0.006784839264284208,mid_low,True,0.012369678528568401
2025-08-21 01:00:00+00:00,2025,1,short,0.38808373,Q1_low,0.006751408840191901,mid_low,True,0.0123028176803838
2025-08-21 15:00:00+00:00,2025,15,short,0.3944901,Q1_low,0.004748541734268434,low_atr,True,0.0082970834685368
2025-08-21 16:00:00+00:00,2025,16,short,0.3944901,Q1_low,0.0045976530652207265,low_atr,False,-0.0048781224521765
2025-08-22 00:00:00+00:00,2025,0,short,0.38915616,Q1_low,0.005274921843963522,mid_low,True,0.009349843687927
2025-08-22 02:00:00+00:00,2025,2,short,0.3893599,Q1_low,0.005444482095037879,mid_low,True,0.0096889641900757
2025-08-23 00:00:00+00:00,2025,0,short,0.4085623,Q2,0.0074792484605017955,mid_high,True,0.013758496921003501
2025-08-23 01:00:00+00:00,2025,1,short,0.3898852,Q1_low,0.007589776632302407,mid_high,True,0.0139795532646048
2025-08-24 00:00:00+00:00,2025,0,short,0.44255504,Q3,0.002669614600945077,low_atr,True,0.0041392292018901005
2025-08-24 01:00:00+00:00,2025,1,short,0.44255504,Q3,0.002671586005280308,low_atr,True,0.004143172010560601
2025-08-25 00:00:00+00:00,2025,0,short,0.38511816,Q1_low,0.007785670387758516,mid_high,True,0.014371340775517001
2025-08-25 01:00:00+00:00,2025,1,short,0.38511816,Q1_low,0.007924964323283691,mid_high,True,0.0146499286465673
2025-08-26 05:00:00+00:00,2025,5,short,0.3725413,Q1_low,0.007735582772830395,mid_high,True,0.0142711655456607
2025-08-26 07:00:00+00:00,2025,7,short,0.37021497,Q1_low,0.007485654574118194,mid_high,True,0.0137713091482363
2025-08-27 00:00:00+00:00,2025,0,short,0.38759592,Q1_low,0.006454501479104443,mid_low,True,0.0117090029582088
2025-08-27 01:00:00+00:00,2025,1,short,0.38759592,Q1_low,0.006283174306401368,mid_low,True,0.011366348612802701
2025-08-28 00:00:00+00:00,2025,0,short,0.3921611,Q1_low,0.006755506033948259,mid_low,False,-0.0066044048271586
2025-08-28 01:00:00+00:00,2025,1,short,0.3921611,Q1_low,0.006731048756100708,mid_low,False,-0.0065848390048805
2025-08-29 00:00:00+00:00,2025,0,short,0.40235016,Q1_low,0.004887880359524668,low_atr,True,0.008575760719049301
2025-08-29 01:00:00+00:00,2025,1,short,0.40217692,Q1_low,0.0052851693964550365,mid_low,True,0.00937033879291
2025-08-30 00:00:00+00:00,2025,0,short,0.38706988,Q1_low,0.007100274235506821,mid_high,True,0.0130005484710136
2025-08-30 11:00:00+00:00,2025,11,short,0.3842678,Q1_low,0.0035952756597168517,low_atr,True,0.0059905513194337
2025-08-31 00:00:00+00:00,2025,0,short,0.41744012,Q2,0.002743476339117093,low_atr,True,0.0042869526782341
2025-08-31 01:00:00+00:00,2025,1,short,0.41744012,Q2,0.0027816524305827595,low_atr,True,0.0043633048611655
2025-09-01 00:00:00+00:00,2025,0,short,0.43326992,Q2,0.003377502622280555,low_atr,True,0.0055550052445611005
2025-09-01 01:00:00+00:00,2025,1,short,0.42721963,Q2,0.00354130052724078,low_atr,True,0.0058826010544815
2025-09-02 00:00:00+00:00,2025,0,short,0.38081998,Q1_low,0.006114061778449566,mid_low,False,-0.0060912494227596
2025-09-02 01:00:00+00:00,2025,1,short,0.38081998,Q1_low,0.006252842929354419,mid_low,False,-0.006202274343483499
2025-09-03 00:00:00+00:00,2025,0,short,0.39373657,Q1_low,0.007252859628150776,mid_high,True,0.0133057192563015
2025-09-03 02:00:00+00:00,2025,2,short,0.39373657,Q1_low,0.006475401558305296,mid_low,True,0.0117508031166105
2025-09-04 00:00:00+00:00,2025,0,short,0.39851558,Q1_low,0.005459007039593277,mid_low,True,0.0097180140791865
2025-09-04 01:00:00+00:00,2025,1,short,0.39851558,Q1_low,0.005538490999616999,mid_low,True,0.0098769819992339
2025-09-04 15:00:00+00:00,2025,15,short,0.3944901,Q1_low,0.0047293169881065635,low_atr,False,-0.0049834535904851995
2025-09-04 16:00:00+00:00,2025,16,short,0.3944901,Q1_low,0.004567880419117664,low_atr,False,-0.0048543043352941
2025-09-05 00:00:00+00:00,2025,0,short,0.38088292,Q1_low,0.0057088259419400995,mid_low,False,-0.0057670607535519995
2025-09-05 01:00:00+00:00,2025,1,short,0.39531946,Q1_low,0.005779109066022349,mid_low,False,-0.0058232872528178
2025-09-06 03:00:00+00:00,2025,3,short,0.3881584,Q1_low,0.00597957125101963,mid_low,True,0.0107591425020392
2025-09-06 04:00:00+00:00,2025,4,short,0.3944901,Q1_low,0.0045148919189383,low_atr,True,0.0078297838378766
2025-09-07 00:00:00+00:00,2025,0,short,0.41943866,Q2,0.0021620375526781267,low_atr,False,-0.0029296300421425
2025-09-07 01:00:00+00:00,2025,1,short,0.4231755,Q2,0.002196271722579794,low_atr,False,-0.0029570173780638
2025-09-08 00:00:00+00:00,2025,0,short,0.45192918,Q3,0.002712230925506016,low_atr,False,-0.0033697847404047998
2025-09-08 01:00:00+00:00,2025,1,short,0.4544014,Q3,0.0028117907695162925,low_atr,True,0.0044235815390325
2025-09-09 00:00:00+00:00,2025,0,short,0.4419638,Q3,0.0038834576124256366,low_atr,True,0.006566915224851201
2025-09-09 01:00:00+00:00,2025,1,short,0.40458068,Q1_low,0.003964428779207996,low_atr,False,-0.0043715430233663
2025-09-10 00:00:00+00:00,2025,0,short,0.3944901,Q1_low,0.004749168736163574,low_atr,False,-0.0049993349889307995
2025-09-10 01:00:00+00:00,2025,1,short,0.3944901,Q1_low,0.004690542154108726,low_atr,False,-0.0049524337232869
2025-09-11 01:00:00+00:00,2025,1,short,0.40181974,Q1_low,0.004489333809137352,low_atr,True,0.0077786676182747
2025-09-11 02:00:00+00:00,2025,2,short,0.46560407,Q3,0.0038504007164026815,low_atr,False,-0.0042803205731221
2025-09-12 00:00:00+00:00,2025,0,short,0.42409724,Q2,0.005089408545167903,mid_low,True,0.0089788170903358
2025-09-12 01:00:00+00:00,2025,1,short,0.39274013,Q1_low,0.005395967950214692,mid_low,True,0.0095919359004293
2025-09-13 00:00:00+00:00,2025,0,short,0.4082596,Q2,0.003968031906107822,low_atr,True,0.006736063812215601
2025-09-13 04:00:00+00:00,2025,4,short,0.39227375,Q1_low,0.00380501184175371,low_atr,True,0.0064100236835074
2025-09-14 00:00:00+00:00,2025,0,short,0.4510839,Q3,0.002389080349530591,low_atr,True,0.0035781606990611
2025-09-14 01:00:00+00:00,2025,1,short,0.4510839,Q3,0.0024719240161912397,low_atr,True,0.0037438480323824007
2025-09-15 00:00:00+00:00,2025,0,short,0.43743035,Q3,0.003305414376552938,low_atr,False,-0.0038443315012422997
2025-09-15 01:00:00+00:00,2025,1,short,0.4303807,Q2,0.0033624885441590497,low_atr,False,-0.0038899908353272
2025-09-16 00:00:00+00:00,2025,0,short,0.4167997,Q2,0.003908054113429072,low_atr,False,-0.0043264432907432
2025-09-16 01:00:00+00:00,2025,1,short,0.4015059,Q1_low,0.0039506018509083895,low_atr,False,-0.0043604814807267
2025-09-17 00:00:00+00:00,2025,0,short,0.39409873,Q1_low,0.003982207733466185,low_atr,True,0.006764415466932301
2025-09-17 01:00:00+00:00,2025,1,short,0.39409873,Q1_low,0.004000780054420069,low_atr,True,0.0068015601088401
2025-09-18 00:00:00+00:00,2025,0,short,0.3862919,Q1_low,0.005883537298907958,mid_low,False,-0.005906829839126299
2025-09-18 15:00:00+00:00,2025,15,short,0.38989803,Q1_low,0.0037770807066044,low_atr,True,0.0063541614132088
2025-09-18 16:00:00+00:00,2025,16,short,0.40872404,Q2,0.0036408873509526395,low_atr,True,0.0060817747019052005
2025-09-19 00:00:00+00:00,2025,0,short,0.43263316,Q2,0.0035265756994388347,low_atr,True,0.0058531513988776
2025-09-19 01:00:00+00:00,2025,1,short,0.44501758,Q3,0.0035585672349223722,low_atr,True,0.005917134469844701
2025-09-20 00:00:00+00:00,2025,0,short,0.4186111,Q2,0.003078762363592278,low_atr,True,0.004957524727184501
2025-09-20 03:00:00+00:00,2025,3,short,0.4186111,Q2,0.002730639841517188,low_atr,False,-0.0033845118732137
2025-09-21 13:00:00+00:00,2025,13,short,0.45112637,Q3,0.00168928562161039,low_atr,True,0.0021785712432207003
2025-09-21 16:00:00+00:00,2025,16,short,0.43684998,Q3,0.0017479956514820471,low_atr,True,0.002295991302964
2025-09-22 00:00:00+00:00,2025,0,short,0.41648957,Q2,0.0026433392436546197,low_atr,True,0.004086678487309201
2025-09-22 01:00:00+00:00,2025,1,short,0.4240685,Q2,0.0028506561618726767,low_atr,True,0.0045013123237453
2025-09-23 00:00:00+00:00,2025,0,short,0.3883024,Q1_low,0.004370380392212703,low_atr,True,0.0075407607844254
2025-09-23 01:00:00+00:00,2025,1,short,0.3883024,Q1_low,0.004426187146282179,low_atr,True,0.007652374292564301
2025-09-24 00:00:00+00:00,2025,0,short,0.38915616,Q1_low,0.004330219960961567,low_atr,True,0.0074604399219231
2025-09-24 01:00:00+00:00,2025,1,short,0.39280573,Q1_low,0.004306383809491636,low_atr,True,0.0074127676189832
2025-09-25 00:00:00+00:00,2025,0,short,0.45192918,Q3,0.003812950631638088,low_atr,True,0.0064259012632761
2025-09-25 01:00:00+00:00,2025,1,short,0.40235016,Q1_low,0.004231647985138847,low_atr,True,0.007263295970277601
2025-09-26 00:00:00+00:00,2025,0,short,0.3900176,Q1_low,0.007700731799632256,mid_high,True,0.0142014635992645
2025-09-26 01:00:00+00:00,2025,1,short,0.38029873,Q1_low,0.007697529577317972,mid_high,True,0.0141950591546359
2025-09-27 00:00:00+00:00,2025,0,short,0.3893599,Q1_low,0.005008264118085669,low_atr,True,0.0088165282361713
2025-09-27 03:00:00+00:00,2025,3,short,0.3925656,Q1_low,0.004171349043855767,low_atr,True,0.007142698087711501
2025-09-28 01:00:00+00:00,2025,1,short,0.4256381,Q2,0.00160317233779159,low_atr,True,0.0020063446755831
2025-09-28 04:00:00+00:00,2025,4,short,0.4256381,Q2,0.0015695686613115827,low_atr,True,0.0019391373226231
2025-09-29 00:00:00+00:00,2025,0,short,0.4748062,Q5_high,0.0035605052920615055,low_atr,True,0.005921010584123
2025-09-29 01:00:00+00:00,2025,1,short,0.4748062,Q5_high,0.0038307324679413635,low_atr,False,-0.004264585974353
2025-09-30 00:00:00+00:00,2025,0,short,0.39672503,Q1_low,0.004843305661104505,low_atr,True,0.008486611322209
2025-09-30 01:00:00+00:00,2025,1,short,0.39672503,Q1_low,0.005055074670644103,mid_low,True,0.0089101493412882
2025-10-01 00:00:00+00:00,2025,0,short,0.39995354,Q1_low,0.004925446130251478,low_atr,False,-0.0051403569042011
2025-10-01 01:00:00+00:00,2025,1,short,0.39995354,Q1_low,0.004957818489990284,low_atr,False,-0.0051662547919922
2025-10-02 15:00:00+00:00,2025,15,short,0.4070812,Q1_low,0.004624277387762055,low_atr,True,0.008048554775524101
2025-10-02 16:00:00+00:00,2025,16,short,0.4070812,Q1_low,0.004876363297838063,low_atr,False,-0.0051010906382704
2025-10-03 00:00:00+00:00,2025,0,short,0.3482819,Q1_low,0.005765572785925492,mid_low,True,0.0103311455718509
2025-10-03 01:00:00+00:00,2025,1,short,0.3482819,Q1_low,0.005853940055901807,mid_low,True,0.0105078801118036
2025-10-04 04:00:00+00:00,2025,4,short,0.3479134,Q1_low,0.006270784197150144,mid_low,True,0.0113415683943002
2025-10-04 05:00:00+00:00,2025,5,short,0.36350676,Q1_low,0.005456490952153119,mid_low,True,0.0097129819043062
2025-10-05 00:00:00+00:00,2025,0,short,0.36042535,Q1_low,0.002748168404428008,low_atr,False,-0.0033985347235423995
2025-10-05 01:00:00+00:00,2025,1,short,0.36042535,Q1_low,0.0027553804016707943,low_atr,False,-0.0034043043213366
2025-10-06 00:00:00+00:00,2025,0,short,0.34710714,Q1_low,0.004744049907388809,low_atr,False,-0.004995239925911
2025-10-06 01:00:00+00:00,2025,1,short,0.3434965,Q1_low,0.004928528103890744,low_atr,True,0.0086570562077814
2025-10-07 00:00:00+00:00,2025,0,short,0.34291252,Q1_low,0.0058726902767325465,mid_low,True,0.010545380553465
2025-10-07 01:00:00+00:00,2025,1,short,0.34291252,Q1_low,0.005790929697939265,mid_low,True,0.0103818593958785
2025-10-08 00:00:00+00:00,2025,0,short,0.35026473,Q1_low,0.007706407693607049,mid_high,True,0.0142128153872141
2025-10-08 01:00:00+00:00,2025,1,short,0.35026473,Q1_low,0.007762903966127127,mid_high,True,0.0143258079322542
2025-10-09 00:00:00+00:00,2025,0,short,0.34079137,Q1_low,0.006089887535864949,mid_low,True,0.0109797750717298
2025-10-09 01:00:00+00:00,2025,1,short,0.34079137,Q1_low,0.00613678840299007,mid_low,True,0.0110735768059801
2025-10-10 00:00:00+00:00,2025,0,short,0.35650548,Q1_low,0.007264825915376283,mid_high,True,0.013329651830752501
2025-10-10 01:00:00+00:00,2025,1,short,0.35650548,Q1_low,0.007118045947067962,mid_high,True,0.0130360918941359
2025-10-11 00:00:00+00:00,2025,0,short,0.40145755,Q1_low,0.021830931258717903,high_atr,True,0.0424618625174358
2025-10-11 02:00:00+00:00,2025,2,short,0.40444404,Q1_low,0.023712876523646335,high_atr,True,0.0462257530472926
2025-10-12 00:00:00+00:00,2025,0,short,0.38470843,Q1_low,0.00706401901239159,mid_high,False,-0.0068512152099132
2025-10-12 01:00:00+00:00,2025,1,short,0.38470843,Q1_low,0.007049380883851603,mid_low,False,-0.0068395047070812
2025-10-13 00:00:00+00:00,2025,0,short,0.4313451,Q2,0.009059501078681793,mid_high,True,0.0169190021573635
2025-10-13 01:00:00+00:00,2025,1,short,0.43126944,Q2,0.009034536348654563,mid_high,True,0.0168690726973091
2025-10-14 00:00:00+00:00,2025,0,short,0.38315994,Q1_low,0.007032883446779895,mid_low,True,0.012865766893559701
2025-10-14 01:00:00+00:00,2025,1,short,0.38464493,Q1_low,0.006893943240976319,mid_low,True,0.0125878864819526
2025-10-15 02:00:00+00:00,2025,2,short,0.39531946,Q1_low,0.008969681598251894,mid_high,True,0.0167393631965037
2025-10-15 03:00:00+00:00,2025,3,short,0.37727532,Q1_low,0.008745476977828293,mid_high,True,0.0162909539556565
2025-10-16 00:00:00+00:00,2025,0,short,0.38511816,Q1_low,0.007815088291810216,mid_high,True,0.014430176583620401
2025-10-16 01:00:00+00:00,2025,1,short,0.3725413,Q1_low,0.0077317264459982795,mid_high,True,0.0142634528919965
2025-10-16 15:00:00+00:00,2025,15,short,0.3825457,Q1_low,0.00966643751366357,high_atr,True,0.0181328750273271
2025-10-16 16:00:00+00:00,2025,16,short,0.3825457,Q1_low,0.010352222869018072,high_atr,True,0.0195044457380361
2025-10-17 00:00:00+00:00,2025,0,short,0.38029873,Q1_low,0.010109349239792004,high_atr,True,0.019018698479584
2025-10-17 01:00:00+00:00,2025,1,short,0.38029873,Q1_low,0.01013593822274555,high_atr,True,0.0190718764454911
2025-10-18 01:00:00+00:00,2025,1,short,0.36722296,Q1_low,0.008109294935669064,mid_high,True,0.015018589871338101
2025-10-18 03:00:00+00:00,2025,3,short,0.36722296,Q1_low,0.00758574431875061,mid_high,True,0.0139714886375012
2025-10-19 00:00:00+00:00,2025,0,short,0.4191484,Q2,0.003405636386052602,low_atr,True,0.005611272772105201
2025-10-19 01:00:00+00:00,2025,1,short,0.4191484,Q2,0.0032607320208093466,low_atr,True,0.005321464041618601
2025-10-20 00:00:00+00:00,2025,0,short,0.38474348,Q1_low,0.005608153765148736,mid_low,False,-0.005686523012118899
2025-10-20 01:00:00+00:00,2025,1,short,0.38710776,Q1_low,0.005471426005571346,mid_low,False,-0.005577140804457
2025-10-21 00:00:00+00:00,2025,0,short,0.37143683,Q1_low,0.006044632909459593,mid_low,True,0.0108892658189191
2025-10-21 01:00:00+00:00,2025,1,short,0.37143683,Q1_low,0.00650554090176619,mid_low,True,0.0118110818035323
2025-10-22 00:00:00+00:00,2025,0,short,0.37686834,Q1_low,0.0133510352666084,high_atr,True,0.0255020705332168
2025-10-22 01:00:00+00:00,2025,1,short,0.3825457,Q1_low,0.013297103437215116,high_atr,True,0.0253942068744302
2025-10-23 00:00:00+00:00,2025,0,short,0.3725413,Q1_low,0.00956950478587865,high_atr,False,-0.0088556038287029
2025-10-23 01:00:00+00:00,2025,1,short,0.37379563,Q1_low,0.008818388646559995,mid_high,False,-0.0082547109172479
2025-10-24 00:00:00+00:00,2025,0,short,0.36744466,Q1_low,0.007138905528211866,mid_high,False,-0.0069111244225694
2025-10-24 02:00:00+00:00,2025,2,short,0.36744466,Q1_low,0.007091997808181763,mid_high,False,-0.006873598246545399
2025-10-25 07:00:00+00:00,2025,7,short,0.44167835,Q3,0.0034132024676273493,low_atr,True,0.0056264049352546
2025-10-25 08:00:00+00:00,2025,8,short,0.42423555,Q2,0.0033035938067446776,low_atr,True,0.0054071876134893
2025-10-26 00:00:00+00:00,2025,0,short,0.46048948,Q3,0.0025480410982460164,low_atr,True,0.003896082196492
2025-10-26 01:00:00+00:00,2025,1,short,0.46048948,Q3,0.0026446396950458293,low_atr,True,0.0040892793900916
2025-10-27 00:00:00+00:00,2025,0,short,0.4083724,Q2,0.005684955818341462,mid_low,False,-0.0057479646546731
2025-10-27 01:00:00+00:00,2025,1,short,0.4083724,Q2,0.005423703133171642,mid_low,True,0.0096474062663432
2025-10-28 00:00:00+00:00,2025,0,short,0.40217692,Q1_low,0.005026451775356301,low_atr,True,0.008852903550712601
2025-10-28 01:00:00+00:00,2025,1,short,0.38900515,Q1_low,0.005096902090719083,mid_low,True,0.0089938041814381
2025-10-29 03:00:00+00:00,2025,3,short,0.3825457,Q1_low,0.007594790865849975,mid_high,True,0.0139895817316999
2025-10-29 04:00:00+00:00,2025,4,short,0.3825457,Q1_low,0.00659669484898563,mid_low,True,0.0119933896979712
2025-10-30 00:00:00+00:00,2025,0,short,0.38511816,Q1_low,0.008925444303823506,mid_high,True,0.016650888607647
2025-10-30 01:00:00+00:00,2025,1,short,0.38511816,Q1_low,0.00891234067660968,mid_high,True,0.0166246813532193
2025-10-30 15:00:00+00:00,2025,15,short,0.3900176,Q1_low,0.01002395931931013,high_atr,True,0.0188479186386202
2025-10-30 16:00:00+00:00,2025,16,short,0.3900176,Q1_low,0.009958636183428031,high_atr,True,0.018717272366856
2025-10-31 00:00:00+00:00,2025,0,short,0.37379563,Q1_low,0.008722712191808403,mid_high,True,0.0162454243836168
2025-10-31 01:00:00+00:00,2025,1,short,0.38713208,Q1_low,0.008976503756825559,mid_high,True,0.0167530075136511
2025-11-01 04:00:00+00:00,2025,4,short,0.36744466,Q1_low,0.0059702306767501065,mid_low,True,0.010740461353500201
2025-11-01 07:00:00+00:00,2025,7,short,0.38224828,Q1_low,0.004211304127323439,low_atr,True,0.0072226082546468
2025-11-02 00:00:00+00:00,2025,0,short,0.44121894,Q3,0.0025943889362556997,low_atr,False,-0.0032755111490044998
2025-11-02 01:00:00+00:00,2025,1,short,0.44121894,Q3,0.002553767982222446,low_atr,False,-0.0032430143857779
2025-11-03 00:00:00+00:00,2025,0,short,0.40980753,Q2,0.004655484752130057,low_atr,True,0.0081109695042601
2025-11-03 01:00:00+00:00,2025,1,short,0.3944901,Q1_low,0.004513818204471419,low_atr,True,0.0078276364089428
2025-11-04 02:00:00+00:00,2025,2,short,0.3636687,Q1_low,0.010137692499724855,high_atr,True,0.0190753849994497
2025-11-04 03:00:00+00:00,2025,3,short,0.3636687,Q1_low,0.010435847062294808,high_atr,True,0.0196716941245896
2025-11-05 00:00:00+00:00,2025,0,short,0.4438823,Q3,0.013560804837220454,high_atr,True,0.0259216096744409
2025-11-05 07:00:00+00:00,2025,7,short,0.39278767,Q1_low,0.012037943860249955,high_atr,False,-0.0108303550881999
2025-11-06 00:00:00+00:00,2025,0,short,0.42302966,Q2,0.007349599301370717,mid_high,True,0.0134991986027414
2025-11-06 01:00:00+00:00,2025,1,short,0.41682085,Q2,0.007527227997264411,mid_high,True,0.0138544559945288
2025-11-07 00:00:00+00:00,2025,0,short,0.42565787,Q2,0.010288835230053445,high_atr,True,0.0193776704601068
2025-11-07 02:00:00+00:00,2025,2,short,0.40531835,Q1_low,0.010359280866075224,high_atr,True,0.0195185617321504
2025-11-08 00:00:00+00:00,2025,0,short,0.42741954,Q2,0.009534281812917414,high_atr,True,0.0178685636258348
2025-11-08 01:00:00+00:00,2025,1,short,0.39559656,Q1_low,0.009224624270109795,mid_high,True,0.0172492485402195
2025-11-09 00:00:00+00:00,2025,0,short,0.40937036,Q2,0.004727207173106358,low_atr,True,0.0082544143462127
2025-11-09 01:00:00+00:00,2025,1,short,0.41530418,Q2,0.004356078803553863,low_atr,True,0.007512157607107701
2025-11-10 02:00:00+00:00,2025,2,short,0.40025148,Q1_low,0.008912031404172743,mid_high,True,0.0166240628083454
2025-11-10 03:00:00+00:00,2025,3,short,0.40941656,Q2,0.008585397465166051,mid_high,True,0.0159707949303321
2025-11-11 00:00:00+00:00,2025,0,short,0.39684668,Q1_low,0.006882321260266585,mid_low,True,0.0125646425205331
2025-11-11 01:00:00+00:00,2025,1,short,0.39684668,Q1_low,0.007646378613983659,mid_high,True,0.0140927572279673
2025-11-12 00:00:00+00:00,2025,0,short,0.44125152,Q3,0.006662325134802322,mid_low,False,-0.0065298601078418
2025-11-12 01:00:00+00:00,2025,1,short,0.43513724,Q2,0.006861773528181783,mid_low,False,-0.0066894188225454
2025-11-13 01:00:00+00:00,2025,1,short,0.43513724,Q2,0.008177918897406216,mid_high,True,0.015155837794812402
2025-11-13 02:00:00+00:00,2025,2,short,0.40531835,Q1_low,0.008075563117468702,mid_high,True,0.014951126234937401
2025-11-13 15:00:00+00:00,2025,15,short,0.44483823,Q3,0.009848724071917747,high_atr,True,0.0184974481438355
2025-11-13 16:00:00+00:00,2025,16,short,0.45027718,Q3,0.010392417479498253,high_atr,True,0.0195848349589965
2025-11-14 00:00:00+00:00,2025,0,short,0.43522036,Q2,0.011525916599647405,high_atr,True,0.0218518331992948
2025-11-14 01:00:00+00:00,2025,1,short,0.43522036,Q2,0.011783588898219857,high_atr,True,0.0223671777964397
2025-11-15 07:00:00+00:00,2025,7,short,0.41519335,Q2,0.009664095944101852,high_atr,True,0.0181281918882037
2025-11-15 08:00:00+00:00,2025,8,short,0.41147673,Q2,0.009197400408491919,mid_high,True,0.0171948008169838
2025-11-16 00:00:00+00:00,2025,0,short,0.41188172,Q2,0.004920956287305807,low_atr,True,0.0086419125746116
2025-11-16 01:00:00+00:00,2025,1,short,0.41188172,Q2,0.005150621885902021,mid_low,False,-0.0053204975087216
2025-11-17 01:00:00+00:00,2025,1,short,0.40531835,Q1_low,0.010730515624823276,high_atr,True,0.0202610312496465
2025-11-17 02:00:00+00:00,2025,2,short,0.40901804,Q2,0.010877005188274903,high_atr,True,0.0205540103765498
2025-11-18 00:00:00+00:00,2025,0,short,0.44095594,Q3,0.011811741615845356,high_atr,True,0.0224234832316907
2025-11-18 01:00:00+00:00,2025,1,short,0.44095594,Q3,0.011916993731695082,high_atr,True,0.022633987463390102
2025-11-19 00:00:00+00:00,2025,0,short,0.43202773,Q2,0.009514520526930451,high_atr,True,0.0178290410538609
2025-11-19 01:00:00+00:00,2025,1,short,0.43202773,Q2,0.009781078588418025,high_atr,True,0.018362157176836
2025-11-20 01:00:00+00:00,2025,1,short,0.38812685,Q1_low,0.011301883647274549,high_atr,True,0.021403767294549
2025-11-20 02:00:00+00:00,2025,2,short,0.40010133,Q1_low,0.011151561998131478,high_atr,True,0.0211031239962629
2025-11-21 00:00:00+00:00,2025,0,short,0.43364134,Q2,0.013861907005051015,high_atr,True,0.026523814010102
2025-11-21 01:00:00+00:00,2025,1,short,0.43364134,Q2,0.013983081872952177,high_atr,True,0.0267661637459043
2025-11-22 06:00:00+00:00,2025,6,short,0.3846925,Q1_low,0.011330459782246177,high_atr,True,0.021460919564492302
2025-11-22 07:00:00+00:00,2025,7,short,0.3846925,Q1_low,0.010707686775320748,high_atr,True,0.0202153735506414
2025-11-23 00:00:00+00:00,2025,0,short,0.3884199,Q1_low,0.006567326662559044,mid_low,False,-0.0064538613300472
2025-11-23 01:00:00+00:00,2025,1,short,0.3884199,Q1_low,0.006925045247456781,mid_low,True,0.0126500904949135
2025-11-24 00:00:00+00:00,2025,0,short,0.41962746,Q2,0.008711468504690775,mid_high,True,0.0162229370093815
2025-11-24 01:00:00+00:00,2025,1,short,0.42499408,Q2,0.008753023462859654,mid_high,True,0.0163060469257193
2025-11-25 00:00:00+00:00,2025,0,short,0.40038675,Q1_low,0.008576905487347389,mid_high,True,0.0159538109746947
2025-11-25 01:00:00+00:00,2025,1,short,0.41962746,Q2,0.008526382242134225,mid_high,True,0.0158527644842684
2025-11-26 01:00:00+00:00,2025,1,short,0.41962746,Q2,0.009261792513024043,mid_high,True,0.017323585026048
2025-11-26 02:00:00+00:00,2025,2,short,0.41962746,Q2,0.009295307618042807,mid_high,True,0.0173906152360856
2025-11-27 00:00:00+00:00,2025,0,short,0.40193182,Q1_low,0.008321113477671394,mid_high,False,-0.0078568907821371
2025-11-27 01:00:00+00:00,2025,1,short,0.40193182,Q1_low,0.008740502045279059,mid_high,True,0.0162810040905581
2025-11-27 17:00:00+00:00,2025,17,short,0.42212653,Q2,0.004925416043636316,low_atr,True,0.0086508320872726
2025-11-27 18:00:00+00:00,2025,18,short,0.42212653,Q2,0.0050652636293096,mid_low,True,0.0089305272586191
2025-11-28 00:00:00+00:00,2025,0,short,0.44967383,Q3,0.00461405445923941,low_atr,True,0.0080281089184788
2025-11-28 01:00:00+00:00,2025,1,short,0.4355579,Q2,0.00472028007803174,low_atr,False,-0.0049762240624253
2025-11-29 04:00:00+00:00,2025,4,short,0.42640632,Q2,0.005734593341186352,mid_low,True,0.0102691866823727
2025-11-29 05:00:00+00:00,2025,5,short,0.42640632,Q2,0.005253095533376621,mid_low,True,0.0093061910667532
2025-11-30 00:00:00+00:00,2025,0,short,0.41866842,Q2,0.0037229439135362465,low_atr,True,0.0062458878270724005
2025-11-30 01:00:00+00:00,2025,1,short,0.41866842,Q2,0.003689813257198193,low_atr,True,0.0061796265143963
2025-12-01 00:00:00+00:00,2025,0,short,0.4400055,Q3,0.007792197339366648,mid_high,True,0.0143843946787332
2025-12-01 01:00:00+00:00,2025,1,short,0.4400055,Q3,0.00809951175365362,mid_high,True,0.0149990235073072
2025-12-02 02:00:00+00:00,2025,2,short,0.4197663,Q2,0.010618184652764512,high_atr,False,-0.009694547722211599
2025-12-02 03:00:00+00:00,2025,3,short,0.4197663,Q2,0.01063656022821385,high_atr,False,-0.009709248182571
2025-12-03 00:00:00+00:00,2025,0,short,0.4045763,Q1_low,0.010416125808675283,high_atr,False,-0.0095329006469402
2025-12-03 02:00:00+00:00,2025,2,short,0.4102268,Q2,0.010987785174015175,high_atr,True,0.0207755703480303
2025-12-04 01:00:00+00:00,2025,1,short,0.41052458,Q2,0.009395291772103373,high_atr,True,0.0175905835442067
2025-12-04 02:00:00+00:00,2025,2,short,0.41052458,Q2,0.009727925714851692,high_atr,True,0.0182558514297033
2025-12-05 00:00:00+00:00,2025,0,short,0.4245818,Q2,0.00807942717103685,mid_high,True,0.0149588543420737
2025-12-05 01:00:00+00:00,2025,1,short,0.4245818,Q2,0.007898966879038846,mid_high,True,0.014597933758077601
2025-12-06 06:00:00+00:00,2025,6,short,0.39813507,Q1_low,0.005437196425125221,mid_low,True,0.0096743928502504
2025-12-06 07:00:00+00:00,2025,7,short,0.3957066,Q1_low,0.00489935984399387,low_atr,True,0.008598719687987701
2025-12-07 00:00:00+00:00,2025,0,short,0.43073848,Q2,0.0037268172080934356,low_atr,True,0.0062536344161868
2025-12-07 01:00:00+00:00,2025,1,short,0.43073848,Q2,0.003783310951297867,low_atr,True,0.006366621902595701
2025-12-08 00:00:00+00:00,2025,0,short,0.41962746,Q2,0.010343228149008033,high_atr,False,-0.009474582519206399
2025-12-08 03:00:00+00:00,2025,3,short,0.40521184,Q1_low,0.010960403643132227,high_atr,True,0.020720807286264402
2025-12-09 00:00:00+00:00,2025,0,short,0.42499408,Q2,0.00788375563108463,mid_high,True,0.014567511262169201
2025-12-09 01:00:00+00:00,2025,1,short,0.42499408,Q2,0.008136635681823927,mid_high,True,0.015073271363647802
2025-12-10 02:00:00+00:00,2025,2,short,0.42499408,Q2,0.00985764594489025,high_atr,True,0.0185152918897805
2025-12-10 03:00:00+00:00,2025,3,short,0.42499408,Q2,0.009496537068370847,high_atr,True,0.0177930741367416
2025-12-11 00:00:00+00:00,2025,0,short,0.44332808,Q3,0.009360377586575477,high_atr,True,0.0175207551731509
2025-12-11 01:00:00+00:00,2025,1,short,0.4400055,Q3,0.00950833702414183,high_atr,True,0.0178166740482836
2025-12-11 15:00:00+00:00,2025,15,short,0.4373762,Q3,0.006167913491294003,mid_low,True,0.011135826982588
2025-12-11 16:00:00+00:00,2025,16,short,0.43492278,Q2,0.0062124022222880895,mid_low,False,-0.0061699217778304
2025-12-12 03:00:00+00:00,2025,3,short,0.40010133,Q1_low,0.011017360910513458,high_atr,True,0.0208347218210269
2025-12-12 04:00:00+00:00,2025,4,short,0.40010133,Q1_low,0.01029560895990219,high_atr,True,0.0193912179198043
2025-12-13 04:00:00+00:00,2025,4,short,0.42292333,Q2,0.0059950792575428884,mid_low,True,0.010790158515085701
2025-12-13 05:00:00+00:00,2025,5,short,0.43073848,Q2,0.003944572226534935,low_atr,True,0.0066891444530698
2025-12-14 00:00:00+00:00,2025,0,short,0.4123799,Q2,0.002850071465352167,low_atr,True,0.0045001429307043005
2025-12-14 01:00:00+00:00,2025,1,short,0.40867084,Q2,0.002784204779959112,low_atr,True,0.0043684095599182005
2025-12-15 00:00:00+00:00,2025,0,short,0.43997994,Q3,0.007213393088398323,mid_high,False,-0.0069707144707186
2025-12-15 02:00:00+00:00,2025,2,short,0.40181345,Q1_low,0.006920136696824136,mid_low,True,0.0126402733936482
2025-12-16 01:00:00+00:00,2025,1,short,0.44095594,Q3,0.009836164597195747,high_atr,False,-0.009068931677756499
2025-12-16 03:00:00+00:00,2025,3,short,0.44095594,Q3,0.010047200372663415,high_atr,False,-0.0092377602981307
2025-12-17 00:00:00+00:00,2025,0,short,0.43202773,Q2,0.0083967202349864,mid_high,True,0.0155934404699728
2025-12-17 01:00:00+00:00,2025,1,short,0.41962746,Q2,0.008359178356778879,mid_high,True,0.0155183567135577
2025-12-18 01:00:00+00:00,2025,1,short,0.4245818,Q2,0.012002491205192695,high_atr,False,-0.0108019929641541
2025-12-18 02:00:00+00:00,2025,2,short,0.4192165,Q2,0.012297476601985784,high_atr,False,-0.0110379812815886
2025-12-19 00:00:00+00:00,2025,0,short,0.4096385,Q2,0.01254001809317803,high_atr,False,-0.0112320144745424
2025-12-19 01:00:00+00:00,2025,1,short,0.4096385,Q2,0.01275664237300597,high_atr,False,-0.0114053138984047
2025-12-20 04:00:00+00:00,2025,4,short,0.4057631,Q1_low,0.007298967610375976,mid_high,True,0.0133979352207519
2025-12-20 05:00:00+00:00,2025,5,short,0.41392457,Q2,0.006169000404694446,mid_low,True,0.011138000809388801
2025-12-21 00:00:00+00:00,2025,0,short,0.41117716,Q2,0.0025582731700565468,low_atr,True,0.003916546340113
2025-12-21 01:00:00+00:00,2025,1,short,0.41359466,Q2,0.0027147249349896317,low_atr,False,-0.0033717799479917
2025-12-22 00:00:00+00:00,2025,0,short,0.41392457,Q2,0.005533955013926583,mid_low,True,0.0098679100278531
2025-12-22 01:00:00+00:00,2025,1,short,0.41392457,Q2,0.0060292484268072224,mid_low,True,0.0108584968536144
2025-12-23 00:00:00+00:00,2025,0,short,0.42402667,Q2,0.007401623356498427,mid_high,True,0.0136032467129968
2025-12-23 02:00:00+00:00,2025,2,short,0.43308276,Q2,0.007338523004673198,mid_high,True,0.013477046009346301
2025-12-24 00:00:00+00:00,2025,0,short,0.40672922,Q1_low,0.007548305486933361,mid_high,True,0.013896610973866701
2025-12-24 01:00:00+00:00,2025,1,short,0.40672922,Q1_low,0.007589424836074783,mid_high,True,0.0139788496721495
2025-12-25 01:00:00+00:00,2025,1,short,0.41866842,Q2,0.004746560074045597,low_atr,True,0.0082931201480911
2025-12-25 02:00:00+00:00,2025,2,short,0.41866842,Q2,0.00477969527165979,low_atr,True,0.0083593905433195
2025-12-25 15:00:00+00:00,2025,15,short,0.41866842,Q2,0.003116730810872343,low_atr,True,0.005033461621744601
2025-12-25 16:00:00+00:00,2025,16,short,0.41866842,Q2,0.0031978244149707814,low_atr,True,0.005195648829941501
2025-12-26 00:00:00+00:00,2025,0,short,0.43451008,Q2,0.004497766126988335,low_atr,False,-0.0047982129015905995
2025-12-26 01:00:00+00:00,2025,1,short,0.42569327,Q2,0.004657055952677959,low_atr,False,-0.0049256447621423
2025-12-27 07:00:00+00:00,2025,7,short,0.41496012,Q2,0.0023910241767184227,low_atr,True,0.0035820483534368007
2025-12-27 08:00:00+00:00,2025,8,short,0.41868582,Q2,0.0022980676845633648,low_atr,True,0.0033961353691267003
2025-12-28 00:00:00+00:00,2025,0,short,0.4498139,Q3,0.00208270326489199,low_atr,True,0.0029654065297839
2025-12-28 01:00:00+00:00,2025,1,short,0.4498139,Q3,0.002162980217506018,low_atr,True,0.003125960435012
2025-12-29 00:00:00+00:00,2025,0,short,0.43266216,Q2,0.0029169581412783886,low_atr,True,0.0046339162825567
2025-12-29 01:00:00+00:00,2025,1,short,0.4438868,Q3,0.003331367052862226,low_atr,False,-0.0038650936422896997
2025-12-30 00:00:00+00:00,2025,0,short,0.4418454,Q3,0.0053865911166491596,mid_low,True,0.0095731822332983
2025-12-30 01:00:00+00:00,2025,1,short,0.4358897,Q2,0.005395830639577978,mid_low,True,0.009591661279155901
2025-12-31 03:00:00+00:00,2025,3,short,0.41392457,Q2,0.005989928588798662,mid_low,True,0.0107798571775973
2025-12-31 04:00:00+00:00,2025,4,short,0.40491727,Q1_low,0.005223045346596528,mid_low,True,0.009246090693193
2026-01-01 01:00:00+00:00,2026,1,short,0.44437185,Q3,0.004528891456260053,low_atr,True,0.0078577829125201
2026-01-01 02:00:00+00:00,2026,2,short,0.43727347,Q3,0.004452429663445026,low_atr,True,0.007704859326890001
2026-01-02 00:00:00+00:00,2026,0,short,0.41866842,Q2,0.002902699243226008,low_atr,True,0.004605398486452
2026-01-02 01:00:00+00:00,2026,1,short,0.41117716,Q2,0.0030688522221808544,low_atr,True,0.0049377044443617004
2026-01-03 00:00:00+00:00,2026,0,short,0.40038675,Q1_low,0.0076805094499348536,mid_high,True,0.0141610188998697
2026-01-03 01:00:00+00:00,2026,1,short,0.40038675,Q1_low,0.007592574327102416,mid_high,True,0.0139851486542048
2026-01-04 00:00:00+00:00,2026,0,short,0.4746321,Q5_high,0.003210637671335969,low_atr,True,0.0052212753426719005
2026-01-04 02:00:00+00:00,2026,2,short,0.4746321,Q5_high,0.003363836972694128,low_atr,False,-0.0038910695781553
2026-01-05 00:00:00+00:00,2026,0,short,0.45646167,Q3,0.003599572950896624,low_atr,False,-0.0040796583607172
2026-01-05 01:00:00+00:00,2026,1,short,0.4746321,Q5_high,0.004177768484622994,low_atr,True,0.007155536969245901
2026-01-06 00:00:00+00:00,2026,0,short,0.41944802,Q2,0.006507418855129403,mid_low,True,0.0118148377102588
2026-01-06 01:00:00+00:00,2026,1,short,0.42481408,Q2,0.006628037405966921,mid_low,True,0.0120560748119338
2026-01-07 00:00:00+00:00,2026,0,short,0.41275352,Q2,0.008601837418266403,mid_high,True,0.0160036748365328
2026-01-07 01:00:00+00:00,2026,1,short,0.4192165,Q2,0.008810371778240646,mid_high,True,0.0164207435564812
2026-01-08 00:00:00+00:00,2026,0,short,0.39813507,Q1_low,0.005962649429802415,mid_low,True,0.0107252988596048
2026-01-08 01:00:00+00:00,2026,1,short,0.39813507,Q1_low,0.006008578994594375,mid_low,True,0.0108171579891887
2026-01-08 17:00:00+00:00,2026,17,short,0.41371176,Q2,0.007031474876415726,mid_low,True,0.0128629497528314
2026-01-08 18:00:00+00:00,2026,18,short,0.42275932,Q2,0.007097499718035708,mid_high,True,0.0129949994360714
2026-01-09 01:00:00+00:00,2026,1,short,0.41392457,Q2,0.005999808510905442,mid_low,True,0.0107996170218108
2026-01-09 02:00:00+00:00,2026,2,short,0.41392457,Q2,0.006013612319690905,mid_low,True,0.0108272246393818
2026-01-10 14:00:00+00:00,2026,14,short,0.43714982,Q3,0.0017520358513027946,low_atr,True,0.0023040717026055002
2026-01-11 16:00:00+00:00,2026,16,short,0.44478253,Q3,0.002234007146310984,low_atr,True,0.0032680142926219003
2026-01-11 17:00:00+00:00,2026,17,short,0.44478253,Q3,0.0023445173668331302,low_atr,True,0.0034890347336662
2026-01-12 00:00:00+00:00,2026,0,short,0.41866842,Q2,0.0037760507807894023,low_atr,False,-0.0042208406246315
2026-01-12 01:00:00+00:00,2026,1,short,0.41866842,Q2,0.004271955471473917,low_atr,False,-0.0046175643771791
2026-01-13 00:00:00+00:00,2026,0,short,0.41392457,Q2,0.006471640444143701,mid_low,False,-0.0063773123553148995
2026-01-13 01:00:00+00:00,2026,1,short,0.41392457,Q2,0.006561100438832804,mid_low,False,-0.006448880351066199
2026-01-14 00:00:00+00:00,2026,0,short,0.4137665,Q2,0.008754626160047792,mid_high,True,0.016309252320095502
2026-01-14 01:00:00+00:00,2026,1,short,0.4137665,Q2,0.008879103424408978,mid_high,True,0.0165582068488179
2026-01-15 00:00:00+00:00,2026,0,short,0.39102566,Q1_low,0.008103291309640732,mid_high,True,0.015006582619281401
2026-01-15 01:00:00+00:00,2026,1,short,0.4011538,Q1_low,0.008361654040963486,mid_high,True,0.015523308081926899
2026-01-16 03:00:00+00:00,2026,3,short,0.43466133,Q2,0.006841045433318164,mid_low,True,0.0124820908666363
2026-01-16 04:00:00+00:00,2026,4,short,0.43127164,Q2,0.006011321358142954,mid_low,True,0.0108226427162859
2026-01-17 00:00:00+00:00,2026,0,short,0.40691975,Q1_low,0.004627736655815535,low_atr,True,0.008055473311631001
2026-01-17 01:00:00+00:00,2026,1,short,0.40747845,Q1_low,0.004578524066337682,low_atr,True,0.0079570481326753
2026-01-18 03:00:00+00:00,2026,3,short,0.4426824,Q3,0.001991337441918065,low_atr,True,0.0027826748838361004
2026-01-18 05:00:00+00:00,2026,5,short,0.4426824,Q3,0.001927692031680808,low_atr,True,0.0026553840633616
2026-01-19 00:00:00+00:00,2026,0,short,0.42446515,Q2,0.004760270493075847,low_atr,True,0.008320540986151601
2026-01-19 08:00:00+00:00,2026,8,short,0.4427967,Q3,0.0056762539544247285,mid_low,True,0.0101525079088494
2026-01-20 00:00:00+00:00,2026,0,short,0.43073848,Q2,0.003814359905088821,low_atr,True,0.006428719810177601
2026-01-20 01:00:00+00:00,2026,1,short,0.43073848,Q2,0.003821778860699476,low_atr,True,0.006443557721398901
2026-01-21 00:00:00+00:00,2026,0,short,0.44095594,Q3,0.008291195842309237,mid_high,True,0.015382391684618399
2026-01-21 01:00:00+00:00,2026,1,short,0.44095594,Q3,0.008352592822819338,mid_high,True,0.0155051856456386
2026-01-22 02:00:00+00:00,2026,2,short,0.43202773,Q2,0.011238055618145884,high_atr,True,0.021276111236291702
2026-01-22 15:00:00+00:00,2026,15,short,0.44584417,Q3,0.004633314447082516,low_atr,False,-0.004906651557666
2026-01-22 16:00:00+00:00,2026,16,short,0.4321447,Q2,0.004693777352413936,low_atr,False,-0.0049550218819311
2026-01-23 00:00:00+00:00,2026,0,short,0.41392457,Q2,0.006045892653197159,mid_low,True,0.0108917853063943
2026-01-23 01:00:00+00:00,2026,1,short,0.41392457,Q2,0.006143446569193874,mid_low,True,0.011086893138387701
2026-01-24 02:00:00+00:00,2026,2,short,0.41357344,Q2,0.007119819317169029,mid_high,True,0.013039638634338
2026-01-24 03:00:00+00:00,2026,3,short,0.41357344,Q2,0.0071466459333860395,mid_high,True,0.013093291866772
2026-01-25 00:00:00+00:00,2026,0,short,0.43226406,Q2,0.0018825311446931958,low_atr,True,0.0025650622893863004
2026-01-25 01:00:00+00:00,2026,1,short,0.440059,Q3,0.00201641756863505,low_atr,True,0.0028328351372701004
2026-01-26 00:00:00+00:00,2026,0,short,0.4427967,Q3,0.007039641325033057,mid_low,False,-0.006831713060026399
2026-01-26 01:00:00+00:00,2026,1,short,0.40923318,Q2,0.007650506182363853,mid_high,True,0.0141010123647277
2026-01-27 00:00:00+00:00,2026,0,short,0.4057631,Q1_low,0.0071594042273190875,mid_high,True,0.0131188084546381
2026-01-27 01:00:00+00:00,2026,1,short,0.4057631,Q1_low,0.007396574795550877,mid_high,True,0.013593149591101701
2026-01-28 00:00:00+00:00,2026,0,short,0.4057631,Q1_low,0.007178224306410635,mid_high,True,0.013156448612821201
2026-01-28 01:00:00+00:00,2026,1,short,0.4057631,Q1_low,0.007137981199641916,mid_high,True,0.0130759623992838
2026-01-29 00:00:00+00:00,2026,0,short,0.42499408,Q2,0.007823862106113669,mid_high,True,0.0144477242122273
2026-01-29 01:00:00+00:00,2026,1,short,0.43446985,Q2,0.007696813149960515,mid_high,True,0.014193626299921
2026-01-30 00:00:00+00:00,2026,0,short,0.41643652,Q2,0.010082892294676364,high_atr,True,0.0189657845893527
2026-01-30 05:00:00+00:00,2026,5,short,0.41643652,Q2,0.01174733608623813,high_atr,True,0.0222946721724762
2026-01-31 00:00:00+00:00,2026,0,short,0.38832682,Q1_low,0.010029808055706534,high_atr,True,0.018859616111413
2026-01-31 02:00:00+00:00,2026,2,short,0.40030342,Q1_low,0.009506808707860963,high_atr,True,0.0178136174157219
2026-02-01 02:00:00+00:00,2026,2,short,0.43496278,Q2,0.017063928863097984,high_atr,True,0.0329278577261959
2026-02-01 03:00:00+00:00,2026,3,short,0.43496278,Q2,0.0169818231442334,high_atr,True,0.0327636462884668
2026-02-02 00:00:00+00:00,2026,0,short,0.45081764,Q3,0.013229704222973041,high_atr,True,0.025259408445946
2026-02-02 01:00:00+00:00,2026,1,short,0.44560808,Q3,0.013945599302623238,high_atr,True,0.0266911986052464
2026-02-03 00:00:00+00:00,2026,0,short,0.4107128,Q2,0.009292815468485547,mid_high,True,0.017385630936971
2026-02-03 01:00:00+00:00,2026,1,short,0.4107128,Q2,0.009250443150164593,mid_high,True,0.0173008863003291
2026-02-04 01:00:00+00:00,2026,1,short,0.4434693,Q3,0.016040666187932946,high_atr,True,0.0308813323758658
2026-02-04 02:00:00+00:00,2026,2,short,0.4434693,Q3,0.01658495889650109,high_atr,True,0.0319699177930021
2026-02-05 00:00:00+00:00,2026,0,short,0.42860767,Q2,0.01649481644717707,high_atr,True,0.0317896328943541
2026-02-05 01:00:00+00:00,2026,1,short,0.42860767,Q2,0.017317007035777234,high_atr,True,0.0334340140715544
2026-02-05 15:00:00+00:00,2026,15,short,0.445079,Q3,0.01723513877508058,high_atr,True,0.0332702775501611
2026-02-05 16:00:00+00:00,2026,16,short,0.445079,Q3,0.01723321395558211,high_atr,True,0.0332664279111642
2026-02-06 01:00:00+00:00,2026,1,short,0.445079,Q3,0.031468339780099296,high_atr,True,0.061736679560198494
2026-02-06 03:00:00+00:00,2026,3,short,0.445079,Q3,0.03359792608226846,high_atr,False,-0.028078340865814698
2026-02-07 00:00:00+00:00,2026,0,short,0.3431583,Q1_low,0.018387490327831078,high_atr,True,0.0355749806556621
2026-02-07 01:00:00+00:00,2026,1,short,0.3431583,Q1_low,0.018180178926638948,high_atr,True,0.0351603578532778
2026-02-08 00:00:00+00:00,2026,0,short,0.46849054,Q4,0.011204743256893598,high_atr,False,-0.0101637946055148
2026-02-08 01:00:00+00:00,2026,1,short,0.46849054,Q4,0.011091482012935956,high_atr,False,-0.0100731856103487
2026-02-09 00:00:00+00:00,2026,0,short,0.46849054,Q4,0.010906492920314651,high_atr,True,0.0206129858406293
2026-02-09 01:00:00+00:00,2026,1,short,0.46849054,Q4,0.010785584282626692,high_atr,True,0.0203711685652533
2026-02-10 00:00:00+00:00,2026,0,short,0.46849054,Q4,0.011760338845460173,high_atr,True,0.0223206776909203
2026-02-10 01:00:00+00:00,2026,1,short,0.46849054,Q4,0.011912517648117932,high_atr,True,0.0226250352962358
2026-02-11 00:00:00+00:00,2026,0,short,0.46849054,Q4,0.0109992282547982,high_atr,True,0.0207984565095964
2026-02-11 01:00:00+00:00,2026,1,short,0.46849054,Q4,0.010775072130451212,high_atr,True,0.0203501442609024
2026-02-12 00:00:00+00:00,2026,0,short,0.48113766,Q5_high,0.014022357470384815,high_atr,True,0.0268447149407696
2026-02-12 01:00:00+00:00,2026,1,short,0.48113766,Q5_high,0.013953231599134279,high_atr,True,0.026706463198268502
2026-02-13 02:00:00+00:00,2026,2,short,0.46849054,Q4,0.011824518814833672,high_atr,True,0.0224490376296673
2026-02-13 03:00:00+00:00,2026,3,short,0.46849054,Q4,0.011438733846866177,high_atr,False,-0.0103509870774929
2026-02-14 00:00:00+00:00,2026,0,short,0.3844113,Q1_low,0.008520993704639733,mid_high,False,-0.0080167949637117
2026-02-14 01:00:00+00:00,2026,1,short,0.4042222,Q1_low,0.008275857781167338,mid_high,False,-0.0078206862249338
2026-02-15 00:00:00+00:00,2026,0,short,0.46388772,Q3,0.006852773370465374,mid_low,True,0.0125055467409307
2026-02-15 01:00:00+00:00,2026,1,short,0.46632797,Q3,0.006481420549604631,mid_low,True,0.0117628410992092
2026-02-16 00:00:00+00:00,2026,0,short,0.4594412,Q3,0.007772080964505332,mid_high,True,0.0143441619290106
2026-02-16 01:00:00+00:00,2026,1,short,0.4594412,Q3,0.008133535609523606,mid_high,True,0.015067071219047202
2026-02-17 00:00:00+00:00,2026,0,short,0.4722711,Q5_high,0.009966193539444897,high_atr,True,0.0187323870788897
2026-02-17 01:00:00+00:00,2026,1,short,0.4722711,Q5_high,0.00983423117317135,high_atr,True,0.0184684623463427
2026-02-18 02:00:00+00:00,2026,2,short,0.46448672,Q3,0.0095068769923409,high_atr,True,0.0178137539846818
2026-02-18 03:00:00+00:00,2026,3,short,0.49729854,Q5_high,0.009189941737115757,mid_high,True,0.0171798834742315
2026-02-19 01:00:00+00:00,2026,1,short,0.49357936,Q5_high,0.008410000510888886,mid_high,True,0.015620001021777699
2026-02-19 02:00:00+00:00,2026,2,short,0.49729854,Q5_high,0.008388599007409894,mid_high,True,0.015577198014819701
2026-02-19 15:00:00+00:00,2026,15,short,0.4461124,Q3,0.006970137484718674,mid_low,True,0.0127402749694373
2026-02-19 16:00:00+00:00,2026,16,short,0.44604474,Q3,0.00731255869060764,mid_high,False,-0.0070500469524860995
2026-02-20 01:00:00+00:00,2026,1,short,0.49729854,Q5_high,0.008403180154665676,mid_high,True,0.0156063603093313
2026-02-20 02:00:00+00:00,2026,2,short,0.49729854,Q5_high,0.008193952812235417,mid_high,True,0.0151879056244708
2026-02-21 02:00:00+00:00,2026,2,short,0.49729854,Q5_high,0.008329478358299705,mid_high,True,0.0154589567165994
2026-02-21 03:00:00+00:00,2026,3,short,0.49729854,Q5_high,0.007722527188204203,mid_high,False,-0.0073780217505633
2026-02-22 01:00:00+00:00,2026,1,short,0.4644644,Q3,0.004687204160141367,low_atr,True,0.0081744083202827
2026-02-22 02:00:00+00:00,2026,2,short,0.4644644,Q3,0.004765938996065049,low_atr,True,0.008331877992130001
2026-02-23 00:00:00+00:00,2026,0,short,0.42135316,Q2,0.005002670575229477,low_atr,True,0.0088053411504589
2026-02-23 01:00:00+00:00,2026,1,short,0.43533674,Q2,0.007789369848133081,mid_high,False,-0.007431495878506399
2026-02-24 00:00:00+00:00,2026,0,short,0.49203312,Q5_high,0.008955119094203563,mid_high,True,0.0167102381884071
2026-02-24 01:00:00+00:00,2026,1,short,0.464666,Q3,0.010339216380756355,high_atr,True,0.0194784327615127
2026-02-25 00:00:00+00:00,2026,0,short,0.49729854,Q5_high,0.008340227048601854,mid_high,False,-0.0078721816388814
2026-02-25 01:00:00+00:00,2026,1,short,0.49252367,Q5_high,0.010198085647824791,high_atr,True,0.0191961712956495
2026-02-26 02:00:00+00:00,2026,2,short,0.34410024,Q1_low,0.012807140176707687,high_atr,True,0.0244142803534153
2026-02-26 03:00:00+00:00,2026,3,short,0.33958736,Q1_low,0.012442791672122559,high_atr,True,0.0236855833442451
2026-02-27 00:00:00+00:00,2026,0,short,0.4773583,Q5_high,0.008739994569794384,mid_high,True,0.0162799891395887
2026-02-27 01:00:00+00:00,2026,1,short,0.4773583,Q5_high,0.00881250088866712,mid_high,True,0.016425001777334202
2026-02-28 00:00:00+00:00,2026,0,short,0.49729854,Q5_high,0.008079544097345128,mid_high,True,0.0149590881946902
2026-02-28 01:00:00+00:00,2026,1,short,0.47852755,Q5_high,0.007450290115559516,mid_high,True,0.013700580231119001
2026-03-01 00:00:00+00:00,2026,0,short,0.40769008,Q1_low,0.012089943444017117,high_atr,True,0.0229798868880342
2026-03-01 01:00:00+00:00,2026,1,short,0.41643712,Q2,0.013415008918012858,high_atr,True,0.0256300178360257
2026-03-02 00:00:00+00:00,2026,0,short,0.46849054,Q4,0.012070727422188557,high_atr,True,0.0229414548443771
2026-03-02 01:00:00+00:00,2026,1,short,0.46849054,Q4,0.01256176154672396,high_atr,True,0.0239235230934479
2026-03-03 00:00:00+00:00,2026,0,short,0.34737864,Q1_low,0.01304174313606347,high_atr,True,0.0248834862721269
2026-03-03 01:00:00+00:00,2026,1,short,0.34737864,Q1_low,0.013126304118176018,high_atr,True,0.025052608236352
2026-03-04 00:00:00+00:00,2026,0,short,0.46849054,Q4,0.01218075534472314,high_atr,True,0.0231615106894462
2026-03-04 01:00:00+00:00,2026,1,short,0.46849054,Q4,0.012709829178308015,high_atr,True,0.024219658356616
2026-03-05 00:00:00+00:00,2026,0,short,0.33958736,Q1_low,0.011269557530815702,high_atr,True,0.0213391150616314
2026-03-05 01:00:00+00:00,2026,1,short,0.33958736,Q1_low,0.011649584103857993,high_atr,True,0.0220991682077159
2026-03-05 15:00:00+00:00,2026,15,short,0.44000193,Q3,0.010448412360390399,high_atr,True,0.0196968247207807
2026-03-05 16:00:00+00:00,2026,16,short,0.4041813,Q1_low,0.010810517177338675,high_atr,True,0.0204210343546773
2026-03-06 00:00:00+00:00,2026,0,short,0.45437896,Q3,0.009479178726210161,high_atr,True,0.0177583574524203
2026-03-06 01:00:00+00:00,2026,1,short,0.4722711,Q5_high,0.009697223175044452,high_atr,True,0.018194446350088902
2026-03-07 00:00:00+00:00,2026,0,short,0.47199944,Q5_high,0.008737971590680743,mid_high,True,0.0162759431813614
2026-03-07 01:00:00+00:00,2026,1,short,0.47199944,Q5_high,0.00846414887152361,mid_high,True,0.0157282977430472
2026-03-08 00:00:00+00:00,2026,0,short,0.42919344,Q2,0.004817421675419643,low_atr,True,0.0084348433508392
2026-03-08 01:00:00+00:00,2026,1,short,0.42919344,Q2,0.004668863054116891,low_atr,True,0.008137726108233701
2026-03-09 00:00:00+00:00,2026,0,short,0.48831505,Q5_high,0.009294225161392158,mid_high,False,-0.0086353801291137
2026-03-09 01:00:00+00:00,2026,1,short,0.48831505,Q5_high,0.009407501165639069,high_atr,False,-0.0087260009325112
2026-03-10 00:00:00+00:00,2026,0,short,0.47436613,Q5_high,0.009544190195904592,high_atr,False,-0.0088353521567236
2026-03-10 01:00:00+00:00,2026,1,short,0.47436613,Q5_high,0.009641603539392066,high_atr,False,-0.0089132828315136
2026-03-11 00:00:00+00:00,2026,0,short,0.44000193,Q3,0.011021421601851622,high_atr,True,0.0208428432037032
2026-03-11 01:00:00+00:00,2026,1,short,0.46849054,Q4,0.010968807081922142,high_atr,True,0.0207376141638442
2026-03-12 00:00:00+00:00,2026,0,short,0.4722711,Q5_high,0.0097326491032967,high_atr,True,0.0182652982065934
2026-03-12 01:00:00+00:00,2026,1,short,0.4722711,Q5_high,0.009722053942893804,high_atr,True,0.018244107885787602
2026-03-13 00:00:00+00:00,2026,0,short,0.45249864,Q3,0.009814676213764719,high_atr,False,-0.009051740971011699
2026-03-13 01:00:00+00:00,2026,1,short,0.47056848,Q4,0.00985272909776504,high_atr,True,0.01850545819553
2026-03-14 03:00:00+00:00,2026,3,short,0.4625324,Q3,0.008988112583840281,mid_high,True,0.0167762251676805
2026-03-14 04:00:00+00:00,2026,4,short,0.4663089,Q3,0.007739035092573232,mid_high,True,0.0142780701851464
2026-03-15 00:00:00+00:00,2026,0,short,0.46746,Q3,0.0033608992036287667,low_atr,False,-0.003888719362903
2026-03-15 01:00:00+00:00,2026,1,short,0.46746,Q3,0.0033208475665437724,low_atr,False,-0.0038566780532350003
2026-03-16 00:00:00+00:00,2026,0,short,0.49729854,Q5_high,0.0069982805294692635,mid_low,False,-0.0067986244235754
2026-03-16 01:00:00+00:00,2026,1,short,0.49729854,Q5_high,0.007316301316502088,mid_high,False,-0.0070530410532016
2026-03-17 00:00:00+00:00,2026,0,short,0.3475239,Q1_low,0.009252500012808654,mid_high,True,0.0173050000256173
2026-03-17 01:00:00+00:00,2026,1,short,0.3475239,Q1_low,0.009763880785397031,high_atr,True,0.018327761570794
2026-03-18 00:00:00+00:00,2026,0,short,0.4773583,Q5_high,0.008354634773432587,mid_high,True,0.015509269546865101
2026-03-18 01:00:00+00:00,2026,1,short,0.4773583,Q5_high,0.008145160294408215,mid_high,True,0.0150903205888164
2026-03-19 00:00:00+00:00,2026,0,short,0.44711277,Q3,0.009484879648511937,high_atr,True,0.0177697592970238
2026-03-19 01:00:00+00:00,2026,1,short,0.46829325,Q4,0.008390320963039856,mid_high,True,0.015580641926079702
2026-03-19 15:00:00+00:00,2026,15,short,0.45350456,Q3,0.00952021266496557,high_atr,False,-0.0088161701319724
2026-03-19 16:00:00+00:00,2026,16,short,0.4571944,Q3,0.00963560330471717,high_atr,False,-0.0089084826437737
2026-03-20 01:00:00+00:00,2026,1,short,0.48492718,Q5_high,0.00959061202855161,high_atr,True,0.0179812240571032
2026-03-20 02:00:00+00:00,2026,2,short,0.4950979,Q5_high,0.00918087210215818,mid_high,True,0.0171617442043163
2026-03-21 04:00:00+00:00,2026,4,short,0.48385447,Q5_high,0.006386340141989743,mid_low,True,0.011572680283979401
2026-03-21 05:00:00+00:00,2026,5,short,0.46746,Q3,0.006044664296154625,mid_low,True,0.0108893285923092
2026-03-22 00:00:00+00:00,2026,0,short,0.41058168,Q2,0.00562725013813112,mid_low,True,0.0100545002762622
2026-03-22 01:00:00+00:00,2026,1,short,0.409942,Q2,0.005892231990908677,mid_low,True,0.0105844639818173
2026-03-23 00:00:00+00:00,2026,0,short,0.48831505,Q5_high,0.0076007793071769065,mid_high,False,-0.0072806234457415
2026-03-23 01:00:00+00:00,2026,1,short,0.48831505,Q5_high,0.0075820429474761745,mid_high,True,0.0139640858949523
2026-03-24 01:00:00+00:00,2026,1,short,0.4722711,Q5_high,0.009910424309423162,high_atr,True,0.0186208486188463
2026-03-24 02:00:00+00:00,2026,2,short,0.4625324,Q3,0.00903974745999285,mid_high,True,0.0168794949199857
2026-03-25 01:00:00+00:00,2026,1,short,0.48242497,Q5_high,0.008949210892500488,mid_high,False,-0.0083593687140003
2026-03-25 02:00:00+00:00,2026,2,short,0.48242497,Q5_high,0.00892644376899697,mid_high,False,-0.0083411550151975
2026-03-26 00:00:00+00:00,2026,0,short,0.49729854,Q5_high,0.007693131107167018,mid_high,True,0.014186262214334
2026-03-26 01:00:00+00:00,2026,1,short,0.49729854,Q5_high,0.007346983481925344,mid_high,True,0.0134939669638506
2026-03-27 00:00:00+00:00,2026,0,short,0.49203312,Q5_high,0.007882282874864322,mid_high,True,0.0145645657497286
2026-03-27 01:00:00+00:00,2026,1,short,0.49203312,Q5_high,0.0077331516235892754,mid_high,True,0.014266303247178501
2026-03-28 00:00:00+00:00,2026,0,short,0.46087235,Q3,0.007039797146424793,mid_low,True,0.012879594292849501
2026-03-28 01:00:00+00:00,2026,1,short,0.45979196,Q3,0.006794867890228859,mid_low,False,-0.006635894312183
2026-03-29 02:00:00+00:00,2026,2,short,0.46746,Q3,0.004811025897920857,low_atr,True,0.0084220517958417
2026-03-29 04:00:00+00:00,2026,4,short,0.46746,Q3,0.00428537803485141,low_atr,True,0.0073707560697028
2026-03-30 00:00:00+00:00,2026,0,short,0.4773583,Q5_high,0.007716841355326379,mid_high,False,-0.0073734730842611
2026-03-30 01:00:00+00:00,2026,1,short,0.49729854,Q5_high,0.007718142319585324,mid_high,False,-0.0073745138556681996
2026-03-31 00:00:00+00:00,2026,0,short,0.4773583,Q5_high,0.0075966461615350825,mid_high,False,-0.007277316929228
2026-03-31 01:00:00+00:00,2026,1,short,0.49729854,Q5_high,0.008393589879004393,mid_high,True,0.0155871797580087
2026-04-01 00:00:00+00:00,2026,0,short,0.47436613,Q5_high,0.009801763957691795,high_atr,True,0.0184035279153835
2026-04-01 01:00:00+00:00,2026,1,short,0.48242497,Q5_high,0.00985640143661825,high_atr,False,-0.009085121149294599
2026-04-02 01:00:00+00:00,2026,1,short,0.44845062,Q3,0.008421318685236575,mid_high,True,0.0156426373704731
2026-04-02 02:00:00+00:00,2026,2,short,0.44845062,Q3,0.008669031741660975,mid_high,True,0.0161380634833219
2026-04-02 15:00:00+00:00,2026,15,short,0.47622606,Q5_high,0.006717603836174797,mid_low,True,0.0122352076723495
2026-04-02 16:00:00+00:00,2026,16,short,0.45671755,Q3,0.00648097467416151,mid_low,True,0.011761949348323
2026-04-03 00:00:00+00:00,2026,0,short,0.44627187,Q3,0.00646980330496945,mid_low,True,0.011739606609938901
2026-04-03 01:00:00+00:00,2026,1,short,0.4389246,Q3,0.006535705169318227,mid_low,True,0.0118714103386364
2026-04-04 02:00:00+00:00,2026,2,short,0.47070876,Q4,0.002672767745559273,low_atr,False,-0.0033382141964474
2026-04-04 03:00:00+00:00,2026,3,short,0.47070876,Q4,0.0025108336575107738,low_atr,False,-0.0032086669260086003
2026-04-05 01:00:00+00:00,2026,1,short,0.47070876,Q4,0.002829210765018076,low_atr,True,0.004458421530036101
2026-04-05 02:00:00+00:00,2026,2,short,0.47070876,Q4,0.0029604682963195834,low_atr,True,0.0047209365926391
2026-04-06 00:00:00+00:00,2026,0,short,0.4969365,Q5_high,0.0061852027243276386,mid_low,False,-0.006148162179462099
2026-04-06 01:00:00+00:00,2026,1,long,0.50713265,Q5_high,0.006440346572850426,mid_low,True,0.011680693145700801
2026-04-07 00:00:00+00:00,2026,0,short,0.45287988,Q3,0.006834266161981096,mid_low,True,0.012468532323962101
2026-04-07 02:00:00+00:00,2026,2,short,0.42458227,Q2,0.007359587381090786,mid_high,True,0.0135191747621815
2026-04-08 02:00:00+00:00,2026,2,short,0.36478743,Q1_low,0.009946325929783107,high_atr,False,-0.0091570607438264
2026-04-08 03:00:00+00:00,2026,3,short,0.36478743,Q1_low,0.009728413535058527,high_atr,False,-0.0089827308280468
2026-04-09 02:00:00+00:00,2026,2,short,0.4663089,Q3,0.008013951508011048,mid_high,True,0.014827903016022
2026-04-09 03:00:00+00:00,2026,3,short,0.45287988,Q3,0.006889781216455524,mid_low,True,0.012579562432911001
2026-04-10 00:00:00+00:00,2026,0,short,0.48242497,Q5_high,0.009025847915331498,mid_high,True,0.0168516958306629
2026-04-10 01:00:00+00:00,2026,1,short,0.45249864,Q3,0.009418006290753223,high_atr,True,0.0176360125815064
2026-04-11 01:00:00+00:00,2026,1,short,0.4837861,Q5_high,0.006611835615772781,mid_low,True,0.012023671231545501
2026-04-11 02:00:00+00:00,2026,2,short,0.46632797,Q3,0.0063043329642166815,mid_low,True,0.0114086659284333
2026-04-12 00:00:00+00:00,2026,0,short,0.4597862,Q3,0.004632371522298551,low_atr,True,0.0080647430445971
2026-04-12 01:00:00+00:00,2026,1,short,0.4276145,Q2,0.00646410379757495,mid_low,True,0.0117282075951499
2026-04-13 00:00:00+00:00,2026,0,short,0.4322529,Q2,0.005165491755538114,mid_low,True,0.009130983511076201
2026-04-13 01:00:00+00:00,2026,1,short,0.4322529,Q2,0.005241092672106995,mid_low,True,0.0092821853442139
2026-04-14 02:00:00+00:00,2026,2,short,0.3641902,Q1_low,0.009358521157526169,high_atr,False,-0.0086868169260209
2026-04-14 03:00:00+00:00,2026,3,short,0.37990123,Q1_low,0.008721318676592753,mid_high,False,-0.0081770549412742
2026-04-15 00:00:00+00:00,2026,0,short,0.4625324,Q3,0.008680760237718528,mid_high,True,0.016161520475437
2026-04-15 01:00:00+00:00,2026,1,short,0.45451406,Q3,0.008795483948464482,mid_high,True,0.016390967896928902
2026-04-16 00:00:00+00:00,2026,0,short,0.49729854,Q5_high,0.007000328618046494,mid_low,True,0.0128006572360929
2026-04-16 01:00:00+00:00,2026,1,short,0.49729854,Q5_high,0.00697266420774989,mid_low,True,0.0127453284154997
2026-04-16 15:00:00+00:00,2026,15,short,0.4773583,Q5_high,0.0071233877996581,mid_high,True,0.013046775599316201
2026-04-16 16:00:00+00:00,2026,16,short,0.4773583,Q5_high,0.007383269086033866,mid_high,False,-0.007106615268827
2026-04-17 00:00:00+00:00,2026,0,short,0.48242497,Q5_high,0.00860421124185442,mid_high,False,-0.0080833689934835
2026-04-17 01:00:00+00:00,2026,1,short,0.48242497,Q5_high,0.008782143411685804,mid_high,False,-0.008225714729348601
2026-04-18 00:00:00+00:00,2026,0,short,0.36570463,Q1_low,0.007592615331504627,mid_high,True,0.013985230663009201
2026-04-18 01:00:00+00:00,2026,1,short,0.38515463,Q1_low,0.00744625496523433,mid_high,True,0.0136925099304686
2026-04-19 00:00:00+00:00,2026,0,short,0.42135316,Q2,0.004340458311444971,low_atr,True,0.0074809166228899
2026-04-19 01:00:00+00:00,2026,1,short,0.42135316,Q2,0.0042580756378796485,low_atr,True,0.0073161512757592
2026-04-20 00:00:00+00:00,2026,0,short,0.4772436,Q5_high,0.0069752175100419285,mid_low,False,-0.0067801740080335
2026-04-20 01:00:00+00:00,2026,1,short,0.48831505,Q5_high,0.007051316691635737,mid_high,True,0.012902633383271401
2026-04-21 00:00:00+00:00,2026,0,short,0.49729854,Q5_high,0.007288719827181342,mid_high,True,0.0133774396543626
2026-04-21 01:00:00+00:00,2026,1,short,0.49729854,Q5_high,0.007396429653865029,mid_high,True,0.01359285930773
2026-04-22 00:00:00+00:00,2026,0,short,0.47436613,Q5_high,0.008275098696456281,mid_high,False,-0.007820078957165
2026-04-22 01:00:00+00:00,2026,1,short,0.49729854,Q5_high,0.008155901302767688,mid_high,False,-0.0077247210422141
2026-04-23 00:00:00+00:00,2026,0,short,0.4454838,Q3,0.006653645066884521,mid_low,True,0.012107290133769
2026-04-23 01:00:00+00:00,2026,1,short,0.4454838,Q3,0.006768799128748548,mid_low,True,0.012337598257497001
2026-04-24 00:00:00+00:00,2026,0,short,0.4763247,Q5_high,0.006557342388016566,mid_low,True,0.0119146847760331
2026-04-24 01:00:00+00:00,2026,1,short,0.4763247,Q5_high,0.006658624220341166,mid_low,True,0.0121172484406823
2026-04-25 03:00:00+00:00,2026,3,short,0.4343614,Q2,0.004011571522424429,low_atr,True,0.0068231430448488
2026-04-25 04:00:00+00:00,2026,4,short,0.4343614,Q2,0.003725671269932318,low_atr,True,0.0062513425398646
2026-04-26 00:00:00+00:00,2026,0,short,0.45563745,Q3,0.002529685441841038,low_atr,True,0.003859370883682
2026-04-26 01:00:00+00:00,2026,1,short,0.45563745,Q3,0.002485875268350542,low_atr,False,-0.0031887002146804002
2026-04-27 00:00:00+00:00,2026,0,short,0.46285746,Q3,0.006062674338947082,mid_low,True,0.0109253486778941
2026-04-27 01:00:00+00:00,2026,1,short,0.4763247,Q5_high,0.006632029191095775,mid_low,True,0.0120640583821915
2026-04-28 00:00:00+00:00,2026,0,short,0.4343614,Q2,0.005126681854782628,mid_low,True,0.0090533637095652
2026-04-28 01:00:00+00:00,2026,1,short,0.41677123,Q2,0.005343848594479388,mid_low,True,0.009487697188958701
2026-04-29 00:00:00+00:00,2026,0,short,0.4322529,Q2,0.004074472399678451,low_atr,True,0.0069489447993569
2026-04-29 01:00:00+00:00,2026,1,short,0.4322529,Q2,0.004043346798090054,low_atr,False,-0.004434677438472
2026-04-30 00:00:00+00:00,2026,0,short,0.4773583,Q5_high,0.00712044405473854,mid_high,True,0.013040888109477
2026-04-30 01:00:00+00:00,2026,1,short,0.49729854,Q5_high,0.007214863282081245,mid_high,True,0.0132297265641624
