reshuffle_final,reshuffle_mdd,bootstrap_final,bootstrap_mdd,block_final,block_mdd
63825.930775271285,-0.009470991417507069,56252.861549027824,-0.008416873759582777,92152.59245556494,-0.013348368769553143
63825.93077527117,-0.007232433839823416,57442.2212262815,-0.006898922998038182,50049.79005987387,-0.015667311622953317
63825.93077527143,-0.006805136820201008,60272.64832071816,-0.006672303071636798,67028.65648610995,-0.028274160352026123
63825.930775271554,-0.010163487713483188,65235.88494672746,-0.00825480447863336,67681.19168763034,-0.0116129142894289
63825.9307752713,-0.007927622004264334,65404.875968874265,-0.00851000323687745,71852.72819503692,-0.010714589306848876
63825.93077527181,-0.007603170457537556,57021.35381754429,-0.007970269376518457,52801.63715008503,-0.01308850525616534
63825.93077527124,-0.00660268185681101,60512.67398067757,-0.006690221799155349,67963.13827351226,-0.017320400741179243
63825.93077527115,-0.005890158078371566,61500.828907174335,-0.007716683458389717,71950.51475657128,-0.012319884649240498
63825.93077527127,-0.00846991611536263,60661.730611733634,-0.00716174085517951,63535.59226497577,-0.011796610882015779
63825.930775271394,-0.007032442223883439,68599.05976587073,-0.006513244061554069,64812.18538802131,-0.022703792684100277
63825.93077527171,-0.00744334217080822,76610.20446425621,-0.005911590650676812,70422.42908676929,-0.01018647617584778
63825.93077527101,-0.006335461911566531,67248.33298787978,-0.007048965096158821,65075.62050869538,-0.01349514708104782
63825.930775271234,-0.006981113454589405,58132.390332570816,-0.007316670283001203,54685.6233594603,-0.016709131081183548
63825.93077527159,-0.008125806902119281,61893.65035153409,-0.007003287108423906,66442.17749580149,-0.014025000756894168
63825.93077527122,-0.007618362574139059,60072.32388952625,-0.007640938641953476,75005.75226852503,-0.013203698709409739
63825.93077527151,-0.007730824809359382,64769.856413518246,-0.006461952997896758,60201.748354042975,-0.019079240862745817
63825.93077527153,-0.006467069825672023,67747.90982313396,-0.006737372569793454,69890.76269412616,-0.011615870464489642
63825.930775271016,-0.006817675776682575,51207.827609197244,-0.006290202290852309,77554.52462814096,-0.012725658184418953
63825.9307752715,-0.006178567832678561,59785.7263386403,-0.00700309514259112,63813.354918209305,-0.014951227971758518
63825.930775271016,-0.006775391111907281,63694.847390129435,-0.006263774800036592,58473.51360125028,-0.012899108367691259
63825.93077527184,-0.007675003264142943,67377.378807364,-0.009690877268817233,66858.81019289605,-0.016027378905170142
63825.93077527129,-0.006075968147775557,58671.967342925294,-0.006983081836115956,59817.81614618902,-0.01234048785465347
63825.93077527115,-0.009497001330967536,63978.13743886845,-0.00617756997204344,71177.18725445025,-0.019590600642423128
63825.93077527087,-0.008581507459939686,66902.47453985312,-0.007049190135740124,62213.83289526911,-0.014425312005828306
63825.93077527131,-0.008604580489899871,65827.4484509376,-0.008363958295882878,81125.84507594565,-0.012367690894647954
63825.930775271394,-0.005863311829460538,62384.15885375373,-0.007609809005146628,54857.49157137128,-0.014528255093476883
63825.930775270914,-0.007893818406726982,65325.610916687365,-0.006654435632025835,64297.675862441705,-0.011798220136666426
63825.93077527123,-0.007716712257816005,67202.30411441061,-0.0072950618121250255,64714.892056254124,-0.011796610882016001
63825.930775270994,-0.008215758292560937,61494.4442572635,-0.008024102450357784,48965.2932463333,-0.020719371089354843
63825.93077527134,-0.008778055168667365,62803.93382498347,-0.006297894459935227,54652.0574038174,-0.015142007027466264
63825.93077527107,-0.006772254714271009,56081.8162641623,-0.00836953633830717,63186.60023223719,-0.014674128869236247
63825.93077527121,-0.006690106489889991,61977.77988508063,-0.009150494146908272,68588.70234552778,-0.01349514708104771
63825.930775271176,-0.007557704265154674,69788.68907474479,-0.006832053757330314,73663.15013068063,-0.013601917330680502
63825.93077527179,-0.006313087252747263,52156.68830699564,-0.006747649942035361,56809.05039557635,-0.0142310862688948
63825.93077527109,-0.007710709965734752,64899.88415435588,-0.008606842424716876,57949.71444681587,-0.01436808930698863
63825.93077527146,-0.007090613106662036,58056.83975970604,-0.006303287903127175,64358.33982237343,-0.01032790424189256
63825.9307752713,-0.007279196234294183,61410.77601842616,-0.009682067996742205,64673.36578828867,-0.016202483319036953
63825.93077527106,-0.006859139559300176,64214.93776248669,-0.007200158737949769,69317.50971108786,-0.011796610882016334
63825.93077527149,-0.007277987536252972,71549.11500933269,-0.006629766909814427,57586.163327521106,-0.013043191122729114
63825.9307752715,-0.010908943433507345,60750.12749758056,-0.007476556416572522,78942.6355124042,-0.014011160374381437
63825.93077527106,-0.007034161200015432,62645.08586000056,-0.00814618253539967,66456.65870151999,-0.013634645350070418
63825.930775271234,-0.006052366073449056,57202.13167813504,-0.006890718026197451,59626.597637625404,-0.017582149203506647
63825.930775271576,-0.009825461725224915,66771.4309852473,-0.008716333758451822,70960.08553595039,-0.010708689506017333
63825.93077527176,-0.01006825007245915,63103.21228246107,-0.00921333977330241,65816.2450042372,-0.01160750987214565
63825.93077527138,-0.009761892822890306,72182.41837857397,-0.007366928168345166,58643.07928604818,-0.01898307535565802
63825.93077527124,-0.007012187012453541,66561.82207866004,-0.006509371264606045,56140.73658137834,-0.016298363156000972
63825.93077527177,-0.006387952455192081,63205.0029053598,-0.006049418399107553,74076.17274050666,-0.014465701825044475
63825.93077527137,-0.006218110017623846,58495.015540666835,-0.007948078321599383,69130.4752258603,-0.01527677871879074
63825.93077527125,-0.006526910055257185,64558.013224359755,-0.008430088752173659,61834.22977859511,-0.013495147081048264
63825.930775271365,-0.0077131916595643,59627.656544224046,-0.007731314804849343,71103.40025881508,-0.015228466401788876
63825.93077527118,-0.006971309852694341,62532.570103428094,-0.008046715290978668,67571.58350459977,-0.015366657404770834
63825.93077527161,-0.009573685208370764,59348.58010915712,-0.008413999478123713,71855.90680996973,-0.015169327666108456
63825.930775271074,-0.008863968326881855,76134.83420462804,-0.007189782208137041,68142.83935492784,-0.014854752761977563
63825.93077527134,-0.0067628424975128,61327.0056870223,-0.007231131369000998,56566.81153316162,-0.01445763326865801
63825.930775271234,-0.008392629501552507,56603.40540694145,-0.006117350443135439,56213.66279108658,-0.017789952347172622
63825.93077527121,-0.006582691998019419,65303.81660032604,-0.008443262679653674,61807.97367316518,-0.013203698709409628
63825.93077527135,-0.00902077429623982,60213.427091838144,-0.007693460284787124,69186.34585149912,-0.013601917330680946
63825.93077527131,-0.007386432330614867,61196.617979944764,-0.00656286411914786,65686.27035418218,-0.014126584818924037
63825.93077527149,-0.007894548635132725,68040.01379194992,-0.008461073129196417,60270.15227522685,-0.01680485723556091
63825.93077527153,-0.008797382596958836,70964.21691333168,-0.006629219434551081,61638.94552466784,-0.01767300994286969
63825.93077527128,-0.008890595681474545,64175.03748519366,-0.006746070057158882,62639.757483992355,-0.01115891215630782
63825.93077527122,-0.007601504867237319,65198.17545473259,-0.007519235994922213,77325.53239968758,-0.013432480383914536
63825.9307752713,-0.007943373554608835,53979.05995646164,-0.006173649178432217,57073.53752042054,-0.01593605613826954
63825.93077527146,-0.005396470122372654,76631.4825070075,-0.008695863231569234,57654.54190411562,-0.016607768771991216
63825.93077527163,-0.008890089910619459,52570.34992943629,-0.008038757416862219,66210.8374016889,-0.016081927147773234
63825.93077527122,-0.006854272246541004,64282.8289724891,-0.006950371897044394,49004.082099055595,-0.019614960353631528
63825.930775271016,-0.0059266243210431835,64135.03933231073,-0.006559978585579551,64385.31024594496,-0.013203698709409295
63825.93077527143,-0.007288791432307984,70659.6647083246,-0.006256314175553612,55761.213569680396,-0.020906685763559585
63825.93077527163,-0.008747441348784135,71691.66227749456,-0.00896391724377732,63989.5959366495,-0.01351629340294691
63825.93077527132,-0.007218502308106944,66826.81759299024,-0.007903257519462747,75241.80627667441,-0.013926114177445714
63825.930775271256,-0.008232891170418477,53060.14002290932,-0.009492166085823484,55753.952042063305,-0.02076594427096945
63825.93077527164,-0.006462216992625169,60389.338308844686,-0.008266996411149585,84798.11267971223,-0.013605889412424244
63825.93077527142,-0.0065350909896663145,61367.697771281615,-0.007307671055887699,59825.92704538361,-0.016900903846967963
63825.9307752715,-0.006228858204701981,66822.20153146508,-0.007634142746682615,57001.20021570563,-0.015769393293204037
63825.93077527149,-0.009326097561090263,52252.38456575983,-0.012675327429675476,63455.418771718556,-0.013064373795313444
63825.93077527111,-0.006707882733496318,67016.40636054588,-0.006494148980066172,60136.51807742921,-0.013801607288992157
63825.93077527067,-0.008962042211571597,61731.72561970111,-0.0071337579668659945,63392.123076017386,-0.015679942089469323
63825.93077527121,-0.006597313162150287,60712.91917943832,-0.006837088208102915,60682.05508713303,-0.012352900224346985
63825.9307752714,-0.006325558377381801,63938.36641701991,-0.00791296063738145,52687.2352531713,-0.010982546427871775
63825.93077527133,-0.007154495665360194,58451.83788079919,-0.007062408762442907,65074.60698723729,-0.012437361546591585
63825.93077527116,-0.0071304063035552145,62520.090455722755,-0.008584758488557664,75394.25685468075,-0.011257012639938613
63825.93077527151,-0.006781105140670318,69218.76786368224,-0.008984751841415561,83907.1464806603,-0.013601917330680835
63825.93077527113,-0.007640239670556714,70295.39470036761,-0.007198116240299091,55561.156955293525,-0.012155957794937389
63825.93077527126,-0.0071464085034465,77294.15526960266,-0.006396955683166006,71532.22296869151,-0.012991771401606678
63825.93077527107,-0.007417677797543876,55400.45145364958,-0.010279794434958966,53131.8286017443,-0.015333922339700212
63825.93077527151,-0.006902767264791554,56040.079759639055,-0.008031166708011184,72425.61501512639,-0.014295581881088149
63825.930775271205,-0.007445885304387501,64092.309108522444,-0.007661724723819763,71298.75333883379,-0.009830401371081154
63825.930775271365,-0.007959795427858296,61281.64914934622,-0.009076301822575794,50906.18510203013,-0.011896084664243634
63825.930775271554,-0.008470451442755156,69046.71856094085,-0.0062707186591407504,69692.06938837089,-0.009936957843893257
63825.93077527134,-0.008487661209978237,61961.48676351858,-0.008129273815277727,81043.65316343443,-0.012270476906339645
63825.93077527116,-0.0061153068327969295,60128.07790009224,-0.00782725481584623,71633.59462205831,-0.01432503975770949
63825.93077527186,-0.010298577640040163,56791.60600255459,-0.007233520025555551,50760.9869242866,-0.01677378242602756
63825.93077527098,-0.008191285600038012,63710.08147674088,-0.006785378383848295,59783.93171458138,-0.014482464878672219
63825.930775271285,-0.007298099460630536,63602.50597940647,-0.009076407904247796,61168.24701170584,-0.018267315742758528
63825.93077527117,-0.007353882302440828,67515.62239459652,-0.009934832941449923,55119.47931736919,-0.01584756730245218
63825.9307752716,-0.00878947120113871,66917.34183247655,-0.006455444762102136,56445.20972807871,-0.01715578061515699
63825.93077527147,-0.006950169231724201,67648.11823959895,-0.007187092201382361,75584.99064766229,-0.008781069417238996
63825.93077527136,-0.008719938755150092,64816.15208654929,-0.0055211891457294104,74329.29411817304,-0.011529945431077548
63825.930775271205,-0.007304253196931176,60340.479962387304,-0.007613216996425365,60152.912350508115,-0.013688118551609785
63825.93077527144,-0.006334429913495865,66548.00254604251,-0.00803234492221927,72995.58424555532,-0.013941765166956999
63825.93077527116,-0.008754985942968974,65486.16319732463,-0.006795055646090842,60768.651750564546,-0.012359849205276219
63825.930775271496,-0.007981208503264337,60910.452616383925,-0.00628051247320105,62142.58684834237,-0.0189823703924612
63825.93077527087,-0.007882150569467394,74345.78972003938,-0.007228531082383527,62326.63652738798,-0.010720216395599724
63825.93077527158,-0.007698455337043164,64937.504210131985,-0.007477936331102497,59809.584166958,-0.014527841174112988
63825.93077527157,-0.00900829584491325,55988.940041614616,-0.007571299566253575,72552.01085604684,-0.01339913979664209
63825.93077527148,-0.007363156480809097,52096.70361992244,-0.007197239807367417,64532.504801680305,-0.014199505298669424
63825.93077527124,-0.00823736774800421,64621.7522899081,-0.006892774121790679,50638.69981438998,-0.019920902638051907
63825.93077527111,-0.008802690820377101,53445.74776486309,-0.007050713508996775,49974.12588532127,-0.015151831681866179
63825.93077527163,-0.005646425666822497,63833.093985175,-0.007855558360719717,56940.13928365113,-0.01521420509826299
63825.93077527136,-0.009645639314029841,55593.076946348025,-0.007456193410693257,55134.21129708047,-0.01411929951856461
63825.930775271496,-0.007571047862229285,67203.48418445549,-0.008508635517347374,66176.55698797967,-0.012423398557322107
63825.93077527164,-0.006972749156941238,51477.26929553377,-0.008717927677067583,60833.27328898589,-0.013713922455009797
63825.93077527119,-0.0066485783476051274,65037.65841123399,-0.009724131781135847,57618.81499544174,-0.015587976537727699
63825.93077527111,-0.009653268273229876,63314.35791172849,-0.008466908863356548,48003.66226222285,-0.0201870202074661
63825.93077527159,-0.006558687284890619,69369.42180007632,-0.007683642012559,72465.53491617226,-0.01315611007430606
63825.93077527178,-0.008202629969807362,69662.51776087303,-0.006715488307295514,67980.88787138036,-0.01500223169467707
63825.93077527135,-0.006013222053002143,79908.07844849235,-0.007024656576950061,84958.19695123356,-0.011490851477887865
63825.93077527129,-0.007646998726811183,62934.86118233587,-0.0126353249250577,63354.782258934276,-0.0145514692631733
63825.930775271365,-0.0065771004528567545,61633.266340851755,-0.0079347562827069,61003.52829433104,-0.013601917330680391
63825.930775271496,-0.010277131143640483,60700.05328599539,-0.007253847888672338,63346.91531887394,-0.01635865985920426
63825.930775271,-0.00782255489461281,76453.17489693435,-0.00776962501179812,68313.73930042227,-0.01534937236347056
63825.93077527143,-0.009584008239593156,65316.71397813174,-0.006507703516513419,63982.099776574876,-0.014404150361604029
63825.93077527107,-0.009003313687316772,66521.05055308042,-0.00931108606599429,71531.85243631799,-0.015753037452924
63825.93077527086,-0.006841653237002254,66377.58888376191,-0.007219741307649907,55614.772775495614,-0.028640432290991225
63825.93077527128,-0.00569948450136426,49159.28395863572,-0.008711515460609442,55751.5884222989,-0.017373173206191472
63825.93077527119,-0.00843853737936795,58471.76583432476,-0.011854300130391127,71811.9620472333,-0.014530698097023453
63825.9307752711,-0.0067484044066591364,79656.56237938741,-0.005861115968218811,56531.14094090836,-0.013203698709409517
63825.93077527124,-0.006582805341316056,69955.35938125719,-0.010312291521911487,71009.24843518785,-0.016694653656455394
63825.93077527112,-0.006803295206145532,67027.40883524508,-0.006770279217967579,71138.12187418874,-0.019539251934972746
63825.930775271525,-0.00787280754444708,63717.46094638569,-0.008385251574495656,65158.52956653264,-0.014258300087191866
63825.93077527148,-0.00838471947359165,61717.040173939866,-0.00867264945219337,67088.71958600062,-0.012217035391473563
63825.93077527122,-0.006671881821091685,55155.029172398165,-0.00929051985079965,73706.26309055738,-0.012113800240857175
63825.93077527132,-0.005940438074380827,58800.88740187389,-0.0074232838607524165,59676.596146209115,-0.015892844242150095
63825.93077527128,-0.007794308606988598,64471.608535160885,-0.007764335061336447,56970.59220116198,-0.015108412657803716
63825.93077527155,-0.007332920494784845,68767.86089166878,-0.00590592047115146,66656.9921616238,-0.012392764094870445
63825.93077527152,-0.00694813801010441,64820.43200898104,-0.006054075182586605,73876.30361532378,-0.011875988958339412
63825.930775270994,-0.005646756833485145,66291.15465508131,-0.006639370225459684,51622.94078122409,-0.01627459158519673
63825.93077527149,-0.010128637583121769,50717.39149420707,-0.006621261692987823,49836.18746922956,-0.011309775106869369
63825.93077527146,-0.0069698799033000025,60678.256147767854,-0.007059652345094092,74752.17830126896,-0.011436979141727699
63825.9307752717,-0.008499199929192347,61521.677683553506,-0.00709886960067585,69681.5462709743,-0.010927793367734862
63825.930775271096,-0.006240621145127578,63951.92726915304,-0.00664385876304352,66119.07127861548,-0.017587420924281227
63825.93077527164,-0.006490511145589295,62572.9049778403,-0.007683399881953323,67704.2013687,-0.01645637662554056
63825.93077527165,-0.007880122807507162,60234.059522039046,-0.00697691208764073,59257.68179217499,-0.016975013263192618
63825.930775271656,-0.006730317369855077,62295.28777221809,-0.006142839261867761,57459.543437173714,-0.02150779500622524
63825.93077527164,-0.007278711275467198,68484.4345409571,-0.00602308959822262,49960.511254808946,-0.013026513325740563
63825.93077527116,-0.006294890092937155,63373.26045356117,-0.009441552773104434,64300.871641062964,-0.016244096168626987
63825.93077527124,-0.006889229018766652,59325.259356957315,-0.006122733730808072,78643.19713054963,-0.020775022613297334
63825.930775271605,-0.00669305145089405,77099.67507797269,-0.006721219127847178,51348.48853107597,-0.014111837684190887
63825.93077527128,-0.006768961160784626,63169.24616004718,-0.008452600881636796,58004.76214142436,-0.01377385089750438
63825.93077527144,-0.00881365773954168,67875.1032322418,-0.007331882065827577,49171.91255346977,-0.014084475402642127
63825.93077527132,-0.00641690944490092,71888.34243016719,-0.007125059772810083,48935.69370880282,-0.014256409002812886
63825.93077527133,-0.009173362893798997,72265.75630029227,-0.006890224008382684,68217.24244844382,-0.013641359118632512
63825.930775271525,-0.007481295694459322,50258.08143841201,-0.009697727092263464,67296.28642477657,-0.01860080381676754
63825.93077527162,-0.006351410261050239,73571.83088828574,-0.006226436355000198,71381.44625263095,-0.011669765523945386
63825.93077527139,-0.008819056221588628,64209.70512533236,-0.006425376346939182,56442.73002856474,-0.015928349313727774
63825.93077527178,-0.007544558755390396,57368.73480264486,-0.008118148166036065,62153.22598206906,-0.011030667673607275
63825.93077527152,-0.006159445162530641,61571.364397580604,-0.009885307760550854,80633.03752353927,-0.013254297922315361
63825.93077527085,-0.006546056385686283,62120.552819503464,-0.006844464857516441,62840.08756437619,-0.013820661528784473
63825.930775271496,-0.00654337342362632,59107.52585158214,-0.010686821011625547,74490.9880448141,-0.017232248064787736
63825.93077527161,-0.006673694504754524,62472.69524920203,-0.009173766037628206,77992.01124368978,-0.014237576518617456
63825.93077527127,-0.007008905965215195,64023.7873648282,-0.006312235014891532,60297.87885566602,-0.01767823942822755
63825.93077527144,-0.00819336115371927,72038.17853461442,-0.006513888395509704,58802.76689223877,-0.012475267583695993
63825.93077527149,-0.007211690776223079,71372.34593372817,-0.006339467512792907,68218.25300909007,-0.013522764103058749
63825.93077527153,-0.006143337559287643,59126.94684841,-0.0098168556220537,73213.20224229537,-0.013918549959098692
63825.93077527099,-0.007882647860399161,60642.49138671396,-0.006354242807218746,61326.71672993424,-0.015203931737074572
63825.930775271365,-0.007227960941895262,72714.57091966522,-0.0070631641189514704,77332.7551019883,-0.012875348617477078
63825.93077527144,-0.008179056274546403,61318.072773551605,-0.007196447263652317,58129.21765029963,-0.016258508343974243
63825.93077527106,-0.008566432018834225,64225.42423643337,-0.006769948833778461,65000.97192594766,-0.014315292575958316
63825.930775271336,-0.006124083825643001,66345.59737774264,-0.006102557407471121,67198.61055718109,-0.015587253427609804
63825.93077527158,-0.008744205275845296,68430.73415420171,-0.008537652900302062,53949.95298240228,-0.015971329848416538
63825.93077527133,-0.006949702809394109,61126.54904046233,-0.008415948803264461,60994.189593521725,-0.01464823615149391
63825.93077527178,-0.0056466256138968385,71903.54434195139,-0.006664218830303659,72497.12603216182,-0.014378869680521489
63825.93077527141,-0.0060155971050402934,53453.791529025046,-0.007426628511955968,56101.662102666734,-0.011881876490617338
63825.93077527157,-0.007847138071221504,59691.91720006003,-0.00612020276957248,68948.19827548397,-0.014318842665232423
63825.930775271125,-0.00765280209121022,63683.60907784616,-0.006056891584734436,62351.49904208093,-0.015817632906874546
63825.93077527141,-0.007843404351597028,63994.59744329922,-0.0063086223266236585,56618.532359480676,-0.010581780699692733
63825.930775271205,-0.007479797156125456,62530.35045741084,-0.007220647150110393,76716.05069332107,-0.01578881213291683
63825.93077527152,-0.008258937893691698,65026.612593701546,-0.007741028899649338,60023.152627242715,-0.01806307504143212
63825.930775271336,-0.008618167916330521,75755.99987119048,-0.009949229521115766,67471.18215980583,-0.01433062286488751
63825.930775271285,-0.00828499131148297,64349.19221442078,-0.00886499258983009,59837.73811230045,-0.01546755970316338
63825.93077527086,-0.008528088770968778,70159.12688657401,-0.0069962031546343395,72522.56255719459,-0.014366997944669557
63825.9307752714,-0.006802942345582319,56350.73158582873,-0.005880324145004834,69527.20068869075,-0.010954087944552549
63825.93077527147,-0.0075774991841793815,68116.82237365682,-0.006273961946598572,65976.61846803925,-0.024844550695547474
63825.930775271365,-0.0095810054644625,63460.12317107079,-0.007572148520074928,67255.48366336577,-0.014173319368397497
63825.930775271205,-0.0071603747550507135,60621.08270207319,-0.005486014884978685,51661.2465575237,-0.013823350914180632
63825.93077527156,-0.006106613714556786,67210.66516121803,-0.0072253756392344215,47886.43351486087,-0.01345210383198292
63825.93077527105,-0.0074522774537664205,67436.54742876395,-0.0076487732160160915,64183.17919673459,-0.01322923961255762
63825.93077527142,-0.006864299680218067,65638.51933890706,-0.007556903660018155,53963.16541294042,-0.016912836834195533
63825.93077527145,-0.008096566936967253,72368.78594813906,-0.009673946685082258,71896.1031596223,-0.011242995820575752
63825.930775271096,-0.008223519294569104,61581.193181791976,-0.007741745276613532,59079.251153865094,-0.013493369482075912
63825.9307752712,-0.006998579671497307,72559.37909226149,-0.008313704304914626,51596.39548013337,-0.02625944059830765
63825.93077527108,-0.007142298657994206,62371.6252950625,-0.009469524646414818,67320.96083556722,-0.014040540214733999
63825.93077527162,-0.008784592828568805,69455.82195270328,-0.006804789250792642,73234.79290927619,-0.017392250452762825
63825.93077527098,-0.008100602001471446,64877.62998199491,-0.0065116829542301025,65818.23000128743,-0.015618119265744745
63825.93077527108,-0.00750907499912945,67940.5114975107,-0.0081091741865984,51251.30000364695,-0.014238540562251822
63825.930775271125,-0.007546759542626957,60848.35605094408,-0.009433848650387766,61131.58573792086,-0.018567365363295063
63825.93077527109,-0.007078433681295571,59480.61285094242,-0.008475036976762107,56077.7220089333,-0.01646169089747629
63825.93077527119,-0.007269697902051564,76885.56755309725,-0.0075607901469544325,61650.72038075117,-0.015497535305286969
63825.930775271176,-0.006263980702776117,79295.06941508921,-0.007059273389634302,67509.90224421395,-0.010488791733982428
63825.93077527144,-0.006283285053407028,68825.9699808091,-0.006650933574815832,57480.00314360025,-0.014507814340829261
63825.9307752714,-0.008234801046547613,53999.22168687833,-0.006440825415684914,49162.63511378791,-0.011490851477887754
63825.93077527143,-0.008765538970549436,70674.86224835053,-0.009332620847014694,56503.71992665611,-0.016044733406033518
63825.93077527154,-0.00668838130809013,68087.01450802741,-0.006068904170734246,45057.908424616886,-0.014849340576481684
63825.93077527138,-0.00752088171160914,54264.73093981639,-0.01171810019177777,55785.809188314975,-0.01612614101048382
63825.930775271074,-0.006040794703030428,62494.053386382315,-0.008862147409783638,70112.26276069849,-0.018797211567805117
63825.930775271336,-0.006958237500395592,63286.95331743379,-0.0076676802481444595,61958.08569859265,-0.011796610882016001
63825.93077527174,-0.007684618608945204,60485.55713902699,-0.010568837304461898,58831.16121905125,-0.012352900224346985
63825.930775271314,-0.008591125162785596,67446.77651306674,-0.007429426232359426,64733.06252887178,-0.014587384283466842
63825.93077527136,-0.007587100870317776,56371.59432881441,-0.007342765438484666,49257.88878714405,-0.011796610882015779
63825.93077527121,-0.009024124959097879,70915.59491635818,-0.007644575109491347,61730.63529837798,-0.011381134961136241
63825.93077527082,-0.00859167715535003,62759.55090138257,-0.009410875335319036,76762.84802228094,-0.01273157536502545
63825.9307752711,-0.007369095159825534,62532.32504920115,-0.006861277159605272,56734.47892502518,-0.013709937100215952
63825.93077527134,-0.009008329820390903,60647.80897751538,-0.008714008173241417,65017.668204573936,-0.016419496518454868
63825.93077527127,-0.0066811115396586684,69399.29430959752,-0.006486452929307496,70831.49207264606,-0.013729155598289688
63825.930775271365,-0.006197432123987601,70687.59948001843,-0.007521189564438147,73436.45534549463,-0.01179661088201589
63825.93077527091,-0.005926045167767069,58316.552081675254,-0.007286574239499188,47355.61992954685,-0.01587754451089074
63825.930775271125,-0.0071804901516885344,58357.84114407832,-0.008792811560116687,56716.96160717222,-0.017602403498213848
63825.93077527137,-0.006801436456162269,63910.6283353403,-0.008438119673896183,53040.175756255405,-0.013764020702791369
63825.93077527152,-0.007091340453440398,53089.829874523966,-0.008851100888538022,56555.60119808511,-0.015710704662031394
63825.93077527129,-0.008191461216623508,57663.9592124657,-0.008166743269598764,85221.17324301842,-0.012352900224346874
63825.930775270695,-0.005445133097300547,57949.92612243177,-0.009879058653109563,84308.53329695684,-0.015262678612579794
63825.93077527154,-0.00786233740511344,75660.90573688896,-0.008568732386547984,55665.27470789444,-0.015340299342051944
63825.93077527144,-0.009888749041443878,54812.440124409324,-0.005699978503339143,54105.70470572667,-0.017803099323255633
63825.93077527091,-0.006937453171423136,67623.09753579771,-0.007773263139164821,51707.0988709775,-0.0159299587795535
63825.930775271445,-0.006831795444787181,61584.35524336655,-0.007672883511888218,63554.36155554764,-0.018122437041620643
63825.930775271205,-0.010121166316722885,63918.92831372204,-0.006921125389432681,67970.60753336623,-0.014292257383839324
63825.93077527105,-0.008963471459909056,60701.71410740987,-0.010438747885394672,59048.11021044557,-0.012473535639648037
63825.93077527146,-0.007311598766007177,58697.843692976654,-0.007170112457517752,71622.23361012236,-0.017811259245238964
63825.93077527107,-0.006468987165408224,67783.9161727094,-0.010047204785273434,48315.41948954165,-0.017767436033422013
63825.930775271074,-0.007693828241210454,77598.58058530906,-0.006520129883297199,71456.22139953217,-0.013407210534299052
63825.93077527119,-0.011958424616211882,68317.50003775016,-0.0064769584004668035,50838.75678728389,-0.013038339738426497
63825.93077527169,-0.007019596102100234,64239.69715226593,-0.00973745331566045,86561.88794211918,-0.012612836230635915
63825.93077527133,-0.007038950660213983,64183.28848140877,-0.006241114720075491,41707.12729594208,-0.013990124516700564
63825.93077527109,-0.009325448094034239,59698.773099864244,-0.007576326775808662,72461.35030364162,-0.011796610882016112
63825.93077527129,-0.007899659885775123,70971.46554896938,-0.008806082400040438,58851.78057262517,-0.01883970051367334
63825.93077527111,-0.0070281339214529615,67906.84659839154,-0.008309696154879753,55364.340726186376,-0.013226948143301609
63825.93077527154,-0.007814140430565386,74449.65930406516,-0.0071741210707834124,53015.36977731509,-0.01659876209910316
63825.93077527159,-0.009513353110437106,66556.94617604036,-0.009766304000161208,56902.942563492965,-0.014538824555873298
63825.93077527154,-0.008501858704749066,62831.716256398504,-0.009583363114066268,77929.10889940125,-0.015490141880588282
63825.930775271205,-0.007275310884924724,67027.69428434911,-0.009268471537336564,53618.85118261459,-0.01789909684588864
63825.93077527115,-0.007573458912978892,62790.13687544981,-0.006853469331500994,78333.75484841541,-0.015310870391767595
63825.930775271205,-0.006435789402450043,66293.11979223773,-0.007727625267642035,56031.22480049126,-0.014426422044785392
63825.93077527117,-0.007931897767321172,68275.03269388911,-0.007171953269829445,58173.221341200784,-0.016379139717248692
63825.9307752711,-0.0067538948716007186,65331.10878483083,-0.006923250426650096,68586.79343760738,-0.014542108956374089
63825.93077527113,-0.006910887969580837,58440.037648644684,-0.006451169234275245,57861.68259232471,-0.01450295213867936
63825.93077527114,-0.006071440877765788,62920.25778240411,-0.00819040210176003,57875.02461379229,-0.012729379478931047
63825.93077527093,-0.006310607247950406,66504.80556820788,-0.006545296088621311,72718.95954046804,-0.012228317150821733
63825.93077527109,-0.007855369789911082,61244.452863924496,-0.008103474457661686,61201.0310346991,-0.015363500032629873
63825.93077527141,-0.006836693227217472,62338.89755288313,-0.008135636122823642,67318.79851094511,-0.018562015380619745
63825.93077527082,-0.00832065159064832,60352.421759321805,-0.006815285675373595,75497.99406544189,-0.014409220753619723
63825.93077527091,-0.006968436218033447,59505.33298153771,-0.007246741910884147,50515.04049751757,-0.01910172001596855
63825.93077527094,-0.00813919204726965,61821.66359754829,-0.008209778239176346,67798.78607185814,-0.015315204549389616
63825.930775271016,-0.007325172172791938,68199.56899234628,-0.007189471891275057,69121.74039957496,-0.009741390079203716
63825.9307752711,-0.007226430911853821,59769.94864270652,-0.008717413585203393,66714.35431877147,-0.013192872304055636
63825.93077527144,-0.006993159919937875,65236.541104777425,-0.005741878160867908,51468.230974173406,-0.012937870414970853
63825.93077527131,-0.006641166972314205,55670.28245149705,-0.008111010017083808,61774.25904891419,-0.01758933636257176
63825.9307752715,-0.008583136159425186,74001.89403768528,-0.008477028348552018,62917.37203053814,-0.015422029599342135
63825.93077527122,-0.006766687504562663,64973.58076751369,-0.007982437528913366,74134.3281992586,-0.013847319078711728
63825.930775271416,-0.006273961836216313,68919.3329954602,-0.00702567545090238,72181.64603045404,-0.01574193058070361
63825.93077527127,-0.005469990010390391,69096.64369917117,-0.007057957456617747,67865.06733285518,-0.016001450286657004
63825.930775271045,-0.008337654542106776,69541.62280822197,-0.00677191364633023,63186.64388886167,-0.014523787163912005
63825.930775271336,-0.0069008889048142175,69166.48800418373,-0.006660768803135042,49888.422799206426,-0.018287083758508293
63825.93077527174,-0.008165948713279358,64206.994938708114,-0.007745508097945275,63135.31246537154,-0.013839376194665576
63825.93077527145,-0.006706852293616561,60812.42521817254,-0.007163867479613506,63477.022658002876,-0.012112153797099068
63825.93077527127,-0.00841873037542129,52588.7138385181,-0.006887360974471068,62523.962231332815,-0.017024479421356653
63825.93077527149,-0.007232227572278593,63473.24190272599,-0.007058300606962997,58639.90167176862,-0.01589144665684239
63825.930775271285,-0.006911132845490164,62507.62338673787,-0.009057500824821152,70407.15132839764,-0.011691978471418563
63825.93077527144,-0.012395009295764092,65317.123256015264,-0.007381181488732458,64987.13908853705,-0.014001279824076951
63825.9307752716,-0.009214126640358589,64339.18129314206,-0.007092211013846272,69264.90153204098,-0.012899108367691148
63825.9307752715,-0.006207618647755098,63444.46110739801,-0.007381682521598876,59337.64965470996,-0.01666570907378806
63825.93077527128,-0.00894744434489192,56924.73151269184,-0.009762020609539457,71075.3930882078,-0.012520742789545292
63825.93077527107,-0.00699991094292296,58413.224064762224,-0.00685405002117867,61181.482920508104,-0.020969655111706453
63825.93077527094,-0.006899062370285147,62028.458302908235,-0.0072650660896382835,55642.95639912931,-0.015379992224649142
63825.93077527167,-0.0068479879198584115,67348.26564122626,-0.006218431255767598,56303.84604364955,-0.016465863204363496
63825.930775271,-0.007444505217034325,59104.882355126385,-0.009287457054944714,68505.93255367148,-0.01529941480691055
63825.930775271205,-0.007428739361384773,67002.75619577928,-0.008754304701349525,60512.42249476493,-0.010854120041953852
63825.930775270754,-0.007041976722075072,63745.41501456804,-0.008263732044532679,58069.23637940544,-0.011529945431077326
63825.93077527156,-0.0073227714326945526,71602.16745250444,-0.0079411596608161,62528.18673048375,-0.011796610882015779
63825.93077527139,-0.007151531684890244,61076.762218193624,-0.01064791846440516,56162.07716080355,-0.017533562109947387
63825.93077527145,-0.007445102370286283,68385.49933109227,-0.006438924214549724,53098.0219043091,-0.016372421507351076
63825.93077527107,-0.006530481585733994,73072.23599506305,-0.0057605343182765,74522.16523723012,-0.017611977317993244
63825.93077527162,-0.008907783653671952,61000.242916443625,-0.008496609486669637,62379.099311465165,-0.016096686477214406
63825.93077527169,-0.008858808767460813,65664.54724618948,-0.006111018601672069,64077.86874932366,-0.017350163995242696
63825.9307752715,-0.006645574150735856,69393.58034624533,-0.007216596388276542,67597.49453332598,-0.014090588370021084
63825.93077527144,-0.007064830956779455,61023.677535742354,-0.006909295826051487,66433.25996135267,-0.011796610882016001
63825.930775270805,-0.0077523677576497585,66140.2734384907,-0.008835540160951671,62966.284244472874,-0.014576038410546444
63825.9307752711,-0.006765746018309371,55837.21847913475,-0.00710690434982908,56843.48376317172,-0.01390015053345095
63825.93077527141,-0.006640168801076762,54101.54348804769,-0.00739758236818,57782.38451343364,-0.015023807910079623
63825.930775271205,-0.007117119082971635,68727.99883094894,-0.01226537795013316,64023.64131255025,-0.01217552093978258
63825.93077527118,-0.007336122877891427,59188.588799686586,-0.007593151000746645,51447.65811375204,-0.014395726076124715
63825.93077527103,-0.006653427760014652,64426.95649068921,-0.0072849160653584155,66474.18837297674,-0.016921633549133452
63825.9307752709,-0.007949919164162544,56527.031570162406,-0.009384710169020094,48217.889531607245,-0.01498955641958244
63825.930775271314,-0.006925917373476476,58406.88480121804,-0.007279733936012445,49107.674765815456,-0.016391808765893967
63825.93077527185,-0.007036004820223041,57371.93543859941,-0.007267848605694405,79669.54580007787,-0.009822451952986255
63825.930775271154,-0.00880971662663732,60344.366545279045,-0.00764626121010703,45854.25050345134,-0.016374286584098008
63825.930775271234,-0.007750282005984488,61658.893578499206,-0.006647118385724071,59430.07060992344,-0.012856927267984819
63825.93077527136,-0.006307795905418634,64123.87965918108,-0.0064426194093770706,47882.22123552381,-0.017814452750613885
63825.93077527138,-0.005982207932534678,60083.34513023334,-0.008283330824302548,57240.290268814526,-0.011798430557141248
63825.93077527189,-0.006340823251605565,69731.16823377945,-0.007505555075122627,64522.264422705375,-0.009037686394907984
63825.93077527148,-0.009329281111508547,66208.53994535131,-0.009019951652761371,54836.18848491922,-0.013178739198795308
63825.93077527137,-0.0072634080257799605,76873.90465584685,-0.007097320771934479,66042.90184388575,-0.01465613734806015
63825.930775271314,-0.006058001810926639,59630.9956181326,-0.008311337621649706,83910.86329096394,-0.019582327145861167
63825.93077527142,-0.007439874445330452,64237.536365107306,-0.008076048130416957,53744.906522061254,-0.015777647832926123
63825.930775271154,-0.010025392270692879,66457.90286815217,-0.00642022939688347,60396.92419718294,-0.015198350583600972
63825.93077527136,-0.007462745281661354,70570.55292730864,-0.006936543794432426,52176.82711326006,-0.01532468869261161
63825.930775271314,-0.008417148421187015,61151.830058192325,-0.006465010795264181,62383.62467450001,-0.012980337955492915
63825.930775271314,-0.0075742059833525666,55799.40517531327,-0.006400487422925316,59357.87928131645,-0.01494887755984231
63825.93077527118,-0.00681779226808954,74123.48761301428,-0.009405174038847108,55317.92005079925,-0.021523875830711692
63825.93077527124,-0.007611547035757726,58204.647394831256,-0.009145092419076462,68738.7095598757,-0.01546267417390157
63825.930775271576,-0.008363627498659931,61080.499189968934,-0.007892219189510441,56328.263821617664,-0.012833884628710046
63825.93077527114,-0.0059931921312632586,47355.18231732203,-0.007043151760320554,65416.80320631266,-0.013730227078247115
63825.93077527133,-0.006283289631706324,68816.89641741742,-0.008553917432920222,56250.471071264226,-0.011796610882016112
63825.93077527106,-0.007693349832015417,65454.529939954096,-0.006349598084865016,68378.61931234578,-0.018786402070517516
63825.930775271234,-0.008307610528653697,72009.72415412319,-0.008821839818097588,49290.345879526896,-0.015920537562253867
63825.93077527099,-0.009839476678749515,65686.07272326032,-0.006317591502771669,68576.16199536694,-0.012140057198062215
63825.93077527146,-0.009305617213722028,58398.31403497128,-0.007013298049063921,47823.53453617413,-0.017759317885338022
63825.93077527139,-0.007747966267542816,62752.38260885477,-0.007602906575312596,65607.05879894027,-0.0119123213041753
63825.9307752712,-0.006606858098488377,72720.54292946552,-0.007936007676436985,59615.0622450345,-0.01289910836769148
63825.9307752717,-0.008129350808615543,62314.59174847158,-0.008671306893594855,60237.34763227589,-0.012618947498925448
63825.930775271496,-0.007775926163254732,69189.71157912028,-0.008019472613290168,51767.25142171552,-0.0188506548982752
63825.93077527133,-0.008063133685830448,61786.138196550906,-0.006474666583073829,65313.90009629966,-0.015763780956653983
63825.9307752712,-0.009641459091879523,62455.60248641981,-0.006260264178586494,62001.14437340218,-0.01687781091388929
63825.930775271314,-0.0073684516773453446,70979.27500777703,-0.008006758823661086,50674.93668804561,-0.013203698709409517
63825.93077527143,-0.006412352608189953,63148.79708381654,-0.006915146449939513,60190.39301627216,-0.013567972505043602
63825.93077527154,-0.00827395145216503,58693.5219600792,-0.011755156956246515,59585.74702469892,-0.014036425999458424
63825.930775271205,-0.009052803148420496,68715.78340906523,-0.00848306765884399,68673.35587147914,-0.01544778436262162
63825.93077527167,-0.00739177890738707,69960.54943236121,-0.00761611093035508,60158.79157516852,-0.01150002144722806
63825.9307752715,-0.0076919958908922,71184.72176893854,-0.007367636834904379,64000.489134075826,-0.0149782398771372
63825.93077527123,-0.006877032046985532,69904.28890614558,-0.005637411988337115,84956.86425297904,-0.010602914097569194
63825.93077527171,-0.0064206067334710015,67850.03216310445,-0.008916028103710727,60180.95203841921,-0.011347793349004154
63825.930775271234,-0.00652649523387383,62601.894710327004,-0.006704521382727702,56450.19488168217,-0.014073735015222133
63825.930775271416,-0.007008433426037186,63861.35522484171,-0.0069462011656703515,59474.14929738668,-0.013153004833310722
63825.93077527096,-0.008560993725626687,68766.05427208905,-0.006553562592745643,79765.05217273867,-0.015592461871701602
63825.93077527142,-0.008015478945349819,56298.63405002063,-0.007368846637653359,68450.74888094558,-0.01634087831133524
63825.93077527118,-0.007931711604591829,65173.960660472505,-0.008047863149310719,65997.74526259927,-0.012899108367691592
63825.93077527128,-0.0062651995006823835,63316.922075192815,-0.005945647452203162,58524.35068925891,-0.016022706330697245
63825.93077527105,-0.0065099594867832344,71907.7101561414,-0.007431476344010424,55230.63710702879,-0.015489820249964259
63825.93077527148,-0.007159841653202825,80020.8374161509,-0.007792709289629274,77893.16321113714,-0.011798220136666315
63825.930775271554,-0.005944734341460478,70318.18321482676,-0.007673207177784636,63430.274373833054,-0.015759738711339066
63825.93077527122,-0.006179459462025028,62422.032702242024,-0.00784619188082758,62314.54840862553,-0.011736002599096573
63825.930775271714,-0.007401645467049689,75090.42384195485,-0.008766871689816824,62753.209587975405,-0.01550517942822871
63825.93077527093,-0.006540617179577657,52141.858107352615,-0.00819669272625101,70246.14345692433,-0.0099493568013993
63825.93077527133,-0.011766812676056837,65718.31208127292,-0.005632129415670706,61322.065629994584,-0.019485718198798962
63825.93077527102,-0.009581271181478113,58713.788527944525,-0.007482248973398775,54752.85256646556,-0.011596638554026484
63825.93077527204,-0.008895065270811964,62042.65183682983,-0.006707759187793649,58415.16327769953,-0.014685131890242564
63825.930775271365,-0.006554424392398839,66468.21833819205,-0.007176354342486757,54217.36672170043,-0.01403023964755612
63825.93077527166,-0.008879468718571815,65778.85355168708,-0.006893803006837285,59268.71556474151,-0.01380363772516302
63825.930775271525,-0.008202318091942273,77635.57337147671,-0.007363224306618066,79566.08273458616,-0.012393239486105267
63825.93077527122,-0.007808219323336529,63140.66700121729,-0.007230933060168643,68360.16526329277,-0.011817145290219266
63825.93077527148,-0.0061690906405594825,61808.044988347945,-0.007537728372154939,73410.92540634435,-0.015519548637898284
63825.93077527205,-0.00846927036782763,55337.80434750671,-0.010621429164286433,74698.72051754854,-0.0144827123126684
63825.930775271416,-0.006115979644589098,66546.78958047986,-0.007854721428279587,62421.698315570815,-0.013246909147449526
63825.930775271336,-0.008940775776805188,66848.38284672362,-0.006655873140149926,52843.44003456693,-0.018331683923698328
63825.93077527104,-0.006677711594393343,64458.395074744854,-0.008293948629638837,56015.6525083543,-0.013321994851342667
63825.93077527136,-0.008823454183408463,59692.084504673265,-0.007985767738994953,64659.228084617134,-0.01593955690320603
63825.9307752712,-0.006574716289499238,57570.21690765368,-0.006557033813790802,65694.831293034,-0.01831595925391094
63825.9307752708,-0.011150020378170922,67031.56398622076,-0.007931420957537516,78289.86307553972,-0.010624941314646086
63825.93077527133,-0.007088632946902873,64562.31724127074,-0.009215040724319001,63814.15788615532,-0.016310903788592568
63825.93077527124,-0.007794364165219281,66126.40118161157,-0.007829560575347227,57759.32154406295,-0.013739666128495087
63825.93077527092,-0.007087913289431258,57793.98325800985,-0.007581180952113242,65057.11042196985,-0.012875408187247306
63825.93077527103,-0.005482019788415449,60780.80905893284,-0.007964762210050935,53512.652742039754,-0.019199009235129183
63825.930775271576,-0.007631740636933282,58478.63771506188,-0.006464417796081423,56981.248080995494,-0.015138038579050161
63825.93077527109,-0.007803362264226621,67908.38799286696,-0.007069853684378735,62293.44396138083,-0.01624074096839645
63825.93077527138,-0.0069275739838094985,73947.74184189066,-0.007651826327146782,89667.22915509489,-0.013508358311671187
63825.93077527175,-0.01076539067104998,75002.02421415217,-0.007600314509592976,77408.64725051745,-0.014703132859291701
63825.93077527143,-0.009848994632252861,61170.90575178507,-0.008248375889158499,61722.19351902582,-0.02001376941762001
63825.93077527138,-0.006793908718543462,61803.57093351177,-0.007880645024597843,65732.58936409377,-0.017776077579804817
63825.93077527139,-0.007539268538565569,73671.49892984243,-0.0066715467127184125,61168.24825557362,-0.014471182384536596
63825.93077527121,-0.0073236384394268494,54984.84092446539,-0.0068555013373035045,52884.80380978043,-0.022396939266377314
63825.93077527095,-0.007009104110981101,57541.47868206888,-0.009074791655784176,58550.48542650015,-0.019445923511853147
63825.93077527102,-0.00814864899801071,65809.34275699446,-0.007671619616846259,66317.21696806935,-0.016109177914999995
63825.930775271256,-0.008538488627492624,66517.54574351945,-0.007541277749111064,65643.4588235828,-0.014346011946886783
63825.9307752712,-0.008837030564361692,64690.57445921053,-0.009081066264567283,61911.48133510925,-0.014353638063002938
63825.93077527192,-0.006810421840268144,64017.55984618903,-0.008710128090226088,73488.69916802917,-0.02077890387152359
63825.930775271285,-0.009401122168947063,82275.6795990034,-0.007706152498802243,55912.13870696519,-0.014857424080039094
63825.93077527128,-0.005780211064264629,69165.8631250563,-0.006050675153034701,54561.71771537888,-0.015346172218545395
63825.93077527133,-0.006937041564928248,63171.60400737007,-0.006387159196341474,62037.17638237748,-0.016586056646169633
63825.930775271416,-0.008498474363604958,57803.13914264797,-0.0081840665908407,81402.46955678117,-0.012688945253288453
63825.9307752714,-0.009363723634970733,66762.98895381144,-0.007693919346038913,88844.64311903082,-0.008781069417238996
63825.930775271285,-0.008175204639308875,66392.36189052659,-0.007450269342515692,63438.226368921125,-0.014297014431204125
63825.93077527161,-0.007832864181531063,57449.583732035004,-0.007101988552954519,58984.902666599555,-0.013457519921852179
63825.930775271336,-0.008823618490382823,76819.80567104339,-0.0058508197509477,51703.59440092886,-0.01272543116754965
63825.9307752715,-0.008755901331751859,69683.44728977166,-0.006397027880417405,70174.55183690855,-0.014484156257010383
63825.93077527168,-0.007997409345232631,60211.308314645816,-0.007926281760122,59074.54601066482,-0.014006048875604304
63825.93077527115,-0.008283601524181394,74521.12877256123,-0.007176523481113306,49210.69990735869,-0.01659728700212082
63825.93077527142,-0.007350210246923505,63594.3033728162,-0.008137542060270841,60649.71951414135,-0.018068866522349847
63825.93077527095,-0.007248712466676688,67332.25339666099,-0.007205938812311574,76900.10695626755,-0.013990631393605124
63825.93077527118,-0.006949735989357775,68067.77299152238,-0.006425895293740158,65876.600681182,-0.01762071837242918
63825.93077527157,-0.006068237883500194,61704.29066777958,-0.008018304046582436,79747.47181414466,-0.01576023185082498
63825.930775271445,-0.007082248830569071,56859.182754249654,-0.006347634731195151,56406.35967819973,-0.016186264061393896
63825.93077527142,-0.0072152453369166425,69732.44759404885,-0.008154181326607945,70276.3785389493,-0.01334836876955292
63825.93077527117,-0.005866131963044086,64597.42173555682,-0.007819478151572912,78922.96759543302,-0.02245131203921824
63825.93077527139,-0.007379080013760864,70801.66756188284,-0.008256508734019286,62099.26271082585,-0.016199065876514984
63825.93077527105,-0.007224640744785016,75218.65134253219,-0.006857992076368724,60365.934304035436,-0.012372579620437585
63825.93077527196,-0.008278308651392452,65137.26139206458,-0.007526367568476022,71171.90311403359,-0.014097613057851288
63825.93077527119,-0.005314239051047442,62804.621658407996,-0.008660689474252803,83636.1676464522,-0.010052855127242633
63825.930775271365,-0.0062651039726169255,74359.80367129657,-0.008512446880570068,53785.318903196945,-0.014817563026715441
63825.930775271314,-0.007557345235226998,67899.96923775833,-0.0071251872845202735,76980.59495446777,-0.019307939624791826
63825.93077527118,-0.006740216720752756,63090.30045453397,-0.006477486463813853,63332.799346548265,-0.0128470419816058
63825.930775271794,-0.007885214792342277,66781.85253051243,-0.008913643058041765,62407.7957596065,-0.013897618116220145
63825.930775270994,-0.005996586488849043,64844.41841327249,-0.006722121125639746,74699.70660153787,-0.011906216400677239
63825.93077527136,-0.008158402359368488,66207.98903802029,-0.007166434845651826,62129.00420374995,-0.017900984233986783
63825.93077527113,-0.007454566131544604,62806.709710897754,-0.008170698965831558,48486.23493192811,-0.02284146973691603
63825.93077527114,-0.009053263977493065,60443.304945667165,-0.0072022974373039395,68749.11650666292,-0.012259996637842052
63825.93077527142,-0.006559810279899603,57867.511219254455,-0.006540732230437718,61711.64820129849,-0.012727480141839997
63825.93077527101,-0.008138443172293286,58004.846996837456,-0.0065503969699794995,51586.15720868962,-0.014314545470121898
63825.9307752714,-0.007937262873915718,67152.97938233188,-0.009670483974652866,79117.24101578376,-0.01406514206671261
63825.930775271096,-0.013292177364173985,62382.091785104676,-0.008059201315383846,58039.201041829685,-0.013056176583552959
63825.93077527101,-0.009076127405098222,55476.38091363185,-0.007402000243470264,52301.371640923106,-0.01589393289029961
63825.93077527123,-0.010053922929244008,70060.61478113933,-0.006676126170643948,67658.60719805952,-0.015031484287568175
63825.9307752713,-0.006158747263840247,61628.087396755385,-0.006915059747375385,50630.96985256535,-0.013348368769553032
63825.93077527144,-0.006447475323650309,61389.51918550292,-0.00788362905002582,70395.59037940149,-0.01310081104195393
63825.93077527111,-0.007621649731596736,80166.14809913725,-0.009228762846295036,61252.53643559206,-0.012714826245411759
63825.930775271256,-0.009137764043364527,71239.23723473304,-0.006004176743140244,54249.32133449785,-0.013799256065319065
63825.930775271096,-0.006692068367628035,78825.47977667984,-0.007220951646989882,68225.76864665588,-0.013886872619613522
63825.93077527092,-0.00698643516354569,55393.84064668208,-0.007257345583408514,66288.0335862352,-0.015418770567211082
63825.930775270775,-0.00796881350599199,65500.75702555236,-0.008026964469220577,64940.45108802437,-0.011682917383005864
63825.930775271314,-0.0077268082944158545,59092.14429921485,-0.009348232298613923,62129.28372943733,-0.013348368769553032
63825.93077527123,-0.01090575579084374,69740.53644593389,-0.008736468569072842,78850.21758582784,-0.013601917330680835
63825.93077527171,-0.006595504353917425,60643.14060591743,-0.006822082452977329,52579.85857899072,-0.021011130953105805
63825.93077527149,-0.009041228704897764,60000.1382209417,-0.008253700646554396,48062.593364058266,-0.01903591570051788
63825.93077527166,-0.007326971820464712,62900.091721325174,-0.008861189743624154,77284.93743091049,-0.026213815416625263
63825.93077527135,-0.007196486585474338,64087.5872107257,-0.008157428455989102,59723.48091986603,-0.02576865052355748
63825.93077527083,-0.008095962864884565,66962.53743552792,-0.006100575507932526,58347.34625573442,-0.01230031926141395
63825.93077527131,-0.008038263305551574,69649.91662866854,-0.006895591259034273,57397.04315294107,-0.013722731437558755
63825.93077527139,-0.008679595319470268,70467.42312785322,-0.007378675020114689,60220.05619556574,-0.013030482942574584
63825.93077527167,-0.007747779897424478,65906.68594486488,-0.007156467339228922,56784.3154424214,-0.016176250523771696
63825.93077527092,-0.006987036222838805,77342.53717617781,-0.007907220808124449,63453.347736090924,-0.012437696260290787
63825.93077527138,-0.008031326023932417,66158.70076753669,-0.0077325400081964535,61340.11069106006,-0.015489692640981434
63825.930775271394,-0.006830501496249752,65052.860807824625,-0.0068608131211346235,70500.60548621444,-0.010363568664180312
63825.930775271045,-0.007647733001475143,66073.5283102062,-0.006347275009267905,64620.256714501265,-0.023063228957808213
63825.93077527136,-0.0062030881528665205,76862.36582874668,-0.007783462055189316,64857.58639580531,-0.012557811005438957
63825.9307752712,-0.011407604077978473,66828.628054305,-0.006632566218295777,54617.91628682305,-0.015654402488394448
63825.93077527123,-0.00734171294997632,61141.095511719745,-0.00913160335054053,56965.86419461157,-0.014890322848547632
63825.93077527117,-0.007606786601988769,51179.2930913544,-0.007348244109056767,61035.460873876684,-0.014169793455266477
63825.93077527145,-0.007836845280656757,71592.49178305586,-0.0055135528758085695,47218.28461778224,-0.01653866326955855
63825.93077527136,-0.007278873654517959,65115.70740836021,-0.006429391109566085,60084.86505376818,-0.015451992603687903
63825.93077527111,-0.00939150479343287,59700.07314876873,-0.006612298991338306,78942.31116284366,-0.01289910836769148
63825.93077527117,-0.008730138283070898,69239.26393831233,-0.008808464745905353,59769.314212755744,-0.01651354063258037
63825.9307752708,-0.008915919769460268,70135.12473172556,-0.00816539002788852,49605.24489424708,-0.014300279698684748
63825.93077527132,-0.008121236954016453,62944.22257793408,-0.006761228620109527,68985.15090636267,-0.014081231374578285
63825.93077527147,-0.009005368972555106,59437.79661572546,-0.010684373536355096,60349.5673765801,-0.027269932537858477
63825.93077527132,-0.009402246536966974,70556.65016939925,-0.006479044056824423,65536.6863832044,-0.012899108367691259
63825.93077527128,-0.007948397513289907,57489.49786732908,-0.008233595460972687,53393.81890449948,-0.016920290656829984
63825.93077527138,-0.009017906107960383,68190.28572346544,-0.007982103398518792,60643.287741160035,-0.012217035391473785
63825.93077527156,-0.009326211864588485,64410.335234579856,-0.009007998153415908,66989.39731228897,-0.010708689506017222
63825.93077527112,-0.007489462526338642,73937.92121708435,-0.00825229020667706,66568.13422350405,-0.022114703419480963
63825.93077527116,-0.008470897854451542,52003.22859892409,-0.005762532086353356,52775.17493112467,-0.019357403882733326
63825.93077527113,-0.008399842373428501,76877.03811138758,-0.0075899898871885085,76625.46228910128,-0.010721123246568487
63825.9307752712,-0.007465278292413835,67626.52812291564,-0.0070209598255721595,53537.13679455414,-0.015081051875925455
63825.930775271605,-0.007161996001242565,63960.072455044174,-0.006666976524332235,67335.29713627862,-0.014297769508661129
63825.93077527133,-0.006777699551152705,53163.2686947934,-0.0064491946759768215,52322.11249060407,-0.017209643420146747
63825.930775271474,-0.008055420120053558,64082.822583957684,-0.009156335497601642,73942.35451244692,-0.011250605022166349
63825.930775271125,-0.007369055508471334,73383.07280143963,-0.0068858667892803815,66768.9162812613,-0.01579193618660457
63825.93077527119,-0.005684090053073354,58314.26792355517,-0.008601472484564776,66525.75688793013,-0.014717469097185298
63825.930775271656,-0.007511386267393894,63838.25818861497,-0.008890408688299822,63540.18635630622,-0.015592550730840538
63825.93077527141,-0.00630951029671023,62712.47955235534,-0.006529307375484961,46141.74802673604,-0.012528055031902574
63825.930775270914,-0.007006774607625554,66469.96874710744,-0.006257181541239776,65490.72225627471,-0.009968439130717321
63825.93077527123,-0.007965465389388249,66052.92116675418,-0.007835109531480922,55857.87606849176,-0.011796610882015779
63825.930775271314,-0.0068834720648656145,63993.998684170125,-0.008109746884010116,64801.075697100365,-0.009736698566779611
63825.93077527106,-0.007082596396609131,77324.77772013216,-0.005837382543011471,62514.051539380605,-0.017349204859858358
63825.930775271285,-0.007192625384349172,65736.25070963851,-0.0073601140022145906,52398.309269394274,-0.015975284912123522
63825.93077527145,-0.010809529447036725,78796.52697947988,-0.007386149335647851,70911.30431299093,-0.022271498763026476
63825.93077527172,-0.007184982510141769,74067.46257199068,-0.006555102281075698,73662.50495625404,-0.013082946517048
63825.930775270805,-0.00671199417316537,74190.4623540257,-0.00656330329958843,68132.64573291467,-0.01759443907585534
63825.93077527135,-0.011430226690543277,70429.32960523546,-0.007486685252312775,65843.116734393,-0.009482196008715693
63825.93077527162,-0.006330450630912865,63805.633202110825,-0.008656910389369998,65476.601435207194,-0.010334908139164711
63825.930775271445,-0.008182035187350611,61309.03738858913,-0.008404997971656392,55509.33160226212,-0.013601917330680613
63825.93077527172,-0.008319126756085704,57578.84742738461,-0.008126393784057107,59881.88716645016,-0.0135439747635826
63825.93077527135,-0.009197566123155254,49081.54585370287,-0.007087236985440892,59401.27119039679,-0.019246544024553947
63825.930775271074,-0.006475508993439516,56248.44134544642,-0.006992249938626349,68383.1454733174,-0.01702579255863501
63825.930775271394,-0.006842264998907055,62096.590103622235,-0.010695741026211292,70706.56846774615,-0.020672273836064514
63825.9307752712,-0.00861510938569765,76236.08439601546,-0.006675778674637423,62200.80102123064,-0.012508811016514465
63825.930775271016,-0.008979668732888135,63429.1872495459,-0.006626403733721475,64062.739299495915,-0.014061268687261541
63825.93077527132,-0.008131543729718915,68410.40316785657,-0.007201708879480795,48681.572772390304,-0.019345294526574075
63825.93077527097,-0.00832830590500866,67677.38998986912,-0.007376849390349771,71682.65677870212,-0.0118743201865249
63825.93077527136,-0.00713854661109814,56207.3540065521,-0.008414889898819333,63063.82690298673,-0.013086457076871172
63825.930775271416,-0.006195675178550575,65125.03241130122,-0.009344182938248902,64276.14324431631,-0.015469908776666097
63825.93077527117,-0.005903930833707882,56989.55687740836,-0.006958186960452695,63679.99220492703,-0.011796610882016112
63825.93077527083,-0.006894596475589654,71789.91657086399,-0.006083495548460771,66763.0235104325,-0.013495147081048375
63825.930775271125,-0.006794919240119102,55402.468115839925,-0.00836602791386365,64812.38521127135,-0.01320301856738737
63825.93077527132,-0.01050137523500716,61579.99568822337,-0.007613862850452846,56384.044826601945,-0.013607220786968077
63825.930775271074,-0.006347301130817495,73216.21608308906,-0.008917762530110118,59000.815513761,-0.014832754426512551
63825.930775271285,-0.0075540385285438605,56876.1032018868,-0.0069191365553818995,62161.275369671836,-0.015148934452767548
63825.93077527136,-0.007220516274139999,75320.2424168202,-0.00693955874466079,54757.66631463348,-0.014884884748865623
63825.93077527145,-0.006773150793687344,71534.8086708627,-0.00577031886610202,84779.83409082,-0.011214883805463538
63825.930775271525,-0.006007767947323495,64453.94630796958,-0.00658048328575378,49872.11499803552,-0.019765917971114044
63825.93077527115,-0.007211186628710009,63678.47206215992,-0.006628801976923948,71420.01670053527,-0.012362861227053212
63825.93077527119,-0.007399847907176738,61211.868096818944,-0.007650367939114666,79235.96306307736,-0.014840699487018272
63825.93077527125,-0.0074373462153800585,68282.4206573629,-0.007846134639653335,64510.6552410091,-0.021049036006755784
63825.93077527121,-0.0069522421352286035,72173.48588981465,-0.0062829320848861725,73747.97523642782,-0.017798471408313365
63825.930775271314,-0.007176425842556844,58313.02929820851,-0.005626952586089362,59164.55939307505,-0.017564860633737744
63825.9307752715,-0.008782887877236578,69057.56719037262,-0.006992845502050371,58438.667139006095,-0.012352900224346874
63825.9307752715,-0.008182126708033977,70202.9235171291,-0.007794130086176576,57633.576896044506,-0.017363410863264983
63825.930775271394,-0.008952407046656674,68280.89043744555,-0.00680636801991219,59142.115766379866,-0.012983047136969628
63825.93077527113,-0.009592704994503265,60088.03680426262,-0.010984352052293533,64824.92310893377,-0.013773092499496542
63825.93077527136,-0.006864135538462657,77745.1411509064,-0.006019373683514351,75704.2884041101,-0.016666695017623967
63825.93077527131,-0.008049282507290756,54863.754554123436,-0.00768737656177465,79439.95881228778,-0.012686283544407151
63825.93077527159,-0.007496254011627568,66953.27975859957,-0.008337549519463083,75323.13709380408,-0.0169059738422781
63825.93077527093,-0.007080709745177494,54253.333427938276,-0.00834979772521438,60455.27539301903,-0.013927352626602607
63825.93077527136,-0.007272909622617507,58949.287151333316,-0.007482081570479804,67457.40633201292,-0.01360191733068028
63825.930775271045,-0.007884089890541013,71752.75662418241,-0.008688296152054908,61453.09912950928,-0.015258259667308427
63825.93077527122,-0.0068059513465612564,64919.32872667706,-0.0077922812170770905,64962.063943899215,-0.019550428744304016
63825.93077527114,-0.008225064794978532,56080.13456711216,-0.006310281835315901,70814.76086821096,-0.015500269323116656
63825.93077527118,-0.005926426469562873,67430.84431598506,-0.007090282299609729,56916.682588101656,-0.017449106883221766
63825.930775271016,-0.007386403039529421,65659.94672033546,-0.010577195235981995,68841.34138912054,-0.014474880011825397
63825.9307752716,-0.00835703677737254,55800.14417236648,-0.007871798765383575,69433.05169645067,-0.01693558686358798
63825.93077527182,-0.007490710568054726,73132.59342243927,-0.007056822030662047,62749.5470683574,-0.019189704068495184
63825.93077527152,-0.005784827446698171,70509.71448366751,-0.009698327400100792,53834.89221730009,-0.017320133938876436
63825.93077527172,-0.006376746530912691,69831.4055570866,-0.006716055037318425,70706.25122182143,-0.026173487115458527
63825.93077527172,-0.006571587342793395,54338.99993310431,-0.008930076399299769,48766.94062025143,-0.011103512296946283
63825.9307752711,-0.007639700213762479,62224.89759578446,-0.009240223322641183,60417.48189425362,-0.017028414067411846
63825.93077527138,-0.008755795183650994,55773.354914339805,-0.011090410800725814,59461.908168047485,-0.018879441058289648
63825.930775271256,-0.00684470610634913,62350.77700463066,-0.008301558983988211,53107.61784567161,-0.015009042442446496
63825.930775271394,-0.006786615352582959,53915.34027887457,-0.006551504070865355,63888.13622848499,-0.013223800391386153
63825.93077527125,-0.007290738969336852,69357.1259390685,-0.006399984116492008,47424.4772963436,-0.018239311938828218
63825.93077527155,-0.007448823885718214,59892.23217868268,-0.008155037867351722,61311.90889510492,-0.02057251976344099
63825.93077527086,-0.007031895824071155,71335.49342633908,-0.00808092835315466,68312.40544343283,-0.014573227916828801
63825.93077527134,-0.0068519002938564055,63752.67689312791,-0.007551663869029723,57878.72640884281,-0.021527846831752906
63825.93077527146,-0.007684767177653984,74327.04213554243,-0.008056790501557831,68279.8958616362,-0.012125719717112848
63825.930775271256,-0.00968472683044208,66166.32572627389,-0.008445068540120948,76803.22375883775,-0.015172708334027285
63825.930775271176,-0.008366302841209317,57117.731686013954,-0.007654549378792286,55789.892570195225,-0.02012449948640027
63825.930775271685,-0.008128620039261847,60689.02075098693,-0.009424698604103776,74947.65301374013,-0.015019371878972065
63825.93077527136,-0.007007402695469289,53033.77879240736,-0.006671365065244239,76060.23145657203,-0.01383425443532571
63825.93077527161,-0.006792578240001346,64564.20844224283,-0.008040624865158663,67977.76784806802,-0.017710746308927217
63825.930775271074,-0.005863756258026154,59277.118909897465,-0.009052213047088364,50530.19842901443,-0.017258919284624086
63825.93077527102,-0.008878847367483345,66870.3273088863,-0.007137770782044139,55759.22962417056,-0.013560936333939844
63825.93077527121,-0.008792175561502136,62571.860594106096,-0.006766872692658632,59032.61524393941,-0.012899108367690926
63825.93077527151,-0.0076121383120204555,64828.30586140863,-0.006130509111291427,61268.53222109871,-0.013234211906588578
63825.93077527166,-0.007077271734537427,73595.88646305051,-0.006312046888028111,77805.68507731847,-0.01289956112825541
63825.93077527137,-0.00778513247751722,71649.97914542902,-0.007319367826712386,57003.743553171684,-0.014526350515127073
63825.930775271,-0.005889484396722877,61329.73196639743,-0.00627511192789465,72226.70970886892,-0.015380477551004135
63825.93077527153,-0.007865880771359746,65595.45959538972,-0.008017672360850492,64384.75655365343,-0.019488130337263154
63825.93077527126,-0.007795578058673258,72369.99411068122,-0.007408723317122612,68464.6864945247,-0.01572177746331649
63825.93077527176,-0.007361488275168693,74925.63628582176,-0.006542670593040922,68352.78397953237,-0.015476034878007083
63825.93077527102,-0.007970879364261219,66756.1769566692,-0.007219681753702578,69748.66757843006,-0.014166419713878997
63825.930775271605,-0.009479054421592137,69714.95058673588,-0.007039304581569206,69053.46153451146,-0.01631970208547595
63825.930775271394,-0.007911716766583643,70503.28652487983,-0.006348165678958351,64769.91831538134,-0.013495147081047931
63825.93077527173,-0.006466057209449261,70007.86302262159,-0.011300999781798438,51040.022544045176,-0.01724249288996149
63825.93077527084,-0.007705109031611257,63835.48705393009,-0.007583154589800856,59220.773787339305,-0.017403238576841562
63825.93077527136,-0.00641704895786821,69792.15065693072,-0.008376630135056296,61288.33603766847,-0.017450111338754404
63825.930775271554,-0.0059197041068352885,54779.38603495471,-0.0062047136378159395,69049.48289005726,-0.014587864852236287
63825.930775271445,-0.007031914041598419,70388.20607212665,-0.007928238698974521,67061.61116985264,-0.01611003096336494
63825.93077527157,-0.006624236266900341,63973.05198943297,-0.008915326443659666,76529.71113128419,-0.010114980513387883
63825.9307752712,-0.005761298709607288,63576.49694924558,-0.006331928835336509,50755.702746395364,-0.017620274422810778
63825.93077527088,-0.0070376665590156096,67458.15914651977,-0.006727865691126933,51264.62785569832,-0.014137913405435909
63825.93077527156,-0.008207890440971588,68487.62044014325,-0.007349939841711617,64613.359836925796,-0.00973865387096462
63825.93077527177,-0.006637234930517155,52220.30016713142,-0.0072564833823359765,63309.304353815445,-0.013133985379215063
63825.930775271154,-0.008982540684198459,52427.77334065438,-0.0072771429235026774,78728.63333214966,-0.012735952590003263
63825.93077527097,-0.006608281477604061,63383.367649121974,-0.008268887300830086,55182.891072041704,-0.015829339151979593
63825.93077527127,-0.0068419393822969354,65899.15672737591,-0.00878534429693234,66829.11800510572,-0.015189765707629754
63825.930775271256,-0.007142423509924556,68236.43151908087,-0.006431391417036414,56106.97995686558,-0.012560942700319488
63825.930775271,-0.00879243070796576,58620.14072471747,-0.008526122753306109,64729.1662067619,-0.01573543475809258
63825.93077527141,-0.0071223506513528045,71394.14883313968,-0.009848052868429935,76068.20480997728,-0.01152994543107766
63825.930775271474,-0.006967139130015454,56420.355682242145,-0.007964912219763365,68915.17126350521,-0.015392675317245086
63825.93077527119,-0.007593412803238997,70499.60600292367,-0.0076793745408202385,69909.17701195444,-0.012352900224346985
63825.93077527138,-0.013538841689470393,60556.10194181822,-0.010704639502578939,65085.269864706715,-0.011258054042159737
63825.93077527103,-0.006020081853458148,77877.85388813652,-0.006348170655016361,71851.0187563343,-0.01371101596300972
63825.93077527143,-0.006171926394920146,68113.03317608798,-0.00677369801831984,68381.65050762036,-0.014864492223445103
63825.930775271234,-0.008781127041980197,60629.91881049357,-0.007014142441111648,71348.96624208285,-0.014989680486222179
63825.93077527122,-0.010575111992452868,54983.05800839709,-0.006926906732619531,49474.37331153728,-0.013763796214748658
63825.93077527119,-0.00904271504184051,59032.99078021793,-0.006778574345032151,48921.49901410045,-0.014273823792215201
63825.93077527134,-0.00692521457735229,58353.19807979267,-0.009956005746019625,60817.91892639927,-0.016633773957040243
63825.93077527125,-0.0065644500444764775,64706.425151991716,-0.007425883927197341,59362.94825759161,-0.014470001179174963
63825.93077527132,-0.006967293491203841,63907.46608826188,-0.008646362902797411,54878.57695607522,-0.027407528814212934
63825.93077527133,-0.006780542973522152,75299.0828877044,-0.006010569200611715,63007.73600426214,-0.02701882250629062
63825.9307752713,-0.007909865159561158,69094.31143624146,-0.006802318854557177,61659.0362966492,-0.014009653391362176
63825.9307752717,-0.0058574291809905255,76428.71988245663,-0.007412253352657494,67119.9669789552,-0.028752651954698005
63825.93077527121,-0.007949052712351246,61682.275070461284,-0.006092811413730637,62349.34769855242,-0.014384833269438624
63825.93077527167,-0.007982195358701927,64313.71432734228,-0.007610557681751229,53408.980977227795,-0.017889861037416854
63825.93077527124,-0.007571582454457548,56045.13090205917,-0.007492601052070502,73437.29559363186,-0.014238893122283991
63825.93077527102,-0.008426539604097782,60478.09033084897,-0.007190660862380405,66973.14124466352,-0.013735306817528103
63825.930775271256,-0.008344451112245355,57181.29954490153,-0.006755985738724712,52964.35705176786,-0.011364656250100635
63825.93077527117,-0.007079684113201146,54437.79979836176,-0.010350547799171217,86681.05123157453,-0.010080197233763744
63825.93077527106,-0.007066520967655254,58207.95414240872,-0.010260983056199602,61939.13159247525,-0.01863260153409163
63825.93077527181,-0.007825366424763613,57841.554401277375,-0.006485236516600379,67626.82271189352,-0.010874499741606258
63825.930775271394,-0.006706356251018009,66665.20217376944,-0.007033708499146307,55753.219985369935,-0.012523655977279446
63825.930775271016,-0.011228804155011485,61464.67881137213,-0.007966543804854953,74721.98269072505,-0.007755810275861141
63825.930775271074,-0.00921284248868215,63617.48157819945,-0.008502504061934868,45702.84905458603,-0.01426196399912072
63825.93077527121,-0.007099137281270762,75077.37581275249,-0.007276734284457298,67480.94082978499,-0.017256296746901656
63825.93077527104,-0.005922300530897484,54559.22132506361,-0.009589535773308455,71351.77881665295,-0.021761948926181107
63825.93077527103,-0.007075061320299114,58867.863052290966,-0.006626435783087636,78217.16363463324,-0.011796610882015779
63825.9307752713,-0.006660128353475292,72317.38625361504,-0.006322488147474603,68362.20551541778,-0.01696806949536056
63825.93077527142,-0.008534430499439805,59219.474481500896,-0.006727530201947607,52451.88965894754,-0.010997586496787837
63825.93077527145,-0.007741360917924878,57364.94852823554,-0.008471891614005411,69609.22186760185,-0.012603441669480908
63825.93077527153,-0.008644158407994151,78622.85954705164,-0.00766217671489644,58761.7754188117,-0.02152546693922286
63825.930775271234,-0.0067267273261084615,64669.53124534566,-0.007265871203251506,62711.56895818448,-0.014850613194915208
63825.9307752712,-0.006045887924514104,60105.04487237003,-0.008841512419704434,65450.27461919819,-0.012532676000311604
63825.93077527117,-0.005955917032212321,67111.28814358902,-0.007082110517738105,61535.74856684434,-0.018053515061908
63825.9307752713,-0.008686692515395,60753.76358233348,-0.008340213251241124,65644.91456475177,-0.012899108367690926
63825.93077527098,-0.010314570404114098,65528.622276740825,-0.007975984437496586,61097.56247176078,-0.01054001710828667
63825.93077527129,-0.006774370925621942,60272.400823584656,-0.008282847093715295,67183.93942153767,-0.01802832374240182
63825.93077527116,-0.010210294993058922,65784.35140202395,-0.005860536307447428,57212.329595292416,-0.011796610882016112
63825.93077527111,-0.007958679375230093,61925.33879655607,-0.007988261365297511,64254.231406710336,-0.014337484557842006
63825.93077527147,-0.007532020050296517,64746.6023990183,-0.006051354402584863,94850.96976493434,-0.011021897487391241
63825.93077527116,-0.007752766508658415,61776.11707952395,-0.007966846898885604,49130.6352321297,-0.014312324966718637
63825.930775271365,-0.007412438120350084,62380.30239167265,-0.008382158797028416,58969.40761415938,-0.02251048141680234
63825.930775271336,-0.007774307281224968,65638.9880700166,-0.007994052768855564,51899.4873632357,-0.019178150264040128
63825.93077527122,-0.008233552398166477,67005.4283403982,-0.007236373528366702,64995.443536630504,-0.013193640224139602
63825.930775271205,-0.00681229705616726,61633.81190751252,-0.008558147615359002,71087.86159977716,-0.012523997403861897
63825.93077527077,-0.008725660142632319,70705.81292882752,-0.010909831518295499,65970.94260270127,-0.014401581314562595
63825.930775270936,-0.00808408797346849,59579.93870619056,-0.006247074508451078,53219.66585986307,-0.015786636868933224
63825.93077527155,-0.007147776422693042,64580.34972361353,-0.008518480093145486,66117.9523885163,-0.012462200815027802
63825.93077527135,-0.0075864753199479384,58349.21878685319,-0.008807849513517096,58052.12586998954,-0.02435689171211719
63825.930775271416,-0.0057110350189693015,64107.772619931886,-0.008273340569205812,54876.90917104923,-0.012899108367691037
63825.930775270666,-0.008176822501124392,56807.06073191679,-0.009770860792253422,68281.80517120981,-0.013795685238391475
63825.930775271234,-0.007789330244097781,65754.7714587537,-0.00791771602421587,64636.62669090529,-0.013308969969862972
63825.930775271554,-0.00883150114384601,58175.74687638858,-0.008969906145904427,46908.06062409898,-0.01760924071440506
63825.93077527162,-0.00705640008776065,54436.82554437667,-0.0063803567113582815,61014.725507830015,-0.012083804220723082
63825.930775271336,-0.0063289585608686805,63719.97039700191,-0.009366652178089185,71462.12397481716,-0.02369666502106671
63825.930775271365,-0.006358016987261572,52381.614633582496,-0.006972466137177169,59548.00015215866,-0.018798273650376784
63825.930775271234,-0.007585388415180083,61559.43901847756,-0.006416337486530033,68647.59862418723,-0.011796610882015779
63825.93077527133,-0.007262319077876445,51110.796704344204,-0.010589127873243953,51132.518780504506,-0.022516673862384318
63825.93077527133,-0.008577805845368824,64078.35926118607,-0.011676656164686827,63808.712927819375,-0.013144111953715454
63825.93077527142,-0.008474481460512218,65291.90539296243,-0.006177655017181594,89406.81863235694,-0.010690675740987254
63825.93077527165,-0.008223499295100578,60982.87510896208,-0.006982937289804481,68707.31502490034,-0.01115416250622736
63825.93077527136,-0.007682714091831855,67078.37971472218,-0.007538553788083879,73567.96934136812,-0.01038688973622759
63825.93077527107,-0.008189437043453651,65335.25133035531,-0.010555262863871429,61804.642473744636,-0.02516018199404002
63825.93077527179,-0.00705436604074583,68609.07430540353,-0.006847353462243189,61539.78488203195,-0.014970256728120024
63825.93077527113,-0.007173627917642533,68281.5768735843,-0.006476348846069735,57043.95669505824,-0.013495147081047931
63825.9307752712,-0.007466265167263564,63455.87372742348,-0.008587033496079921,56812.18171280172,-0.016079092359850722
63825.930775271794,-0.006746619240866947,63626.67890163476,-0.0062768258831474855,62716.921117980026,-0.014946182954435838
63825.930775270856,-0.009088915899232108,64656.21546211446,-0.009390487702365946,53364.83085096651,-0.015090861243966858
63825.930775271205,-0.00846923494125873,62912.08932409892,-0.006282254288191291,60016.851011922634,-0.016451709737240416
63825.93077527169,-0.012332145956830298,70984.17533478767,-0.007302087202036511,42485.21607920599,-0.01049028667040186
63825.93077527142,-0.00804777792144018,64047.71177142018,-0.006338501220073511,58760.59385506113,-0.012217035391473896
63825.93077527155,-0.0064823283426892475,58508.65990985324,-0.006024840530029496,65479.94446279602,-0.016450203343064462
63825.93077527144,-0.007687976527604556,68232.54386293939,-0.007699032684462259,66519.35255518784,-0.013203698709409406
63825.930775271656,-0.0076967269521969195,65216.74255055596,-0.006013222451055622,66912.5342239859,-0.013066187375125216
63825.93077527108,-0.0075161199704182335,59605.48287959712,-0.006477885078058576,72187.1193786559,-0.017301942396465653
63825.930775271445,-0.007578981321030964,58417.72480512203,-0.006799721666322256,56027.856957776305,-0.020548915229933296
63825.930775271394,-0.007480630749097328,68350.41166514718,-0.007431154329076706,57611.25822732312,-0.014050600249657874
63825.93077527159,-0.008030829082931179,68538.6302358714,-0.009020981757845825,47710.06395003903,-0.013967982113733513
63825.93077527146,-0.006582735610355606,61828.83750956016,-0.007325849663752382,72933.896099117,-0.010480754546994264
63825.93077527111,-0.007515367466323197,57070.01176426911,-0.009287991483897695,55411.5475421108,-0.016313993336705912
63825.93077527108,-0.008486298496607203,65276.59935229898,-0.007647565674141155,61132.39570636571,-0.011427238335295575
63825.93077527131,-0.006935831817085791,61209.32351622095,-0.008822119001708262,73849.18260771995,-0.01952468578087596
63825.93077527129,-0.006923832793212736,72895.33991357345,-0.006974143602914928,62198.70106741946,-0.015270896602682993
63825.93077527127,-0.00875709137803693,59228.20251471225,-0.008210202529549515,72811.04026149177,-0.01461105470589985
63825.93077527124,-0.007350409406443048,69299.16235416818,-0.006144194599409736,64357.77132672491,-0.01591640093334079
63825.93077527147,-0.006088408125409117,60028.91504267372,-0.008830744888862707,50446.144767477235,-0.013203698709409517
63825.93077527155,-0.007527757533685064,62239.42662667978,-0.009274024135727532,40879.262316791566,-0.02122348445266431
63825.93077527168,-0.008202200201525844,69072.08015643297,-0.005901923514589735,57977.235335518635,-0.01532085254722404
63825.9307752715,-0.00632683267768297,72517.62958845527,-0.006079080111425217,65833.04132282065,-0.010617292701893377
63825.930775271234,-0.005996382432832625,67063.37191830942,-0.010076788190683694,59440.20596650393,-0.018982104269903988
63825.930775271256,-0.006607834350878861,62832.68255123108,-0.006865468218304249,57434.33132048785,-0.01304903900253862
63825.930775271496,-0.005504761116902457,58160.88716834964,-0.00790930604924045,70262.81053725582,-0.01612380155887705
63825.93077527118,-0.006924744876715794,66418.2276021638,-0.009014433168375136,63810.70655297616,-0.01408298286256271
63825.9307752717,-0.007606252148354198,57721.386866141605,-0.010570624608098322,54624.68623503227,-0.026079660133499938
63825.93077527135,-0.005929230231328297,59495.08132883565,-0.0069999893016152726,64089.191042780156,-0.014142523610620072
63825.93077527106,-0.007763234005236486,61690.801646227024,-0.008370428846022682,68128.8062330584,-0.011798220136666537
63825.93077527127,-0.00675721388237982,62953.93337276977,-0.007556807626888928,67035.02060199923,-0.019180926920417618
63825.93077527123,-0.007904728079364598,65776.84294881858,-0.007975385848733918,62912.70166911192,-0.014021472123344703
63825.93077527138,-0.008889160203928492,57573.29579186319,-0.007986216435808435,57807.83419344147,-0.015019849020318055
63825.93077527149,-0.006084006461606117,58665.8272288889,-0.008749852823585758,49360.75023078214,-0.014237013483880956
63825.9307752709,-0.006471395531180257,63467.567519864526,-0.006029547945523017,53689.58806133073,-0.017755917435711144
63825.930775271474,-0.0064699224362456675,61889.54416983999,-0.007014347720404213,64650.1514866012,-0.013203698709409295
63825.9307752715,-0.006006583471619531,61078.60414134823,-0.005572172054020719,61372.07890909728,-0.01403407164814674
63825.93077527155,-0.00771689725326441,73824.19004485676,-0.007142071090529001,74507.71498670895,-0.009608701084397375
63825.93077527127,-0.006846089493759311,66781.67194211204,-0.006890686827646042,52441.38794472894,-0.015442342562179134
63825.93077527136,-0.007287541617962301,68639.29742197368,-0.0095457937387452,68212.02743457678,-0.012358091569696805
63825.930775271256,-0.009977738048386642,49451.64798928402,-0.006839109960424028,66006.78350296001,-0.012523623497996628
63825.93077527116,-0.006500949079175089,72519.22928750813,-0.007411317777346382,65055.340932684776,-0.010708689506017333
63825.93077527143,-0.008544763641033182,62019.66356545849,-0.007216994117279607,61441.53233505026,-0.013214012871415659
63825.9307752716,-0.008607175846511828,62765.482033428176,-0.007179577662616898,71661.5064528113,-0.009421813280188651
63825.93077527147,-0.007434858292470925,73525.00498551517,-0.006165580721755437,68626.31089632523,-0.01390291739128846
63825.93077527167,-0.006209634947935361,64890.99268767992,-0.006535442956116078,70420.16333660805,-0.013495147081048264
63825.93077527151,-0.007648672918060373,61035.298221633115,-0.007773401192921803,67433.38906646379,-0.012090486546463053
63825.93077527152,-0.009408912926441748,62832.30766016334,-0.008878416315684645,62913.354503414885,-0.014650780116679085
63825.93077527158,-0.007811507702031539,62980.7355566411,-0.007773347554604015,58140.336632496736,-0.017424088834327
63825.93077527111,-0.009885762815880161,63456.1129199562,-0.008772306710621791,59875.14796632488,-0.013495147081048264
63825.93077527158,-0.009233053591223173,55939.41218266488,-0.008312239556135581,65184.7121584144,-0.021756657061023255
63825.93077527132,-0.008338824690096502,69919.34619225869,-0.00657435412913443,60040.49264290323,-0.017537344275288524
63825.93077527118,-0.007798724864951256,65014.07304743056,-0.0068949464075968026,61565.218347135546,-0.013105071299669091
63825.930775271525,-0.008426653726279154,67887.46274886584,-0.006512026574481022,58006.52230056276,-0.01582598323811424
63825.930775271765,-0.0067314580878103936,70317.16162017209,-0.007020685588910225,58131.226882007904,-0.013348368769552588
63825.9307752712,-0.006218687950640067,61644.50015690087,-0.0071374546884364065,66005.54413029623,-0.021633769761339905
63825.93077527113,-0.005950319621368938,67485.39671890471,-0.006914180034354955,67011.88081887412,-0.012704784096290389
63825.93077527139,-0.005637330895486348,59392.93604989351,-0.007397262926011505,63698.9204299268,-0.017334390280156486
63825.9307752714,-0.007004479194805069,73200.06022368505,-0.00834598611593751,71263.54225117885,-0.014263061143062417
63825.93077527142,-0.008492925825948405,61848.901218213716,-0.005376032286601551,51936.119783970316,-0.014798966850148032
63825.930775272,-0.008297469667312263,71240.18125583955,-0.009797465710358333,63001.43270639944,-0.013495147081048153
63825.93077527104,-0.00728256525938753,60830.3934917595,-0.00636437371674492,56694.08693485239,-0.01628968609889414
63825.930775271285,-0.00766723755061971,70747.17956047597,-0.007771135338003554,76236.75622358534,-0.01837886623737872
63825.930775271096,-0.006444663363798564,60693.441982806224,-0.00926133965595366,44126.21022823296,-0.015100332591086674
63825.93077527112,-0.0074432452269025395,57828.59946739079,-0.007219236301103438,60221.64826520316,-0.013459820714241677
63825.93077527135,-0.0076763753272155455,67590.88170427048,-0.006630815439989113,62923.97100836258,-0.013267522879791382
63825.93077527131,-0.007577429550777781,61918.05109279047,-0.011193947236290858,66643.4688725481,-0.012616988760245307
63825.930775271445,-0.006448819428442332,73643.37422839539,-0.006666206367510252,55713.107852869,-0.015543340882352985
63825.930775271656,-0.008066474455073691,55462.73430467984,-0.009467040671015448,51103.49588778884,-0.013566260370946992
63825.930775270856,-0.008486085200887339,60403.60549509289,-0.005921206589738381,66619.02714978132,-0.012498553981689864
63825.93077527111,-0.009493334549400823,57573.69351105357,-0.0074252790995839035,56231.38708722422,-0.02088475558444658
63825.93077527119,-0.009017307064156599,66541.07897790124,-0.009215143405079784,54786.56391908972,-0.014361100509370228
63825.93077527166,-0.007386707266542225,66967.26596540301,-0.008448302495943083,81835.82591978491,-0.014046957890886946
63825.93077527127,-0.009343839279774002,57347.132656240894,-0.00689405514602659,59677.20476239555,-0.01727293258404894
63825.93077527145,-0.010439853987359027,68320.15480645381,-0.007459093858767862,81758.68081116001,-0.02420476986231823
63825.93077527128,-0.009306594590702377,76800.17570742834,-0.006428628028011141,61656.8219018458,-0.012433874284512259
63825.930775271445,-0.005761814411853194,62062.99867898583,-0.010893855217111392,80542.54875042384,-0.012092879944003987
63825.93077527125,-0.006434520141654798,62163.94873762251,-0.0077720959718037275,65028.328885721516,-0.01169197847141834
63825.93077527144,-0.0071493315324207,76184.22686727736,-0.007542129758007499,54548.192005690864,-0.014237180108220393
63825.93077527136,-0.00556036233828372,67656.42557478165,-0.01126374649958406,55183.97644947639,-0.016369284433899955
63825.930775271256,-0.00913711321950772,76703.96242285888,-0.007875422337318083,63385.39845145539,-0.014207862231433999
63825.93077527113,-0.007689265979269777,59846.19323428312,-0.008004110688798693,58824.10604321003,-0.01726861608870489
63825.93077527132,-0.00836213683635334,59128.132905858794,-0.007765861311792799,60267.34427001963,-0.009844885300743123
63825.93077527146,-0.007421196424113541,61759.58119925266,-0.009190602867824693,52116.861412323924,-0.013427989095928128
63825.930775271205,-0.007980082545175904,67792.90580061337,-0.007328046591625004,76344.82762923921,-0.013495147081048042
63825.93077527134,-0.008284417555509793,67815.32257500096,-0.007807223920283768,55502.42877264928,-0.012462860761523253
63825.93077527122,-0.007402291021842755,71068.37421818441,-0.006947882108444103,62071.97019471094,-0.013479278227411351
63825.93077527143,-0.011470864687687432,59276.65719772145,-0.007580352347684283,56237.155455645974,-0.011250374987558875
63825.93077527131,-0.006511324011229336,64266.21510467422,-0.009532371211578572,70460.54602946779,-0.019436644719600382
63825.93077527128,-0.00748087027261235,71792.07831264929,-0.006660189598631683,68345.01116162041,-0.014119417300948456
63825.93077527153,-0.011995243677440648,52000.77135517934,-0.007922681929687592,61707.375523743336,-0.013215050528725403
63825.93077527112,-0.00595446120657761,60419.00826629784,-0.006069247352896934,88438.79090422382,-0.011490851477887865
63825.93077527133,-0.0061427441460462084,64536.096475445316,-0.007514655062359377,68979.66509870547,-0.013348368769553032
63825.93077527181,-0.010763058171535889,59817.42173272623,-0.010799912230740283,61346.26469071532,-0.015065215963937839
63825.93077527148,-0.005655156336557332,64050.705441748345,-0.006130943668340438,63371.69096056351,-0.012352900224346874
63825.93077527112,-0.007297097935721308,67500.336906622,-0.007255879575490676,62124.699759981726,-0.012822657685684136
63825.93077527144,-0.012126534760019347,64542.64028284845,-0.00797096747315118,69921.25629340098,-0.01179661088201589
63825.93077527149,-0.010170812581131172,54521.71710809497,-0.009818599763890434,86402.15882552664,-0.01160750987214565
63825.93077527111,-0.007686033161403594,47838.63615144348,-0.008087174123515672,58080.931154440994,-0.016968512712403183
63825.93077527177,-0.006238518729581699,72600.42391425307,-0.007649779765190767,59873.31669678951,-0.018233723828146697
63825.93077527085,-0.005507224466058891,62524.81320780092,-0.008414709656238584,62612.00056353115,-0.02078471898554557
63825.93077527148,-0.007048121555605413,68272.29437983836,-0.009300258732261923,58246.90701696891,-0.010617292701893266
63825.93077527106,-0.0077997985502543665,61959.59579969979,-0.00683261828626569,79522.32472366739,-0.012479647723137699
63825.930775271074,-0.006528181182775872,61656.416650103805,-0.008390917721592062,60811.24406293885,-0.012954323782762511
63825.930775271685,-0.008114665939126908,66748.72869954476,-0.006282042837748691,63969.97323346379,-0.008781069417238996
63825.93077527115,-0.008007584196931927,65803.14537632822,-0.009501407481974589,68794.44705324918,-0.015040857607782399
63825.9307752715,-0.007243420644304499,64322.91904491627,-0.005580645164838027,65772.75090140826,-0.01250606731404802
63825.93077527121,-0.0072124170429328505,62979.81949353402,-0.006693039887530561,52166.554819702294,-0.01930979928024401
63825.930775270965,-0.005323325445174443,63236.9250868401,-0.007082210072649642,71677.33693663987,-0.013732575051217388
63825.930775271554,-0.009407414147817317,66668.65407107501,-0.007773459667776317,70583.06906716555,-0.015289895326460967
63825.9307752717,-0.006683606492790095,70707.6570772019,-0.008151557210879568,72071.63396528437,-0.011529945431077993
63825.93077527111,-0.009184037258100908,63531.751645135104,-0.007409890853746215,68778.83368652711,-0.01881062459787619
63825.93077527152,-0.008182237902736533,61485.78117870091,-0.007040749868939211,44265.52755163641,-0.017586061340117753
63825.93077527135,-0.006883823825650892,61529.267653715186,-0.007407250532113885,65375.76855970657,-0.014633356028385447
63825.93077527145,-0.007913961963270433,68004.66064374207,-0.0076265973550169175,61627.27739079773,-0.015637902313027974
63825.9307752714,-0.008014027444460003,60187.699278333144,-0.006788132550597625,79164.09818499595,-0.013495147081047598
63825.9307752712,-0.007303123775836751,63869.96693152568,-0.0068955224852793595,81758.0917866155,-0.008781069417239107
63825.93077527121,-0.006419642017874039,53349.68819494202,-0.00742354244367549,66817.32771731404,-0.009013157930212623
63825.93077527095,-0.010135397923895506,67573.51007164155,-0.006549022554766526,45800.279271182335,-0.015348377627267817
63825.93077527126,-0.006255314288645675,55430.35333084828,-0.006424145175098928,70957.30796086036,-0.010752084804486972
63825.93077527082,-0.00775050444259584,65554.41730684377,-0.00812512470231197,63266.717668626734,-0.012899108367691037
63825.930775270725,-0.008029960297226912,58592.26800848057,-0.00909536366885999,57171.46545312929,-0.0166421834941215
63825.9307752715,-0.006958333283148099,58252.02588157187,-0.010245036545554642,63878.09449659022,-0.014143799728300599
63825.93077527153,-0.007174116034308287,67474.11196232634,-0.006468773647653192,49783.509204839196,-0.027252509897136346
63825.93077527113,-0.011090788230678883,52175.807596279024,-0.008488485457440187,61682.839836048144,-0.01427043032094466
63825.93077527167,-0.006049816866301794,65146.220675025346,-0.00697639624573132,54843.410080942194,-0.015441381306905977
63825.93077527136,-0.006265222808966686,74199.66925306359,-0.007355145015145004,57647.627949406306,-0.011796610882016001
63825.93077527147,-0.008916841176686008,63913.81166128116,-0.007288465193773241,57603.876855956245,-0.016855138664476854
63825.93077527143,-0.008324349478209037,66309.96661328754,-0.007778204891783158,65499.0579446743,-0.013711613927580912
63825.93077527169,-0.006493074968302426,66229.44198964532,-0.006817928082389901,59379.32506980757,-0.013698794645228052
63825.930775272005,-0.00912195405825933,59328.7043707441,-0.007197452586608644,74591.23500630746,-0.014402875829686135
63825.93077527133,-0.007893358977763776,66535.85496560945,-0.006955217736253627,47939.1249707449,-0.014211642607314334
63825.93077527169,-0.006192526896737993,69884.80831389454,-0.006886272116560677,59088.96670081901,-0.014001060238557628
63825.93077527129,-0.007454177874471224,58437.40686777069,-0.007092125570946739,84457.96390086183,-0.016202865258343135
63825.9307752715,-0.007801119080393382,64130.255442716836,-0.0073683208375022735,64144.37863592555,-0.014428527709141048
63825.93077527115,-0.006830489405050377,53840.729147776685,-0.007385845835191862,81638.42871886685,-0.013049037054482127
63825.93077527153,-0.007345941977034087,72892.76042939459,-0.006413762890552399,66262.90784326638,-0.01944546050406437
63825.9307752712,-0.007525873288193652,66092.86507598065,-0.008127198958247761,74551.75247187741,-0.012168973907981995
63825.930775271176,-0.010614387957117222,73097.16292651264,-0.00674054540537139,49880.44828359671,-0.01000535444038575
63825.930775271525,-0.006433515245482524,58959.26041462462,-0.009488660543249483,67802.42628670763,-0.013358712443054088
63825.93077527159,-0.008076365920891004,67995.2803755886,-0.009483086950959119,60662.73492473045,-0.01467152714951625
63825.93077527128,-0.007026568611189332,73071.43970201872,-0.009150407295126062,62995.191452154366,-0.017210977958767804
63825.93077527142,-0.008656366820856243,65637.06195744136,-0.008754563686378725,71535.2445565153,-0.015911137750202142
63825.930775271496,-0.007063208643545926,68977.20529692838,-0.010362610133999861,73696.27805187266,-0.014659358811829448
63825.93077527096,-0.007213612496691724,58369.224836180765,-0.009629117244798091,64005.62011613393,-0.012312792786902671
63825.930775271474,-0.005751128788932136,62183.445024301036,-0.007081671714290305,62909.18120864976,-0.010147663235985815
63825.93077527101,-0.007634050248447766,66411.13885944938,-0.008699341160653518,55406.85156253666,-0.011326061243437269
63825.93077527122,-0.00767065866828609,58833.149922094875,-0.007979059025010282,67850.88066916855,-0.01599214456621889
63825.9307752711,-0.00869181583171652,65290.79229035854,-0.007803566197096212,67814.41564142628,-0.015430396205412644
63825.93077527122,-0.006769453660357638,69660.39028776521,-0.006750791266618816,53139.137045475225,-0.015573569257380737
63825.93077527131,-0.006162098710372987,54270.3268562582,-0.008712506803423725,59963.95261223722,-0.014289338926540163
63825.93077527144,-0.007931484393520205,63178.33805268204,-0.006858295699164296,75092.38576222694,-0.014213978064090083
63825.93077527154,-0.005820627310335613,58141.652643309346,-0.00692609920602949,60803.87134103948,-0.012094821256278587
63825.930775271605,-0.005900167341177487,53839.91427647985,-0.006239912681246129,59517.543102961754,-0.012899108367691259
63825.9307752712,-0.006819276746121372,63472.69846096394,-0.00817690665612425,59098.25177972276,-0.022602856852578346
63825.930775271474,-0.006762973782519999,65659.22163391755,-0.00918594494627678,55221.48811749655,-0.01702237759946179
63825.93077527116,-0.008113430797169086,62815.32268677284,-0.007261810584270889,79081.04909025367,-0.009969735616901176
63825.93077527093,-0.010551529179573915,65421.42802773971,-0.006450513803373026,50151.5557847025,-0.02472440823712363
63825.93077527109,-0.006965627287962239,70906.28329450508,-0.007406062646201028,57209.462074515475,-0.015384843910025925
63825.93077527139,-0.008159722755007315,71049.96622921582,-0.008891605822272108,63936.5327985441,-0.01427370279050455
63825.93077527154,-0.008339278346285117,65578.06198121532,-0.009185765684586733,62614.23634620019,-0.01403030451685705
63825.93077527136,-0.007488355669291735,71218.15204217737,-0.008411302393863895,66441.70724084458,-0.014158880605086743
63825.930775271394,-0.007665043884683365,61452.97478853549,-0.008279417258379662,75811.73870953638,-0.01638996977429985
63825.93077527137,-0.006305489138014542,57986.662401475165,-0.009574461893901098,52865.98386164771,-0.01328232790891426
63825.93077527106,-0.008931763647573199,61411.12607542492,-0.009758320663187159,57840.93192111572,-0.014981867185766218
63825.930775271176,-0.008443271173054212,70350.43101109342,-0.006781828227592546,62468.76194794233,-0.01896777674023764
63825.93077527133,-0.00789073473816082,59651.35023067311,-0.005491295443441624,66445.15419399255,-0.012010999094631769
63825.9307752714,-0.007218476907716931,63691.94777782381,-0.007769985895044518,74873.54052183228,-0.009820623275501705
63825.93077527146,-0.0068162254812726975,61698.70224409031,-0.0071290835699567845,49285.8919757091,-0.017719259555526112
63825.9307752713,-0.006305293489757391,67661.37939364488,-0.009697320533293752,56268.959890460836,-0.013532116280089879
63825.93077527087,-0.008817266963873416,55816.91563849471,-0.006783246594459613,67714.16835421835,-0.021132586826062782
63825.93077527077,-0.0077908740369382334,58945.91742134928,-0.006546445799930356,69059.14558337595,-0.012482113251220173
63825.93077527141,-0.0062076930192170865,67979.49746446639,-0.0070189209882979275,71414.86548660528,-0.011780620489977411
63825.930775271205,-0.006250541331856985,68248.7457673092,-0.009012864813327859,69532.92800154675,-0.0180755547577085
63825.930775271314,-0.007493032014925127,57970.94844656044,-0.008518145189916781,72441.32995602195,-0.012550165639121369
63825.930775271496,-0.006426101396601269,59057.12735502867,-0.006559060035317699,75725.95218468216,-0.012398981924389041
63825.930775271634,-0.0070893089360465344,68200.12922037486,-0.006428504325016515,58661.04658951623,-0.02137106303347458
63825.93077527139,-0.007740067124320071,69151.78880843446,-0.00691467634577192,71442.9264064917,-0.014942782522720965
63825.93077527124,-0.00792999812431805,56629.78650220119,-0.006417316822083463,50315.7994056009,-0.015563222286014478
63825.93077527126,-0.007502425340767616,60168.392259964385,-0.007394608258984192,68657.47997560572,-0.015656623180685725
63825.93077527181,-0.009780807402918867,55965.38501155509,-0.005904234704868894,60823.29380521966,-0.011844564961848936
63825.93077527164,-0.007807037158623742,61778.77185720917,-0.00824988085288958,72773.9496880982,-0.017081334596114273
63825.93077527107,-0.006631247567866372,75117.37439903176,-0.006694175171572558,65399.79627241289,-0.023263621338724172
63825.930775271176,-0.009383625724646127,67237.00285550358,-0.007594016745124388,68590.59143387056,-0.01374569620635302
63825.93077527155,-0.00808135853099734,64198.92850858969,-0.0103422433025675,64579.43710198389,-0.01567866597991996
63825.93077527129,-0.0067037358934172175,70582.6125638103,-0.0067270126703180555,53521.875394569885,-0.014732833135917112
63825.9307752712,-0.006376035310949435,66756.38796725046,-0.006072068095630101,64604.88494622537,-0.01579299415790092
63825.930775271416,-0.006044908318500686,56864.30411409888,-0.007185518670574487,61081.419274514796,-0.016186828730825664
63825.93077527161,-0.008123431469871378,74133.24492127699,-0.008565665392368249,74880.71939848825,-0.017371413875204467
63825.93077527152,-0.007905140812585643,57362.25343307942,-0.008165143093578187,58942.315358814936,-0.016409013188952826
63825.93077527127,-0.007688630385772721,64973.19290507641,-0.00845620033605321,61675.6854007377,-0.014522316285906833
63825.930775271234,-0.007431764805647001,56377.826079408595,-0.0084291659520761,72371.60963532778,-0.01514734404561302
63825.93077527125,-0.006980858392003131,71739.90516342736,-0.010751850296919052,55504.84625333472,-0.016368585187204743
63825.93077527146,-0.008167771105759614,70512.10927086597,-0.006521658150150822,50746.257799617975,-0.013492480561817177
63825.93077527155,-0.0122039287993716,52713.797868663154,-0.00752563681397489,65201.493621218535,-0.015730763857048635
63825.930775271176,-0.007095157991444889,60624.82870463048,-0.00646561605875684,62362.6570191653,-0.011561185921759254
63825.93077527092,-0.006518928285883074,62122.38543567825,-0.008133413181142357,63762.89842051884,-0.013242204328480778
63825.9307752709,-0.008246090930364658,71990.07076962857,-0.008623246493146941,72484.6564304921,-0.01386128132040687
63825.93077527105,-0.007368129421732261,77193.9315356531,-0.006645343373991142,59843.03786773251,-0.013906139129940542
63825.93077527129,-0.007451107488709585,79386.4115388023,-0.006568145722940177,47929.5775616135,-0.015466881276060218
63825.930775271336,-0.008122333833733508,67563.65726515048,-0.006171620274677103,61109.79565715902,-0.013895366945494536
63825.93077527126,-0.010154156176962137,58542.46079726908,-0.0070995950420218445,72942.52945559882,-0.010472815070640684
63825.93077527141,-0.005777509804311132,63275.32023734832,-0.010126400571165206,67107.31769880079,-0.012060761986952828
63825.930775270994,-0.008905295317847006,62735.06664192996,-0.007421882307348193,63108.6144018654,-0.022410868568783826
63825.9307752711,-0.006261884540026408,63799.40213295425,-0.011234358307150583,64346.528403608885,-0.015133900822199786
63825.93077527125,-0.013482931391154196,66952.75722269487,-0.006800806632345058,54370.523234959655,-0.015381105125100158
63825.93077527152,-0.007011890070964699,62126.4555952348,-0.009259130055673692,64830.870227627005,-0.011655267523197899
63825.93077527148,-0.006377481961308495,65132.446372574384,-0.009553838945689619,78998.23833785475,-0.015766149954374642
63825.9307752711,-0.007632955420839527,73512.46777163443,-0.007304409356148178,59492.68927695061,-0.015047800769138253
63825.93077527149,-0.00686610269844401,59477.088597546266,-0.007176576124340084,68611.1625808158,-0.013204365083739233
63825.930775271205,-0.006923586235575319,71549.07464807712,-0.01078937701244409,53909.710343275496,-0.0163838274067708
63825.930775271205,-0.006698984892355209,54897.4721837845,-0.007631395048112943,51761.274142636365,-0.015811644967407834
63825.930775271765,-0.008238846364059693,56923.496542023844,-0.007298228320765765,77822.54783305615,-0.01295810356046001
63825.93077527131,-0.007787088827432176,62046.467150772965,-0.009341888469095894,56123.35149044709,-0.014444590277986946
63825.930775271176,-0.006433111701716898,76587.7881257557,-0.008230699603328784,61929.43551108704,-0.01258387831361274
63825.930775271416,-0.009499562110502846,64033.761476192776,-0.0074648743842183896,59101.29211021208,-0.014057572829600962
63825.93077527123,-0.005944064040189545,65177.508307599,-0.0059604534100469175,63275.61436430054,-0.013430107104715705
63825.930775271125,-0.0070360727506479925,57335.500713641915,-0.00786627079496982,69137.74509490172,-0.014674131933242407
63825.930775271496,-0.007825518186685976,63206.03420807181,-0.007094242060108669,55693.9041430933,-0.01182435510771962
63825.930775271445,-0.007580359032589801,67282.08536662023,-0.007065336116935272,64525.60004321048,-0.01482449747952419
63825.93077527135,-0.007397144749515694,68417.48515610128,-0.007052627700818714,77986.17117305782,-0.012863312683455308
63825.93077527149,-0.008718604382827122,73643.65782790589,-0.006320357612256355,59911.64280506268,-0.013654251355099456
63825.93077527121,-0.007104595706711625,61250.133644676054,-0.00653497711370965,63691.73209326732,-0.01289910836769137
63825.93077527113,-0.00800179839372539,58685.92359641233,-0.008444992408593865,66697.75365546987,-0.011796610882016112
63825.93077527126,-0.006701900930069837,58675.83052793288,-0.006474881368038421,45485.46702655888,-0.017900599772659453
63825.93077527116,-0.009607611559977136,66423.04866369984,-0.005847140066879586,92677.63276112688,-0.015837546577183836
63825.93077527131,-0.00654684706225328,56795.3926799276,-0.008126164404594682,74562.52782534645,-0.015995735589193094
63825.930775271016,-0.006315733345185537,69928.81806851737,-0.008432081328997643,58779.31910822821,-0.012532043666028114
63825.93077527149,-0.00800511404775417,61200.01090363435,-0.00816080700918509,70599.92528759937,-0.013736411200029441
63825.930775271714,-0.007044881273393977,68870.00296856549,-0.009166264959410086,66829.1706701043,-0.014810927979333921
63825.93077527175,-0.006384969388977146,68208.12689973174,-0.006835682489157779,51333.77187622307,-0.012899108367691259
63825.93077527154,-0.008584824193077156,52248.492284497814,-0.0073463175458229335,57794.88656690527,-0.011313453142405061
63825.93077527144,-0.0067955074025434214,59242.760064226655,-0.008233961999781547,65968.43385735869,-0.011603249410003902
63825.930775271554,-0.007236612987726376,56979.312740675094,-0.007164335180389836,80747.32328917776,-0.015432143494351513
63825.93077527137,-0.008736773748460491,64635.560616209266,-0.007194899470403082,57136.73566660607,-0.017975925749936006
63825.930775270834,-0.007174853588382324,68545.19370190278,-0.006089012780257863,52483.103800605575,-0.015727532621925167
63825.93077527103,-0.005846152825861983,85074.26915657881,-0.006048462300869195,62104.07670895373,-0.014663993334123826
63825.93077527128,-0.007459872826345859,80989.35394811914,-0.0067482773912797,63104.19150884659,-0.012751941178539727
63825.9307752713,-0.008419940430769435,73810.04543892996,-0.008215774111565488,58791.8248818909,-0.014864320571060352
63825.930775271554,-0.007652305935486381,72616.46233409311,-0.007567949690893472,66168.56715087038,-0.014682830606183805
63825.93077527127,-0.006417020688455288,70151.72945757917,-0.007795550049638611,54390.00196409723,-0.018715089281824526
63825.930775271154,-0.00796632260823149,64170.48323811168,-0.007634831181893786,72269.42310406297,-0.014404576288834847
63825.93077527124,-0.006696274365656563,62563.335563297005,-0.007040882979992946,46556.604761350354,-0.01473943395658206
63825.930775271256,-0.00982599906485404,55354.63445225233,-0.00729627516064657,58101.816287463786,-0.013688356854243855
63825.93077527129,-0.0072411995708728805,69295.78449691253,-0.007704037601304559,86609.60486325544,-0.012641876839321498
63825.930775271496,-0.007793650972571453,58652.10638313117,-0.00692352918509842,62167.652146557484,-0.012459320760757175
63825.93077527126,-0.006724589451033158,65722.48308322998,-0.0073922680005098496,79097.89132153544,-0.008781069417239107
63825.93077527185,-0.0062968645359841036,57999.51447314594,-0.009291743124843377,57157.915661393105,-0.017497305902425597
63825.9307752715,-0.007774662901145479,76019.1039191612,-0.006705973339814375,88388.74727156569,-0.013495147081047931
63825.93077527155,-0.007014509351105702,69205.98314139133,-0.007041033352609416,56248.89652906627,-0.015299222555104408
63825.93077527142,-0.009608908696689067,69289.69561991285,-0.006830035419655434,69275.48608946108,-0.010576949324728635
63825.930775271314,-0.008497923967200172,65427.75648250028,-0.0072669187685153736,63701.05173874659,-0.01169197847141834
63825.93077527138,-0.00737502390559186,60606.8893680086,-0.007923441902848105,81109.7702414233,-0.016200677790747298
63825.930775270965,-0.007532919152430706,64384.6216797397,-0.007425527268551613,62240.612278204564,-0.014851021783070961
63825.930775271634,-0.00674433046536016,63116.052217289885,-0.008474118764840166,65744.7890481732,-0.015512517745984056
63825.93077527125,-0.006940528165716886,66377.50448983164,-0.007764288907117556,63196.548960828295,-0.0221829794428553
63825.930775271285,-0.007373823780801203,66789.08833616758,-0.0067766112189935335,55887.23998274253,-0.013713602285585824
63825.93077527126,-0.007147306506691153,58901.56317847604,-0.008953147690349939,79967.79612179821,-0.012780174598877037
63825.93077527162,-0.007770780973999747,62320.20912419629,-0.00822174376458118,59536.24603425657,-0.02013650361797925
63825.93077527117,-0.008562433285807192,64457.74603548909,-0.01030551723338291,57986.32839804186,-0.010721123246568043
63825.93077527114,-0.006138266229844924,68942.29003470692,-0.006124737808655967,70673.29113343135,-0.013239664637226367
63825.93077527164,-0.009511897490362187,58204.49697450233,-0.008698274034138254,56407.898369275135,-0.016802668608140503
63825.93077527149,-0.007506541974736991,72021.63011847922,-0.008736881752326675,43288.02354773246,-0.02114172923205948
63825.93077527129,-0.008150293119161822,65429.29169210464,-0.006039779250096355,65493.77943149789,-0.012899108367691259
63825.93077527135,-0.007991968680943762,78382.69366854591,-0.007579107546249908,66490.8245021778,-0.01774758503241236
63825.93077527118,-0.007040672412459981,73364.61183605241,-0.007830272008889194,54317.99030571916,-0.016329212931197712
63825.93077527165,-0.006321858957987425,71391.12996258697,-0.009553930776941,71905.17594135202,-0.01199793582825548
63825.9307752714,-0.007124152143688778,63678.54818902251,-0.006629728762060916,64285.58839159524,-0.012352900224347207
63825.93077527112,-0.007042906526547932,64510.22059334031,-0.007333885574986265,59689.503097814195,-0.017885436714083602
63825.93077527082,-0.007925093056479593,69829.33727631296,-0.007107291512248981,55854.53968170668,-0.016779479390905627
63825.93077527128,-0.006263650763251194,56699.41045346854,-0.006492067223898945,69393.0403471607,-0.012979862422949129
63825.93077527127,-0.0075725568728621795,77807.0582945714,-0.006835850255412446,64175.75094674091,-0.016890224361984285
63825.9307752711,-0.008898666889080142,55051.73307364788,-0.008970774638244361,57982.413247191595,-0.01301488120373695
63825.93077527125,-0.007567315572615363,60621.33171841171,-0.008194340805019129,71707.92847119048,-0.014461919697546621
63825.93077527148,-0.008184786599827243,55196.81241271242,-0.00586252059505421,68120.65150144906,-0.012352900224346652
63825.930775271205,-0.007953766155836761,68186.22445482921,-0.007587034875787602,56089.247491031565,-0.017546746488912968
63825.93077527176,-0.006780265109232353,64337.333604040316,-0.00638327701369501,78401.19766145515,-0.026458059671871315
63825.930775271365,-0.007971587317602169,64403.971714483654,-0.008586049783103511,62629.42817271086,-0.016445213063074227
63825.93077527149,-0.0075859466762748795,69996.76778795401,-0.006236986797519162,48547.70021481032,-0.014479047601489325
63825.93077527087,-0.0068939093775913785,70439.19594882012,-0.005821089754090014,60494.2362898997,-0.01135974595506195
63825.930775271125,-0.00754769907804731,68705.92426775798,-0.008950001930039031,66393.95716428435,-0.013812295934917618
63825.93077527096,-0.006110401409046395,52020.889925811636,-0.011129094377110182,59168.334148282745,-0.011884375404265679
63825.93077527119,-0.010466766561465057,62739.67796392002,-0.013667468308468655,70386.18795726464,-0.014034700091093977
63825.93077527139,-0.00907409915337365,72451.07258103236,-0.008083952641017467,48205.6179271236,-0.021691734367516702
63825.9307752711,-0.009823814393579156,60001.50334252156,-0.006888817915753687,77311.39303529155,-0.01627617848502738
63825.93077527119,-0.007349614857292686,65240.52703191257,-0.008481625641448831,74980.98557951332,-0.009559680446617813
63825.93077527095,-0.006149084863855125,62837.27713571557,-0.011024631844782307,61436.954484770824,-0.01930051505055619
63825.930775271496,-0.008612583949836994,63062.519107820444,-0.00697635519947204,65141.589150136344,-0.009421813280188873
63825.93077527162,-0.006954974600609676,61200.05979434469,-0.006378634225999047,92649.6524601792,-0.022592334721229457
63825.93077527119,-0.009823055663045088,69611.19293326359,-0.005708613278655572,57317.795982249074,-0.014824700177265226
63825.93077527149,-0.007165526421030077,58655.07355014184,-0.006846315477398335,55212.231754413144,-0.012354134620983337
63825.93077527162,-0.007973322261839444,56210.55352500626,-0.01043339417072442,71495.1133240402,-0.01482802909123182
63825.93077527146,-0.005897321844612002,74220.31796901977,-0.006024210364804494,67499.87168887102,-0.011948702289813595
63825.9307752709,-0.005253594440664977,70033.073265852,-0.008425795067313668,55439.56516568835,-0.014560116620923047
63825.93077527124,-0.007845915102735801,59792.4504265934,-0.009177399617147919,59080.465990098426,-0.010831084295198079
63825.930775271656,-0.007451515939504105,63363.66349035821,-0.007907448446550336,63000.74896883895,-0.0157998828430993
63825.9307752712,-0.006161274432488928,55478.346871323454,-0.009023863143424848,77073.76299922541,-0.016952269596120506
63825.930775271205,-0.007599392438993546,66334.20868488654,-0.006911246585924458,61189.287256853975,-0.015448233905221431
63825.93077527162,-0.0061951693964381604,56331.03067826994,-0.008043303800916779,66693.80638021183,-0.014792476702692459
63825.93077527109,-0.00590941705538961,62562.273742472025,-0.008574068171329996,60539.33800055315,-0.02133489135268518
63825.93077527152,-0.007507022772961447,70856.57564144892,-0.005745112799645846,70704.63497422085,-0.012217035391473674
63825.930775271125,-0.0063544612804823375,62566.53510518044,-0.0071701988193265676,70487.81591472437,-0.013601917330680613
63825.9307752713,-0.0063817102895503686,65755.8624981887,-0.006491881856890425,54680.19948991577,-0.019286386823634594
63825.93077527124,-0.007341210565977363,65553.80469033925,-0.007077172103369889,72777.06961265681,-0.0141903094793846
63825.93077527141,-0.007984076443004362,65703.37543862055,-0.005802920742101203,63099.71479184906,-0.011691978471418674
63825.93077527127,-0.007506996782761122,58537.69869625795,-0.006631064787792629,62428.007744867275,-0.016691327575915516
63825.930775271154,-0.0058281325393624295,66512.08719503912,-0.006025387150746742,66419.74148473275,-0.01349514708104771
63825.930775271176,-0.006606435308375014,67553.3913221428,-0.006535192558240865,71723.49033126226,-0.012749908221584949
63825.93077527148,-0.009540534546217616,57059.570852795856,-0.007997866099387019,63407.937886733765,-0.017076356231757628
63825.93077527094,-0.005614960129387225,61254.183130359095,-0.006523490024814782,61484.642244745686,-0.015958054777446495
63825.93077527126,-0.006956832442695182,60741.474633213686,-0.006873396919936714,62017.0556046995,-0.011605721304001948
63825.930775271365,-0.008432445391090337,66759.74975592666,-0.006360999803336376,59899.38331712873,-0.01713037408436746
63825.93077527135,-0.007619511833359627,64795.562601105536,-0.006521484597398541,58046.93587042305,-0.015539884867865728
63825.930775271285,-0.006443512999136147,66237.96377224829,-0.006393631947454681,56528.585684641985,-0.0143950509031463
63825.93077527146,-0.009584328947472742,71475.84290862065,-0.006653509884155362,63637.46739213319,-0.011796610882016223
63825.930775271736,-0.006753944034034731,72352.46824403119,-0.007722778257915119,68078.10179137134,-0.022445868558271576
63825.93077527139,-0.00815511649734646,61009.90124564674,-0.006815553109567274,68462.86633595469,-0.014478974355708107
63825.93077527148,-0.007898959792657312,66422.67826269237,-0.006185606131666854,54860.652593194536,-0.015227129675668305
63825.930775271234,-0.005871063395235354,48699.98945216548,-0.007281143838262838,81110.36410529444,-0.013600410377822558
63825.93077527148,-0.011679334981952505,55444.10142666701,-0.007164842432851981,62689.30278841911,-0.019198717890246186
63825.93077527153,-0.007269892672323142,61369.768358646084,-0.007939010868357688,66625.77115591402,-0.011796610882016112
63825.93077527138,-0.009371960043759842,67014.53843524308,-0.008051983416302533,63664.157236728686,-0.015061339712378441
63825.93077527151,-0.009002060727550942,66550.97828223927,-0.007594114360096937,63837.09670474854,-0.014029346379250462
63825.93077527173,-0.005921227686858654,61716.73554613709,-0.006859458110093253,62314.67137976654,-0.009758124309108607
63825.930775271525,-0.007245054597596057,70535.79806844257,-0.007278460544179244,65356.78123174069,-0.014432027856644103
63825.93077527094,-0.008417211877413178,53057.20833412627,-0.007098123142073254,64091.900621399225,-0.016910776053448262
63825.93077527079,-0.006883441425209691,67315.11299235087,-0.007603443495028728,71108.63355218586,-0.014846195215406977
63825.93077527116,-0.006050182475044408,71513.53270630626,-0.008883288361108188,67864.88935462791,-0.016215315497354
63825.930775271736,-0.006487899988372292,62422.62056227944,-0.006672767710099281,57193.147834423835,-0.014371000054472338
63825.930775271525,-0.008183775832587226,79541.59837163906,-0.008984626357288472,53341.42895046972,-0.014404943033601514
63825.93077527105,-0.007209815835624411,63442.384353407084,-0.00804017039815319,60941.581940317265,-0.01532566275086833
63825.9307752714,-0.006916938550116214,69302.29247490256,-0.007001270554797823,75217.30690757354,-0.014138851534660879
63825.93077527116,-0.0074467122103291095,68931.41953102121,-0.0070187984191011354,64928.071907020494,-0.0197456794378007
63825.93077527114,-0.007126376551927716,56152.76993825199,-0.010666085741372955,54460.6362360066,-0.012870658431520243
63825.93077527194,-0.010423983151787164,52034.32728466303,-0.008653864281501389,76875.51209270713,-0.0160543506905102
63825.93077527108,-0.0072177321408523065,66224.26643893273,-0.0076967916222481225,57436.5770867974,-0.014915064442547199
63825.9307752713,-0.0073121237404584205,64328.608608170915,-0.007109922136911528,59392.57527260172,-0.01719401857926295
63825.93077527122,-0.008646331893409243,63163.64501589241,-0.0050343134428104674,65602.71196540368,-0.014603968116078558
63825.93077527135,-0.00780014008964125,61838.08868237572,-0.006942999426325036,62034.4345974181,-0.015726522081587868
63825.93077527109,-0.007331474367631485,69829.19450551165,-0.007436845463347219,67156.45108813433,-0.012715350514264312
63825.930775271125,-0.010705679147092528,78707.47344573351,-0.008012473031515088,59876.10024201089,-0.01832446456036274
63825.93077527154,-0.005798461022106793,66380.18621480299,-0.007555776083044918,65924.0410988082,-0.01528993661595146
63825.93077527099,-0.007216526881221652,57318.59174089191,-0.008299728148641439,56132.47592365939,-0.013934707381513034
63825.930775271416,-0.006887788147773355,67245.05240204264,-0.006522292470361513,64993.90982773604,-0.013839550838204429
63825.9307752715,-0.007719361478093711,62991.65372194471,-0.00909141986240436,58504.16925938691,-0.015175398550396069
63825.93077527084,-0.007591569183749369,66543.18662269553,-0.0073725298839807385,78002.54692874056,-0.015683586464346533
63825.93077527125,-0.007287200490017853,57918.40258992393,-0.008791594016708149,61890.59809890732,-0.019519044568624744
63825.93077527143,-0.006625483733192605,56265.15432515407,-0.008587807809005366,54577.079792004355,-0.013710973595030151
63825.930775271016,-0.007395720271551776,63309.828011178,-0.008250294244974699,62834.89127354887,-0.014477246477900496
63825.930775271234,-0.008715431783080319,60207.1203565162,-0.008031079055333179,67315.84000314162,-0.012899108367691259
63825.9307752713,-0.005984078024542927,63844.84823635486,-0.007575734426494063,58813.17268758527,-0.01938370024291103
63825.9307752714,-0.007459426709670036,67043.27545581755,-0.007548474630181712,61896.85159874036,-0.010708689506017666
63825.93077527161,-0.010496312337046287,63436.93308478398,-0.007761550063589251,64400.277881089605,-0.010285036631318856
63825.93077527112,-0.008095499189946453,65674.19788473591,-0.007169109620615677,60535.1043781751,-0.014063879403133361
63825.93077527118,-0.008875973359735001,66587.10670124198,-0.007470536352036317,59791.128997021624,-0.01334836876955281
63825.930775271154,-0.007624555418463297,56848.492703008735,-0.007384576606966453,58820.5046141738,-0.012178412202291988
63825.930775271154,-0.008384692249644776,75961.1622069501,-0.006301558594105083,66948.71653733664,-0.0168441828924355
63825.93077527147,-0.00687903441317006,61916.19545335771,-0.007230675365895722,70950.85081641088,-0.025915043402004567
63825.93077527151,-0.007175913983224813,55388.218656437675,-0.008891140812189446,64352.14860267837,-0.009360045298997144
63825.93077527129,-0.007093608572312338,67859.92791302818,-0.00615720584727153,69380.01831862316,-0.015068976068517315
63825.930775271336,-0.008523471798659865,59832.642083253224,-0.008040427129531902,52008.91217609153,-0.014328585789518455
63825.93077527124,-0.007675153681317326,68045.17743547948,-0.008328209997668257,55146.50774884033,-0.02102549796721176
63825.93077527106,-0.007334477058551059,63408.405444150405,-0.007207673613323862,68930.39727926493,-0.012967342091162126
63825.930775271365,-0.0109832553752639,65990.28482425722,-0.006067015866765724,73325.70553578544,-0.015841535707948107
63825.93077527182,-0.006443401288784956,66770.99513443801,-0.010258636118830045,57647.14232420402,-0.016007056491916694
63825.93077527159,-0.0064457089109201116,61984.32810265805,-0.007931773233530226,52589.14239751821,-0.014244079277773602
63825.930775271365,-0.006829213961812242,59766.504153960224,-0.007949157565721565,55685.393970462064,-0.020374039974759173
63825.93077527157,-0.008066933028413326,63337.47718394247,-0.0077905689325428185,59884.51251221458,-0.011990714640874423
63825.93077527113,-0.005738295994783704,59961.96544863832,-0.0069943777063175006,70607.88238357713,-0.013031469574627863
63825.93077527165,-0.011658028700702983,58216.97662020088,-0.006620833671764026,54154.164395800784,-0.013955303403062946
63825.9307752717,-0.00679848524009008,65386.00997740858,-0.009283481645876779,72710.92324596609,-0.01643185429824534
63825.930775271445,-0.007144297436745606,69913.44956151345,-0.007470221290317269,85404.78809617308,-0.015598244737766387
63825.930775271125,-0.007163155003994559,57533.287210747585,-0.007867624092423586,79583.2664102104,-0.011036376048007002
63825.93077527122,-0.008252618421133562,58919.59866500776,-0.009903477032070729,70272.01227351531,-0.017695419798350542
63825.93077527081,-0.008361609213097587,61470.305470990636,-0.007816527478563873,62792.599486241335,-0.01575234312969931
63825.93077527125,-0.008197434683533289,58333.030718375325,-0.0063090540421560926,53561.99073177599,-0.015394347768677763
63825.93077527163,-0.006656574403550941,66803.97699049619,-0.008036841159134056,58428.08498967125,-0.017371227674826684
63825.930775271016,-0.006603963375624855,59861.99770334205,-0.008069624348843174,70770.48461477864,-0.015376437490507988
63825.93077527105,-0.007290042848862144,70922.40665170662,-0.006694115274384016,60339.14992164213,-0.014124700964406767
63825.93077527104,-0.0062829155711666695,57591.74176231625,-0.008370476666638038,75346.3025090793,-0.012352900224346874
63825.93077527145,-0.007890261188918668,62166.81405853362,-0.006864328845596179,47731.607285388134,-0.01533661619461446
63825.930775271416,-0.006078369816272522,58803.277708970854,-0.008837613753231444,59710.84338706103,-0.015632080876611498
63825.93077527117,-0.007460789517119482,64176.782915151234,-0.007684633291025644,55025.27343962619,-0.012676357730495802
63825.93077527134,-0.005583052513716158,69169.22148457357,-0.00830073141858756,68878.90929843967,-0.015286444824429535
63825.93077527116,-0.007986568969572283,52587.34287880629,-0.0069349495318321575,63511.98634646988,-0.014364229325373845
63825.930775271416,-0.008374207070251827,55044.11068426371,-0.006361508559134865,75549.90756693091,-0.012033446827501626
63825.930775271285,-0.006073375198828002,57555.53446716601,-0.007194231971956122,78110.81547492965,-0.013755409017057296
63825.93077527146,-0.00671352757310939,80399.06605612549,-0.006783124273722518,67153.64274658669,-0.01880541932595936
63825.93077527133,-0.009090957551158962,63327.61306689836,-0.007757170411515246,63913.325651350184,-0.015871491058574883
63825.93077527182,-0.007000526253809092,69386.8469385492,-0.006945740342688356,59978.59843882395,-0.010787817759149942
63825.93077527165,-0.007399586270517178,64215.937661799064,-0.008900344003090699,67303.46578852976,-0.012475405426729647
63825.93077527115,-0.008815342333934328,53047.80278356215,-0.00747314287904266,62103.66093937896,-0.020107628004402467
63825.93077527137,-0.006655719992553988,61306.51246290513,-0.00659123638683401,75135.1472644789,-0.009449176296107309
63825.93077527132,-0.00858266739956215,60149.5601110761,-0.008311640998789671,61084.55109573576,-0.009595131561856873
63825.930775271154,-0.005594503660381056,62631.31662036268,-0.0069688499386216796,67964.75655669006,-0.01864396405573665
63825.93077527162,-0.00739170668241218,57006.65881276664,-0.007892498746915999,55063.59111146683,-0.01334836876955292
63825.93077527113,-0.006715109530898711,71052.26715583334,-0.006133892367148452,59408.31217973914,-0.01041197451368836
63825.93077527081,-0.006819555330420668,66701.32397294162,-0.006953088344255121,67305.40303677913,-0.014286926741274297
63825.93077527161,-0.008505712255304942,64261.18451832833,-0.007728382084372654,62870.94773517671,-0.01306504823583976
63825.93077527103,-0.006498208878823464,57778.43399562875,-0.007340232546516834,60741.43876820228,-0.01274008261958437
63825.930775271365,-0.009843038085019185,63015.13288556826,-0.007425937324074594,57273.23547394598,-0.013243099118544932
63825.93077527098,-0.006963041345011023,62487.04466430508,-0.006313428666774978,61480.27384535089,-0.013064657732444696
63825.93077527111,-0.005970416763545705,77205.67262028072,-0.009009344969975297,64813.14134373999,-0.013574277722796402
63825.93077527133,-0.006956484567616883,72932.66020867064,-0.007939377105492529,65117.88118975659,-0.013744414490992285
63825.930775271394,-0.006651225862322918,52629.08831037967,-0.007198545176538174,70932.77076377661,-0.013929849365434066
63825.930775271234,-0.007403443321350345,65251.48710845947,-0.00652534138983718,61369.36531575523,-0.011704277935837837
63825.93077527116,-0.007172257870194487,64880.02290208431,-0.006861147053279337,71679.2463457127,-0.017133915596953653
63825.93077527118,-0.008165002285469791,60822.637810754946,-0.006548773736457347,58652.24293894817,-0.017407376072289926
63825.93077527096,-0.006985402283573916,70405.26210331217,-0.007936989963446606,80754.66153498684,-0.012337645760032157
63825.9307752712,-0.00663122688154838,76946.03681401926,-0.006251681685633059,67947.3319186298,-0.0120974422882546
63825.93077527147,-0.007850704676681253,63646.36048040461,-0.008059220039638104,69100.56148897663,-0.013203698709410072
63825.93077527153,-0.0070620954441398265,60587.42771652857,-0.006714400507351503,69771.08043865925,-0.011818446195831389
63825.930775271074,-0.00767122133780318,65480.16565119047,-0.0075066948830849745,70573.99636898104,-0.02170769298632791
63825.930775271205,-0.006546142425420842,63472.74532293067,-0.005908941263158107,56672.87150495566,-0.010866812460502584
63825.93077527161,-0.007571924424814025,62484.058872976544,-0.007344127677992862,67770.22417404971,-0.012753184623934377
63825.930775271336,-0.00613447457682581,64911.98930753077,-0.007167296615367302,61531.76252641994,-0.02205600798724372
63825.93077527145,-0.008080973198492769,67156.85051615092,-0.007675975811009983,56682.387628974524,-0.011615829111130238
63825.93077527152,-0.007629935430361057,59799.36047944708,-0.008618482559527463,55763.58376988123,-0.013383568360581077
63825.93077527127,-0.011424571052178756,75912.42867094136,-0.00768027402371263,46400.52558661141,-0.015685374668399588
63825.930775271234,-0.006608938548910093,60555.452716958054,-0.0063753440933828065,47196.87520178855,-0.019726476431012885
63825.93077527127,-0.007252639462676735,60680.56374002928,-0.006734038075759119,66825.80453599452,-0.02051779291671474
63825.93077527116,-0.006671792593527903,69380.88224536435,-0.0063963632484063115,62220.617163617986,-0.016919322253422298
63825.930775271714,-0.007098806276105041,60163.20053990861,-0.007354366808298485,70719.55365352427,-0.018489449691948323
63825.93077527138,-0.006816761381922776,54811.32438218927,-0.007816087924250925,60033.84313095215,-0.012273355772517869
63825.93077527168,-0.00654587667838491,76304.90484811702,-0.008279844728003471,57107.200273045244,-0.013943760770856684
63825.93077527151,-0.007440294432731531,65208.53953812009,-0.007801455824421266,71060.6515814381,-0.012762412646486032
63825.930775270994,-0.007264011027721451,66021.62700912441,-0.0079422992050181,54250.79444351391,-0.017776801550683063
63825.9307752715,-0.006414379341310283,55054.57806638331,-0.009902240817351138,73024.5609866172,-0.013740786094189272
63825.930775271016,-0.0077103719223207134,62754.40962387169,-0.006518369193168616,47945.78029513992,-0.013118062345041537
63825.930775270965,-0.006492736312973091,62416.24181743107,-0.006465269803483276,66100.93600615537,-0.011589841194762696
63825.93077527125,-0.011013205072333943,65727.05089243772,-0.007059597772649084,72881.99517641458,-0.01270635152825872
63825.93077527117,-0.0068076789782688385,61436.19440173757,-0.006914447660324008,67558.39775551623,-0.018114200016656756
63825.93077527126,-0.006529289805508265,63735.17180753757,-0.008434846276708208,72117.99125684386,-0.013324088290671665
63825.93077527125,-0.008398285340516232,61810.11640388794,-0.007541160025778093,79118.13933127,-0.013391463718626984
63825.93077527169,-0.00706841089288468,57879.02849226861,-0.006940142995948473,54353.487281709466,-0.013005565194678104
63825.9307752714,-0.006765787174834115,68626.0156426084,-0.009862743639482474,77958.89459146839,-0.013713939107583117
63825.93077527144,-0.007195080179631996,53687.37233824123,-0.007695169603401331,54931.86068803912,-0.01355015980996832
63825.930775271016,-0.005839487463413229,61947.692048906516,-0.008205308249159105,65171.72444675914,-0.014358509175685485
63825.93077527102,-0.006845274845495686,60686.75478462595,-0.005774594818941936,68259.32488721744,-0.020116950045499293
63825.93077527145,-0.008723380723373975,67315.8596874781,-0.008403914809921753,77040.24880887955,-0.014545016357303875
63825.930775271496,-0.0073297446434305025,66529.69500677017,-0.009553053209616191,68814.02857197111,-0.019980822991977232
63825.93077527136,-0.006669920354123504,66259.57866172411,-0.006868065593965023,76632.22416696294,-0.01973539044108019
63825.93077527122,-0.008362941198176377,59100.183523095606,-0.00828132053502817,66327.98079576975,-0.015647961201541882
63825.93077527114,-0.00785349794129464,64160.73885734716,-0.008638209536904529,49215.56433059317,-0.019931263469318616
63825.93077527131,-0.007804532523417174,70974.30778493643,-0.007820262296761582,62600.402256314825,-0.018481295076584914
63825.93077527109,-0.006347406218677687,76187.5865826351,-0.008102473777641395,56877.89254906381,-0.012580533447736353
63825.930775271445,-0.008864321290536936,60092.33019964304,-0.007705636192933629,57387.720511485386,-0.014777057327154064
63825.930775271045,-0.008351778849797986,66719.1533972585,-0.008944614848230281,57603.46942214546,-0.017928950793611342
63825.93077527108,-0.007070361382787493,62886.51317996986,-0.007436361851280049,59976.78030743874,-0.013495147081048042
63825.93077527116,-0.007965341571636864,67870.65405009211,-0.006621016927098267,62843.15524328121,-0.01307076117293926
63825.93077527097,-0.008109071220875896,60055.66607232752,-0.007146278446001242,59029.87751808744,-0.012899108367691148
63825.930775271125,-0.007078300405362281,71407.0341506086,-0.00831860775860771,77290.25957555296,-0.012206987244521295
63825.930775271234,-0.008416897648518828,58753.980778485064,-0.006653353932188133,52948.48452819261,-0.014995880173068632
63825.930775270936,-0.0073795894165504805,59854.60621816118,-0.01245764542386929,57900.0691824359,-0.012217035391473896
63825.93077527135,-0.008476138779025533,63150.8467354074,-0.0069885649030444474,60059.96680141328,-0.013495147081047931
63825.93077527122,-0.008312493086947037,67837.50843592208,-0.00776056634418032,57458.52070568537,-0.014880516825174994
63825.93077527136,-0.007529432264909985,58091.58078456107,-0.007071772277946309,42584.75260101907,-0.014703858283731552
63825.93077527151,-0.0071536549795077065,80191.71385474353,-0.008811826635148123,67265.31188642929,-0.010938375966205283
63825.93077527118,-0.006622794340449545,59009.9226687432,-0.008395631824291483,58199.849059915905,-0.01434333082442718
63825.93077527115,-0.007043806042183354,57695.77278586514,-0.00784310805715227,61793.00485691148,-0.015442661568532023
63825.93077527108,-0.007711061229498939,68197.34820042246,-0.007592216832990939,66544.88936968689,-0.015133954760402024
63825.93077527092,-0.005799939204829685,53826.63216622062,-0.008007501178913023,57652.57417169868,-0.021705213136670287
63825.93077527154,-0.007463483982337649,56571.79603644558,-0.010816852247876318,58298.177083896786,-0.02291407175066107
63825.93077527148,-0.00640653086927756,75182.10867235811,-0.0069779429164442686,63827.560800859705,-0.016172431457794012
63825.93077527136,-0.010224791182791737,69528.78966825725,-0.0072820248878184834,54927.56965352972,-0.016492809198250025
63825.93077527085,-0.007946253731836328,68554.81962724186,-0.008422429442341173,64918.4218435407,-0.015029404417704506
63825.93077527139,-0.006431450056415322,67899.2327691897,-0.008189208982735896,79594.22697992095,-0.012045782831508256
63825.93077527166,-0.007709726695498853,73290.064472812,-0.00684365573495338,73993.66297615269,-0.015462858782221645
63825.930775271336,-0.007430855778243539,55554.762977435275,-0.0066787015842532105,64470.17958918581,-0.013709541441610296
63825.93077527123,-0.009715616644762282,66986.61243585138,-0.006444441140901036,64173.29308066392,-0.016131416046302638
63825.930775271314,-0.007142996499156284,63654.19915108038,-0.0076560471275042286,70928.36508624488,-0.015381052559522379
63825.93077527158,-0.005878389216754876,61283.91157628007,-0.008915576975275563,81535.04101675571,-0.011796610882016001
63825.930775271394,-0.006526981131599108,58260.80057251492,-0.008554491183346169,62936.31199187478,-0.015021484011510378
63825.930775271336,-0.0061342738782893536,57571.0828102775,-0.007694120969278018,55479.37848897814,-0.02053629641376542
63825.93077527116,-0.007875866029061429,62154.7945922188,-0.006949275567761259,49820.72108925819,-0.01734194363714958
63825.93077527083,-0.00808110217697422,60518.914418793,-0.009059837734971543,69180.7583125066,-0.01567546549467269
63825.93077527122,-0.0073440743612446235,62833.86772572571,-0.006513329616328445,79650.55594119626,-0.010674840017461218
63825.93077527135,-0.006441295845534767,59936.07148163821,-0.007202306773325562,53410.73023801052,-0.01433356629867788
63825.93077527113,-0.008544483845116524,60452.294025972835,-0.006882801751653234,65671.2568426623,-0.013483044458505677
63825.93077527127,-0.006892525470707844,68011.29943150206,-0.00685767911658286,60116.17279951178,-0.019847077471956798
63825.93077527107,-0.00874576698818652,66254.84279788817,-0.009519980112550619,67203.18945777841,-0.010708689506017333
63825.93077527138,-0.006539765067125836,59457.40662061746,-0.008434527797763436,69695.73543232636,-0.014584989571166496
63825.93077527174,-0.006616486085506024,61948.714339678176,-0.006967467568442021,47508.58510241108,-0.022384271118502386
63825.93077527148,-0.006005784489077293,59161.38826781205,-0.007788385635788209,56051.99120828966,-0.01161417507735274
63825.93077527128,-0.010334115672216204,67539.33967891075,-0.00723026233078794,53116.210148363214,-0.016655035086522108
63825.93077527142,-0.006282031330340443,56009.47919152388,-0.007505997039930046,60596.40202721032,-0.014053064075037147
63825.93077527126,-0.007305947542833535,62359.33947544188,-0.007031743667352375,74557.65009566296,-0.013322301326997521
63825.93077527102,-0.006897367172212454,75905.98073705134,-0.006288116705357005,72641.09324869266,-0.018958335913229263
63825.93077527135,-0.007293797605006147,71093.99984504838,-0.006792714071043315,68410.29695546077,-0.014431880393421137
63825.93077527136,-0.009364517602730715,65391.1634878191,-0.008319589265086358,62307.38445238919,-0.013953153614401637
63825.930775271634,-0.006774172833325709,68267.91311052495,-0.007973463664677993,54309.97232647907,-0.01941690800394069
63825.930775270965,-0.009486563557241645,63826.54374886967,-0.0076717296504419386,69674.41094945377,-0.013327349915738251
63825.93077527128,-0.008348306263189942,64912.36704076903,-0.005683151171200218,66576.43588407432,-0.01479747524324182
63825.93077527123,-0.007689804460545124,56729.60559227136,-0.007344544026388511,56583.62322632335,-0.016877057784039584
63825.93077527141,-0.007372570983283588,61805.632917162344,-0.006872220933227258,61846.791905124104,-0.01852953296641824
63825.93077527142,-0.01167652638029859,58244.45681191465,-0.007029431749153603,56450.69096235023,-0.013231603502418587
63825.93077527121,-0.00924723842139663,62980.13799843945,-0.01066711396666542,56233.553097578966,-0.013587451916596271
63825.930775271656,-0.006479807455491704,60349.9620135447,-0.006759153957356934,73811.38886483655,-0.012899108367691148
63825.930775270914,-0.007132446365104128,57547.21506462992,-0.009735364108788058,71469.75425785108,-0.01273040261221181
63825.930775271285,-0.008440905198561888,71698.87017121735,-0.0060401413798338854,65941.714050885,-0.015581439504859462
63825.9307752713,-0.007453103842734676,56190.581365007405,-0.007856300111190762,61156.96676167614,-0.01609995499779493
63825.93077527129,-0.012701154945694793,57060.821480345636,-0.006744563286247951,72370.20300429978,-0.016089575492916897
63825.93077527124,-0.006606141875396987,62607.44642110745,-0.007151361672579903,56728.80988426556,-0.009846465690993789
63825.93077527137,-0.008242601417584039,65575.27333931044,-0.007812156416860838,54519.44783644298,-0.016811946732932403
63825.930775271554,-0.006995413962091801,58788.33213867771,-0.007261323840886846,55943.9293701838,-0.01437571258275716
63825.930775271176,-0.006796867639242921,66703.9006297995,-0.007708066215646792,72484.67263937561,-0.01848707098635005
63825.930775271416,-0.00996686191144358,62736.71684993194,-0.006596816360504243,62929.744298689344,-0.01603983232488504
63825.93077527126,-0.010801329011532301,66222.13011069578,-0.007813242298136958,53732.751279506665,-0.015905531943198326
63825.930775271205,-0.008779569082231764,60616.13383263071,-0.007406247145455236,67768.57428967007,-0.010617292701893266
63825.930775270695,-0.00785177599432485,62275.62169444874,-0.0061042765179659675,68965.74159545665,-0.009591778201275436
63825.93077527152,-0.006752627131326072,74176.53123076817,-0.00626781457413339,59828.95230370722,-0.019622359982868876
63825.930775271474,-0.006210261626038771,55666.51594694701,-0.00690361369922643,41944.79966789038,-0.025327349892092288
63825.9307752706,-0.009999336068982179,65538.82985590953,-0.008922930394236639,64384.700681054084,-0.014834602672767039
63825.930775271256,-0.006601672472200337,66376.4937855501,-0.007373271523826164,61230.05595986274,-0.011607509872145871
63825.9307752715,-0.008133492778941154,61499.043241074374,-0.007809072157585972,70852.50148950591,-0.01456072506439654
63825.93077527154,-0.006442669510596355,67768.17231543618,-0.0073184559843179064,73986.15778157956,-0.017521167409800364
63825.930775271394,-0.006769357698860445,49495.61444875141,-0.00871795146156984,61592.79611294497,-0.01534422153739512
63825.93077527115,-0.006948763939704783,69382.22585180854,-0.0070400943106797564,57187.88498718793,-0.011368993613741551
63825.93077527106,-0.005916324512839077,72390.59236932335,-0.008159585962660199,56008.66895293081,-0.015281437274441423
63825.930775270775,-0.008214968517983645,66406.78346660735,-0.007113446742437968,61010.83534013765,-0.013651784659795108
63825.93077527163,-0.006697027861648497,70186.60082725433,-0.010078325216989148,73845.34128571494,-0.014258678151658932
63825.930775271,-0.008617719218757869,71242.01865975495,-0.007859908066113697,62361.07828808749,-0.014759518034197061
63825.93077527121,-0.007119184279319568,54817.36794698356,-0.006778080357176863,64656.65848515252,-0.013253896908547724
63825.93077527099,-0.007940593933653983,64505.05964820537,-0.007620862769433745,60333.60095028062,-0.012528488338652832
63825.930775271205,-0.006568944308440128,76023.23451944848,-0.006549829766000048,69396.20619129407,-0.014012069727142196
63825.93077527143,-0.008013357137607757,66084.55310431038,-0.009718186209013102,65309.44735021164,-0.012822737561381303
63825.93077527157,-0.006123287984732606,68498.3775906218,-0.006951251193265007,71787.17721375231,-0.012368766656659091
63825.93077527138,-0.006308719285725961,62970.523157140655,-0.007202351387575634,70277.15560924805,-0.01265973555376565
63825.93077527139,-0.006953837191629231,66036.97464073716,-0.007271892914418321,48890.211755715645,-0.010844367860524007
63825.93077527123,-0.009964074303235315,56617.767616792145,-0.008348616541167031,56051.6449061662,-0.016026298660966165
63825.93077527122,-0.007396492251141917,63252.30841400695,-0.010755810880408778,57929.37071028262,-0.01799160111296705
63825.93077527149,-0.007481659241515337,59724.84296523593,-0.007189006614726656,58320.62647732483,-0.020320498174605683
63825.93077527139,-0.007223789428683514,62765.50946824648,-0.007026214970388689,68346.49474989504,-0.013955440494926585
63825.93077527127,-0.007508859329714457,54488.357314043344,-0.007409973014408822,66109.12834572757,-0.020777098720521803
63825.93077527158,-0.010025467055605253,74777.94824785483,-0.006065496990091401,50533.7000463347,-0.01503382728731728
63825.93077527138,-0.006065562049016093,56964.244014031436,-0.007805562848149594,61744.01044308056,-0.012429771351479824
63825.93077527096,-0.005605972320455899,61853.07082079579,-0.009779631924516363,71201.86148251887,-0.012352900224347096
63825.93077527132,-0.007849694494887482,60086.067336974214,-0.007424145975794771,70892.47100688728,-0.013633808306970918
63825.93077527128,-0.007003908317994245,62410.05997845118,-0.006854180824815259,52725.84858469947,-0.0211700765346976
63825.930775271205,-0.005909595621987451,61087.69033753372,-0.006470826712862476,75102.80485823863,-0.01614912452349604
63825.930775271685,-0.006647233997868374,58228.69166482256,-0.007219901404259432,64560.5409152624,-0.011745968825352393
63825.93077527179,-0.006328733114397744,67968.7063302885,-0.006368923585804098,71887.63277653132,-0.013022335939680607
63825.93077527144,-0.006646724301918816,63700.91783337569,-0.006610524400906925,66121.80367170581,-0.010721123246568376
63825.93077527171,-0.007518309552041469,58004.93469063845,-0.0069839527990384065,50342.25057644461,-0.01645027056832682
63825.93077527099,-0.009894255809827168,68441.42068488347,-0.00587928796617565,60470.55664481229,-0.012217035391473674
63825.9307752713,-0.007475391463711789,62133.86887597934,-0.008775106599136606,81130.47994005894,-0.015793624057387046
63825.93077527169,-0.008290518608968123,72390.85872724235,-0.006390570035980647,70410.23462794324,-0.014801747177464852
63825.93077527104,-0.009037410433284987,57029.22681810522,-0.005852523346511096,56801.31421359734,-0.015408529182186381
63825.93077527155,-0.005529802438473563,68124.43148720161,-0.006222230912435789,72303.71210962886,-0.010617292701893044
63825.9307752709,-0.007269599027761475,68978.50280418059,-0.008678326366017286,59907.338475556135,-0.015436129694770484
63825.93077527164,-0.008061978252320134,60456.57992723876,-0.006512089469755011,66666.20559259759,-0.008781069417239107
63825.93077527112,-0.006733573653488922,61074.84774536883,-0.009255272201467046,58472.1874632614,-0.020809260742858715
63825.93077527141,-0.007847222294175338,61894.100903719176,-0.007273648187932191,59619.48623529035,-0.018213622694941534
63825.93077527093,-0.0111066668029709,60831.46973689076,-0.00839726077593117,54798.340457223516,-0.02154226387830216
63825.93077527165,-0.0072910536942243365,65968.973807412,-0.007882973389513603,60018.428887185604,-0.011985881889296945
63825.93077527158,-0.006145706725976474,72377.63004256386,-0.007762854322221235,82154.95006113643,-0.013407103350934646
63825.93077527109,-0.008725457060019814,52574.11711569082,-0.008991178596502336,64205.62003714827,-0.013718082279033372
63825.93077527133,-0.006052273850237766,56122.12425964008,-0.0067310324648723885,70028.88148265025,-0.01688378582374539
63825.93077527108,-0.007153856079084697,72198.74737027926,-0.007026422340650429,72537.14460206979,-0.014692169411023803
63825.93077527153,-0.007033385346734922,58421.55664300887,-0.00635832819978277,52452.953721071215,-0.012932838606956931
63825.93077527151,-0.008656197236546315,61126.31776480582,-0.008972148158513216,62863.92645114842,-0.014951265313518869
63825.930775271605,-0.0074884633665524,60598.40044376952,-0.00640962172196613,57771.43358898459,-0.017240714168328175
63825.930775270965,-0.0065514906815486995,60562.34468581448,-0.010425742506904756,59985.5278113522,-0.014898432175001752
63825.93077527116,-0.006622706167935366,66050.53718445319,-0.006794745752015441,54054.58235756084,-0.022441619128875656
63825.93077527144,-0.0073785366926323315,74215.52026368614,-0.007218184877905709,65029.28770905338,-0.01251573840644804
63825.930775271285,-0.007353697470980802,60523.54528434278,-0.007467397472481041,63571.94328940096,-0.018332085960558686
63825.93077527141,-0.008438539548905277,73021.37943011794,-0.007873811681589737,65329.00894442637,-0.013157784215517387
63825.93077527165,-0.0077299868955322815,62730.940435728546,-0.006766081056125417,65309.74383455113,-0.016248252566976484
63825.930775270936,-0.006755492576813071,63114.79758289634,-0.007203374489570091,57150.64493992858,-0.010576949324728746
63825.930775271074,-0.008454222161375702,53349.9088263469,-0.005945666114744785,54066.28091319643,-0.012941253251611884
63825.930775271074,-0.010172028551550305,66958.30251634587,-0.008364859222178223,66874.88154005642,-0.011598307186683976
63825.93077527131,-0.005409486261130914,56786.29171026415,-0.006979129331855516,69593.53996316092,-0.02070793005981586
63825.93077527136,-0.010470687601641382,62952.00940970919,-0.006807748392403168,55594.76513841873,-0.013812597349421307
63825.930775272005,-0.006658515638526374,74088.50224298958,-0.008646710908263966,60998.591686819826,-0.011796610882016223
63825.93077527145,-0.008243377756213643,49633.16664315957,-0.0067717671430918,68221.33837830249,-0.014401864380389817
63825.93077527136,-0.007372776293213423,58525.62411124971,-0.007545259923930736,40292.42492117491,-0.01873393824449332
63825.930775271154,-0.00644865397408112,60112.52656495679,-0.0074399976605173945,71622.38083140504,-0.013784540979775994
63825.930775271234,-0.007993650661532237,56319.922813537,-0.007172832048602418,67227.70308926042,-0.013844314447124084
63825.93077527162,-0.00694530102282831,71569.08722472537,-0.006418210668892033,79127.42806700536,-0.014474128052150204
63825.93077527152,-0.006696272262491809,66291.28161496331,-0.006915226579785938,81021.6331654592,-0.012352900224347318
63825.93077527127,-0.00631288400293184,64410.1362403554,-0.009348190453933647,71370.51771617668,-0.013130049571595914
63825.93077527123,-0.006725866649460066,67872.09253935916,-0.007664635012858523,54516.1522174386,-0.018124815319307985
63825.930775271016,-0.0067749028011087065,64750.195295986035,-0.01032989929952266,61052.91664921871,-0.01438471160574073
63825.93077527123,-0.007535018460299137,67571.7954076512,-0.006348359527693859,68537.48435747024,-0.012530772089957343
63825.9307752711,-0.0071927317006288405,60796.24036890876,-0.007506702230475115,74959.99310460006,-0.011691978471418785
63825.93077527108,-0.006547778839696372,67306.01968925253,-0.008644841141865034,55741.03172675213,-0.014498141045435564
63825.93077527141,-0.011867657745570082,62065.44259984933,-0.008323018655312486,75311.04904301975,-0.011758227861759618
63825.93077527137,-0.007308095876632059,64402.62507388769,-0.0073763314700395766,57029.609483854,-0.012956206982851493
63825.93077527109,-0.008018748077842752,60093.348341703866,-0.007273567424230132,64335.80293533164,-0.014060133343769543
63825.93077527187,-0.00898863551069462,62712.755168657895,-0.0075106560811821765,67991.27232053576,-0.013530435476882596
63825.9307752714,-0.00587017642623644,58582.892869169395,-0.007466287258867221,65022.33742368877,-0.015843422036456944
63825.93077527159,-0.006630718765258226,69682.80216626672,-0.007951605381310567,51327.421890502745,-0.013390842404752412
63825.93077527077,-0.006172370529827775,71083.51100310414,-0.006455314423846059,52293.26211690994,-0.019115381796825592
63825.93077527101,-0.008603931262330167,60428.17111559432,-0.008904751643390774,86060.05751794491,-0.012093362999661017
63825.930775271234,-0.007871808096102328,66037.58363248387,-0.007217644879160878,59627.53177971998,-0.01178927327842616
63825.9307752713,-0.00677871349747039,73604.22240471598,-0.005938620461001132,87847.53997862118,-0.010617292701893155
63825.930775271205,-0.007595075714700417,63968.100578049656,-0.00813673760228284,68248.21116133826,-0.015999211169589467
63825.93077527128,-0.007312995858485438,66807.00987734851,-0.007071516697164326,65046.39305419458,-0.01374780786415819
63825.93077527143,-0.006886530599769403,58869.508821185555,-0.008370882544532554,52345.94345158625,-0.015783734274013472
63825.93077527099,-0.009110629655034841,60205.08543588093,-0.007617283950206999,61224.87710890714,-0.017382738340508075
63825.93077527103,-0.010395410381369374,64252.641754164906,-0.00682988872321777,65548.97171842158,-0.013218983170280585
63825.93077527164,-0.00786887047437812,59386.975817059734,-0.008327081170509287,59492.495624245275,-0.01941924217942037
63825.93077527134,-0.00818384354380608,56217.254870237324,-0.007929826561103526,70212.01090887646,-0.018856757482611175
63825.93077527097,-0.009088806260326932,61408.60216485754,-0.007365173862392993,63333.02800874058,-0.01498796450960338
63825.930775271234,-0.007712912076694001,59244.3246820295,-0.006883349291186613,67762.87425689999,-0.014180653358286444
63825.930775271336,-0.009072960424582388,72433.42771313852,-0.009884138915648877,49632.94735331439,-0.01476702843328681
63825.93077527189,-0.006017956917411027,65262.31509441666,-0.006840861027331502,59268.78105820537,-0.013786799384001736
63825.93077527132,-0.009263382490008576,70144.01662586129,-0.008556301243961673,56403.61527748723,-0.0164096410620288
63825.93077527146,-0.00743855527893722,63442.30943158868,-0.005988666924617192,69690.58405620762,-0.013594958940542412
63825.93077527124,-0.007864064845045649,64159.20469766654,-0.008602456304176553,60434.57905837807,-0.012073366755257608
63825.93077527137,-0.005340452953010888,66943.81670720338,-0.010694603174198236,70417.3364897077,-0.01577460282884957
63825.930775271656,-0.008745991763707162,62449.44084664787,-0.009278150559039244,60332.70938045688,-0.013836239953056384
63825.930775270994,-0.0071396539618222565,59048.47068614526,-0.007936826204886449,58235.65632216028,-0.017095016022016574
63825.93077527141,-0.00685011797658619,68586.78862047814,-0.007959157939485317,56886.497801377314,-0.028385189651761844
63825.93077527094,-0.005853121329516653,67703.708011631,-0.007779500758928748,61246.00650444016,-0.01526260240969779
63825.93077527113,-0.008454874654936662,64683.84428264634,-0.007031081821680885,61008.98492772347,-0.011581798644264008
63825.93077527139,-0.005884570529343325,73113.63485016824,-0.008196636421546333,73835.80789351667,-0.013642271259483363
63825.9307752711,-0.006765115089703899,60846.75353400774,-0.006717071078294223,68894.46688439505,-0.013404287419956806
63825.93077527131,-0.0072110246496062125,67201.38262048173,-0.007989911486356749,69391.7288993085,-0.017206010311069497
63825.93077527125,-0.006231027227741381,54674.75738602218,-0.007096150800252055,64310.64269892924,-0.012607451970901185
63825.93077527105,-0.007369625403665814,52259.80918795009,-0.007831170691611433,75995.59460701968,-0.014171038773757472
63825.93077527165,-0.0067069169658663386,66546.45109482262,-0.011700836919007918,73460.08446133626,-0.014176629973030153
63825.930775270994,-0.00972987748921239,66394.76413496368,-0.0065294097701232845,58600.51077579132,-0.015821690994906046
63825.93077527135,-0.00792763709043165,71387.66396460701,-0.006947496704272194,61927.8474192302,-0.014511490921326753
63825.93077527103,-0.007587162408175474,63169.45075504879,-0.008728203867799156,58211.63629314651,-0.015964934165119904
63825.93077527141,-0.007698370358867224,51311.5990923301,-0.009398251215317788,59950.24588371927,-0.02007214093939147
63825.93077527128,-0.009044726669894199,59460.14894102322,-0.0067019579188041245,49330.16479832269,-0.014350390695732518
63825.93077527116,-0.009580785258143765,59787.65284961747,-0.005937125676791055,48638.02249103728,-0.017787058526790078
63825.930775271474,-0.0073573434644435,65764.99246011973,-0.00821176852826222,48016.92196487651,-0.014586786766477733
63825.93077527091,-0.006298603143203185,55156.639658755346,-0.007127848610776755,59124.12748510474,-0.025261435941408394
63825.93077527173,-0.011678363134030034,67674.99739558024,-0.006639219081361669,72400.94814445605,-0.014531926794876582
63825.93077527101,-0.0073878617923671674,57515.6043504297,-0.009601012239871642,69718.19030469164,-0.016479547283530516
63825.93077527147,-0.007101030329463964,74874.64531910456,-0.005551079938842518,61445.28156915345,-0.016895669333170327
63825.930775271314,-0.006763944445020709,54364.855379644585,-0.007459943070597719,52665.503549138455,-0.015307775024551273
63825.930775271125,-0.008148602604195365,53241.96702600596,-0.006826648790829171,70410.76691691291,-0.012899108367690926
63825.930775271445,-0.007185516456601926,60588.03985322554,-0.007947384166391736,69416.70103656095,-0.017198354784078385
63825.930775271285,-0.00878107392804861,64132.72688714497,-0.009440661882111567,69962.60887785487,-0.0151535989050261
63825.93077527112,-0.009143558521250372,71940.88956670654,-0.006333084286368806,56963.66523100384,-0.010892435508180753
63825.930775271074,-0.006836635594737572,78629.0124174371,-0.008073057648576576,54338.20521487001,-0.015375698807001958
63825.930775271256,-0.0064147434768899725,58893.72060159086,-0.010099575260884008,56082.42301377516,-0.017525472615441795
63825.930775271314,-0.008661845526360956,57524.53820158601,-0.00838567233905485,86430.18850274297,-0.013922427020718886
63825.93077527145,-0.006725675683499355,72108.82350031083,-0.007105999631705662,70318.2442745253,-0.013971615496170542
63825.93077527159,-0.005601984184747666,68134.58412127293,-0.006473155043661416,67015.36206385854,-0.010967732602642388
63825.930775271074,-0.00854214292496247,57822.03570533183,-0.008166248073965376,67500.1641373825,-0.014699281893138072
63825.930775270885,-0.00737126313858838,63082.98592315865,-0.008165917042110338,57625.60739440451,-0.018539995469434856
63825.930775271285,-0.007386399206288363,58343.992764355135,-0.007179359413999609,54122.999424589456,-0.01719109511473227
63825.93077527116,-0.009682567832170363,59073.698995845276,-0.0069539988310532985,74539.19473460781,-0.01334836876955281
63825.930775271285,-0.006925785587592159,60199.016737420156,-0.007536982944899018,62111.126577202056,-0.015762677408577952
63825.93077527127,-0.005872918739826982,64033.703497410796,-0.008900671277717653,45565.76250194599,-0.014770854142785894
63825.93077527139,-0.00667133548773402,66087.36500221134,-0.008686367760915026,63245.81589921636,-0.012899108367691592
63825.93077527146,-0.0071458412794164206,66258.69689817651,-0.00970438153046338,65319.78707051541,-0.016055410339670173
63825.93077527146,-0.007646715353231359,62612.17432123103,-0.007331157405414124,56125.91577499637,-0.012826553987168143
63825.93077527156,-0.006902533908400343,62878.98489972897,-0.012118713150292448,59443.36606506437,-0.014675476739989035
63825.93077527111,-0.005939985332509279,61578.89863854719,-0.006775415185500178,82384.28342579142,-0.013736863997091064
63825.93077527153,-0.007780802226845185,76640.66203826937,-0.005865773797205209,75090.82060067903,-0.021065980743319557
63825.93077527154,-0.009217629806252958,70327.29103788245,-0.006570243336751824,57266.69461702944,-0.014154106010828116
63825.930775271336,-0.00734701036474894,60005.87523614285,-0.006932034529897324,68237.7048524787,-0.013960119225089107
63825.93077527146,-0.006305025920917973,67172.65023165995,-0.009225029634642223,57472.75808106888,-0.015368977902529668
63825.930775271176,-0.006847507064050462,69070.56626004048,-0.006488771493781353,62439.95369259922,-0.014136774434148625
63825.93077527139,-0.00829047744328859,63538.199224976066,-0.009133078563183128,68926.68093903069,-0.010919606135951554
63825.93077527164,-0.005435029735151864,66082.30595789808,-0.006746409432139999,67989.95095302352,-0.012352900224346985
63825.930775271234,-0.007720419178519067,65707.60695257758,-0.010166540705438654,47682.87000665848,-0.022704785286492446
63825.93077527135,-0.006766579789319271,73130.44593007436,-0.005972394533339309,66531.50530239832,-0.012662683416141851
63825.930775271576,-0.007894145172692046,68371.88018401554,-0.00690652718864182,52636.381422312195,-0.014634411410799686
63825.93077527139,-0.008771345345788939,68114.50908882746,-0.0074995717106428605,65520.10581241435,-0.01718393668612983
63825.930775271605,-0.008045069009252726,70590.65783324551,-0.007259964989054013,53785.24249541526,-0.01615863109132032
63825.930775270725,-0.007940656969532611,55638.08187220274,-0.007418800403546255,64275.33327974584,-0.015618091528473932
63825.93077527141,-0.008503304202397755,74809.80037956621,-0.009021278482685968,58307.048087829746,-0.016371333061835025
63825.93077527136,-0.009121649680905675,57518.01245545206,-0.006880000903940919,65950.34619079916,-0.017533721939467894
63825.9307752706,-0.007636310475537145,69570.55752672264,-0.007763158425755146,64719.29989745078,-0.012542116743376241
63825.93077527116,-0.006891721768552461,67938.34362608574,-0.006203571691939969,65724.80363562418,-0.02318139761925264
63825.93077527125,-0.009203484077058621,59406.739867009324,-0.00752153168969627,58764.00339833055,-0.014773697609985592
63825.93077527134,-0.010984822675586425,67684.58379229541,-0.00897192891123244,57402.893495578915,-0.011764716852967427
63825.930775270965,-0.007191457528311518,65228.725820555,-0.008295160837889504,57050.45215148213,-0.01425275680672422
63825.93077527107,-0.008996732734254165,54345.79742558214,-0.009598414757647555,101896.88518783699,-0.011918316931757711
63825.93077527104,-0.010070957041113937,69864.65199853058,-0.010124919327835213,65047.43982499069,-0.01585814092645732
63825.930775271525,-0.006884859598875748,59616.67770861844,-0.005521329680963305,63618.94085860195,-0.019444732704461454
63825.93077527139,-0.009921810109289497,56571.97954896896,-0.006782270875207552,66760.97361543635,-0.01599141441658758
63825.93077527137,-0.007010566368394255,67552.96665455001,-0.008291012031179879,61818.73801309887,-0.012425727971240752
63825.93077527117,-0.006931846106727035,63756.72497338906,-0.0062041143522885145,67487.3503439556,-0.0158534707755279
63825.93077527094,-0.006397341624212904,72627.33118097637,-0.006637226726373124,59773.62732115741,-0.014490293647006491
63825.930775270914,-0.008427028792022395,65440.72953161356,-0.008789469492052615,51189.401167773045,-0.013601917330680502
63825.930775271525,-0.007043947848691223,62631.31752593428,-0.00832180075105493,46443.89300070596,-0.024384044104225677
63825.93077527142,-0.008628522086391532,67896.79072302794,-0.007296584986304699,59414.06604532592,-0.015105270331113085
63825.930775271874,-0.006445794718719755,56277.38363729013,-0.008727361449607174,53201.68853299776,-0.024101019994798967
63825.93077527097,-0.007490780886430626,70599.16175430898,-0.006281551276917652,59071.794267590885,-0.013264225698354837
63825.93077527105,-0.00935598968932827,59186.3207950202,-0.007687201629357543,56297.29643049155,-0.01442552376559969
63825.93077527119,-0.008348884566161119,65425.83852943643,-0.009852630777217875,68330.33436744958,-0.011886177398166442
63825.93077527161,-0.006807908225561321,57205.63292273797,-0.00641624910038241,57255.35137270203,-0.017634922915806484
63825.93077527093,-0.010400037367994996,59272.48139139345,-0.010220705684341302,62330.88933817934,-0.014082640244343358
63825.93077527094,-0.007030358605987552,48124.687019380035,-0.010283630197992721,63043.17577961148,-0.013827700188289938
63825.930775270936,-0.008006303463499287,61902.58035453658,-0.009128314768589552,53951.47979637759,-0.01405749740688067
63825.93077527121,-0.0061877803748378035,57311.44149614309,-0.006668647575187925,66362.45419732592,-0.011691978471418452
63825.93077527054,-0.006726467813736869,56101.162398364635,-0.008015819670757374,64955.12734882764,-0.014710430604293445
63825.93077527136,-0.0077540767531549815,63219.73076312013,-0.00589381667569866,53206.36787787717,-0.015451439626477326
63825.930775271205,-0.0071049506634952575,75035.22711926253,-0.0067608586298067985,65748.57095206004,-0.016779838619606857
63825.93077527148,-0.007343877362664619,85291.87603299122,-0.007684999631154654,65600.562604025,-0.013601917330680946
63825.93077527133,-0.008964732240584694,57869.794665352085,-0.010398825383361454,56988.37390894503,-0.01353322042403915
63825.93077527103,-0.007481850363630249,61404.87296746974,-0.007658638863901834,63125.43277861006,-0.013637510319607471
63825.930775271125,-0.010792641235927825,67953.24780595915,-0.007528403303838416,57379.48829184623,-0.015591611012445217
63825.93077527108,-0.0076924796918448335,67261.56474566962,-0.008187888801181598,72967.65671606782,-0.013123756534591191
63825.93077527161,-0.006522764349945476,69331.73900830159,-0.006314535738514815,69487.92815195829,-0.010704362565021053
63825.93077527147,-0.006907084989963952,55529.026188494245,-0.006353126664599196,64424.445861659005,-0.010617292701892822
63825.93077527164,-0.009583518982193895,66046.22496254084,-0.008889203776114796,71605.42083588004,-0.015535188547887269
63825.930775270994,-0.007143877761305983,57774.96345732379,-0.006435446347940799,75407.89064609224,-0.013899629821802706
63825.930775271314,-0.007703820912090098,67512.04111609669,-0.008090686884655307,61633.48674850159,-0.013348368769553143
63825.93077527166,-0.006554862176552434,60321.06014636263,-0.00938719182395753,58205.926198875626,-0.020238588091380794
63825.93077527166,-0.006356191972534009,52129.60478660341,-0.007872256294354285,55314.39822490056,-0.01201396419092915
63825.93077527122,-0.008330160176620471,67505.05187150555,-0.009094138796361229,58692.55132424315,-0.02169012604120868
63825.93077527141,-0.006812044906269188,60316.461424254674,-0.00804645259960457,75200.19652851556,-0.014564031787231868
63825.93077527139,-0.007158494104202551,73221.2564482472,-0.006783746660950829,59561.96426906156,-0.012025547725432628
63825.930775271045,-0.006768363340649564,65089.30894030318,-0.00911213869862526,64124.779734015385,-0.016340900134154568
63825.930775271285,-0.008001727202495923,67472.87294234995,-0.006329439401680181,57888.45863483343,-0.02745670176579762
63825.93077527113,-0.008140376116644976,60633.398219489,-0.0072477771546710645,61737.959122757195,-0.011923447745324722
63825.93077527132,-0.007429045321658889,72397.28679938275,-0.008187827416449078,62043.21432712544,-0.01590277159508513
63825.930775271285,-0.009690733628835435,73703.49634707345,-0.008895160193215124,50176.17987913536,-0.021429445538191483
63825.93077527108,-0.0070424195257022815,58948.76427655654,-0.007240589649704199,65134.45195714612,-0.011530389112643036
63825.930775271234,-0.008019586774319243,63856.68553624828,-0.0074343177777445035,67701.01474578053,-0.01696394674500612
63825.93077527173,-0.0069113069689611395,69547.69150572225,-0.009157025902647775,59943.10891411431,-0.015065219024654852
63825.9307752709,-0.007174118834587739,74590.19283409267,-0.007442743800640583,64311.224624192706,-0.012163887115280936
63825.930775271256,-0.011321672089426027,67584.82479846592,-0.007435593398124496,80645.76977073566,-0.015249124372205491
63825.93077527106,-0.005150535565715986,66967.608637071,-0.008394773892950513,56403.625720416916,-0.016543367252759178
63825.930775271445,-0.008237926250211802,60585.73887350728,-0.006561804420389006,63632.111533240044,-0.015973408397493505
63825.93077527087,-0.006225341370305504,60555.72896108984,-0.007324974736896195,78656.7752935219,-0.012385820004136017
63825.93077527135,-0.010394551414319886,62883.14126191045,-0.008345812101327565,60895.4297677927,-0.015393153773124224
63825.930775271736,-0.009534236010316777,60931.765472142404,-0.008480569107814029,71864.54845594177,-0.012836121595511063
63825.93077527172,-0.007629661068616622,72774.10161085315,-0.00720230504750996,64616.97502007976,-0.01111276949697515
63825.93077527128,-0.008438791514617683,65463.0032959535,-0.0064316161406101635,66538.59444167485,-0.011761239619388797
63825.930775271205,-0.0066848017621838896,75644.41622200361,-0.005901735487623072,66329.51712546987,-0.011203557481429649
63825.93077527162,-0.007663144154022583,70196.57875977186,-0.006777382955493572,63715.475887843386,-0.015020616640602391
63825.93077527125,-0.0069463060487610084,59833.16344396294,-0.0063158816437342,65297.84127028204,-0.018474520666228567
63825.93077527153,-0.0072697516859822064,66504.48341849881,-0.006548126496884743,66871.84606998846,-0.01537529998832643
63825.930775271285,-0.007505631199042351,63463.32483204008,-0.005901903058229574,62169.45800918938,-0.010579603620437417
63825.93077527096,-0.008595090678557349,62678.97854556088,-0.007596264159938526,61296.73160458962,-0.01582427694527233
63825.93077527151,-0.009300835311426003,52609.99332743688,-0.006921710735025677,57655.15467931159,-0.014913320970234678
63825.93077527072,-0.006957615408905937,70912.18682165335,-0.007343978214456426,69546.83962356653,-0.012274368976802674
63825.93077527122,-0.008039051899999206,65333.92942027997,-0.008320560834509383,77254.76652083188,-0.010750786616452901
63825.93077527168,-0.006781981971403894,64947.16702527728,-0.006513040167774431,61654.497293826615,-0.011796610882015779
63825.93077527082,-0.0055356334896028425,63121.49875872543,-0.008624908102662698,49340.63776372156,-0.015702181309018237
63825.93077527101,-0.007764407734892065,49718.884002554594,-0.00877282295769144,63170.06865518193,-0.020925202346933625
63825.930775271416,-0.006341836494070052,69310.46014182873,-0.008377318516983645,55416.8726499717,-0.017418842391062395
63825.930775271525,-0.008545315186540114,63555.10120262934,-0.007615298020687944,61135.02377005356,-0.014160682219872434
63825.930775271496,-0.00793444166891255,60917.37483181721,-0.00752457983259347,54876.73317350731,-0.015783795663561473
63825.93077527083,-0.007587982596456433,63120.57379954518,-0.008123071837200846,63972.170276098266,-0.014908450639858573
63825.930775270834,-0.006858755470851685,67690.51030683787,-0.00781449611915408,54196.77939820951,-0.018530769630977995
63825.93077527092,-0.00708077501877713,57996.668701653936,-0.010410264679298287,57733.41344199554,-0.014419849149581387
63825.93077527104,-0.006313022269502033,66340.75723692072,-0.008640504780606961,57193.163370172355,-0.009499235545762263
63825.93077527176,-0.007533855349376228,69910.60208394664,-0.006436179120303698,85268.4520863981,-0.013203698709409739
63825.9307752714,-0.007629576051668474,60625.414264237435,-0.008008381836276501,50274.72254874682,-0.013509430506412068
63825.93077527146,-0.00738153372333239,63314.73447942416,-0.008121290201075437,61946.80654718397,-0.018769824418029435
63825.930775271176,-0.009382680668780896,63140.89869949561,-0.006784068797925147,54206.026094024826,-0.01983982302256082
63825.93077527134,-0.00678215889519751,62602.633595060266,-0.0073323018344346735,69100.02580299685,-0.01289910836769137
63825.93077527126,-0.009106873024948059,62993.68985426251,-0.008462672044991182,74421.54629144314,-0.01763271694050894
63825.93077527118,-0.0070332875275808115,60820.065930568606,-0.009423626744703317,62312.98429532224,-0.01445256450687471
63825.93077527167,-0.007823546405829496,65545.85204545465,-0.008490283130988652,53933.59930313244,-0.015534932004915958
63825.93077527129,-0.006858794980679095,62709.48176742268,-0.006987755384027294,74295.34503583594,-0.015702964525388996
63825.93077527111,-0.007974951534195474,57808.59070442537,-0.008235377247579168,71921.40164540574,-0.016179723168481597
63825.93077527126,-0.006865522013435821,62229.66632775866,-0.011074935778653816,67022.33378736422,-0.019125589317070646
63825.930775271205,-0.010271919232807791,63482.60311991995,-0.008843765269709647,65939.22114677307,-0.016960989820416605
63825.930775271256,-0.0074211274301997365,52610.30750682867,-0.008102495384420316,74924.53720249467,-0.01826184659988017
63825.93077527086,-0.0058334841821465755,68086.90234612653,-0.006096982378915983,74210.1463625707,-0.010802865699799713
63825.93077527162,-0.008023842689842686,67105.78746368777,-0.008184161692315728,82174.70509745408,-0.012306018821214626
63825.930775271416,-0.008243742178837832,64224.18634331882,-0.007087709735913661,59591.94144389285,-0.013332865253062431
63825.930775271125,-0.008056106781648031,70018.12914791866,-0.006771228697202369,62822.87153935071,-0.012271252241084829
63825.93077527093,-0.005769165247466734,52921.9440820836,-0.0077618822592173675,67675.0208979903,-0.014819079232181065
63825.93077527105,-0.007479446146308355,61684.44412734207,-0.007495683059739799,43917.32241393396,-0.015414099052816321
63825.930775271554,-0.007483759745102514,61727.69326700501,-0.007322554702213213,56147.82907223799,-0.013468495787708035
63825.93077527129,-0.006450267006435362,65254.93686897974,-0.007073954519686065,71308.02006829064,-0.014442941051269642
63825.93077527121,-0.007842468747327747,59405.11980159181,-0.0074942940756757,66621.49853130206,-0.013348368769553032
63825.930775271285,-0.006942848846795746,64010.14531362152,-0.007111827973269924,57019.33127506392,-0.018273205921512492
63825.93077527092,-0.006804903361336323,70573.95551907831,-0.006436621074562887,63094.25235260529,-0.017218849210498877
63825.93077527105,-0.008264313642647236,67693.38294753064,-0.006002847066626238,68445.71303803941,-0.014509393036079676
63825.93077527129,-0.01037696514995512,63252.808683893665,-0.008131203696853828,53084.19418247045,-0.01358632923714409
63825.930775271474,-0.008512054612337616,67271.49098776403,-0.0072431848656684394,67728.63966841619,-0.016955069224726227
63825.93077527096,-0.007602948149899036,71535.12001932693,-0.006589338990885429,65089.836098185,-0.01533187627131627
63825.930775271714,-0.010435897676747463,63698.534454896595,-0.00701884833941524,51342.42199147718,-0.017973255624848083
63825.930775271445,-0.00779418768875817,63821.218555309024,-0.006546675069000862,77474.61528025189,-0.017624594432637752
63825.93077527125,-0.009187200153783714,69528.63708082457,-0.00736884350783884,61900.73583183995,-0.023745641674441376
63825.93077527123,-0.0072057384676880165,59418.88061436236,-0.00886370940493153,56031.49091245279,-0.01854890374384921
63825.93077527154,-0.012539947911904159,69706.03149209173,-0.0066564846296156555,55464.33926646718,-0.01628353975942831
63825.930775271256,-0.007336591194852415,54627.557348026545,-0.006879320976599712,59707.094108217694,-0.014407561221005949
63825.93077527101,-0.009069216907841793,64781.55616847513,-0.008473003706876647,78797.04198119568,-0.012761708077358103
63825.9307752715,-0.006812671662357772,60332.04598588282,-0.007573224433509607,72022.30792177425,-0.0162917872668501
63825.93077527113,-0.009045425614554348,61060.69393922819,-0.007670087060374642,61813.982261858306,-0.010576949324728413
63825.93077527158,-0.007395411484888426,62362.89477759722,-0.006541956141185246,61652.70272481311,-0.01966010291137177
63825.93077527113,-0.007468924719785108,61390.36825795303,-0.006047315663874286,57662.06627650834,-0.01391386660561289
63825.93077527164,-0.006475620829951345,63425.3022766754,-0.006959056037263434,57997.285347414516,-0.014962091235044217
63825.93077527116,-0.007210977515540562,63447.309960947474,-0.007404514321428524,71883.6459185666,-0.01632616057864278
63825.930775271365,-0.007921758729957484,69030.93602759736,-0.010322633148177829,58484.53838744671,-0.013541648101699999
63825.93077527119,-0.007573596333045662,63953.38419525121,-0.008914647195423453,75454.56364677649,-0.01333699225198648
63825.930775271074,-0.007897428672593243,68697.0390460614,-0.007467455949260016,52160.340817205084,-0.014780195518351857
63825.930775271234,-0.006676733454831774,62053.10154239901,-0.006961874851587724,53673.41072169817,-0.019768926953642407
63825.93077527158,-0.00846543622186302,67564.83115229034,-0.006595650860069968,48819.41394615321,-0.015454505397924811
63825.9307752712,-0.007803568521178361,68648.33973564848,-0.006899309252459851,55976.91634573495,-0.02031829888040948
63825.93077527146,-0.008859273378138632,59331.67680661949,-0.008086821021822233,47832.05434496707,-0.020289203704617065
63825.93077527124,-0.007245019679065989,71296.7105469956,-0.0061439863085794855,62731.92494900504,-0.01361642024547649
63825.9307752713,-0.0068442314087113765,60579.22402626637,-0.00635596414050188,80138.62293420892,-0.013460138014228962
63825.93077527113,-0.006905739429302171,63838.605401728346,-0.00935322842888564,58691.152652184406,-0.019466886266822025
63825.93077527151,-0.008156253309511086,67875.2291636603,-0.009304278653561426,55941.26610486699,-0.014936328285370393
63825.93077527137,-0.007945779280930765,63418.63018960124,-0.010431431491994325,70456.38125334498,-0.00981771020678146
63825.930775271365,-0.0072276665717215804,76975.93425914564,-0.007679920456290623,77992.85716543025,-0.012635244913559718
63825.93077527107,-0.006690915299893185,64291.33982642997,-0.006981547031407742,61459.65895142153,-0.015236524265551554
63825.93077527141,-0.00576153573539806,66084.96778908042,-0.00905918299944497,62630.06500133105,-0.018756243874995637
63825.930775271336,-0.006633314993225059,64512.70688134723,-0.008160498335617938,63150.925816814844,-0.012586014274345692
63825.9307752713,-0.007633726767623861,69816.63386316938,-0.006367230232977361,67875.28786510907,-0.012493331895808368
63825.93077527112,-0.0101486534335683,71587.95587539717,-0.007216212248775222,53589.377236504515,-0.015226547310153826
63825.93077527101,-0.007523408855730218,58278.31598789273,-0.0074718962413082846,64768.981123955615,-0.012668308413337881
63825.93077527113,-0.006186985140762324,59743.113899778466,-0.0069998472783712185,52686.64835360579,-0.01438200801442735
63825.930775270914,-0.01128971636041487,68324.18496374392,-0.007598285793872561,63030.32570215081,-0.013351024097845388
63825.93077527111,-0.006626716479510186,51198.792797791626,-0.007392998039736476,63249.004257151435,-0.015814423707613434
63825.930775271656,-0.007004081372437798,68234.75050907554,-0.00700064192764438,63294.476185471205,-0.014831006474941621
63825.930775271634,-0.006957089501667846,72300.34640283023,-0.006040642616202518,68102.60503291206,-0.012352900224347207
63825.93077527139,-0.007434914160122097,71992.77005381203,-0.00936695598722137,55365.324079526814,-0.014611092844553641
63825.930775270856,-0.007196048215916795,66994.72226311079,-0.00552475565718713,68071.21530591261,-0.01311283349207959
63825.930775271634,-0.007904833668639366,75506.15654012738,-0.00616908664241389,72435.2030417947,-0.012352900224347652
63825.93077527158,-0.006683605225591416,59099.8036927686,-0.007913849447312882,60213.357402788475,-0.013348368769552588
63825.93077527144,-0.009200407016786594,64460.60828112139,-0.009786071233736982,54781.30707614133,-0.017985966084275384
63825.93077527113,-0.007395391860517964,70685.26017793445,-0.008436012944559645,58664.9179295143,-0.015045751497779536
63825.93077527123,-0.011094918754632754,60298.684428041175,-0.007747904801658101,66049.40469943092,-0.015412891916698923
63825.93077527146,-0.007825170612266064,69281.12367482869,-0.008178329292371944,80393.71337660566,-0.013203698709409406
63825.930775271714,-0.00700737659928552,64778.37733859627,-0.006859037614156738,54987.510760768164,-0.016043281747729843
63825.930775271685,-0.008086156631252561,57721.96105535779,-0.006271692793696215,67232.62725056805,-0.01291911432109294
63825.9307752713,-0.00992727024290918,68289.79185055479,-0.008075482095128761,72408.99969344556,-0.012566763425522098
63825.930775271256,-0.008468660140347972,53282.633307401775,-0.0064269181543356035,65200.69338594146,-0.01436587820092372
63825.930775271176,-0.006756433295145081,62056.17752540427,-0.00654273290880969,67521.16909298064,-0.011017825645441626
63825.93077527168,-0.008606929966734955,62597.16642958765,-0.00720646931630009,56935.20176398422,-0.020292990364977004
63825.93077527139,-0.007820599596115474,63047.86629174768,-0.007389640366577743,53574.23536033176,-0.021635373948594938
63825.93077527097,-0.006398713990819038,65537.03262687803,-0.007792674111786413,57750.62727389098,-0.016732279476951883
63825.930775271554,-0.007661420932252194,58368.30320745723,-0.015944511853281607,52901.54102832123,-0.015444057523833266
63825.930775271234,-0.008095654275434128,55731.6263407076,-0.007398532523179457,65010.40405989562,-0.012818303535642839
63825.930775271496,-0.006595369723444766,68614.49434330498,-0.009598047142506894,61304.805727705854,-0.014590520284505581
63825.93077527145,-0.008143673728754242,70436.84518640791,-0.00931412217394989,64123.306706198135,-0.017403989153726762
63825.930775271256,-0.006118358616410746,61478.226324282354,-0.007213387908026836,40639.303299083535,-0.014534522201551048
63825.93077527139,-0.0066000900949616526,72445.17232542981,-0.007523077999080807,69395.28195095908,-0.019301646885053314
63825.930775271234,-0.007946799254702763,56545.20429102991,-0.008688542887451356,48894.8177865543,-0.01387065325436998
63825.93077527127,-0.00825181627655902,68829.53634306653,-0.006277712157306992,62398.858967872606,-0.013828873748497728
63825.930775270914,-0.006299658172559508,70766.21141082613,-0.009064453547052431,65785.64099615571,-0.020992571065104437
63825.9307752714,-0.006792102178172388,72123.46444552223,-0.00709433384881164,69110.69737176983,-0.013219150783916667
63825.93077527129,-0.00967208451112711,61533.755784002096,-0.0073851015825858735,67011.01790869709,-0.013074727543680775
63825.93077527121,-0.008586293683229829,65264.124916847926,-0.006332623483824573,60636.99096733591,-0.013396294466114234
63825.93077527098,-0.007481559596821841,60569.13935802957,-0.007793901242802992,69600.015553541,-0.01339909876918255
63825.93077527117,-0.008080422228083473,64304.922317547906,-0.007242378328081833,63040.19188679138,-0.01482829519226625
63825.93077527129,-0.010828031128866988,59506.47796413786,-0.007172619975528538,58865.47330440144,-0.013281596857962596
63825.93077527102,-0.010261167195783072,63419.01058611369,-0.00865267281526183,71384.45069954806,-0.013745823541729374
63825.93077527137,-0.007093576751882047,68946.63670084244,-0.006367029178141359,52878.749232298025,-0.013603550446623092
63825.93077527157,-0.007898843026794555,67111.12390872197,-0.008958915707790838,61161.653183538874,-0.011607509872145094
63825.930775271525,-0.008849985726112397,64654.095675850855,-0.007527775847881668,67637.29788625002,-0.019687295344184896
63825.93077527172,-0.0068361355754825714,63461.55287482308,-0.008745062950556437,64383.535040914736,-0.014567953553208501
63825.93077527133,-0.0068822411958872065,59824.10444809773,-0.008228589431073075,61238.430341899126,-0.013832946582032268
63825.93077527091,-0.006151249541703208,61783.491199908305,-0.011427572590508861,79424.82767071176,-0.015116331461238697
63825.93077527107,-0.009608578818290692,58257.19751425048,-0.006223569961620878,54164.34701313568,-0.013056518418490204
63825.9307752708,-0.007473224933437939,59190.25530508495,-0.006997544974656655,58869.09983853438,-0.017526004877598034
63825.93077527132,-0.007217422057534506,61255.38849853173,-0.006832378642672943,48631.14655339403,-0.013401860674009725
63825.930775271285,-0.006585780012281384,53556.338178875914,-0.007337255276842702,54925.49067781715,-0.01892017910663879
63825.93077527136,-0.006372380748407402,64231.12437659019,-0.006456199984040345,60816.91490603886,-0.013545179456855738
63825.93077527134,-0.006515652053513565,69812.93785702073,-0.008594895341921593,64777.386916584255,-0.01340553898266672
63825.93077527126,-0.006719165029719143,80483.00691688094,-0.007229963988551913,66378.0049452408,-0.017922418321259515
63825.93077527141,-0.006405581528824089,58192.06180873932,-0.00793265974568147,59686.87555661269,-0.015129076602904523
63825.93077527113,-0.007853230624353391,65916.77738877667,-0.007014025472018015,64780.90341246647,-0.016330309350815586
63825.93077527144,-0.006268228328805137,59277.98884371965,-0.007730154851156801,61440.856626262575,-0.015799789699668887
63825.93077527125,-0.010130468852196817,74115.59748384397,-0.007776445286292399,61913.196428489704,-0.015895862663346527
63825.93077527168,-0.011461057514378203,58880.49473947395,-0.010238189391457042,63787.99043422963,-0.012130367336186887
63825.93077527137,-0.01102418091101931,64630.32891775836,-0.007432452127723366,61450.40916610481,-0.013102648559748409
63825.93077527079,-0.007485543782306481,74122.58978464213,-0.007052511676339246,81059.7931537437,-0.014090094127244268
63825.93077527162,-0.008408052928782661,51968.52484724018,-0.009297987141207109,68839.58131441844,-0.014730783289947147
63825.93077527133,-0.00699135658983141,65469.45960936625,-0.007675895406884847,59877.22861261115,-0.012266886161531265
63825.9307752715,-0.007575380639013418,63541.405188763936,-0.006418155720608998,71586.74689288402,-0.01734300675410483
63825.930775270965,-0.008225837398474933,59088.36297271538,-0.007102773581878163,56637.18356676869,-0.012217035391473785
63825.93077527167,-0.009574370862396209,58803.51072210123,-0.010103573770266938,61537.55064447521,-0.0161455465650866
63825.93077527139,-0.006282130142189701,56168.516774763135,-0.00686328346477405,52769.32129014028,-0.011688395373025573
63825.93077527134,-0.006376131303938659,61710.881987783025,-0.006816041008421703,63284.50189114585,-0.009441348512819081
63825.93077527117,-0.006547499126021927,59278.73903194248,-0.005256951068305815,65693.56870606355,-0.01912450776946073
63825.93077527114,-0.00985352858612687,52378.636273377255,-0.006226406004594787,61650.7516364433,-0.019986716195296128
63825.930775271016,-0.009313150136668447,70884.31656988726,-0.00863822191584207,54195.035086541524,-0.01549052666929962
63825.93077527119,-0.00944812640300241,69604.539538592,-0.007656185716279684,53915.74333131993,-0.017058670924108732
63825.93077527122,-0.007203605428062088,62543.95355619198,-0.007415566463409906,67671.7705439776,-0.01611216737362975
63825.93077527134,-0.007775272285175827,57496.42866142184,-0.00876584926257451,67969.71427626717,-0.01650014996487359
63825.93077527137,-0.007702312430682978,67289.12180853357,-0.005808078056477983,56089.15599672719,-0.01571924034555605
63825.930775271445,-0.006694535273462865,69420.12019048115,-0.007006506292191572,61804.02068229154,-0.011529945431077437
63825.93077527149,-0.0064561954448024705,61429.20942542872,-0.007815460559576493,63831.723066978746,-0.013847733513253191
63825.93077527129,-0.007952779788584441,64474.913581151704,-0.006942808040185544,62891.741992761476,-0.012322216573251055
63825.93077527136,-0.00963445254788664,69163.19977304574,-0.006267379233179993,67214.35534405491,-0.01148813127495174
63825.930775271,-0.006697178422455319,55245.080520602125,-0.006826020923586751,60674.08927588513,-0.019695818055814218
63825.93077527143,-0.006214695799512837,67605.50556187288,-0.00795202693290964,64569.10910828417,-0.015305148551370995
63825.93077527164,-0.009631059189708302,69466.6245589592,-0.007004748315809439,62220.86696509536,-0.014407021186411906
63825.93077527086,-0.006888965440710493,70844.47992727144,-0.0062432793117689345,63015.77041674847,-0.01559726756909996
63825.93077527151,-0.009879554022573345,58940.492930555556,-0.007063035705633491,51773.297136301175,-0.014431711324650598
63825.930775271096,-0.006634351397341698,75302.22622958205,-0.008467358745345765,66132.08431985871,-0.015250802936345287
63825.93077527151,-0.007726919403314936,69059.21326825146,-0.009033027204999544,59634.66109831769,-0.013034602379721871
63825.93077527114,-0.00710487415882366,57725.12297735802,-0.007939823958144743,60347.747737013975,-0.014403652238394349
63825.93077527131,-0.006424438038803326,68230.90856483472,-0.005841222175669403,56576.89769237279,-0.013121324368433274
63825.93077527153,-0.008323178235256523,51969.369604438965,-0.006726982104400148,66349.50510580426,-0.013495147081048153
63825.93077527159,-0.007754065260915377,82561.43123808267,-0.007860806738571369,65237.45012609914,-0.014409663071431211
63825.93077527165,-0.007767312501088086,58011.858272142825,-0.007887924626440168,69221.88836311529,-0.01545480948228406
63825.93077527127,-0.008194791834094106,55621.5286550997,-0.007756789151151522,60527.19323919319,-0.01432618831188992
63825.93077527178,-0.006912530844310538,62367.69305231407,-0.006932269075264896,66788.11860517625,-0.013452059020974017
63825.9307752714,-0.007282546030166537,57345.84704541989,-0.007401374062152466,59459.95002608299,-0.012730567165368911
63825.93077527134,-0.0067659367684982374,60642.07708256625,-0.007085607897923674,64485.75965772561,-0.012086642601164432
63825.93077527135,-0.0074621290983832855,60487.257922251265,-0.007523933917744641,56970.06236285114,-0.014182194032624107
63825.930775271016,-0.00855347451658739,63717.840095105865,-0.00852023491311571,61911.432286616626,-0.01860767230766469
63825.93077527125,-0.0070406781878037394,59235.354520511326,-0.009213012958950717,68988.123040489,-0.02176522061041386
63825.930775270885,-0.009022539049955536,69935.34937032295,-0.007174924294210183,60050.08006150709,-0.020194956488828075
63825.93077527139,-0.011795139699129376,68504.30836362539,-0.009610390105238342,80259.83814178917,-0.013656098280562246
63825.93077527147,-0.006563226439131875,57676.56977684927,-0.010627820425678669,67043.88387390594,-0.017054929145889464
63825.93077527081,-0.008288838404914567,59824.18951593446,-0.012599147343103523,61012.91559226221,-0.015299222555104519
63825.93077527091,-0.007097181185779844,83388.28117026512,-0.007046086327566425,60774.08650817976,-0.01633974567506702
63825.9307752714,-0.008342791501337876,74002.15039189874,-0.011414344024988199,60260.961260116244,-0.009823125392605991
63825.93077527138,-0.007963290197104178,78165.20775305165,-0.008231477684216282,74870.64521121871,-0.012642785545411872
63825.93077527153,-0.00815721904139266,59161.96099319815,-0.007160302027637067,60385.176689852466,-0.01182189848764792
63825.930775271154,-0.007571995592855263,55979.16101870859,-0.007272213871127087,62070.22744136192,-0.013601917330680946
63825.930775271576,-0.006824282710306218,68002.98597640147,-0.008234260004609584,58772.05558511294,-0.01330566953131962
63825.93077527133,-0.0070240031598298724,52767.79161543827,-0.006926975266314361,60237.583537921106,-0.013598671109038674
63825.93077527128,-0.0066583195357250435,65686.24959505002,-0.006863911453460547,57541.17164659533,-0.016047210957363944
63825.93077527148,-0.0067570481753002065,67227.25046699181,-0.008094951276994777,74459.5955347843,-0.012174107295667813
63825.930775271285,-0.007456296857153877,59947.929860257325,-0.0077072169638251475,51566.898585148796,-0.022402086897890916
63825.93077527134,-0.009287837232778373,65480.41672587112,-0.006399462741309758,63813.11957046795,-0.016881489924992277
63825.930775271285,-0.00717696088731401,60382.443836770246,-0.00839783546209194,48293.91781790725,-0.01651551249895833
63825.93077527086,-0.007965870803233188,65899.61847393414,-0.007694049816002191,61515.12641962906,-0.017577984573164174
63825.930775271416,-0.0072185916627005575,65857.54724373133,-0.005862639742023501,48938.58252391375,-0.013584310252510612
63825.93077527146,-0.007552895216834443,51022.22193775932,-0.008875402093159401,60239.82617510929,-0.015293250364765032
63825.93077527108,-0.0066387063402173485,57866.18450067491,-0.006848602305812412,57910.45879760251,-0.019456006275746063
63825.93077527148,-0.008643406256945374,57476.82290739698,-0.009689425011446429,55698.55793666169,-0.011795516485147872
63825.930775271634,-0.008230782224662336,72222.34352509539,-0.006726099909689087,67107.76099083718,-0.01645253640699984
63825.93077527069,-0.007926655280087513,59171.89076413617,-0.007768781033494876,58169.99663154549,-0.016027513643742664
63825.930775271474,-0.008591364156997683,72456.11044601382,-0.006406869071102217,56618.59004870357,-0.014239288966270136
63825.93077527126,-0.009927487206370045,63827.26060479955,-0.006260473690289925,76502.12594634375,-0.01155598095407595
63825.930775271554,-0.00763689878290752,60644.60171544661,-0.007944204614958483,68297.73890333102,-0.01190085663027829
63825.93077527126,-0.006108175552252737,62625.3602444663,-0.006339248773778561,76047.70105197697,-0.01514030291099
63825.930775271496,-0.007500435859647103,61272.86300829078,-0.008279672241642944,71200.61768781034,-0.016903002553606883
63825.930775271336,-0.00690974437644265,61112.93063192085,-0.006231976917987048,55348.59339060872,-0.01320369870940985
63825.93077527086,-0.00792756121943472,69009.62256169863,-0.007380231569651952,67886.70572025201,-0.010486567865520047
63825.93077527147,-0.010267024668349611,66274.91347369082,-0.006933364038394396,66384.67022225415,-0.011123409579141708
63825.930775271474,-0.008810770823010738,71887.54886988488,-0.006778851510001793,52381.040987275155,-0.010721123246568376
63825.93077527161,-0.0064180719292245,51037.51734490665,-0.006142180926186347,72701.33382436667,-0.013386493814110167
63825.9307752717,-0.005930202402240292,61667.14317868958,-0.008026661732657536,64069.25478109337,-0.01827469997093556
63825.93077527152,-0.008532008952580772,59053.855148430695,-0.006397214308438315,72413.30847369359,-0.011796610882016001
63825.93077527161,-0.009467722543614276,64267.88511748336,-0.007424451418016176,60287.625831905454,-0.019180926920417396
63825.930775271394,-0.008642046384823243,73630.96194515514,-0.007025450984830317,52197.856157178976,-0.017844391432248807
63825.930775271605,-0.008318396279928031,63713.77612739791,-0.008088787177227608,54289.89672983881,-0.012899108367691703
63825.93077527121,-0.006989397318809321,63662.3320460776,-0.009049230954204512,59354.079662878496,-0.015007226997909129
63825.93077527098,-0.006800610366633153,64592.76991656962,-0.006235577489556943,61414.17521007901,-0.0200240845114803
63825.93077527104,-0.0075200254621713425,73552.42438954687,-0.00695210745217012,70080.20587162414,-0.01393678490829886
63825.93077527144,-0.008711319954009422,64122.59070206746,-0.007177680884172033,62615.908708692536,-0.016614331457263987
63825.93077527135,-0.007237985988422291,74566.9856035997,-0.006875929082103549,71169.88642714427,-0.014418204030390291
63825.93077527149,-0.007129853352926041,61977.05811744295,-0.010545870339048524,67112.62446702026,-0.014352481634378078
63825.93077527118,-0.007874648959068975,61728.402447905784,-0.0068196953677504,58210.052666410775,-0.016330011498355113
63825.93077527134,-0.006731411576274993,66567.065849893,-0.006587899693553112,81422.37339733749,-0.007903607775925026
63825.930775271176,-0.009202576682386998,65579.23772790404,-0.007078557653715123,64409.87905286629,-0.017666363432579102
63825.930775271394,-0.006667507269623063,51787.549121747514,-0.008755668489034085,76320.94978925324,-0.016900527711824487
63825.930775271554,-0.0079340607962054,66796.81942693773,-0.006842429617612611,59224.7425749042,-0.013057507526349599
63825.93077527129,-0.009788286123003087,66650.62035860773,-0.006647825139956098,75724.74847963589,-0.02183093104221523
63825.93077527122,-0.007352296430494509,63988.04264560205,-0.006339225898976841,89372.09973255104,-0.011675908822846859
63825.930775271605,-0.005452662675745734,71602.71340531351,-0.0065142565510897255,65334.091859909946,-0.014754618856631208
63825.930775271634,-0.006210280377975663,54725.57636522864,-0.0075508461925728465,56469.98285072207,-0.01438671686464843
63825.93077527161,-0.007241114244178726,61178.215715316466,-0.007874779118905662,55302.840003871475,-0.013811135489564252
63825.93077527144,-0.00890645048584826,71889.23352303286,-0.007443299971329198,73900.50228292451,-0.013203698709409628
63825.93077527148,-0.006714613803223357,67074.50931575651,-0.007787930825387868,58930.828557450215,-0.015111648055172955
63825.930775271714,-0.007846175989422388,64292.34434010949,-0.008272095098266541,65181.78641531802,-0.014993008132438757
63825.93077527097,-0.009849440226122885,60900.9546694658,-0.007351048015665551,63423.85825658246,-0.011691978471418785
63825.93077527139,-0.00694846596871479,62759.19988293264,-0.00750643529222772,52190.71431961541,-0.011253479996296334
63825.93077527156,-0.00894940850530812,61136.66818345565,-0.0069450139233103725,54372.391802411265,-0.015353641848994903
63825.93077527148,-0.006661148976925713,63643.60430142298,-0.006852658452221716,86621.03677371479,-0.019491991125356822
63825.930775271176,-0.007671405956898858,61741.88302121807,-0.009272384565174097,64956.277591825725,-0.016116318229462467
63825.93077527117,-0.008989094499867067,71814.15103347016,-0.00636759795395303,57875.36389050584,-0.015210336690253956
63825.93077527131,-0.007163081844198005,66725.68681291377,-0.0068480033435524,52354.32130185058,-0.013131729746088672
63825.93077527148,-0.00735358762062821,58972.23858048157,-0.006440202452666854,70867.9378590011,-0.011413863904376043
63825.93077527155,-0.00633453941017903,71506.40592178222,-0.007082401816582595,46329.92362506593,-0.018035890038230473
63825.930775271336,-0.008240193166585752,61245.47934376399,-0.007116137754859642,59482.01935309914,-0.015447093804743073
63825.93077527098,-0.008071593755928586,61816.878129952674,-0.009046138492828648,66447.36928999974,-0.02240847862268569
63825.9307752713,-0.010175326035334997,66600.40120764078,-0.006290419901289979,65534.671508612315,-0.020598689716158303
63825.930775271474,-0.006148410449922759,57286.991097045095,-0.008620839622860199,69079.80575974743,-0.011796610882016112
63825.93077527138,-0.00966422501737585,52201.18358037164,-0.008364474231922658,56798.80808771025,-0.013957569786940516
63825.930775271496,-0.007248807807061386,77512.81969182417,-0.00894852056989659,65702.35244976946,-0.013585500229524539
63825.93077527126,-0.00708099935883022,61341.88024637436,-0.007459348207200178,63483.91942776915,-0.0113820527468248
63825.93077527137,-0.006663833071713476,55505.59230098072,-0.006647477463855744,63203.70113533968,-0.018967357883011626
63825.93077527115,-0.006746271306965257,53536.578519057715,-0.008347349711685825,65682.35717576202,-0.024036339251323646
63825.930775271176,-0.006893169778742325,61640.46714396925,-0.007378205239514712,66930.8635041177,-0.013431290151556863
63825.93077527158,-0.01152106269593689,71129.19966936899,-0.00883758597895623,62930.87994278049,-0.012848925615425277
63825.930775271016,-0.007165811944317091,64461.50090868409,-0.006782938565452756,71039.72402049348,-0.013930079609739798
63825.93077527142,-0.006851039950497517,78292.10894239944,-0.007461036384128983,54184.46318654928,-0.019207869171298464
63825.93077527094,-0.005975448694261587,60252.527942902634,-0.006856785804262966,57004.17304083342,-0.016169086796854804
63825.93077527128,-0.008889599320797137,62022.7421416535,-0.0073455206593247,73210.72903481119,-0.018237480102269443
63825.930775271016,-0.005757089819040995,71173.21562182448,-0.007364693421252233,68479.47320141715,-0.01756831322529595
63825.93077527091,-0.007400731593693033,68525.09559605856,-0.006619684719760377,54854.91205084013,-0.00973865387096473
63825.93077527115,-0.006511041697095266,62889.93521189535,-0.006696270073622501,59119.419934154605,-0.011065375569798586
63825.93077527128,-0.007779616608043161,62708.58926770717,-0.006886678221681319,53080.0894676459,-0.015068203753811349
63825.93077527086,-0.007533398836259142,71715.0241502242,-0.0064028491087559924,59026.22041092645,-0.015299584191484139
63825.93077527109,-0.008829640319248488,71379.60639033614,-0.007702597039105696,55512.790432294016,-0.014498661636928922
63825.9307752713,-0.008485443117660862,52561.99798758297,-0.008680374527263779,60347.323100582165,-0.012266328457039788
63825.93077527096,-0.008259721422234967,65497.03672407939,-0.007512110958643015,55703.96080909673,-0.014843258299617856
63825.93077527139,-0.008576464458441624,60511.69016944988,-0.008850328471492142,60683.644418203214,-0.01950486571101373
63825.930775271234,-0.008203985906265254,70271.79677533678,-0.007439027391834774,60250.78066185476,-0.012087441965681234
63825.93077527164,-0.006759381619746874,62359.63955467301,-0.006486631443037849,66205.48113389933,-0.012217035391474229
63825.93077527115,-0.00681921807957897,64893.12736805082,-0.007625687432328054,52332.617951744,-0.011904617817131258
63825.93077527162,-0.008289228589252073,66906.71070434745,-0.0058607438836020265,57758.790539372116,-0.017250926728828442
63825.930775271125,-0.006820927790356812,59691.80854896702,-0.009467642574310098,68571.44307465307,-0.010295991510096303
63825.9307752717,-0.010335010412606316,53124.21522794108,-0.007183738734965361,73687.40815707184,-0.00993695784389348
63825.930775271125,-0.008377568994532014,71735.43563009347,-0.006810093442363163,66860.35543414754,-0.012517134031809096
63825.93077527149,-0.00742307928563668,59132.196383494535,-0.0071263716902200125,49423.44165833917,-0.013994423831669156
63825.93077527175,-0.00705866824245327,60816.7155111673,-0.007545552782296183,55454.00064249111,-0.01814965101682986
63825.93077527146,-0.008648439568340494,62342.26361666852,-0.005825780214229637,73368.92818316705,-0.012255425354596339
63825.930775270885,-0.0070885221754728445,69393.40973513263,-0.00599647782535806,47348.79218318023,-0.012491164061325999
63825.93077527134,-0.00846798219051148,63048.417090602816,-0.008352215558944498,54001.79273932726,-0.014615273100157644
63825.930775271496,-0.005721715897238799,66192.35107947406,-0.007765415028348377,49431.07870384618,-0.016060480181650183
63825.93077527135,-0.007915318243338354,63207.6638032249,-0.006177558397168603,74118.03545220639,-0.010721123246568376
63825.93077527117,-0.0058401410259959485,69569.92716479539,-0.008914555752497333,67500.97055095695,-0.012366354451584072
63825.93077527117,-0.006777015759903526,62656.68124573308,-0.007141477155760079,64308.08006601402,-0.016588054091140836
63825.930775271554,-0.007645849227938206,61257.98272910525,-0.008041708902013944,57812.02891310306,-0.017782617965721337
63825.93077527096,-0.008354134605293329,66664.37586353294,-0.00666904601958207,60095.38859101431,-0.010011931254979234
63825.930775271605,-0.007042026532059653,59678.14006647112,-0.0070532608244477935,58094.05366784764,-0.014318514936972893
63825.93077527116,-0.006631940768432321,72509.10482739519,-0.007105178104976573,70875.85549166217,-0.01353597344061952
63825.93077527124,-0.006933410744802249,65553.8229577768,-0.00848369953157413,79178.66749403371,-0.012352900224346763
63825.93077527164,-0.007035878291229647,59737.34058989719,-0.007564683662632632,50422.51979535683,-0.01501616167902442
63825.93077527123,-0.012029286184973786,59360.03223213991,-0.00855789395435902,63705.08333460106,-0.010350058088993142
63825.930775271474,-0.007236572224597615,66258.96309308763,-0.0064305030711641065,56536.55249550454,-0.013601917330680724
63825.930775270994,-0.00881111925845346,68149.18604380873,-0.006850137098501463,69445.40947374701,-0.02051019369616791
63825.93077527164,-0.008027806904523871,66249.16287401532,-0.006289455932016241,61046.79616409416,-0.017693171666212426
63825.93077527128,-0.007218626283513774,62715.337652268136,-0.008438954007316313,72924.4012842111,-0.011451880744562937
63825.930775271656,-0.006153653574063833,60560.238975000095,-0.007873455350216663,66796.9865574736,-0.01819035536151381
63825.93077527113,-0.005981177697774176,62937.26415574731,-0.007597359148321381,72548.56884049698,-0.013327349915738473
63825.93077527166,-0.009248272662067292,78259.70076096663,-0.008489604819099217,63293.84863052914,-0.016747049461900088
63825.930775271234,-0.007888123048940932,61441.2677371745,-0.006878628740668802,71471.48865071527,-0.025259424046452206
63825.93077527139,-0.007331335745778378,52209.5134346776,-0.009242938518758792,64233.95077215886,-0.015333851373101615
63825.93077527157,-0.008561593362137576,53696.292715229516,-0.008784700208979146,70738.64844992284,-0.016848387954426225
63825.930775271474,-0.007747817096863452,66110.29102747879,-0.006293718595443254,63812.95400660059,-0.015688166105953916
63825.93077527123,-0.006806231169399046,64874.03441845979,-0.00645327458041256,64111.39050608404,-0.02213655494939426
63825.93077527119,-0.006678865380914556,66192.33564403343,-0.007899735979868705,52530.92141514799,-0.017440526848596094
63825.93077527114,-0.006810006434411098,76419.96405703088,-0.007503834995370773,61918.83809175095,-0.01561197209067966
63825.930775271656,-0.008057569804052589,49621.47032875375,-0.008449095228230674,75986.94017194939,-0.011796610882016001
63825.930775270994,-0.007599367290042847,67717.41899072238,-0.008093553636852713,76615.03464032164,-0.009365833492459119
63825.930775271256,-0.006868850355259637,63420.97394793125,-0.007578281627834138,63634.57677777161,-0.018246519904220992
63825.93077527138,-0.008036794817524284,53329.11259417923,-0.008184901797782085,60521.98779308786,-0.014121271294102011
63825.93077527133,-0.006962800503047872,63189.16756788089,-0.007563462781205343,59131.29555012836,-0.019092611966828765
63825.930775271285,-0.008587126376667475,62807.114303555965,-0.008297265900808148,70140.89721506757,-0.022474260299914506
63825.93077527119,-0.00849908763039331,65935.35270591095,-0.007402707500215988,64088.62299859186,-0.01440135588868352
63825.930775271365,-0.005929997124358932,65878.78293808333,-0.009423929484835947,54002.16730914449,-0.017515241390290703
63825.93077527129,-0.007752623502359057,72846.18987059344,-0.007303626668248908,81685.95484930529,-0.008781069417239107
63825.93077527122,-0.0077692633789984145,59377.253642579824,-0.008540532783196775,65214.181141341636,-0.01737992605061056
63825.93077527137,-0.010161330784070222,57581.81725179115,-0.00914689052185036,78997.65029286573,-0.014408011617351502
63825.9307752711,-0.00746813712911365,68596.35792212836,-0.006215830278390122,44318.71237643237,-0.015816498796093592
63825.93077527135,-0.012311370018974754,67503.7282552298,-0.009238929057426293,67620.02789949584,-0.012352900224346874
63825.930775271016,-0.006524338715914291,54984.783128824056,-0.008608127226415685,63009.92553828095,-0.012217035391473785
63825.93077527128,-0.007767218951373667,61817.92685933913,-0.0070607279574995685,63852.70536207239,-0.014022801732634704
63825.93077527126,-0.006900181918634729,66248.77618546764,-0.008137023996409809,50429.704155310865,-0.01560905122942935
63825.930775271445,-0.006778568366810678,60367.88236466212,-0.006586919073494735,46240.724536324466,-0.019673629854629504
63825.930775271176,-0.006946290521382403,65666.1005208987,-0.008945407026032082,55056.77237711239,-0.013348368769553254
63825.930775271285,-0.0058191864464210985,72758.1428045684,-0.006520168087750244,46694.178698559306,-0.01322072640338079
63825.93077527147,-0.0061196171817250455,53700.36325407959,-0.009712197572804837,61500.166943145654,-0.011796610882016112
63825.930775271256,-0.008975486382332032,65591.27730079535,-0.007787877127271914,71312.54479280283,-0.014515914154319964
63825.9307752713,-0.007496121644127274,68607.92087259234,-0.0068772371650414055,66466.933320981,-0.015435475187461245
63825.9307752708,-0.006872297323763266,59814.73593112899,-0.008994482618198019,58658.88099019225,-0.01669802705747858
63825.930775271365,-0.006880990289375832,67756.02159894462,-0.008859110837767359,50147.86855135328,-0.01586307130917497
63825.93077527156,-0.008393935202144709,62109.020465203575,-0.006914437092273795,58797.584519856886,-0.01659955156256132
63825.93077527131,-0.0071953736629195575,58036.59604853347,-0.007855805629444101,58373.43318066857,-0.011796610882016001
63825.93077527127,-0.007685204624696129,78538.6540975823,-0.007368753703039799,60014.434129923444,-0.015177274853752531
63825.93077527167,-0.008734563038548804,61818.46679140128,-0.006382948095315699,60485.75178684831,-0.012899108367691148
63825.93077527181,-0.005475045229905051,66414.64054042436,-0.008600980349311227,70288.42901301628,-0.017327692299557218
63825.9307752714,-0.010142647856536624,71710.23248242795,-0.007208686976492906,66542.80424823973,-0.013298888156095034
63825.93077527141,-0.010591432984227933,66559.36398924541,-0.00768322482761008,50104.02928381829,-0.01760092367307453
63825.93077527099,-0.007548255999016429,65207.680711918474,-0.006791546569257623,72814.4730015533,-0.014041526849150276
63825.93077527161,-0.008257547376127938,67886.65903704685,-0.0062719779011218835,62044.889045502554,-0.012352900224346763
63825.930775270936,-0.007773399009116666,62015.952793422126,-0.007421372587896102,60700.7201447744,-0.01625808711225496
63825.93077527085,-0.006817998450737051,64967.82940993763,-0.008391978990347604,58241.64608329694,-0.024978428605429426
63825.93077527157,-0.00570921996919016,54343.24527872177,-0.008091138696461608,62659.69071306508,-0.009735558265064559
63825.93077527133,-0.007261377494383048,61590.972199614815,-0.007061571915668585,56814.98560902594,-0.014099786351384758
63825.93077527149,-0.007233496253945537,59584.79876889633,-0.009008862934488326,64589.49970755374,-0.02576529941754646
63825.9307752713,-0.0069084009360327325,71185.07746131942,-0.00710969487247326,58163.48079699133,-0.022169533003782105
63825.93077527153,-0.0067987155982854874,69496.37568130487,-0.007102084499411854,45378.755128587494,-0.01653118864530012
63825.93077527135,-0.009981539505490633,57067.711126482354,-0.00798774990612272,60589.49639132026,-0.009773412999385167
63825.93077527142,-0.006453693761837687,63933.98741464744,-0.007878225788113036,87781.658922464,-0.014298978388013195
63825.93077527131,-0.009827675423311422,54392.4296609606,-0.008001077166048032,54132.502771582556,-0.013896984226997366
63825.93077527114,-0.006459139921844437,60802.441351346126,-0.010482443013046905,64613.86816440981,-0.015263820251233629
63825.930775271656,-0.005942160915954453,59720.15652562967,-0.00671306337417199,74835.06145078213,-0.016654072030961475
63825.93077527172,-0.0066137976595112,60200.13603507602,-0.008919735600990242,56568.93442687531,-0.017012160639965135
63825.93077527122,-0.01118173605090067,77774.28632998207,-0.009116330138472128,72235.25009622585,-0.010496708027879387
63825.930775270965,-0.008067745518495095,69837.23240181597,-0.007341867660738188,53700.36715316114,-0.015154040782161982
63825.93077527118,-0.0076461828395189,63341.48473124737,-0.008163769544527799,56511.30840115601,-0.010364486707728493
63825.93077527121,-0.007560232705459469,61253.08683377942,-0.0072160223539643464,80246.16658376702,-0.011807212440217985
63825.93077527085,-0.007924162181277339,67905.49767540593,-0.00734335073319381,66066.70260601254,-0.022419897251977905
63825.93077527113,-0.00708066053948575,71411.64315233969,-0.00638869950564247,63807.436127293025,-0.018203493986958308
63825.93077527103,-0.006520725607563005,68127.5525134816,-0.007092176762948155,71229.94741560554,-0.014161692867956432
63825.93077527103,-0.007688612516259186,70822.8959357798,-0.006519849245085307,53655.25180689038,-0.014371752867765708
63825.93077527172,-0.006333712656664048,64857.60347108379,-0.007153572030292432,63587.98620000726,-0.013772060499327221
63825.93077527148,-0.007041883861192755,64494.46539562359,-0.007643759032671893,67653.9002683877,-0.011032652283960775
63825.93077527131,-0.008801671387174914,64473.96932351668,-0.00871841704734777,77210.9605487617,-0.019506927281564557
63825.930775271445,-0.008117666769506648,70339.70301869677,-0.010028691338844209,59886.270700152534,-0.01885573084862724
63825.93077527155,-0.006796746171072066,56596.09027476377,-0.006854972731206943,67223.17671189354,-0.019788084967319763
63825.93077527088,-0.008183061215824461,67955.28721205745,-0.007186205842879434,66490.57598431011,-0.0131542886427376
63825.9307752714,-0.008204544898103405,53232.474506745704,-0.008632116860342709,57497.069773180905,-0.016747371039369408
63825.930775271394,-0.006259916290545675,60201.64301706202,-0.01127465593171284,67555.20798266558,-0.015120698378345954
63825.93077527129,-0.006856946345853987,53389.82470304362,-0.008486066519003854,52042.271016184015,-0.015450768645897561
63825.93077527157,-0.008277098043759534,56835.97126925865,-0.007351869130396871,68128.48097166994,-0.019705145232430277
63825.93077527137,-0.011514526194450259,62993.56343878849,-0.009023234648153022,73503.57139858563,-0.017582275147282167
63825.93077527145,-0.009179554877295604,65505.80936280491,-0.006225517504354738,69651.43062132025,-0.011838698175471007
63825.93077527124,-0.007835261068962929,59219.9138246111,-0.009310778961758914,71855.33477255024,-0.014039288405765626
63825.93077527136,-0.008897005887250287,67085.11042768646,-0.007979202633903837,79034.04020838431,-0.01739555133589754
63825.9307752713,-0.007929805656979205,63491.6591759396,-0.00782754519889417,67087.65564020995,-0.013040643197001378
63825.93077527114,-0.007904214554332767,58964.17025513481,-0.006472444319076565,69703.92375470862,-0.01344664516562244
63825.93077527111,-0.0071475365206180586,68031.53186339299,-0.0068916601435186076,47376.28570227306,-0.015907415998703933
63825.93077527104,-0.010492276848475313,63598.359017797324,-0.005956275643494657,62745.56441509957,-0.013785787465176336
63825.93077527105,-0.00714226302673715,56383.781766807704,-0.007653253918163294,64171.065474292685,-0.011505169858549658
63825.93077527117,-0.0061371689737467205,57986.38365253439,-0.007971035172373853,44547.43951676812,-0.017698427279483786
63825.93077527165,-0.007161544780446949,56554.47439786198,-0.007495518276509738,71368.03635604602,-0.014007304888780103
63825.930775270856,-0.006497051329869774,66453.91172636508,-0.009946910332292891,64475.58396663673,-0.01510804393159293
63825.9307752715,-0.009262966974956988,62324.72958505663,-0.008816646554517416,66292.06546862512,-0.008891844973344165
63825.930775271314,-0.006398502601468459,67488.49525047027,-0.007580771748160631,71454.74971449081,-0.015305122772142465
63825.93077527135,-0.0065444834570462795,55761.656606916054,-0.007990503966752494,78585.2448365122,-0.011120542702561576
63825.93077527197,-0.007739194985630471,65068.09400762399,-0.006847549683779208,78294.26099523298,-0.011447160310606108
63825.93077527167,-0.007212021023535131,68552.23514901486,-0.008828356065241794,86601.68618367921,-0.01237784390544594
63825.9307752714,-0.006855843992575661,53348.413924684544,-0.009527108627514047,58518.66556255549,-0.01577376028501032
63825.93077527137,-0.009482077158432523,63384.462862102075,-0.008329624073023068,75177.742819256,-0.01534130488074481
63825.93077527151,-0.005804115176095248,70586.8128174469,-0.00946439722893555,47871.85944223603,-0.0173866196645609
63825.93077527122,-0.005936064491875115,65054.51759372628,-0.007074235795185624,64312.05920009929,-0.011459697670726188
63825.93077527133,-0.007531590390534193,72392.60637759026,-0.007251618645578328,56046.14660250142,-0.01486508827859867
63825.93077527105,-0.008294471689627048,62778.75882277655,-0.006940270564882556,47144.64909131489,-0.017207331400818093
63825.93077527136,-0.013031204517630068,64065.423690623844,-0.00869184119453903,69191.00783296172,-0.016081072431301857
63825.93077527146,-0.007439250101984651,65616.73334836194,-0.005796079408115995,79046.08208538913,-0.014838844736776324
63825.93077527127,-0.010637111269251376,60296.28833702316,-0.007966131486093264,64051.534949564666,-0.012999441779242171
63825.930775271285,-0.007241713877490841,74035.95751822673,-0.007244729367951397,52049.06966830526,-0.014640396241917153
63825.93077527147,-0.006490777057120756,62984.699961366416,-0.007657698164512339,58958.65649493819,-0.013005895282086843
63825.930775271605,-0.006074116321681533,65517.25669614723,-0.006689300045996993,62659.25438182394,-0.024068171415100315
63825.93077527157,-0.009246939043312974,72557.47916551995,-0.006900420904802584,64302.18451537798,-0.014420268354925714
63825.930775271656,-0.006533536880117152,67043.37307492254,-0.007844431727482393,64018.22560107037,-0.01334836876955281
63825.930775271256,-0.007095540332156758,57338.92381317823,-0.005792360185462031,59861.841108125875,-0.018817486890777002
63825.93077527158,-0.007533001775498982,67210.56763602277,-0.00830149519625678,66351.48269541496,-0.015489407740965633
63825.93077527113,-0.00557276309140986,64436.89877083957,-0.0063592943642083455,66110.73016012243,-0.015395177996872622
63825.93077527145,-0.007455684698020604,55184.113241541774,-0.007495529350779129,63690.32210282257,-0.010483854512278734
63825.93077527119,-0.008509017200522884,74081.13040100553,-0.0065104136720927075,61789.248356788405,-0.011651083887168512
63825.930775271285,-0.010900065797323832,63720.57434670475,-0.007624001103016753,71242.63089485874,-0.012411288979261581
63825.930775271234,-0.007061090938543679,59550.32228142652,-0.008391934945106816,57688.68327263149,-0.018276748837256496
63825.93077527132,-0.008628192036897908,68428.88962501384,-0.006567980761171044,76491.91190779877,-0.01240698050600575
63825.93077527091,-0.006448984410765579,59911.03734342942,-0.0072495991929388826,66144.11505764796,-0.015871391683921376
63825.93077527113,-0.00775953918386485,76982.93612556595,-0.007433338488219476,63181.91986639347,-0.011369122101385853
63825.93077527094,-0.00847351921569861,64599.91209209643,-0.00723402262638928,51724.77293273918,-0.019531508905191286
63825.930775271016,-0.006487289810198749,73280.72577535333,-0.008173664182358542,61177.70535485082,-0.017126481845547104
63825.930775271285,-0.007329048659850623,49824.14447964559,-0.009821795338982198,73513.48313540117,-0.019952791450173257
63825.93077527128,-0.008982509227929314,58880.4615854549,-0.008572976313820924,88395.54985050295,-0.013466445267009464
63825.9307752713,-0.006703468581069294,70422.80436715002,-0.005838459850071476,65591.70952064343,-0.010532397881734212
63825.930775271685,-0.007065990261537203,71726.47637702139,-0.006575155881347938,51579.09079182647,-0.019401747184997764
63825.93077527125,-0.008093635131776744,69409.28708143835,-0.010962499411078408,75933.31578951282,-0.011187501874223904
63825.930775271685,-0.009180620204129242,63047.451698760146,-0.008695178104213497,62375.971735478866,-0.014746142948019791
63825.93077527112,-0.009033248244783576,62182.69385746584,-0.006948120215195308,74024.0599307552,-0.01271514631602677
63825.930775271736,-0.006188952479172172,48702.33870599046,-0.009312194597273504,62908.64261617574,-0.01725727467305882
63825.93077527129,-0.007279956136502785,58312.76089826055,-0.008640901124775002,51669.485433884845,-0.014169066380382511
63825.93077527121,-0.007977836053375986,56989.45919195278,-0.009349746588284802,54181.82742454039,-0.01895029468579501
63825.9307752715,-0.007005550880825773,61796.32281493063,-0.006359545766938313,68025.78147961189,-0.013961303884751364
63825.930775271125,-0.0061496045684527045,61943.69243957926,-0.007905565059808661,58854.19233437192,-0.01250130582011022
63825.93077527146,-0.006035131305018981,68819.02348455889,-0.006945556898160454,68533.87821365094,-0.011796610882015668
63825.93077527138,-0.005902624513860366,71232.71522157677,-0.00842793374045736,59616.00888617473,-0.01678171118473204
63825.930775271365,-0.006820626088600679,67646.84264876109,-0.007513570330271224,60927.68112040327,-0.019137529201465386
63825.93077527087,-0.008861185295154894,62745.620755341486,-0.008310256925000647,54612.13457099818,-0.011529945431077437
63825.93077527101,-0.006293567052795157,74122.25173846005,-0.006686377795171117,53354.412593323716,-0.01632005196302011
63825.93077527142,-0.007635976349548379,66551.58416862118,-0.007085597401930932,60653.04107727778,-0.014387825996741599
63825.93077527148,-0.00861211236424908,52796.064287704285,-0.007367791311226668,49791.15683019438,-0.01320369870940985
63825.9307752716,-0.009112823408057968,58918.90382709176,-0.005608415966938507,59591.04090544649,-0.025789918581269444
63825.93077527088,-0.0071578121665094585,73507.37291109205,-0.006319211509128064,64063.204271083465,-0.014329855545355819
63825.93077527144,-0.006978526001485963,70342.19682742236,-0.0072464590264161854,53271.32628523049,-0.015626789196011348
63825.93077527155,-0.00897494355790629,70370.8874737649,-0.006268181995948252,54396.568642289785,-0.016478437963479142
63825.93077527101,-0.007197435316891099,67702.41398885108,-0.006244492545833036,64834.95919081478,-0.01612290934472338
63825.9307752715,-0.008961654529278995,69254.62763978349,-0.007452254210565945,60133.35274302471,-0.014092378998014521
63825.93077527124,-0.010863379180365618,64257.46452509554,-0.00824433202469299,73424.24066813815,-0.015210383566175878
63825.93077527105,-0.007473573481039608,53318.5279967677,-0.007591421392299846,56734.342832304,-0.012152247479277234
63825.93077527121,-0.007101438384747971,67535.22557493573,-0.007078215271936639,73521.47250139326,-0.012467484390749739
63825.93077527151,-0.007601909485858149,67386.62790237999,-0.008978538720915363,61563.99377940263,-0.012899108367691259
63825.93077527118,-0.006769884324080655,57729.825394318854,-0.007665999706044646,92155.53254571771,-0.015842264743263113
63825.93077527127,-0.007923609728940018,63908.885884111834,-0.00740043738238183,59145.61036933909,-0.022932448997076693
63825.93077527113,-0.006179541080282069,64512.64851006252,-0.006199722123106044,64375.93970899267,-0.013601917330680502
63825.93077527144,-0.009168976187427735,68651.90387080975,-0.006607525211677845,69057.14191509761,-0.019479827563734786
63825.930775271496,-0.007485830695968754,65790.64687205474,-0.006138868905813832,75331.5529332729,-0.01064785941613211
63825.9307752712,-0.006862553301510421,59351.14027115106,-0.008000368940641822,66714.03428496409,-0.012991177082114613
63825.9307752715,-0.007241423499851574,61004.916636707596,-0.00765833866193899,52370.8112895449,-0.011991357907159772
63825.9307752714,-0.00706612725992084,67613.36630456927,-0.007457431722706631,60811.70330283751,-0.015689801573704587
63825.930775271714,-0.00862136555938764,58957.41933749536,-0.007357786097550001,58749.70435429681,-0.010447809636017436
63825.930775271285,-0.008943070761533889,65285.58081635003,-0.007997948924952869,58091.26212053578,-0.01477687681116091
63825.93077527113,-0.006731126075429805,67484.06684596471,-0.006665269854515765,82456.19958721989,-0.013659732780758382
63825.93077527129,-0.006709429519760612,61925.08180521742,-0.007974243126595004,59046.00161139417,-0.012388583097443506
63825.930775271394,-0.006550607031863942,48304.14212285174,-0.009070137347990448,73951.85446192694,-0.016378687566937944
63825.93077527139,-0.006625690759280545,69865.4764152809,-0.008002274934052367,66830.24074308711,-0.014822805962013907
63825.930775271365,-0.0057694902388245595,70312.74997192112,-0.009133524662054415,63318.96580902557,-0.010692395815627198
63825.93077527163,-0.0064169320550702125,63013.98727179657,-0.0073262184769001815,76724.91044594768,-0.015127862230173705
63825.930775271154,-0.00756961517874577,59287.23261654574,-0.0076189295425829195,79269.44568139873,-0.01571364849347412
63825.93077527185,-0.008104137569796332,66025.73311702335,-0.006563465796866619,63415.88082994675,-0.014910650313263996
63825.93077527127,-0.008862150182363582,58458.3009161974,-0.006620687403687153,59002.9985562196,-0.011060753232906007
63825.930775271416,-0.006738451895706654,66255.83520561951,-0.007126556333077239,59411.664241347695,-0.01152994543107777
63825.93077527121,-0.006180222283632242,77298.27143598508,-0.005880169206025299,88453.34856666789,-0.01917473941724246
63825.93077527096,-0.006763774300895031,69327.96726590795,-0.008637903387836543,56938.082756124146,-0.014824147239804075
63825.93077527114,-0.008248841719730948,62558.251181546126,-0.009592260971032274,55365.74175274325,-0.01275809817680873
63825.930775271576,-0.007985253091297273,56850.89231439764,-0.008844884080196458,65638.08746948185,-0.019825178324289428
63825.93077527121,-0.007707895892799743,71324.15120708592,-0.008774718985947949,67435.881767446,-0.016727495382339974
63825.93077527137,-0.007527914060334484,66285.50016382027,-0.007052030441106694,57373.222371162294,-0.014020927970596508
63825.93077527111,-0.0063455405728002345,60622.43090052636,-0.0073996598656104196,73544.16005864828,-0.014682647520168679
63825.93077527168,-0.007229500278586376,60729.41891810284,-0.006491289053971561,59029.968287315125,-0.013283242755327329
63825.93077527128,-0.007614343439834248,75964.95416695066,-0.005687534867264921,63518.585248953335,-0.011281771448768851
63825.93077527137,-0.0064655084373439475,76128.41284032677,-0.008168511350436503,49403.73845274377,-0.016128506514597518
63825.93077527143,-0.006376084264008153,63063.50686176578,-0.008040349214660014,65623.78852818949,-0.014334239066323917
63825.93077527145,-0.008573074044084028,63685.86983412456,-0.006733387205328234,54290.19555239135,-0.014120228884713537
63825.93077527137,-0.007649960397357991,60408.676846194496,-0.00726065430491174,51414.44982464906,-0.015685402990210262
63825.93077527141,-0.007235613551773601,68028.75829101009,-0.008301438107248371,60887.67515582988,-0.013012868266217281
63825.930775271096,-0.006423886519180244,55992.224349830656,-0.007196990903556411,57643.41172257277,-0.016482797089648837
63825.93077527137,-0.00694352789033148,68369.9890051414,-0.007453386771703707,71982.14642033279,-0.01012892331567361
63825.93077527124,-0.0069407257386474575,70719.62088760313,-0.006627296109646963,62983.362707469714,-0.014871790861268885
63825.93077527129,-0.009914871748334497,75197.90082289978,-0.00741815368448584,68121.29962269761,-0.012356236590679526
63825.93077527122,-0.006544868356743616,66891.82322690403,-0.006364717840482759,66582.8821352916,-0.01580741299260202
63825.93077527134,-0.008713099733925977,70776.70179980679,-0.010808748882048858,64593.07501342764,-0.01280219493301149
63825.93077527146,-0.008087339351717904,67608.64877974865,-0.007353656766667216,79744.64073727223,-0.013601917330680613
63825.93077527127,-0.007601778888848942,60763.55058857718,-0.010701852661270661,52612.15891143137,-0.02495898095122162
63825.93077527083,-0.005556014788854369,62565.59353387541,-0.007888218749244613,62966.656850831954,-0.0211498006974411
63825.93077527109,-0.010477597191751342,55123.79857922528,-0.008601356857012687,65602.7570041879,-0.014564257035575734
63825.93077527089,-0.007695681135901022,65538.06201438713,-0.008209178456895172,71758.88031197737,-0.010708689506017666
63825.9307752711,-0.007299379819083351,71294.88766168329,-0.007938378097992138,60602.75549441341,-0.01941059558368774
63825.93077527168,-0.007660172361509843,73786.9584342737,-0.0061029804763045314,47376.31090754558,-0.017490881315618267
63825.93077527139,-0.008099280183803237,71515.28039220085,-0.007400128795876704,57471.711897759356,-0.015178140838095877
63825.93077527117,-0.010136646478101197,57574.81464423269,-0.009245764937799938,79492.93350349514,-0.013190737781651363
63825.93077527146,-0.007767171852617216,62284.50701435233,-0.006466468346382426,56109.56812093519,-0.014800734698154017
63825.93077527115,-0.006212358258289363,58485.85264844025,-0.010670309819502788,53575.49736097769,-0.01561734415779259
63825.930775271605,-0.00839677498518121,71925.1743350617,-0.008256646182286165,53825.846208213086,-0.017096862112950473
63825.930775271736,-0.008865671574490919,61525.876857506715,-0.009575739924122861,62085.33548898636,-0.01173873920980062
63825.93077527157,-0.007599597790789225,55345.53257217779,-0.008271987531505598,71052.01240345312,-0.01274481372252878
63825.93077527147,-0.006542541772836641,58403.72280475686,-0.009782616696768387,60689.72134593543,-0.010948234704715287
63825.93077527136,-0.006627490769568478,68940.37821275834,-0.006091477947778312,79859.36721648242,-0.019839898503058784
63825.930775271394,-0.006093830173160453,66066.93715540243,-0.007588064880453493,55371.058684553056,-0.02206168715317025
63825.93077527124,-0.01098412836544771,59256.7558532272,-0.006424298759417857,74993.21347932391,-0.013134011970073467
63825.93077527104,-0.0071256091249671805,70455.7534639349,-0.008859217792278717,77584.5254697874,-0.012352900224346985
63825.93077527121,-0.009156376735248495,66663.67465034018,-0.009312126864496673,55977.22884730479,-0.014156420792558633
63825.93077527137,-0.006972909933513072,68263.25519627481,-0.007364279062209489,65260.15663713743,-0.018445314493389597
63825.93077527133,-0.0075742049829824465,71280.09302997644,-0.0070606040804657155,56434.02713626,-0.01672062972194266
63825.930775271285,-0.00722849342417331,58958.700028730775,-0.007110223370010771,58972.13777998429,-0.016605544336615763
63825.93077527146,-0.007355475517384469,62619.06804493026,-0.0063270581837192585,72499.13070727602,-0.011700228841790894
63825.930775271474,-0.006185276523681615,60324.24696061721,-0.008703148888143164,63021.30948016819,-0.011529945431077548
63825.93077527144,-0.009088957868201186,62849.19327217635,-0.0071591660099608045,52654.869418596354,-0.013203698709409739
63825.93077527135,-0.007567022791722611,72856.13565300332,-0.007120397937416367,66752.97968606735,-0.011431079929961507
63825.93077527123,-0.007110772484262173,65450.23842678252,-0.006211149029750507,54878.90695414152,-0.024813323217427574
63825.93077527126,-0.009307451245186615,62264.649422355804,-0.007914772027767025,74470.1531033913,-0.012159461371483493
63825.93077527126,-0.006750460034818162,59656.57313176246,-0.008309858955802829,55722.685704355354,-0.016472338280810073
63825.93077527137,-0.008065184699681649,55087.543604988976,-0.00978822455816919,58201.526249078604,-0.014614829426260134
63825.93077527162,-0.007261763653406361,62197.230695192724,-0.008470546310947125,68746.91227522692,-0.01515283126948419
63825.93077527107,-0.008746469015501579,68636.9226088966,-0.007078477822721307,71893.1345537232,-0.01798443226689228
63825.93077527131,-0.006569828527953514,73176.88712854651,-0.007185813822703224,72517.86362483792,-0.014065862173558985
63825.93077527096,-0.008163752334631291,54617.789908554274,-0.008077154142725362,55828.871583475586,-0.011653089087305002
63825.93077527132,-0.006557485550918063,62123.72394164713,-0.00873484822150139,57121.19189269779,-0.009309814636008107
63825.93077527129,-0.009248575910596135,56267.69217980303,-0.01002681903623015,52747.471114685286,-0.01735496199096742
63825.93077527159,-0.006831606047880356,64959.804824094834,-0.007451111758965179,100306.9561092129,-0.01169197847141823
63825.930775271045,-0.007044564313995361,70620.14458352381,-0.009795025736086704,54590.58228462617,-0.011551880733212117
63825.93077527134,-0.0067718052520995276,58507.72162078475,-0.007943764966924838,66668.61876902475,-0.01060805761505712
63825.930775271656,-0.010612043929100645,66939.2748641565,-0.00655620438269966,63469.45086492137,-0.017393235628015535
63825.930775271634,-0.010704803088853132,57260.291332519046,-0.00798234125627284,54605.76969563549,-0.021299174793016795
63825.93077527111,-0.006258812969417216,63350.694244099504,-0.008123214786372679,55832.63625729805,-0.016432260737301863
63825.930775271496,-0.006712416047107372,65793.69296221253,-0.00561250312365158,70433.4255385614,-0.015117296915986289
63825.930775271045,-0.006637329601420938,68654.12855280902,-0.006780352854965699,64531.464396587035,-0.01392217296415954
63825.93077527179,-0.00869275642648848,74451.87661274867,-0.00717755035603207,56603.036153405694,-0.011468489031610019
63825.930775271285,-0.00769466878502445,62001.633525531375,-0.010740169277639433,55162.19565555384,-0.012428455156131335
63825.93077527138,-0.00857694462650982,77947.4330728182,-0.00787840652919336,68290.335889978,-0.013289461999255514
63825.930775271176,-0.00654767680216628,68979.88040162079,-0.007749753962288719,61216.62076800344,-0.022084600648522357
63825.93077527133,-0.008607578142818317,56273.451276365566,-0.009983947764635515,62210.95254649369,-0.014816202649166388
63825.930775271685,-0.006972186724497398,67385.18731666569,-0.0070387676590744075,63549.57175253574,-0.017309729766477044
63825.93077527119,-0.0068635678115114285,70578.34654460066,-0.010559245121950944,71766.75792007738,-0.01349514708104782
63825.93077527105,-0.006729550052004596,66787.97980525286,-0.008562106745716114,54493.48246988117,-0.01533689560790219
63825.93077527108,-0.009344207161894547,59176.64943701409,-0.007642198185951576,69365.04625952219,-0.01246339861837753
63825.93077527133,-0.0061736710010243945,64526.90380112655,-0.007561911648871544,53566.7923432135,-0.012712834619806435
63825.93077527133,-0.006803080975547049,61526.614278802044,-0.006399432478188194,69755.28575340743,-0.01622104036531613
63825.93077527098,-0.006564940521996632,70305.71249250004,-0.008367615356236868,58232.23201953133,-0.013601917330680502
63825.930775271016,-0.006951228512304342,63176.32733187433,-0.007550022868963224,53350.72131092559,-0.014642618784171835
63825.93077527107,-0.008080874201742194,73797.52879446893,-0.0066530418585595275,69258.7660225637,-0.0129291551048909
63825.93077527159,-0.010152849246231388,58731.781571113606,-0.008200591739812024,70744.56930860858,-0.011209281043160324
63825.93077527118,-0.006341716661143693,77537.19231507271,-0.005893285973559315,59556.94090955692,-0.021828930833499904
63825.9307752712,-0.008327297305580572,65485.970396662444,-0.007350305580281269,61587.38004092402,-0.013203698709409406
63825.930775271045,-0.0073123500468131875,65485.2611309004,-0.009067629592384052,61398.81815736898,-0.024260187457588955
63825.93077527152,-0.008336816522639512,64737.32017354246,-0.008018319701934784,47735.95518869316,-0.015793408656979646
63825.930775270856,-0.009634867376211664,63282.02836346158,-0.006972482251490608,70056.44361177609,-0.012850234553780537
63825.93077527149,-0.007977197360935495,55330.97869705994,-0.007329042993581614,52433.7378108968,-0.014958723807690477
63825.93077527124,-0.007573171932210743,68116.97258919827,-0.007088123752458819,82680.1722559781,-0.009591778201275436
63825.930775271256,-0.007327854435285275,62172.31119643269,-0.011091557735346091,52409.224867051904,-0.018717978933844193
63825.93077527146,-0.007695358574406175,66835.14942683578,-0.008039919993128919,78599.98915352061,-0.010617292701892489
63825.93077527152,-0.006712190056702649,63001.58504944533,-0.010199854859100022,55213.63704031753,-0.012358577405558013
63825.93077527105,-0.00876837440904532,62079.02654931779,-0.009904790980136746,69471.9724169437,-0.01889052684999981
63825.93077527091,-0.00884941526297256,70980.87381082508,-0.007734995600454653,69411.45697666866,-0.01614002476531229
63825.93077527122,-0.0065231474146526525,67233.2863093364,-0.007455673766686877,64042.965575495095,-0.01448552672804948
63825.93077527147,-0.00603496057824171,71133.79719271541,-0.006224352706176828,65654.66736650131,-0.016199450977180674
63825.93077527158,-0.007402847070231089,67769.06252392792,-0.0083787621461332,59232.50740861765,-0.012688393941947873
63825.93077527124,-0.007150231351824687,63149.68534023738,-0.010887961971373872,67241.10609376393,-0.016903657491299295
63825.93077527153,-0.007331747049570625,62184.125150539505,-0.006722460105774819,78385.40099220788,-0.011796610882016223
63825.930775271016,-0.007547117030787032,64687.92337491172,-0.007853691870604584,52361.76778414228,-0.014858905256531996
63825.93077527127,-0.0098072657740923,66341.14312757943,-0.00873190709870475,60632.269779683724,-0.01492953560733934
63825.93077527143,-0.007150146917758504,57319.76029261064,-0.007164039966513491,56519.65580254076,-0.014942941693478318
63825.930775271096,-0.006263340860142463,69002.99498651057,-0.007118037528080157,65808.99380541316,-0.01655935470942016
63825.930775271205,-0.007311248915723434,68052.32674938683,-0.006494666089113199,62669.811731019436,-0.015918229161256625
63825.93077527116,-0.008368173714333405,75664.311439474,-0.0073652822034641074,63869.222897060936,-0.02042354720342321
63825.93077527113,-0.0088920141532286,66858.50255048995,-0.0074525934216747025,62827.563074058715,-0.016023014168182192
63825.93077527145,-0.006747952942088853,67775.8335210192,-0.007981094047896375,65714.16466774479,-0.013728062164506283
63825.93077527132,-0.007563198655016645,58185.114202153505,-0.009952546213148006,60714.54355359151,-0.011796610882016001
63825.930775272034,-0.00741856625024806,69582.29941624294,-0.00695036125526205,66800.8394563271,-0.013034374574448115
63825.93077527159,-0.011688220146548134,65844.15826343461,-0.005554474284508615,68978.49573347348,-0.014256971075983782
63825.930775271096,-0.008103476994825387,63887.16907351144,-0.006545517321672745,71705.58824165471,-0.013848396024763288
63825.93077527155,-0.006969239809578864,62255.984847528176,-0.006758553693677283,67150.59872799093,-0.014737528096155805
63825.93077527149,-0.0076117926611962705,69394.45643350051,-0.007610737019295377,55653.92661737166,-0.012380702528000165
63825.93077527141,-0.006908905683191469,78050.64066219468,-0.008107444427682853,93204.49433288729,-0.009309814636008329
63825.93077527129,-0.007615546769098924,65279.93943539251,-0.00823768620108023,68868.17150477102,-0.016679518747835687
63825.930775271074,-0.006462224009360695,63010.470863464485,-0.008503114165384185,70240.70686583275,-0.013282327908914038
63825.93077527142,-0.010561493852929038,59559.4541900667,-0.00855200665892919,64211.42657153237,-0.01328590376537897
63825.93077527065,-0.00932373398810249,68737.71242607683,-0.006287944463290063,68802.25843385201,-0.018527149655447106
63825.93077527117,-0.009164202531608434,61970.95389798147,-0.009376445595454808,64361.30068703724,-0.021644987258129356
63825.93077527121,-0.008618895774046398,64279.64862843914,-0.008329424608096492,73652.8666487805,-0.01053282876590611
63825.93077527105,-0.006687092938311268,71502.56393546503,-0.006604856656145297,58670.45615469435,-0.014232837285769184
63825.930775271,-0.009610205381852754,60637.695975790324,-0.006307984969121105,49190.69115270829,-0.016792827532554844
63825.93077527158,-0.010091736403155194,66342.05670264375,-0.008456874291205008,76111.1949509951,-0.010136657598669996
63825.9307752714,-0.0066593647818421475,58172.65131212557,-0.007701780221442633,55582.41381448632,-0.0118001503520212
63825.930775271685,-0.008022793455417787,62105.49380197994,-0.006258600746739562,79018.94194195046,-0.012844268355612809
63825.93077527128,-0.007129405329216798,61218.05059174954,-0.007981393063263176,53088.43965238651,-0.015660998502060486
63825.93077527112,-0.006051155495143901,59774.73408725255,-0.006264170653072498,70298.60050750474,-0.01349514708104771
63825.930775271765,-0.009294915539457382,62878.21857512678,-0.006470681746741591,64511.67269433809,-0.015652191850106578
63825.93077527154,-0.007528962146194695,55833.18053073236,-0.007397962620639631,53888.992981263786,-0.014475704932275457
63825.93077527149,-0.00661414851352915,54053.91165635246,-0.008630644704797907,68865.65399808082,-0.013400508049215554
63825.93077527131,-0.009850300040633475,58514.18461890755,-0.007229486954538733,54691.31915647987,-0.012829252827448956
63825.930775271394,-0.007561620041900974,69325.33769464259,-0.008153100932994484,53503.92354966965,-0.017517593702139234
63825.93077527128,-0.009301809136653572,74204.99113741149,-0.007163977237207297,75382.78096567004,-0.01259481698618381
63825.930775271074,-0.007808876983180224,66499.71514742769,-0.00644483191965084,57571.9069491338,-0.016428570120945007
63825.930775271314,-0.0065195934882539275,78897.08377698867,-0.008191669746346997,60449.555096237666,-0.009690676694389722
63825.93077527161,-0.0060440236659980995,69312.36107820431,-0.0068254434739873915,62355.87435648125,-0.011798220136666204
63825.930775271314,-0.0074434400663255795,66341.8276755005,-0.007409475261919929,52896.91848994974,-0.010536505471506419
63825.93077527092,-0.007098772389936725,68491.55772027449,-0.010186286296677727,61912.74311670673,-0.012728110135788229
63825.9307752715,-0.006811262656232442,54004.65691194529,-0.008576868152761374,68995.73690104867,-0.014125202343883037
63825.93077527132,-0.006977333866974633,58484.91729195296,-0.0071514770839433695,59335.83273705436,-0.015318725294441449
63825.930775271,-0.013079897730284396,64090.89844583286,-0.00783558342794155,52584.617040525045,-0.013344929131054117
63825.93077527091,-0.006877206982413675,55401.354376826195,-0.008041087623092413,65231.480433313,-0.013916022498150604
63825.93077527121,-0.008193359285583846,63923.030146707,-0.007989113407123827,44821.67325521615,-0.010721123246568043
63825.93077527119,-0.007693849818969478,62660.724111440024,-0.008589439789151831,52786.74127641836,-0.014632618484053506
63825.930775271314,-0.01112891077036926,61191.55934392839,-0.007317246425430635,63036.98817135151,-0.023296846664246473
63825.930775271314,-0.007602859230674386,65596.26099643455,-0.007128432578602073,75042.8784600852,-0.014970273670332102
63825.93077527172,-0.008168596747821666,54482.79870889851,-0.007364670705863108,55928.17707211612,-0.017657297356978074
63825.930775271474,-0.006060224802422742,70702.7745333666,-0.006836176690548035,44777.98801876193,-0.01532980638994419
63825.93077527091,-0.007126270994877615,62238.39757548203,-0.009565242744614677,51549.88063990935,-0.01433598952971904
63825.93077527198,-0.006750723202544662,64962.54179444585,-0.008641343251814093,71166.7349282644,-0.014745279167355796
63825.930775271045,-0.006774670153935958,69985.22800274982,-0.007659074798260557,54705.169863703646,-0.015780730284461253
63825.93077527103,-0.007059574248811651,66727.9535910427,-0.007913692396303906,48187.198107294644,-0.02016347881655811
63825.930775271234,-0.006753942646870459,66253.30112088971,-0.005504635882180531,67633.75126431175,-0.012711919367583313
63825.93077527123,-0.005939051183134092,65633.05590847792,-0.0075322805258771774,58061.60237280614,-0.01699694645288974
63825.93077527175,-0.008740833793426273,61578.195153808025,-0.009210126675083141,56707.14877952587,-0.012643725533816097
63825.930775271256,-0.008258325759089913,71633.29396535235,-0.008065980784375926,57477.58199008416,-0.01687978277582014
63825.930775271336,-0.007465762849936053,66420.50143037143,-0.008120988826284092,61044.660976061394,-0.01488504594090978
63825.930775271176,-0.005751672376240413,73447.34474043237,-0.005914552533384798,72567.24489681207,-0.016348923853581
63825.930775271096,-0.006549879018356464,71045.65372905883,-0.008235039966637547,62750.57232329482,-0.012757488809829964
63825.930775271445,-0.009666206496501628,80648.8362539326,-0.006589459057899094,62736.55885434863,-0.01195879978451242
63825.93077527122,-0.006268832708089311,64113.103674976235,-0.007686362421628901,62251.45349538497,-0.012471643187188075
63825.93077527139,-0.007861927743144648,65267.982318861345,-0.008479526985101682,80576.39557015344,-0.013472480360512296
63825.930775271074,-0.005865690546944413,60804.393582510005,-0.00964351390426077,63992.60044350438,-0.020122487432162273
63825.93077527117,-0.00781064706283674,68233.82237582686,-0.005816597856865391,64760.85807162719,-0.016384397023576525
63825.93077527154,-0.006816066136171917,65474.013212666134,-0.0073734239913320065,62809.215201304294,-0.019761614558439056
63825.93077527146,-0.006000596524964208,59698.875225534895,-0.008351816104945953,65337.15580336227,-0.013422556258956941
63825.930775271656,-0.007470587933493644,66426.35229622647,-0.005947830329622761,62161.75244166141,-0.014488388689969822
63825.93077527112,-0.008929823375819157,70118.21531523117,-0.007093142974719524,74161.04065728403,-0.014430109001577818
63825.93077527117,-0.00518589963754712,67167.80517578028,-0.007630645078368081,51488.85175527318,-0.012899108367691592
63825.93077527149,-0.005753466592215317,57847.226611577236,-0.006561116983131665,54163.152463754916,-0.012864882460430604
63825.93077527112,-0.008185566983369363,67927.50156710557,-0.006345450161773902,79485.10387601702,-0.012037353191564404
63825.930775271205,-0.007296051104546009,74299.60059163699,-0.010354649086560919,54007.79216689948,-0.01584607645757119
63825.930775271336,-0.005836986821553314,60138.61118358515,-0.007946764380086346,73612.6630072551,-0.01357874097928835
63825.9307752709,-0.0075404449710883,71706.1455409901,-0.006669672070537591,58771.61938123578,-0.011015605814076901
63825.93077527148,-0.008350376708047946,67870.41647772901,-0.00627909124889392,70693.57416797885,-0.012194317500327179
63825.93077527139,-0.009662604462799429,72628.24038241271,-0.007922233799681488,81016.0206895573,-0.01376456145113647
63825.93077527143,-0.006712341852979864,66535.78436836074,-0.006895904170241107,71237.62908144236,-0.012254794308091954
63825.93077527119,-0.006360191288828365,71489.47427329006,-0.010061870883212642,63157.17933998175,-0.015452762322221814
63825.93077527067,-0.006528439524275398,52242.05220865608,-0.007205504013323094,59328.09356999626,-0.017488776992926947
63825.93077527132,-0.007709815460717251,56700.16581686292,-0.007661617995589398,63418.88307046546,-0.017035264193773436
63825.930775270965,-0.007188708467223748,62144.307197201415,-0.006376477652716539,56982.54296979115,-0.013303209628996226
63825.93077527125,-0.006643790813276151,60852.085941823105,-0.007701334997100462,53851.98423219243,-0.017777889742861874
63825.930775271656,-0.01011606203719917,71871.33422368724,-0.0077346799684231415,64314.57349029497,-0.016180241871745937
63825.93077527139,-0.006998635915404394,67860.85878244048,-0.0055319161807421136,58705.019328755894,-0.019537273120617704
63825.93077527156,-0.007031152602915314,59097.92468237357,-0.008002157700751744,67549.76354404847,-0.012714579468879772
63825.93077527141,-0.0062570820367382485,62851.432877279956,-0.009494905499628281,51070.39981350141,-0.012352900224346763
63825.93077527141,-0.006516520192888398,74416.47318688344,-0.009289557895897915,66304.0935165574,-0.013250872222688947
63825.9307752713,-0.0075294711117550595,56419.8717452646,-0.0073335103347598185,67706.16316395307,-0.012679544844186541
63825.93077527126,-0.007395933504647956,64304.51238698421,-0.00621542546003595,86518.7538558935,-0.010881723490840711
63825.93077527124,-0.007577832022228503,62123.24562213936,-0.00840017174185792,54294.6916984248,-0.016075969977111693
63825.93077527107,-0.007734203198987211,52637.51771072048,-0.007659550147972927,66709.5523914156,-0.01330236012729491
63825.930775271605,-0.009570409976944472,67602.88794864994,-0.006367092188889978,56294.710420192285,-0.014778969179216173
63825.93077527118,-0.008342834817297251,69149.10093421274,-0.007516422369498343,54406.41034145273,-0.014487139760338219
63825.93077527146,-0.006229279860114234,64921.685182283065,-0.007104031437155434,61919.263220985435,-0.015556158355645833
63825.93077527142,-0.011564903079365862,71163.05257501961,-0.0058062149262011475,72931.4737218022,-0.012522411227704033
63825.93077527128,-0.007340677865673606,59330.230654575695,-0.00701854676890068,69863.42993455174,-0.011796610882016112
63825.930775270994,-0.006881652742266264,61727.24867290949,-0.00788758398718803,75223.78988693771,-0.017291345233671263
